"time","geo","age","sex","income","unit","statinfo","statinfo_label","unit_label","income_label","sex_label","age_label","value","flag"
2003,"EL","TOTAL","T","PC_GE130","THS_PER","MEAN","Mean income","Thousand persons","130 percent or over","Total","Total",2382,
2004,"EL","TOTAL","T","PC_GE130","THS_PER","MEAN","Mean income","Thousand persons","130 percent or over","Total","Total",2585,
2005,"EL","TOTAL","T","PC_GE130","THS_PER","MEAN","Mean income","Thousand persons","130 percent or over","Total","Total",2458,
2006,"EL","TOTAL","T","PC_GE130","THS_PER","MEAN","Mean income","Thousand persons","130 percent or over","Total","Total",2380,
2007,"EL","TOTAL","T","PC_GE130","THS_PER","MEAN","Mean income","Thousand persons","130 percent or over","Total","Total",2427,
2008,"EL","TOTAL","T","PC_GE130","THS_PER","MEAN","Mean income","Thousand persons","130 percent or over","Total","Total",2400,
2009,"EL","TOTAL","T","PC_GE130","THS_PER","MEAN","Mean income","Thousand persons","130 percent or over","Total","Total",2395,
2010,"EL","TOTAL","T","PC_GE130","THS_PER","MEAN","Mean income","Thousand persons","130 percent or over","Total","Total",2381,
2011,"EL","TOTAL","T","PC_GE130","THS_PER","MEAN","Mean income","Thousand persons","130 percent or over","Total","Total",2473,
2012,"EL","TOTAL","T","PC_GE130","THS_PER","MEAN","Mean income","Thousand persons","130 percent or over","Total","Total",2533,
2014,"EL","TOTAL","T","PC_GE130","THS_PER","MEAN","Mean income","Thousand persons","130 percent or over","Total","Total",2431,
2015,"EL","TOTAL","T","PC_GE130","THS_PER","MEAN","Mean income","Thousand persons","130 percent or over","Total","Total",2445,
2016,"EL","TOTAL","T","PC_GE130","THS_PER","MEAN","Mean income","Thousand persons","130 percent or over","Total","Total",2518,
2017,"EL","TOTAL","T","PC_GE130","THS_PER","MEAN","Mean income","Thousand persons","130 percent or over","Total","Total",2390,
2018,"EL","TOTAL","T","PC_GE130","THS_PER","MEAN","Mean income","Thousand persons","130 percent or over","Total","Total",2295,
2019,"EL","TOTAL","T","PC_GE130","THS_PER","MEAN","Mean income","Thousand persons","130 percent or over","Total","Total",2317,
2020,"EL","TOTAL","T","PC_GE130","THS_PER","MEAN","Mean income","Thousand persons","130 percent or over","Total","Total",2308,
2021,"EL","TOTAL","T","PC_GE130","THS_PER","MEAN","Mean income","Thousand persons","130 percent or over","Total","Total",2350,
2022,"EL","TOTAL","T","PC_GE130","THS_PER","MEAN","Mean income","Thousand persons","130 percent or over","Total","Total",2237,
2023,"EL","TOTAL","T","PC_GE130","THS_PER","MEAN","Mean income","Thousand persons","130 percent or over","Total","Total",2024,
2024,"EL","TOTAL","T","PC_GE130","THS_PER","MEAN","Mean income","Thousand persons","130 percent or over","Total","Total",1984,
2025,"EL","TOTAL","T","PC_GE130","THS_PER","MEAN","Mean income","Thousand persons","130 percent or over","Total","Total",1865,
2003,"EL","Y_LT18","T","PC_GE130","THS_PER","MEAN","Mean income","Thousand persons","130 percent or over","Total","Less than 18 years",432,
2004,"EL","Y_LT18","T","PC_GE130","THS_PER","MEAN","Mean income","Thousand persons","130 percent or over","Total","Less than 18 years",508,
2005,"EL","Y_LT18","T","PC_GE130","THS_PER","MEAN","Mean income","Thousand persons","130 percent or over","Total","Less than 18 years",475,
2006,"EL","Y_LT18","T","PC_GE130","THS_PER","MEAN","Mean income","Thousand persons","130 percent or over","Total","Less than 18 years",463,
2007,"EL","Y_LT18","T","PC_GE130","THS_PER","MEAN","Mean income","Thousand persons","130 percent or over","Total","Less than 18 years",428,
2008,"EL","Y_LT18","T","PC_GE130","THS_PER","MEAN","Mean income","Thousand persons","130 percent or over","Total","Less than 18 years",399,
2009,"EL","Y_LT18","T","PC_GE130","THS_PER","MEAN","Mean income","Thousand persons","130 percent or over","Total","Less than 18 years",397,
2010,"EL","Y_LT18","T","PC_GE130","THS_PER","MEAN","Mean income","Thousand persons","130 percent or over","Total","Less than 18 years",392,
2011,"EL","Y_LT18","T","PC_GE130","THS_PER","MEAN","Mean income","Thousand persons","130 percent or over","Total","Less than 18 years",417,
2012,"EL","Y_LT18","T","PC_GE130","THS_PER","MEAN","Mean income","Thousand persons","130 percent or over","Total","Less than 18 years",427,
2014,"EL","Y_LT18","T","PC_GE130","THS_PER","MEAN","Mean income","Thousand persons","130 percent or over","Total","Less than 18 years",415,
2015,"EL","Y_LT18","T","PC_GE130","THS_PER","MEAN","Mean income","Thousand persons","130 percent or over","Total","Less than 18 years",375,
2016,"EL","Y_LT18","T","PC_GE130","THS_PER","MEAN","Mean income","Thousand persons","130 percent or over","Total","Less than 18 years",400,
2017,"EL","Y_LT18","T","PC_GE130","THS_PER","MEAN","Mean income","Thousand persons","130 percent or over","Total","Less than 18 years",374,
2018,"EL","Y_LT18","T","PC_GE130","THS_PER","MEAN","Mean income","Thousand persons","130 percent or over","Total","Less than 18 years",334,
2019,"EL","Y_LT18","T","PC_GE130","THS_PER","MEAN","Mean income","Thousand persons","130 percent or over","Total","Less than 18 years",329,
2020,"EL","Y_LT18","T","PC_GE130","THS_PER","MEAN","Mean income","Thousand persons","130 percent or over","Total","Less than 18 years",330,
2021,"EL","Y_LT18","T","PC_GE130","THS_PER","MEAN","Mean income","Thousand persons","130 percent or over","Total","Less than 18 years",325,
2022,"EL","Y_LT18","T","PC_GE130","THS_PER","MEAN","Mean income","Thousand persons","130 percent or over","Total","Less than 18 years",310,
2023,"EL","Y_LT18","T","PC_GE130","THS_PER","MEAN","Mean income","Thousand persons","130 percent or over","Total","Less than 18 years",261,
2024,"EL","Y_LT18","T","PC_GE130","THS_PER","MEAN","Mean income","Thousand persons","130 percent or over","Total","Less than 18 years",247,
2025,"EL","Y_LT18","T","PC_GE130","THS_PER","MEAN","Mean income","Thousand persons","130 percent or over","Total","Less than 18 years",227,
2003,"EL","Y18-64","T","PC_GE130","THS_PER","MEAN","Mean income","Thousand persons","130 percent or over","Total","From 18 to 64 years",1691,
2004,"EL","Y18-64","T","PC_GE130","THS_PER","MEAN","Mean income","Thousand persons","130 percent or over","Total","From 18 to 64 years",1816,
2005,"EL","Y18-64","T","PC_GE130","THS_PER","MEAN","Mean income","Thousand persons","130 percent or over","Total","From 18 to 64 years",1717,
2006,"EL","Y18-64","T","PC_GE130","THS_PER","MEAN","Mean income","Thousand persons","130 percent or over","Total","From 18 to 64 years",1698,
2007,"EL","Y18-64","T","PC_GE130","THS_PER","MEAN","Mean income","Thousand persons","130 percent or over","Total","From 18 to 64 years",1737,
2008,"EL","Y18-64","T","PC_GE130","THS_PER","MEAN","Mean income","Thousand persons","130 percent or over","Total","From 18 to 64 years",1719,
2009,"EL","Y18-64","T","PC_GE130","THS_PER","MEAN","Mean income","Thousand persons","130 percent or over","Total","From 18 to 64 years",1725,
2010,"EL","Y18-64","T","PC_GE130","THS_PER","MEAN","Mean income","Thousand persons","130 percent or over","Total","From 18 to 64 years",1743,
2011,"EL","Y18-64","T","PC_GE130","THS_PER","MEAN","Mean income","Thousand persons","130 percent or over","Total","From 18 to 64 years",1750,
2012,"EL","Y18-64","T","PC_GE130","THS_PER","MEAN","Mean income","Thousand persons","130 percent or over","Total","From 18 to 64 years",1674,
2014,"EL","Y18-64","T","PC_GE130","THS_PER","MEAN","Mean income","Thousand persons","130 percent or over","Total","From 18 to 64 years",1628,
2015,"EL","Y18-64","T","PC_GE130","THS_PER","MEAN","Mean income","Thousand persons","130 percent or over","Total","From 18 to 64 years",1642,
2016,"EL","Y18-64","T","PC_GE130","THS_PER","MEAN","Mean income","Thousand persons","130 percent or over","Total","From 18 to 64 years",1668,
2017,"EL","Y18-64","T","PC_GE130","THS_PER","MEAN","Mean income","Thousand persons","130 percent or over","Total","From 18 to 64 years",1575,
2018,"EL","Y18-64","T","PC_GE130","THS_PER","MEAN","Mean income","Thousand persons","130 percent or over","Total","From 18 to 64 years",1533,
2019,"EL","Y18-64","T","PC_GE130","THS_PER","MEAN","Mean income","Thousand persons","130 percent or over","Total","From 18 to 64 years",1552,
2020,"EL","Y18-64","T","PC_GE130","THS_PER","MEAN","Mean income","Thousand persons","130 percent or over","Total","From 18 to 64 years",1511,
2021,"EL","Y18-64","T","PC_GE130","THS_PER","MEAN","Mean income","Thousand persons","130 percent or over","Total","From 18 to 64 years",1524,
2022,"EL","Y18-64","T","PC_GE130","THS_PER","MEAN","Mean income","Thousand persons","130 percent or over","Total","From 18 to 64 years",1443,
2023,"EL","Y18-64","T","PC_GE130","THS_PER","MEAN","Mean income","Thousand persons","130 percent or over","Total","From 18 to 64 years",1337,
2024,"EL","Y18-64","T","PC_GE130","THS_PER","MEAN","Mean income","Thousand persons","130 percent or over","Total","From 18 to 64 years",1348,
2025,"EL","Y18-64","T","PC_GE130","THS_PER","MEAN","Mean income","Thousand persons","130 percent or over","Total","From 18 to 64 years",1301,
2003,"EL","Y_GE65","T","PC_GE130","THS_PER","MEAN","Mean income","Thousand persons","130 percent or over","Total","65 years or over",277,
2004,"EL","Y_GE65","T","PC_GE130","THS_PER","MEAN","Mean income","Thousand persons","130 percent or over","Total","65 years or over",282,
2005,"EL","Y_GE65","T","PC_GE130","THS_PER","MEAN","Mean income","Thousand persons","130 percent or over","Total","65 years or over",283,
2006,"EL","Y_GE65","T","PC_GE130","THS_PER","MEAN","Mean income","Thousand persons","130 percent or over","Total","65 years or over",238,
2007,"EL","Y_GE65","T","PC_GE130","THS_PER","MEAN","Mean income","Thousand persons","130 percent or over","Total","65 years or over",280,
2008,"EL","Y_GE65","T","PC_GE130","THS_PER","MEAN","Mean income","Thousand persons","130 percent or over","Total","65 years or over",297,
2009,"EL","Y_GE65","T","PC_GE130","THS_PER","MEAN","Mean income","Thousand persons","130 percent or over","Total","65 years or over",285,
2010,"EL","Y_GE65","T","PC_GE130","THS_PER","MEAN","Mean income","Thousand persons","130 percent or over","Total","65 years or over",262,
2011,"EL","Y_GE65","T","PC_GE130","THS_PER","MEAN","Mean income","Thousand persons","130 percent or over","Total","65 years or over",320,
2012,"EL","Y_GE65","T","PC_GE130","THS_PER","MEAN","Mean income","Thousand persons","130 percent or over","Total","65 years or over",442,
2014,"EL","Y_GE65","T","PC_GE130","THS_PER","MEAN","Mean income","Thousand persons","130 percent or over","Total","65 years or over",403,
2015,"EL","Y_GE65","T","PC_GE130","THS_PER","MEAN","Mean income","Thousand persons","130 percent or over","Total","65 years or over",440,
2016,"EL","Y_GE65","T","PC_GE130","THS_PER","MEAN","Mean income","Thousand persons","130 percent or over","Total","65 years or over",461,
2017,"EL","Y_GE65","T","PC_GE130","THS_PER","MEAN","Mean income","Thousand persons","130 percent or over","Total","65 years or over",451,
2018,"EL","Y_GE65","T","PC_GE130","THS_PER","MEAN","Mean income","Thousand persons","130 percent or over","Total","65 years or over",441,
2019,"EL","Y_GE65","T","PC_GE130","THS_PER","MEAN","Mean income","Thousand persons","130 percent or over","Total","65 years or over",453,
2020,"EL","Y_GE65","T","PC_GE130","THS_PER","MEAN","Mean income","Thousand persons","130 percent or over","Total","65 years or over",479,
2021,"EL","Y_GE65","T","PC_GE130","THS_PER","MEAN","Mean income","Thousand persons","130 percent or over","Total","65 years or over",515,
2022,"EL","Y_GE65","T","PC_GE130","THS_PER","MEAN","Mean income","Thousand persons","130 percent or over","Total","65 years or over",490,
2023,"EL","Y_GE65","T","PC_GE130","THS_PER","MEAN","Mean income","Thousand persons","130 percent or over","Total","65 years or over",434,
2024,"EL","Y_GE65","T","PC_GE130","THS_PER","MEAN","Mean income","Thousand persons","130 percent or over","Total","65 years or over",396,
2025,"EL","Y_GE65","T","PC_GE130","THS_PER","MEAN","Mean income","Thousand persons","130 percent or over","Total","65 years or over",347,
2003,"EL","TOTAL","M","PC_GE130","THS_PER","MEAN","Mean income","Thousand persons","130 percent or over","Males","Total",1203,
2004,"EL","TOTAL","M","PC_GE130","THS_PER","MEAN","Mean income","Thousand persons","130 percent or over","Males","Total",1308,
2005,"EL","TOTAL","M","PC_GE130","THS_PER","MEAN","Mean income","Thousand persons","130 percent or over","Males","Total",1261,
2006,"EL","TOTAL","M","PC_GE130","THS_PER","MEAN","Mean income","Thousand persons","130 percent or over","Males","Total",1220,
2007,"EL","TOTAL","M","PC_GE130","THS_PER","MEAN","Mean income","Thousand persons","130 percent or over","Males","Total",1223,
2008,"EL","TOTAL","M","PC_GE130","THS_PER","MEAN","Mean income","Thousand persons","130 percent or over","Males","Total",1210,
2009,"EL","TOTAL","M","PC_GE130","THS_PER","MEAN","Mean income","Thousand persons","130 percent or over","Males","Total",1226,
2010,"EL","TOTAL","M","PC_GE130","THS_PER","MEAN","Mean income","Thousand persons","130 percent or over","Males","Total",1200,
2011,"EL","TOTAL","M","PC_GE130","THS_PER","MEAN","Mean income","Thousand persons","130 percent or over","Males","Total",1293,
2012,"EL","TOTAL","M","PC_GE130","THS_PER","MEAN","Mean income","Thousand persons","130 percent or over","Males","Total",1298,
2014,"EL","TOTAL","M","PC_GE130","THS_PER","MEAN","Mean income","Thousand persons","130 percent or over","Males","Total",1230,
2015,"EL","TOTAL","M","PC_GE130","THS_PER","MEAN","Mean income","Thousand persons","130 percent or over","Males","Total",1227,
2016,"EL","TOTAL","M","PC_GE130","THS_PER","MEAN","Mean income","Thousand persons","130 percent or over","Males","Total",1267,
2017,"EL","TOTAL","M","PC_GE130","THS_PER","MEAN","Mean income","Thousand persons","130 percent or over","Males","Total",1195,
2018,"EL","TOTAL","M","PC_GE130","THS_PER","MEAN","Mean income","Thousand persons","130 percent or over","Males","Total",1149,
2019,"EL","TOTAL","M","PC_GE130","THS_PER","MEAN","Mean income","Thousand persons","130 percent or over","Males","Total",1172,
2020,"EL","TOTAL","M","PC_GE130","THS_PER","MEAN","Mean income","Thousand persons","130 percent or over","Males","Total",1161,
2021,"EL","TOTAL","M","PC_GE130","THS_PER","MEAN","Mean income","Thousand persons","130 percent or over","Males","Total",1199,
2022,"EL","TOTAL","M","PC_GE130","THS_PER","MEAN","Mean income","Thousand persons","130 percent or over","Males","Total",1118,
2023,"EL","TOTAL","M","PC_GE130","THS_PER","MEAN","Mean income","Thousand persons","130 percent or over","Males","Total",1014,
2024,"EL","TOTAL","M","PC_GE130","THS_PER","MEAN","Mean income","Thousand persons","130 percent or over","Males","Total",1003,
2025,"EL","TOTAL","M","PC_GE130","THS_PER","MEAN","Mean income","Thousand persons","130 percent or over","Males","Total",950,
2003,"EL","Y_LT18","M","PC_GE130","THS_PER","MEAN","Mean income","Thousand persons","130 percent or over","Males","Less than 18 years",226,
2004,"EL","Y_LT18","M","PC_GE130","THS_PER","MEAN","Mean income","Thousand persons","130 percent or over","Males","Less than 18 years",258,
2005,"EL","Y_LT18","M","PC_GE130","THS_PER","MEAN","Mean income","Thousand persons","130 percent or over","Males","Less than 18 years",254,
2006,"EL","Y_LT18","M","PC_GE130","THS_PER","MEAN","Mean income","Thousand persons","130 percent or over","Males","Less than 18 years",242,
2007,"EL","Y_LT18","M","PC_GE130","THS_PER","MEAN","Mean income","Thousand persons","130 percent or over","Males","Less than 18 years",214,
2008,"EL","Y_LT18","M","PC_GE130","THS_PER","MEAN","Mean income","Thousand persons","130 percent or over","Males","Less than 18 years",197,
2009,"EL","Y_LT18","M","PC_GE130","THS_PER","MEAN","Mean income","Thousand persons","130 percent or over","Males","Less than 18 years",215,
2010,"EL","Y_LT18","M","PC_GE130","THS_PER","MEAN","Mean income","Thousand persons","130 percent or over","Males","Less than 18 years",192,
2011,"EL","Y_LT18","M","PC_GE130","THS_PER","MEAN","Mean income","Thousand persons","130 percent or over","Males","Less than 18 years",211,
2012,"EL","Y_LT18","M","PC_GE130","THS_PER","MEAN","Mean income","Thousand persons","130 percent or over","Males","Less than 18 years",211,
2014,"EL","Y_LT18","M","PC_GE130","THS_PER","MEAN","Mean income","Thousand persons","130 percent or over","Males","Less than 18 years",210,
2015,"EL","Y_LT18","M","PC_GE130","THS_PER","MEAN","Mean income","Thousand persons","130 percent or over","Males","Less than 18 years",189,
2016,"EL","Y_LT18","M","PC_GE130","THS_PER","MEAN","Mean income","Thousand persons","130 percent or over","Males","Less than 18 years",201,
2017,"EL","Y_LT18","M","PC_GE130","THS_PER","MEAN","Mean income","Thousand persons","130 percent or over","Males","Less than 18 years",188,
2018,"EL","Y_LT18","M","PC_GE130","THS_PER","MEAN","Mean income","Thousand persons","130 percent or over","Males","Less than 18 years",160,
2019,"EL","Y_LT18","M","PC_GE130","THS_PER","MEAN","Mean income","Thousand persons","130 percent or over","Males","Less than 18 years",166,
2020,"EL","Y_LT18","M","PC_GE130","THS_PER","MEAN","Mean income","Thousand persons","130 percent or over","Males","Less than 18 years",159,
2021,"EL","Y_LT18","M","PC_GE130","THS_PER","MEAN","Mean income","Thousand persons","130 percent or over","Males","Less than 18 years",158,
2022,"EL","Y_LT18","M","PC_GE130","THS_PER","MEAN","Mean income","Thousand persons","130 percent or over","Males","Less than 18 years",150,
2023,"EL","Y_LT18","M","PC_GE130","THS_PER","MEAN","Mean income","Thousand persons","130 percent or over","Males","Less than 18 years",128,
2024,"EL","Y_LT18","M","PC_GE130","THS_PER","MEAN","Mean income","Thousand persons","130 percent or over","Males","Less than 18 years",132,
2025,"EL","Y_LT18","M","PC_GE130","THS_PER","MEAN","Mean income","Thousand persons","130 percent or over","Males","Less than 18 years",114,
2003,"EL","Y18-64","M","PC_GE130","THS_PER","MEAN","Mean income","Thousand persons","130 percent or over","Males","From 18 to 64 years",848,
2004,"EL","Y18-64","M","PC_GE130","THS_PER","MEAN","Mean income","Thousand persons","130 percent or over","Males","From 18 to 64 years",918,
2005,"EL","Y18-64","M","PC_GE130","THS_PER","MEAN","Mean income","Thousand persons","130 percent or over","Males","From 18 to 64 years",874,
2006,"EL","Y18-64","M","PC_GE130","THS_PER","MEAN","Mean income","Thousand persons","130 percent or over","Males","From 18 to 64 years",866,
2007,"EL","Y18-64","M","PC_GE130","THS_PER","MEAN","Mean income","Thousand persons","130 percent or over","Males","From 18 to 64 years",872,
2008,"EL","Y18-64","M","PC_GE130","THS_PER","MEAN","Mean income","Thousand persons","130 percent or over","Males","From 18 to 64 years",860,
2009,"EL","Y18-64","M","PC_GE130","THS_PER","MEAN","Mean income","Thousand persons","130 percent or over","Males","From 18 to 64 years",876,
2010,"EL","Y18-64","M","PC_GE130","THS_PER","MEAN","Mean income","Thousand persons","130 percent or over","Males","From 18 to 64 years",880,
2011,"EL","Y18-64","M","PC_GE130","THS_PER","MEAN","Mean income","Thousand persons","130 percent or over","Males","From 18 to 64 years",920,
2012,"EL","Y18-64","M","PC_GE130","THS_PER","MEAN","Mean income","Thousand persons","130 percent or over","Males","From 18 to 64 years",868,
2014,"EL","Y18-64","M","PC_GE130","THS_PER","MEAN","Mean income","Thousand persons","130 percent or over","Males","From 18 to 64 years",834,
2015,"EL","Y18-64","M","PC_GE130","THS_PER","MEAN","Mean income","Thousand persons","130 percent or over","Males","From 18 to 64 years",827,
2016,"EL","Y18-64","M","PC_GE130","THS_PER","MEAN","Mean income","Thousand persons","130 percent or over","Males","From 18 to 64 years",833,
2017,"EL","Y18-64","M","PC_GE130","THS_PER","MEAN","Mean income","Thousand persons","130 percent or over","Males","From 18 to 64 years",788,
2018,"EL","Y18-64","M","PC_GE130","THS_PER","MEAN","Mean income","Thousand persons","130 percent or over","Males","From 18 to 64 years",771,
2019,"EL","Y18-64","M","PC_GE130","THS_PER","MEAN","Mean income","Thousand persons","130 percent or over","Males","From 18 to 64 years",784,
2020,"EL","Y18-64","M","PC_GE130","THS_PER","MEAN","Mean income","Thousand persons","130 percent or over","Males","From 18 to 64 years",767,
2021,"EL","Y18-64","M","PC_GE130","THS_PER","MEAN","Mean income","Thousand persons","130 percent or over","Males","From 18 to 64 years",776,
2022,"EL","Y18-64","M","PC_GE130","THS_PER","MEAN","Mean income","Thousand persons","130 percent or over","Males","From 18 to 64 years",717,
2023,"EL","Y18-64","M","PC_GE130","THS_PER","MEAN","Mean income","Thousand persons","130 percent or over","Males","From 18 to 64 years",665,
2024,"EL","Y18-64","M","PC_GE130","THS_PER","MEAN","Mean income","Thousand persons","130 percent or over","Males","From 18 to 64 years",663,
2025,"EL","Y18-64","M","PC_GE130","THS_PER","MEAN","Mean income","Thousand persons","130 percent or over","Males","From 18 to 64 years",651,
2003,"EL","Y_GE65","M","PC_GE130","THS_PER","MEAN","Mean income","Thousand persons","130 percent or over","Males","65 years or over",137,
2004,"EL","Y_GE65","M","PC_GE130","THS_PER","MEAN","Mean income","Thousand persons","130 percent or over","Males","65 years or over",145,
2005,"EL","Y_GE65","M","PC_GE130","THS_PER","MEAN","Mean income","Thousand persons","130 percent or over","Males","65 years or over",140,
2006,"EL","Y_GE65","M","PC_GE130","THS_PER","MEAN","Mean income","Thousand persons","130 percent or over","Males","65 years or over",124,
2007,"EL","Y_GE65","M","PC_GE130","THS_PER","MEAN","Mean income","Thousand persons","130 percent or over","Males","65 years or over",146,
2008,"EL","Y_GE65","M","PC_GE130","THS_PER","MEAN","Mean income","Thousand persons","130 percent or over","Males","65 years or over",157,
2009,"EL","Y_GE65","M","PC_GE130","THS_PER","MEAN","Mean income","Thousand persons","130 percent or over","Males","65 years or over",141,
2010,"EL","Y_GE65","M","PC_GE130","THS_PER","MEAN","Mean income","Thousand persons","130 percent or over","Males","65 years or over",137,
2011,"EL","Y_GE65","M","PC_GE130","THS_PER","MEAN","Mean income","Thousand persons","130 percent or over","Males","65 years or over",173,
2012,"EL","Y_GE65","M","PC_GE130","THS_PER","MEAN","Mean income","Thousand persons","130 percent or over","Males","65 years or over",225,
2014,"EL","Y_GE65","M","PC_GE130","THS_PER","MEAN","Mean income","Thousand persons","130 percent or over","Males","65 years or over",195,
2015,"EL","Y_GE65","M","PC_GE130","THS_PER","MEAN","Mean income","Thousand persons","130 percent or over","Males","65 years or over",219,
2016,"EL","Y_GE65","M","PC_GE130","THS_PER","MEAN","Mean income","Thousand persons","130 percent or over","Males","65 years or over",238,
2017,"EL","Y_GE65","M","PC_GE130","THS_PER","MEAN","Mean income","Thousand persons","130 percent or over","Males","65 years or over",225,
2018,"EL","Y_GE65","M","PC_GE130","THS_PER","MEAN","Mean income","Thousand persons","130 percent or over","Males","65 years or over",224,
2019,"EL","Y_GE65","M","PC_GE130","THS_PER","MEAN","Mean income","Thousand persons","130 percent or over","Males","65 years or over",233,
2020,"EL","Y_GE65","M","PC_GE130","THS_PER","MEAN","Mean income","Thousand persons","130 percent or over","Males","65 years or over",241,
2021,"EL","Y_GE65","M","PC_GE130","THS_PER","MEAN","Mean income","Thousand persons","130 percent or over","Males","65 years or over",271,
2022,"EL","Y_GE65","M","PC_GE130","THS_PER","MEAN","Mean income","Thousand persons","130 percent or over","Males","65 years or over",252,
2023,"EL","Y_GE65","M","PC_GE130","THS_PER","MEAN","Mean income","Thousand persons","130 percent or over","Males","65 years or over",227,
2024,"EL","Y_GE65","M","PC_GE130","THS_PER","MEAN","Mean income","Thousand persons","130 percent or over","Males","65 years or over",211,
2025,"EL","Y_GE65","M","PC_GE130","THS_PER","MEAN","Mean income","Thousand persons","130 percent or over","Males","65 years or over",189,
2003,"EL","TOTAL","F","PC_GE130","THS_PER","MEAN","Mean income","Thousand persons","130 percent or over","Females","Total",1179,
2004,"EL","TOTAL","F","PC_GE130","THS_PER","MEAN","Mean income","Thousand persons","130 percent or over","Females","Total",1277,
2005,"EL","TOTAL","F","PC_GE130","THS_PER","MEAN","Mean income","Thousand persons","130 percent or over","Females","Total",1196,
2006,"EL","TOTAL","F","PC_GE130","THS_PER","MEAN","Mean income","Thousand persons","130 percent or over","Females","Total",1160,
2007,"EL","TOTAL","F","PC_GE130","THS_PER","MEAN","Mean income","Thousand persons","130 percent or over","Females","Total",1204,
2008,"EL","TOTAL","F","PC_GE130","THS_PER","MEAN","Mean income","Thousand persons","130 percent or over","Females","Total",1190,
2009,"EL","TOTAL","F","PC_GE130","THS_PER","MEAN","Mean income","Thousand persons","130 percent or over","Females","Total",1169,
2010,"EL","TOTAL","F","PC_GE130","THS_PER","MEAN","Mean income","Thousand persons","130 percent or over","Females","Total",1182,
2011,"EL","TOTAL","F","PC_GE130","THS_PER","MEAN","Mean income","Thousand persons","130 percent or over","Females","Total",1180,
2012,"EL","TOTAL","F","PC_GE130","THS_PER","MEAN","Mean income","Thousand persons","130 percent or over","Females","Total",1235,
2014,"EL","TOTAL","F","PC_GE130","THS_PER","MEAN","Mean income","Thousand persons","130 percent or over","Females","Total",1200,
2015,"EL","TOTAL","F","PC_GE130","THS_PER","MEAN","Mean income","Thousand persons","130 percent or over","Females","Total",1217,
2016,"EL","TOTAL","F","PC_GE130","THS_PER","MEAN","Mean income","Thousand persons","130 percent or over","Females","Total",1251,
2017,"EL","TOTAL","F","PC_GE130","THS_PER","MEAN","Mean income","Thousand persons","130 percent or over","Females","Total",1195,
2018,"EL","TOTAL","F","PC_GE130","THS_PER","MEAN","Mean income","Thousand persons","130 percent or over","Females","Total",1147,
2019,"EL","TOTAL","F","PC_GE130","THS_PER","MEAN","Mean income","Thousand persons","130 percent or over","Females","Total",1144,
2020,"EL","TOTAL","F","PC_GE130","THS_PER","MEAN","Mean income","Thousand persons","130 percent or over","Females","Total",1147,
2021,"EL","TOTAL","F","PC_GE130","THS_PER","MEAN","Mean income","Thousand persons","130 percent or over","Females","Total",1152,
2022,"EL","TOTAL","F","PC_GE130","THS_PER","MEAN","Mean income","Thousand persons","130 percent or over","Females","Total",1118,
2023,"EL","TOTAL","F","PC_GE130","THS_PER","MEAN","Mean income","Thousand persons","130 percent or over","Females","Total",1010,
2024,"EL","TOTAL","F","PC_GE130","THS_PER","MEAN","Mean income","Thousand persons","130 percent or over","Females","Total",981,
2025,"EL","TOTAL","F","PC_GE130","THS_PER","MEAN","Mean income","Thousand persons","130 percent or over","Females","Total",915,
2003,"EL","Y_LT18","F","PC_GE130","THS_PER","MEAN","Mean income","Thousand persons","130 percent or over","Females","Less than 18 years",205,
2004,"EL","Y_LT18","F","PC_GE130","THS_PER","MEAN","Mean income","Thousand persons","130 percent or over","Females","Less than 18 years",250,
2005,"EL","Y_LT18","F","PC_GE130","THS_PER","MEAN","Mean income","Thousand persons","130 percent or over","Females","Less than 18 years",221,
2006,"EL","Y_LT18","F","PC_GE130","THS_PER","MEAN","Mean income","Thousand persons","130 percent or over","Females","Less than 18 years",220,
2007,"EL","Y_LT18","F","PC_GE130","THS_PER","MEAN","Mean income","Thousand persons","130 percent or over","Females","Less than 18 years",214,
2008,"EL","Y_LT18","F","PC_GE130","THS_PER","MEAN","Mean income","Thousand persons","130 percent or over","Females","Less than 18 years",202,
2009,"EL","Y_LT18","F","PC_GE130","THS_PER","MEAN","Mean income","Thousand persons","130 percent or over","Females","Less than 18 years",182,
2010,"EL","Y_LT18","F","PC_GE130","THS_PER","MEAN","Mean income","Thousand persons","130 percent or over","Females","Less than 18 years",200,
2011,"EL","Y_LT18","F","PC_GE130","THS_PER","MEAN","Mean income","Thousand persons","130 percent or over","Females","Less than 18 years",206,
2012,"EL","Y_LT18","F","PC_GE130","THS_PER","MEAN","Mean income","Thousand persons","130 percent or over","Females","Less than 18 years",216,
2014,"EL","Y_LT18","F","PC_GE130","THS_PER","MEAN","Mean income","Thousand persons","130 percent or over","Females","Less than 18 years",205,
2015,"EL","Y_LT18","F","PC_GE130","THS_PER","MEAN","Mean income","Thousand persons","130 percent or over","Females","Less than 18 years",186,
2016,"EL","Y_LT18","F","PC_GE130","THS_PER","MEAN","Mean income","Thousand persons","130 percent or over","Females","Less than 18 years",199,
2017,"EL","Y_LT18","F","PC_GE130","THS_PER","MEAN","Mean income","Thousand persons","130 percent or over","Females","Less than 18 years",186,
2018,"EL","Y_LT18","F","PC_GE130","THS_PER","MEAN","Mean income","Thousand persons","130 percent or over","Females","Less than 18 years",175,
2019,"EL","Y_LT18","F","PC_GE130","THS_PER","MEAN","Mean income","Thousand persons","130 percent or over","Females","Less than 18 years",164,
2020,"EL","Y_LT18","F","PC_GE130","THS_PER","MEAN","Mean income","Thousand persons","130 percent or over","Females","Less than 18 years",171,
2021,"EL","Y_LT18","F","PC_GE130","THS_PER","MEAN","Mean income","Thousand persons","130 percent or over","Females","Less than 18 years",167,
2022,"EL","Y_LT18","F","PC_GE130","THS_PER","MEAN","Mean income","Thousand persons","130 percent or over","Females","Less than 18 years",160,
2023,"EL","Y_LT18","F","PC_GE130","THS_PER","MEAN","Mean income","Thousand persons","130 percent or over","Females","Less than 18 years",133,
2024,"EL","Y_LT18","F","PC_GE130","THS_PER","MEAN","Mean income","Thousand persons","130 percent or over","Females","Less than 18 years",115,
2025,"EL","Y_LT18","F","PC_GE130","THS_PER","MEAN","Mean income","Thousand persons","130 percent or over","Females","Less than 18 years",113,
2003,"EL","Y18-64","F","PC_GE130","THS_PER","MEAN","Mean income","Thousand persons","130 percent or over","Females","From 18 to 64 years",843,
2004,"EL","Y18-64","F","PC_GE130","THS_PER","MEAN","Mean income","Thousand persons","130 percent or over","Females","From 18 to 64 years",897,
2005,"EL","Y18-64","F","PC_GE130","THS_PER","MEAN","Mean income","Thousand persons","130 percent or over","Females","From 18 to 64 years",843,
2006,"EL","Y18-64","F","PC_GE130","THS_PER","MEAN","Mean income","Thousand persons","130 percent or over","Females","From 18 to 64 years",832,
2007,"EL","Y18-64","F","PC_GE130","THS_PER","MEAN","Mean income","Thousand persons","130 percent or over","Females","From 18 to 64 years",864,
2008,"EL","Y18-64","F","PC_GE130","THS_PER","MEAN","Mean income","Thousand persons","130 percent or over","Females","From 18 to 64 years",860,
2009,"EL","Y18-64","F","PC_GE130","THS_PER","MEAN","Mean income","Thousand persons","130 percent or over","Females","From 18 to 64 years",849,
2010,"EL","Y18-64","F","PC_GE130","THS_PER","MEAN","Mean income","Thousand persons","130 percent or over","Females","From 18 to 64 years",862,
2011,"EL","Y18-64","F","PC_GE130","THS_PER","MEAN","Mean income","Thousand persons","130 percent or over","Females","From 18 to 64 years",830,
2012,"EL","Y18-64","F","PC_GE130","THS_PER","MEAN","Mean income","Thousand persons","130 percent or over","Females","From 18 to 64 years",806,
2014,"EL","Y18-64","F","PC_GE130","THS_PER","MEAN","Mean income","Thousand persons","130 percent or over","Females","From 18 to 64 years",794,
2015,"EL","Y18-64","F","PC_GE130","THS_PER","MEAN","Mean income","Thousand persons","130 percent or over","Females","From 18 to 64 years",815,
2016,"EL","Y18-64","F","PC_GE130","THS_PER","MEAN","Mean income","Thousand persons","130 percent or over","Females","From 18 to 64 years",835,
2017,"EL","Y18-64","F","PC_GE130","THS_PER","MEAN","Mean income","Thousand persons","130 percent or over","Females","From 18 to 64 years",787,
2018,"EL","Y18-64","F","PC_GE130","THS_PER","MEAN","Mean income","Thousand persons","130 percent or over","Females","From 18 to 64 years",762,
2019,"EL","Y18-64","F","PC_GE130","THS_PER","MEAN","Mean income","Thousand persons","130 percent or over","Females","From 18 to 64 years",768,
2020,"EL","Y18-64","F","PC_GE130","THS_PER","MEAN","Mean income","Thousand persons","130 percent or over","Females","From 18 to 64 years",744,
2021,"EL","Y18-64","F","PC_GE130","THS_PER","MEAN","Mean income","Thousand persons","130 percent or over","Females","From 18 to 64 years",748,
2022,"EL","Y18-64","F","PC_GE130","THS_PER","MEAN","Mean income","Thousand persons","130 percent or over","Females","From 18 to 64 years",726,
2023,"EL","Y18-64","F","PC_GE130","THS_PER","MEAN","Mean income","Thousand persons","130 percent or over","Females","From 18 to 64 years",672,
2024,"EL","Y18-64","F","PC_GE130","THS_PER","MEAN","Mean income","Thousand persons","130 percent or over","Females","From 18 to 64 years",685,
2025,"EL","Y18-64","F","PC_GE130","THS_PER","MEAN","Mean income","Thousand persons","130 percent or over","Females","From 18 to 64 years",649,
2003,"EL","Y_GE65","F","PC_GE130","THS_PER","MEAN","Mean income","Thousand persons","130 percent or over","Females","65 years or over",140,
2004,"EL","Y_GE65","F","PC_GE130","THS_PER","MEAN","Mean income","Thousand persons","130 percent or over","Females","65 years or over",137,
2005,"EL","Y_GE65","F","PC_GE130","THS_PER","MEAN","Mean income","Thousand persons","130 percent or over","Females","65 years or over",143,
2006,"EL","Y_GE65","F","PC_GE130","THS_PER","MEAN","Mean income","Thousand persons","130 percent or over","Females","65 years or over",114,
2007,"EL","Y_GE65","F","PC_GE130","THS_PER","MEAN","Mean income","Thousand persons","130 percent or over","Females","65 years or over",134,
2008,"EL","Y_GE65","F","PC_GE130","THS_PER","MEAN","Mean income","Thousand persons","130 percent or over","Females","65 years or over",140,
2009,"EL","Y_GE65","F","PC_GE130","THS_PER","MEAN","Mean income","Thousand persons","130 percent or over","Females","65 years or over",145,
2010,"EL","Y_GE65","F","PC_GE130","THS_PER","MEAN","Mean income","Thousand persons","130 percent or over","Females","65 years or over",126,
2011,"EL","Y_GE65","F","PC_GE130","THS_PER","MEAN","Mean income","Thousand persons","130 percent or over","Females","65 years or over",148,
2012,"EL","Y_GE65","F","PC_GE130","THS_PER","MEAN","Mean income","Thousand persons","130 percent or over","Females","65 years or over",216,
2014,"EL","Y_GE65","F","PC_GE130","THS_PER","MEAN","Mean income","Thousand persons","130 percent or over","Females","65 years or over",209,
2015,"EL","Y_GE65","F","PC_GE130","THS_PER","MEAN","Mean income","Thousand persons","130 percent or over","Females","65 years or over",221,
2016,"EL","Y_GE65","F","PC_GE130","THS_PER","MEAN","Mean income","Thousand persons","130 percent or over","Females","65 years or over",223,
2017,"EL","Y_GE65","F","PC_GE130","THS_PER","MEAN","Mean income","Thousand persons","130 percent or over","Females","65 years or over",226,
2018,"EL","Y_GE65","F","PC_GE130","THS_PER","MEAN","Mean income","Thousand persons","130 percent or over","Females","65 years or over",217,
2019,"EL","Y_GE65","F","PC_GE130","THS_PER","MEAN","Mean income","Thousand persons","130 percent or over","Females","65 years or over",220,
2020,"EL","Y_GE65","F","PC_GE130","THS_PER","MEAN","Mean income","Thousand persons","130 percent or over","Females","65 years or over",238,
2021,"EL","Y_GE65","F","PC_GE130","THS_PER","MEAN","Mean income","Thousand persons","130 percent or over","Females","65 years or over",244,
2022,"EL","Y_GE65","F","PC_GE130","THS_PER","MEAN","Mean income","Thousand persons","130 percent or over","Females","65 years or over",237,
2023,"EL","Y_GE65","F","PC_GE130","THS_PER","MEAN","Mean income","Thousand persons","130 percent or over","Females","65 years or over",208,
2024,"EL","Y_GE65","F","PC_GE130","THS_PER","MEAN","Mean income","Thousand persons","130 percent or over","Females","65 years or over",185,
2025,"EL","Y_GE65","F","PC_GE130","THS_PER","MEAN","Mean income","Thousand persons","130 percent or over","Females","65 years or over",158,
2003,"EL","TOTAL","T","PC_GE140","THS_PER","MEAN","Mean income","Thousand persons","140 percent or over","Total","Total",1969,
2004,"EL","TOTAL","T","PC_GE140","THS_PER","MEAN","Mean income","Thousand persons","140 percent or over","Total","Total",2113,
2005,"EL","TOTAL","T","PC_GE140","THS_PER","MEAN","Mean income","Thousand persons","140 percent or over","Total","Total",2047,
2006,"EL","TOTAL","T","PC_GE140","THS_PER","MEAN","Mean income","Thousand persons","140 percent or over","Total","Total",1994,
2007,"EL","TOTAL","T","PC_GE140","THS_PER","MEAN","Mean income","Thousand persons","140 percent or over","Total","Total",2039,
2008,"EL","TOTAL","T","PC_GE140","THS_PER","MEAN","Mean income","Thousand persons","140 percent or over","Total","Total",2002,
2009,"EL","TOTAL","T","PC_GE140","THS_PER","MEAN","Mean income","Thousand persons","140 percent or over","Total","Total",1968,
2010,"EL","TOTAL","T","PC_GE140","THS_PER","MEAN","Mean income","Thousand persons","140 percent or over","Total","Total",1878,
2011,"EL","TOTAL","T","PC_GE140","THS_PER","MEAN","Mean income","Thousand persons","140 percent or over","Total","Total",2050,
2012,"EL","TOTAL","T","PC_GE140","THS_PER","MEAN","Mean income","Thousand persons","140 percent or over","Total","Total",2078,
2014,"EL","TOTAL","T","PC_GE140","THS_PER","MEAN","Mean income","Thousand persons","140 percent or over","Total","Total",2003,
2015,"EL","TOTAL","T","PC_GE140","THS_PER","MEAN","Mean income","Thousand persons","140 percent or over","Total","Total",2020,
2016,"EL","TOTAL","T","PC_GE140","THS_PER","MEAN","Mean income","Thousand persons","140 percent or over","Total","Total",2078,
2017,"EL","TOTAL","T","PC_GE140","THS_PER","MEAN","Mean income","Thousand persons","140 percent or over","Total","Total",1956,
2018,"EL","TOTAL","T","PC_GE140","THS_PER","MEAN","Mean income","Thousand persons","140 percent or over","Total","Total",1848,
2019,"EL","TOTAL","T","PC_GE140","THS_PER","MEAN","Mean income","Thousand persons","140 percent or over","Total","Total",1867,
2020,"EL","TOTAL","T","PC_GE140","THS_PER","MEAN","Mean income","Thousand persons","140 percent or over","Total","Total",1843,
2021,"EL","TOTAL","T","PC_GE140","THS_PER","MEAN","Mean income","Thousand persons","140 percent or over","Total","Total",1861,
2022,"EL","TOTAL","T","PC_GE140","THS_PER","MEAN","Mean income","Thousand persons","140 percent or over","Total","Total",1806,
2023,"EL","TOTAL","T","PC_GE140","THS_PER","MEAN","Mean income","Thousand persons","140 percent or over","Total","Total",1630,
2024,"EL","TOTAL","T","PC_GE140","THS_PER","MEAN","Mean income","Thousand persons","140 percent or over","Total","Total",1536,
2025,"EL","TOTAL","T","PC_GE140","THS_PER","MEAN","Mean income","Thousand persons","140 percent or over","Total","Total",1466,
2003,"EL","Y_LT18","T","PC_GE140","THS_PER","MEAN","Mean income","Thousand persons","140 percent or over","Total","Less than 18 years",356,
2004,"EL","Y_LT18","T","PC_GE140","THS_PER","MEAN","Mean income","Thousand persons","140 percent or over","Total","Less than 18 years",414,
2005,"EL","Y_LT18","T","PC_GE140","THS_PER","MEAN","Mean income","Thousand persons","140 percent or over","Total","Less than 18 years",396,
2006,"EL","Y_LT18","T","PC_GE140","THS_PER","MEAN","Mean income","Thousand persons","140 percent or over","Total","Less than 18 years",379,
2007,"EL","Y_LT18","T","PC_GE140","THS_PER","MEAN","Mean income","Thousand persons","140 percent or over","Total","Less than 18 years",350,
2008,"EL","Y_LT18","T","PC_GE140","THS_PER","MEAN","Mean income","Thousand persons","140 percent or over","Total","Less than 18 years",343,
2009,"EL","Y_LT18","T","PC_GE140","THS_PER","MEAN","Mean income","Thousand persons","140 percent or over","Total","Less than 18 years",317,
2010,"EL","Y_LT18","T","PC_GE140","THS_PER","MEAN","Mean income","Thousand persons","140 percent or over","Total","Less than 18 years",299,
2011,"EL","Y_LT18","T","PC_GE140","THS_PER","MEAN","Mean income","Thousand persons","140 percent or over","Total","Less than 18 years",342,
2012,"EL","Y_LT18","T","PC_GE140","THS_PER","MEAN","Mean income","Thousand persons","140 percent or over","Total","Less than 18 years",339,
2014,"EL","Y_LT18","T","PC_GE140","THS_PER","MEAN","Mean income","Thousand persons","140 percent or over","Total","Less than 18 years",341,
2015,"EL","Y_LT18","T","PC_GE140","THS_PER","MEAN","Mean income","Thousand persons","140 percent or over","Total","Less than 18 years",304,
2016,"EL","Y_LT18","T","PC_GE140","THS_PER","MEAN","Mean income","Thousand persons","140 percent or over","Total","Less than 18 years",327,
2017,"EL","Y_LT18","T","PC_GE140","THS_PER","MEAN","Mean income","Thousand persons","140 percent or over","Total","Less than 18 years",305,
2018,"EL","Y_LT18","T","PC_GE140","THS_PER","MEAN","Mean income","Thousand persons","140 percent or over","Total","Less than 18 years",262,
2019,"EL","Y_LT18","T","PC_GE140","THS_PER","MEAN","Mean income","Thousand persons","140 percent or over","Total","Less than 18 years",263,
2020,"EL","Y_LT18","T","PC_GE140","THS_PER","MEAN","Mean income","Thousand persons","140 percent or over","Total","Less than 18 years",257,
2021,"EL","Y_LT18","T","PC_GE140","THS_PER","MEAN","Mean income","Thousand persons","140 percent or over","Total","Less than 18 years",242,
2022,"EL","Y_LT18","T","PC_GE140","THS_PER","MEAN","Mean income","Thousand persons","140 percent or over","Total","Less than 18 years",236,
2023,"EL","Y_LT18","T","PC_GE140","THS_PER","MEAN","Mean income","Thousand persons","140 percent or over","Total","Less than 18 years",220,
2024,"EL","Y_LT18","T","PC_GE140","THS_PER","MEAN","Mean income","Thousand persons","140 percent or over","Total","Less than 18 years",194,
2025,"EL","Y_LT18","T","PC_GE140","THS_PER","MEAN","Mean income","Thousand persons","140 percent or over","Total","Less than 18 years",179,
2003,"EL","Y18-64","T","PC_GE140","THS_PER","MEAN","Mean income","Thousand persons","140 percent or over","Total","From 18 to 64 years",1414,
2004,"EL","Y18-64","T","PC_GE140","THS_PER","MEAN","Mean income","Thousand persons","140 percent or over","Total","From 18 to 64 years",1485,
2005,"EL","Y18-64","T","PC_GE140","THS_PER","MEAN","Mean income","Thousand persons","140 percent or over","Total","From 18 to 64 years",1434,
2006,"EL","Y18-64","T","PC_GE140","THS_PER","MEAN","Mean income","Thousand persons","140 percent or over","Total","From 18 to 64 years",1437,
2007,"EL","Y18-64","T","PC_GE140","THS_PER","MEAN","Mean income","Thousand persons","140 percent or over","Total","From 18 to 64 years",1468,
2008,"EL","Y18-64","T","PC_GE140","THS_PER","MEAN","Mean income","Thousand persons","140 percent or over","Total","From 18 to 64 years",1425,
2009,"EL","Y18-64","T","PC_GE140","THS_PER","MEAN","Mean income","Thousand persons","140 percent or over","Total","From 18 to 64 years",1436,
2010,"EL","Y18-64","T","PC_GE140","THS_PER","MEAN","Mean income","Thousand persons","140 percent or over","Total","From 18 to 64 years",1373,
2011,"EL","Y18-64","T","PC_GE140","THS_PER","MEAN","Mean income","Thousand persons","140 percent or over","Total","From 18 to 64 years",1456,
2012,"EL","Y18-64","T","PC_GE140","THS_PER","MEAN","Mean income","Thousand persons","140 percent or over","Total","From 18 to 64 years",1375,
2014,"EL","Y18-64","T","PC_GE140","THS_PER","MEAN","Mean income","Thousand persons","140 percent or over","Total","From 18 to 64 years",1343,
2015,"EL","Y18-64","T","PC_GE140","THS_PER","MEAN","Mean income","Thousand persons","140 percent or over","Total","From 18 to 64 years",1376,
2016,"EL","Y18-64","T","PC_GE140","THS_PER","MEAN","Mean income","Thousand persons","140 percent or over","Total","From 18 to 64 years",1384,
2017,"EL","Y18-64","T","PC_GE140","THS_PER","MEAN","Mean income","Thousand persons","140 percent or over","Total","From 18 to 64 years",1300,
2018,"EL","Y18-64","T","PC_GE140","THS_PER","MEAN","Mean income","Thousand persons","140 percent or over","Total","From 18 to 64 years",1245,
2019,"EL","Y18-64","T","PC_GE140","THS_PER","MEAN","Mean income","Thousand persons","140 percent or over","Total","From 18 to 64 years",1259,
2020,"EL","Y18-64","T","PC_GE140","THS_PER","MEAN","Mean income","Thousand persons","140 percent or over","Total","From 18 to 64 years",1203,
2021,"EL","Y18-64","T","PC_GE140","THS_PER","MEAN","Mean income","Thousand persons","140 percent or over","Total","From 18 to 64 years",1217,
2022,"EL","Y18-64","T","PC_GE140","THS_PER","MEAN","Mean income","Thousand persons","140 percent or over","Total","From 18 to 64 years",1170,
2023,"EL","Y18-64","T","PC_GE140","THS_PER","MEAN","Mean income","Thousand persons","140 percent or over","Total","From 18 to 64 years",1086,
2024,"EL","Y18-64","T","PC_GE140","THS_PER","MEAN","Mean income","Thousand persons","140 percent or over","Total","From 18 to 64 years",1041,
2025,"EL","Y18-64","T","PC_GE140","THS_PER","MEAN","Mean income","Thousand persons","140 percent or over","Total","From 18 to 64 years",1033,
2003,"EL","Y_GE65","T","PC_GE140","THS_PER","MEAN","Mean income","Thousand persons","140 percent or over","Total","65 years or over",215,
2004,"EL","Y_GE65","T","PC_GE140","THS_PER","MEAN","Mean income","Thousand persons","140 percent or over","Total","65 years or over",230,
2005,"EL","Y_GE65","T","PC_GE140","THS_PER","MEAN","Mean income","Thousand persons","140 percent or over","Total","65 years or over",232,
2006,"EL","Y_GE65","T","PC_GE140","THS_PER","MEAN","Mean income","Thousand persons","140 percent or over","Total","65 years or over",191,
2007,"EL","Y_GE65","T","PC_GE140","THS_PER","MEAN","Mean income","Thousand persons","140 percent or over","Total","65 years or over",234,
2008,"EL","Y_GE65","T","PC_GE140","THS_PER","MEAN","Mean income","Thousand persons","140 percent or over","Total","65 years or over",247,
2009,"EL","Y_GE65","T","PC_GE140","THS_PER","MEAN","Mean income","Thousand persons","140 percent or over","Total","65 years or over",227,
2010,"EL","Y_GE65","T","PC_GE140","THS_PER","MEAN","Mean income","Thousand persons","140 percent or over","Total","65 years or over",218,
2011,"EL","Y_GE65","T","PC_GE140","THS_PER","MEAN","Mean income","Thousand persons","140 percent or over","Total","65 years or over",262,
2012,"EL","Y_GE65","T","PC_GE140","THS_PER","MEAN","Mean income","Thousand persons","140 percent or over","Total","65 years or over",373,
2014,"EL","Y_GE65","T","PC_GE140","THS_PER","MEAN","Mean income","Thousand persons","140 percent or over","Total","65 years or over",333,
2015,"EL","Y_GE65","T","PC_GE140","THS_PER","MEAN","Mean income","Thousand persons","140 percent or over","Total","65 years or over",350,
2016,"EL","Y_GE65","T","PC_GE140","THS_PER","MEAN","Mean income","Thousand persons","140 percent or over","Total","65 years or over",375,
2017,"EL","Y_GE65","T","PC_GE140","THS_PER","MEAN","Mean income","Thousand persons","140 percent or over","Total","65 years or over",359,
2018,"EL","Y_GE65","T","PC_GE140","THS_PER","MEAN","Mean income","Thousand persons","140 percent or over","Total","65 years or over",351,
2019,"EL","Y_GE65","T","PC_GE140","THS_PER","MEAN","Mean income","Thousand persons","140 percent or over","Total","65 years or over",360,
2020,"EL","Y_GE65","T","PC_GE140","THS_PER","MEAN","Mean income","Thousand persons","140 percent or over","Total","65 years or over",392,
2021,"EL","Y_GE65","T","PC_GE140","THS_PER","MEAN","Mean income","Thousand persons","140 percent or over","Total","65 years or over",413,
2022,"EL","Y_GE65","T","PC_GE140","THS_PER","MEAN","Mean income","Thousand persons","140 percent or over","Total","65 years or over",405,
2023,"EL","Y_GE65","T","PC_GE140","THS_PER","MEAN","Mean income","Thousand persons","140 percent or over","Total","65 years or over",332,
2024,"EL","Y_GE65","T","PC_GE140","THS_PER","MEAN","Mean income","Thousand persons","140 percent or over","Total","65 years or over",306,
2025,"EL","Y_GE65","T","PC_GE140","THS_PER","MEAN","Mean income","Thousand persons","140 percent or over","Total","65 years or over",262,
2003,"EL","TOTAL","M","PC_GE140","THS_PER","MEAN","Mean income","Thousand persons","140 percent or over","Males","Total",992,
2004,"EL","TOTAL","M","PC_GE140","THS_PER","MEAN","Mean income","Thousand persons","140 percent or over","Males","Total",1053,
2005,"EL","TOTAL","M","PC_GE140","THS_PER","MEAN","Mean income","Thousand persons","140 percent or over","Males","Total",1042,
2006,"EL","TOTAL","M","PC_GE140","THS_PER","MEAN","Mean income","Thousand persons","140 percent or over","Males","Total",1025,
2007,"EL","TOTAL","M","PC_GE140","THS_PER","MEAN","Mean income","Thousand persons","140 percent or over","Males","Total",1038,
2008,"EL","TOTAL","M","PC_GE140","THS_PER","MEAN","Mean income","Thousand persons","140 percent or over","Males","Total",1010,
2009,"EL","TOTAL","M","PC_GE140","THS_PER","MEAN","Mean income","Thousand persons","140 percent or over","Males","Total",1011,
2010,"EL","TOTAL","M","PC_GE140","THS_PER","MEAN","Mean income","Thousand persons","140 percent or over","Males","Total",936,
2011,"EL","TOTAL","M","PC_GE140","THS_PER","MEAN","Mean income","Thousand persons","140 percent or over","Males","Total",1075,
2012,"EL","TOTAL","M","PC_GE140","THS_PER","MEAN","Mean income","Thousand persons","140 percent or over","Males","Total",1070,
2014,"EL","TOTAL","M","PC_GE140","THS_PER","MEAN","Mean income","Thousand persons","140 percent or over","Males","Total",1006,
2015,"EL","TOTAL","M","PC_GE140","THS_PER","MEAN","Mean income","Thousand persons","140 percent or over","Males","Total",1023,
2016,"EL","TOTAL","M","PC_GE140","THS_PER","MEAN","Mean income","Thousand persons","140 percent or over","Males","Total",1051,
2017,"EL","TOTAL","M","PC_GE140","THS_PER","MEAN","Mean income","Thousand persons","140 percent or over","Males","Total",978,
2018,"EL","TOTAL","M","PC_GE140","THS_PER","MEAN","Mean income","Thousand persons","140 percent or over","Males","Total",929,
2019,"EL","TOTAL","M","PC_GE140","THS_PER","MEAN","Mean income","Thousand persons","140 percent or over","Males","Total",948,
2020,"EL","TOTAL","M","PC_GE140","THS_PER","MEAN","Mean income","Thousand persons","140 percent or over","Males","Total",927,
2021,"EL","TOTAL","M","PC_GE140","THS_PER","MEAN","Mean income","Thousand persons","140 percent or over","Males","Total",948,
2022,"EL","TOTAL","M","PC_GE140","THS_PER","MEAN","Mean income","Thousand persons","140 percent or over","Males","Total",901,
2023,"EL","TOTAL","M","PC_GE140","THS_PER","MEAN","Mean income","Thousand persons","140 percent or over","Males","Total",814,
2024,"EL","TOTAL","M","PC_GE140","THS_PER","MEAN","Mean income","Thousand persons","140 percent or over","Males","Total",782,
2025,"EL","TOTAL","M","PC_GE140","THS_PER","MEAN","Mean income","Thousand persons","140 percent or over","Males","Total",745,
2003,"EL","Y_LT18","M","PC_GE140","THS_PER","MEAN","Mean income","Thousand persons","140 percent or over","Males","Less than 18 years",183,
2004,"EL","Y_LT18","M","PC_GE140","THS_PER","MEAN","Mean income","Thousand persons","140 percent or over","Males","Less than 18 years",203,
2005,"EL","Y_LT18","M","PC_GE140","THS_PER","MEAN","Mean income","Thousand persons","140 percent or over","Males","Less than 18 years",211,
2006,"EL","Y_LT18","M","PC_GE140","THS_PER","MEAN","Mean income","Thousand persons","140 percent or over","Males","Less than 18 years",202,
2007,"EL","Y_LT18","M","PC_GE140","THS_PER","MEAN","Mean income","Thousand persons","140 percent or over","Males","Less than 18 years",176,
2008,"EL","Y_LT18","M","PC_GE140","THS_PER","MEAN","Mean income","Thousand persons","140 percent or over","Males","Less than 18 years",169,
2009,"EL","Y_LT18","M","PC_GE140","THS_PER","MEAN","Mean income","Thousand persons","140 percent or over","Males","Less than 18 years",173,
2010,"EL","Y_LT18","M","PC_GE140","THS_PER","MEAN","Mean income","Thousand persons","140 percent or over","Males","Less than 18 years",136,
2011,"EL","Y_LT18","M","PC_GE140","THS_PER","MEAN","Mean income","Thousand persons","140 percent or over","Males","Less than 18 years",171,
2012,"EL","Y_LT18","M","PC_GE140","THS_PER","MEAN","Mean income","Thousand persons","140 percent or over","Males","Less than 18 years",173,
2014,"EL","Y_LT18","M","PC_GE140","THS_PER","MEAN","Mean income","Thousand persons","140 percent or over","Males","Less than 18 years",166,
2015,"EL","Y_LT18","M","PC_GE140","THS_PER","MEAN","Mean income","Thousand persons","140 percent or over","Males","Less than 18 years",156,
2016,"EL","Y_LT18","M","PC_GE140","THS_PER","MEAN","Mean income","Thousand persons","140 percent or over","Males","Less than 18 years",162,
2017,"EL","Y_LT18","M","PC_GE140","THS_PER","MEAN","Mean income","Thousand persons","140 percent or over","Males","Less than 18 years",148,
2018,"EL","Y_LT18","M","PC_GE140","THS_PER","MEAN","Mean income","Thousand persons","140 percent or over","Males","Less than 18 years",127,
2019,"EL","Y_LT18","M","PC_GE140","THS_PER","MEAN","Mean income","Thousand persons","140 percent or over","Males","Less than 18 years",136,
2020,"EL","Y_LT18","M","PC_GE140","THS_PER","MEAN","Mean income","Thousand persons","140 percent or over","Males","Less than 18 years",123,
2021,"EL","Y_LT18","M","PC_GE140","THS_PER","MEAN","Mean income","Thousand persons","140 percent or over","Males","Less than 18 years",119,
2022,"EL","Y_LT18","M","PC_GE140","THS_PER","MEAN","Mean income","Thousand persons","140 percent or over","Males","Less than 18 years",115,
2023,"EL","Y_LT18","M","PC_GE140","THS_PER","MEAN","Mean income","Thousand persons","140 percent or over","Males","Less than 18 years",108,
2024,"EL","Y_LT18","M","PC_GE140","THS_PER","MEAN","Mean income","Thousand persons","140 percent or over","Males","Less than 18 years",108,
2025,"EL","Y_LT18","M","PC_GE140","THS_PER","MEAN","Mean income","Thousand persons","140 percent or over","Males","Less than 18 years",88,
2003,"EL","Y18-64","M","PC_GE140","THS_PER","MEAN","Mean income","Thousand persons","140 percent or over","Males","From 18 to 64 years",707,
2004,"EL","Y18-64","M","PC_GE140","THS_PER","MEAN","Mean income","Thousand persons","140 percent or over","Males","From 18 to 64 years",741,
2005,"EL","Y18-64","M","PC_GE140","THS_PER","MEAN","Mean income","Thousand persons","140 percent or over","Males","From 18 to 64 years",723,
2006,"EL","Y18-64","M","PC_GE140","THS_PER","MEAN","Mean income","Thousand persons","140 percent or over","Males","From 18 to 64 years",728,
2007,"EL","Y18-64","M","PC_GE140","THS_PER","MEAN","Mean income","Thousand persons","140 percent or over","Males","From 18 to 64 years",744,
2008,"EL","Y18-64","M","PC_GE140","THS_PER","MEAN","Mean income","Thousand persons","140 percent or over","Males","From 18 to 64 years",716,
2009,"EL","Y18-64","M","PC_GE140","THS_PER","MEAN","Mean income","Thousand persons","140 percent or over","Males","From 18 to 64 years",727,
2010,"EL","Y18-64","M","PC_GE140","THS_PER","MEAN","Mean income","Thousand persons","140 percent or over","Males","From 18 to 64 years",689,
2011,"EL","Y18-64","M","PC_GE140","THS_PER","MEAN","Mean income","Thousand persons","140 percent or over","Males","From 18 to 64 years",766,
2012,"EL","Y18-64","M","PC_GE140","THS_PER","MEAN","Mean income","Thousand persons","140 percent or over","Males","From 18 to 64 years",716,
2014,"EL","Y18-64","M","PC_GE140","THS_PER","MEAN","Mean income","Thousand persons","140 percent or over","Males","From 18 to 64 years",686,
2015,"EL","Y18-64","M","PC_GE140","THS_PER","MEAN","Mean income","Thousand persons","140 percent or over","Males","From 18 to 64 years",697,
2016,"EL","Y18-64","M","PC_GE140","THS_PER","MEAN","Mean income","Thousand persons","140 percent or over","Males","From 18 to 64 years",696,
2017,"EL","Y18-64","M","PC_GE140","THS_PER","MEAN","Mean income","Thousand persons","140 percent or over","Males","From 18 to 64 years",653,
2018,"EL","Y18-64","M","PC_GE140","THS_PER","MEAN","Mean income","Thousand persons","140 percent or over","Males","From 18 to 64 years",628,
2019,"EL","Y18-64","M","PC_GE140","THS_PER","MEAN","Mean income","Thousand persons","140 percent or over","Males","From 18 to 64 years",636,
2020,"EL","Y18-64","M","PC_GE140","THS_PER","MEAN","Mean income","Thousand persons","140 percent or over","Males","From 18 to 64 years",609,
2021,"EL","Y18-64","M","PC_GE140","THS_PER","MEAN","Mean income","Thousand persons","140 percent or over","Males","From 18 to 64 years",613,
2022,"EL","Y18-64","M","PC_GE140","THS_PER","MEAN","Mean income","Thousand persons","140 percent or over","Males","From 18 to 64 years",576,
2023,"EL","Y18-64","M","PC_GE140","THS_PER","MEAN","Mean income","Thousand persons","140 percent or over","Males","From 18 to 64 years",537,
2024,"EL","Y18-64","M","PC_GE140","THS_PER","MEAN","Mean income","Thousand persons","140 percent or over","Males","From 18 to 64 years",513,
2025,"EL","Y18-64","M","PC_GE140","THS_PER","MEAN","Mean income","Thousand persons","140 percent or over","Males","From 18 to 64 years",517,
2003,"EL","Y_GE65","M","PC_GE140","THS_PER","MEAN","Mean income","Thousand persons","140 percent or over","Males","65 years or over",108,
2004,"EL","Y_GE65","M","PC_GE140","THS_PER","MEAN","Mean income","Thousand persons","140 percent or over","Males","65 years or over",117,
2005,"EL","Y_GE65","M","PC_GE140","THS_PER","MEAN","Mean income","Thousand persons","140 percent or over","Males","65 years or over",115,
2006,"EL","Y_GE65","M","PC_GE140","THS_PER","MEAN","Mean income","Thousand persons","140 percent or over","Males","65 years or over",103,
2007,"EL","Y_GE65","M","PC_GE140","THS_PER","MEAN","Mean income","Thousand persons","140 percent or over","Males","65 years or over",125,
2008,"EL","Y_GE65","M","PC_GE140","THS_PER","MEAN","Mean income","Thousand persons","140 percent or over","Males","65 years or over",130,
2009,"EL","Y_GE65","M","PC_GE140","THS_PER","MEAN","Mean income","Thousand persons","140 percent or over","Males","65 years or over",117,
2010,"EL","Y_GE65","M","PC_GE140","THS_PER","MEAN","Mean income","Thousand persons","140 percent or over","Males","65 years or over",120,
2011,"EL","Y_GE65","M","PC_GE140","THS_PER","MEAN","Mean income","Thousand persons","140 percent or over","Males","65 years or over",144,
2012,"EL","Y_GE65","M","PC_GE140","THS_PER","MEAN","Mean income","Thousand persons","140 percent or over","Males","65 years or over",189,
2014,"EL","Y_GE65","M","PC_GE140","THS_PER","MEAN","Mean income","Thousand persons","140 percent or over","Males","65 years or over",162,
2015,"EL","Y_GE65","M","PC_GE140","THS_PER","MEAN","Mean income","Thousand persons","140 percent or over","Males","65 years or over",176,
2016,"EL","Y_GE65","M","PC_GE140","THS_PER","MEAN","Mean income","Thousand persons","140 percent or over","Males","65 years or over",196,
2017,"EL","Y_GE65","M","PC_GE140","THS_PER","MEAN","Mean income","Thousand persons","140 percent or over","Males","65 years or over",182,
2018,"EL","Y_GE65","M","PC_GE140","THS_PER","MEAN","Mean income","Thousand persons","140 percent or over","Males","65 years or over",179,
2019,"EL","Y_GE65","M","PC_GE140","THS_PER","MEAN","Mean income","Thousand persons","140 percent or over","Males","65 years or over",186,
2020,"EL","Y_GE65","M","PC_GE140","THS_PER","MEAN","Mean income","Thousand persons","140 percent or over","Males","65 years or over",200,
2021,"EL","Y_GE65","M","PC_GE140","THS_PER","MEAN","Mean income","Thousand persons","140 percent or over","Males","65 years or over",221,
2022,"EL","Y_GE65","M","PC_GE140","THS_PER","MEAN","Mean income","Thousand persons","140 percent or over","Males","65 years or over",211,
2023,"EL","Y_GE65","M","PC_GE140","THS_PER","MEAN","Mean income","Thousand persons","140 percent or over","Males","65 years or over",174,
2024,"EL","Y_GE65","M","PC_GE140","THS_PER","MEAN","Mean income","Thousand persons","140 percent or over","Males","65 years or over",163,
2025,"EL","Y_GE65","M","PC_GE140","THS_PER","MEAN","Mean income","Thousand persons","140 percent or over","Males","65 years or over",144,
2003,"EL","TOTAL","F","PC_GE140","THS_PER","MEAN","Mean income","Thousand persons","140 percent or over","Females","Total",978,
2004,"EL","TOTAL","F","PC_GE140","THS_PER","MEAN","Mean income","Thousand persons","140 percent or over","Females","Total",1060,
2005,"EL","TOTAL","F","PC_GE140","THS_PER","MEAN","Mean income","Thousand persons","140 percent or over","Females","Total",1005,
2006,"EL","TOTAL","F","PC_GE140","THS_PER","MEAN","Mean income","Thousand persons","140 percent or over","Females","Total",969,
2007,"EL","TOTAL","F","PC_GE140","THS_PER","MEAN","Mean income","Thousand persons","140 percent or over","Females","Total",1002,
2008,"EL","TOTAL","F","PC_GE140","THS_PER","MEAN","Mean income","Thousand persons","140 percent or over","Females","Total",992,
2009,"EL","TOTAL","F","PC_GE140","THS_PER","MEAN","Mean income","Thousand persons","140 percent or over","Females","Total",957,
2010,"EL","TOTAL","F","PC_GE140","THS_PER","MEAN","Mean income","Thousand persons","140 percent or over","Females","Total",941,
2011,"EL","TOTAL","F","PC_GE140","THS_PER","MEAN","Mean income","Thousand persons","140 percent or over","Females","Total",975,
2012,"EL","TOTAL","F","PC_GE140","THS_PER","MEAN","Mean income","Thousand persons","140 percent or over","Females","Total",1007,
2014,"EL","TOTAL","F","PC_GE140","THS_PER","MEAN","Mean income","Thousand persons","140 percent or over","Females","Total",997,
2015,"EL","TOTAL","F","PC_GE140","THS_PER","MEAN","Mean income","Thousand persons","140 percent or over","Females","Total",998,
2016,"EL","TOTAL","F","PC_GE140","THS_PER","MEAN","Mean income","Thousand persons","140 percent or over","Females","Total",1027,
2017,"EL","TOTAL","F","PC_GE140","THS_PER","MEAN","Mean income","Thousand persons","140 percent or over","Females","Total",978,
2018,"EL","TOTAL","F","PC_GE140","THS_PER","MEAN","Mean income","Thousand persons","140 percent or over","Females","Total",919,
2019,"EL","TOTAL","F","PC_GE140","THS_PER","MEAN","Mean income","Thousand persons","140 percent or over","Females","Total",919,
2020,"EL","TOTAL","F","PC_GE140","THS_PER","MEAN","Mean income","Thousand persons","140 percent or over","Females","Total",916,
2021,"EL","TOTAL","F","PC_GE140","THS_PER","MEAN","Mean income","Thousand persons","140 percent or over","Females","Total",913,
2022,"EL","TOTAL","F","PC_GE140","THS_PER","MEAN","Mean income","Thousand persons","140 percent or over","Females","Total",905,
2023,"EL","TOTAL","F","PC_GE140","THS_PER","MEAN","Mean income","Thousand persons","140 percent or over","Females","Total",816,
2024,"EL","TOTAL","F","PC_GE140","THS_PER","MEAN","Mean income","Thousand persons","140 percent or over","Females","Total",754,
2025,"EL","TOTAL","F","PC_GE140","THS_PER","MEAN","Mean income","Thousand persons","140 percent or over","Females","Total",721,
2003,"EL","Y_LT18","F","PC_GE140","THS_PER","MEAN","Mean income","Thousand persons","140 percent or over","Females","Less than 18 years",173,
2004,"EL","Y_LT18","F","PC_GE140","THS_PER","MEAN","Mean income","Thousand persons","140 percent or over","Females","Less than 18 years",211,
2005,"EL","Y_LT18","F","PC_GE140","THS_PER","MEAN","Mean income","Thousand persons","140 percent or over","Females","Less than 18 years",185,
2006,"EL","Y_LT18","F","PC_GE140","THS_PER","MEAN","Mean income","Thousand persons","140 percent or over","Females","Less than 18 years",177,
2007,"EL","Y_LT18","F","PC_GE140","THS_PER","MEAN","Mean income","Thousand persons","140 percent or over","Females","Less than 18 years",174,
2008,"EL","Y_LT18","F","PC_GE140","THS_PER","MEAN","Mean income","Thousand persons","140 percent or over","Females","Less than 18 years",174,
2009,"EL","Y_LT18","F","PC_GE140","THS_PER","MEAN","Mean income","Thousand persons","140 percent or over","Females","Less than 18 years",144,
2010,"EL","Y_LT18","F","PC_GE140","THS_PER","MEAN","Mean income","Thousand persons","140 percent or over","Females","Less than 18 years",163,
2011,"EL","Y_LT18","F","PC_GE140","THS_PER","MEAN","Mean income","Thousand persons","140 percent or over","Females","Less than 18 years",170,
2012,"EL","Y_LT18","F","PC_GE140","THS_PER","MEAN","Mean income","Thousand persons","140 percent or over","Females","Less than 18 years",167,
2014,"EL","Y_LT18","F","PC_GE140","THS_PER","MEAN","Mean income","Thousand persons","140 percent or over","Females","Less than 18 years",175,
2015,"EL","Y_LT18","F","PC_GE140","THS_PER","MEAN","Mean income","Thousand persons","140 percent or over","Females","Less than 18 years",148,
2016,"EL","Y_LT18","F","PC_GE140","THS_PER","MEAN","Mean income","Thousand persons","140 percent or over","Females","Less than 18 years",165,
2017,"EL","Y_LT18","F","PC_GE140","THS_PER","MEAN","Mean income","Thousand persons","140 percent or over","Females","Less than 18 years",158,
2018,"EL","Y_LT18","F","PC_GE140","THS_PER","MEAN","Mean income","Thousand persons","140 percent or over","Females","Less than 18 years",135,
2019,"EL","Y_LT18","F","PC_GE140","THS_PER","MEAN","Mean income","Thousand persons","140 percent or over","Females","Less than 18 years",127,
2020,"EL","Y_LT18","F","PC_GE140","THS_PER","MEAN","Mean income","Thousand persons","140 percent or over","Females","Less than 18 years",134,
2021,"EL","Y_LT18","F","PC_GE140","THS_PER","MEAN","Mean income","Thousand persons","140 percent or over","Females","Less than 18 years",123,
2022,"EL","Y_LT18","F","PC_GE140","THS_PER","MEAN","Mean income","Thousand persons","140 percent or over","Females","Less than 18 years",122,
2023,"EL","Y_LT18","F","PC_GE140","THS_PER","MEAN","Mean income","Thousand persons","140 percent or over","Females","Less than 18 years",112,
2024,"EL","Y_LT18","F","PC_GE140","THS_PER","MEAN","Mean income","Thousand persons","140 percent or over","Females","Less than 18 years",86,
2025,"EL","Y_LT18","F","PC_GE140","THS_PER","MEAN","Mean income","Thousand persons","140 percent or over","Females","Less than 18 years",91,
2003,"EL","Y18-64","F","PC_GE140","THS_PER","MEAN","Mean income","Thousand persons","140 percent or over","Females","From 18 to 64 years",707,
2004,"EL","Y18-64","F","PC_GE140","THS_PER","MEAN","Mean income","Thousand persons","140 percent or over","Females","From 18 to 64 years",744,
2005,"EL","Y18-64","F","PC_GE140","THS_PER","MEAN","Mean income","Thousand persons","140 percent or over","Females","From 18 to 64 years",711,
2006,"EL","Y18-64","F","PC_GE140","THS_PER","MEAN","Mean income","Thousand persons","140 percent or over","Females","From 18 to 64 years",708,
2007,"EL","Y18-64","F","PC_GE140","THS_PER","MEAN","Mean income","Thousand persons","140 percent or over","Females","From 18 to 64 years",724,
2008,"EL","Y18-64","F","PC_GE140","THS_PER","MEAN","Mean income","Thousand persons","140 percent or over","Females","From 18 to 64 years",710,
2009,"EL","Y18-64","F","PC_GE140","THS_PER","MEAN","Mean income","Thousand persons","140 percent or over","Females","From 18 to 64 years",709,
2010,"EL","Y18-64","F","PC_GE140","THS_PER","MEAN","Mean income","Thousand persons","140 percent or over","Females","From 18 to 64 years",684,
2011,"EL","Y18-64","F","PC_GE140","THS_PER","MEAN","Mean income","Thousand persons","140 percent or over","Females","From 18 to 64 years",690,
2012,"EL","Y18-64","F","PC_GE140","THS_PER","MEAN","Mean income","Thousand persons","140 percent or over","Females","From 18 to 64 years",659,
2014,"EL","Y18-64","F","PC_GE140","THS_PER","MEAN","Mean income","Thousand persons","140 percent or over","Females","From 18 to 64 years",657,
2015,"EL","Y18-64","F","PC_GE140","THS_PER","MEAN","Mean income","Thousand persons","140 percent or over","Females","From 18 to 64 years",678,
2016,"EL","Y18-64","F","PC_GE140","THS_PER","MEAN","Mean income","Thousand persons","140 percent or over","Females","From 18 to 64 years",687,
2017,"EL","Y18-64","F","PC_GE140","THS_PER","MEAN","Mean income","Thousand persons","140 percent or over","Females","From 18 to 64 years",646,
2018,"EL","Y18-64","F","PC_GE140","THS_PER","MEAN","Mean income","Thousand persons","140 percent or over","Females","From 18 to 64 years",617,
2019,"EL","Y18-64","F","PC_GE140","THS_PER","MEAN","Mean income","Thousand persons","140 percent or over","Females","From 18 to 64 years",623,
2020,"EL","Y18-64","F","PC_GE140","THS_PER","MEAN","Mean income","Thousand persons","140 percent or over","Females","From 18 to 64 years",594,
2021,"EL","Y18-64","F","PC_GE140","THS_PER","MEAN","Mean income","Thousand persons","140 percent or over","Females","From 18 to 64 years",603,
2022,"EL","Y18-64","F","PC_GE140","THS_PER","MEAN","Mean income","Thousand persons","140 percent or over","Females","From 18 to 64 years",594,
2023,"EL","Y18-64","F","PC_GE140","THS_PER","MEAN","Mean income","Thousand persons","140 percent or over","Females","From 18 to 64 years",549,
2024,"EL","Y18-64","F","PC_GE140","THS_PER","MEAN","Mean income","Thousand persons","140 percent or over","Females","From 18 to 64 years",529,
2025,"EL","Y18-64","F","PC_GE140","THS_PER","MEAN","Mean income","Thousand persons","140 percent or over","Females","From 18 to 64 years",516,
2003,"EL","Y_GE65","F","PC_GE140","THS_PER","MEAN","Mean income","Thousand persons","140 percent or over","Females","65 years or over",106,
2004,"EL","Y_GE65","F","PC_GE140","THS_PER","MEAN","Mean income","Thousand persons","140 percent or over","Females","65 years or over",112,
2005,"EL","Y_GE65","F","PC_GE140","THS_PER","MEAN","Mean income","Thousand persons","140 percent or over","Females","65 years or over",117,
2006,"EL","Y_GE65","F","PC_GE140","THS_PER","MEAN","Mean income","Thousand persons","140 percent or over","Females","65 years or over",88,
2007,"EL","Y_GE65","F","PC_GE140","THS_PER","MEAN","Mean income","Thousand persons","140 percent or over","Females","65 years or over",109,
2008,"EL","Y_GE65","F","PC_GE140","THS_PER","MEAN","Mean income","Thousand persons","140 percent or over","Females","65 years or over",117,
2009,"EL","Y_GE65","F","PC_GE140","THS_PER","MEAN","Mean income","Thousand persons","140 percent or over","Females","65 years or over",110,
2010,"EL","Y_GE65","F","PC_GE140","THS_PER","MEAN","Mean income","Thousand persons","140 percent or over","Females","65 years or over",98,
2011,"EL","Y_GE65","F","PC_GE140","THS_PER","MEAN","Mean income","Thousand persons","140 percent or over","Females","65 years or over",118,
2012,"EL","Y_GE65","F","PC_GE140","THS_PER","MEAN","Mean income","Thousand persons","140 percent or over","Females","65 years or over",184,
2014,"EL","Y_GE65","F","PC_GE140","THS_PER","MEAN","Mean income","Thousand persons","140 percent or over","Females","65 years or over",171,
2015,"EL","Y_GE65","F","PC_GE140","THS_PER","MEAN","Mean income","Thousand persons","140 percent or over","Females","65 years or over",174,
2016,"EL","Y_GE65","F","PC_GE140","THS_PER","MEAN","Mean income","Thousand persons","140 percent or over","Females","65 years or over",178,
2017,"EL","Y_GE65","F","PC_GE140","THS_PER","MEAN","Mean income","Thousand persons","140 percent or over","Females","65 years or over",178,
2018,"EL","Y_GE65","F","PC_GE140","THS_PER","MEAN","Mean income","Thousand persons","140 percent or over","Females","65 years or over",172,
2019,"EL","Y_GE65","F","PC_GE140","THS_PER","MEAN","Mean income","Thousand persons","140 percent or over","Females","65 years or over",175,
2020,"EL","Y_GE65","F","PC_GE140","THS_PER","MEAN","Mean income","Thousand persons","140 percent or over","Females","65 years or over",192,
2021,"EL","Y_GE65","F","PC_GE140","THS_PER","MEAN","Mean income","Thousand persons","140 percent or over","Females","65 years or over",192,
2022,"EL","Y_GE65","F","PC_GE140","THS_PER","MEAN","Mean income","Thousand persons","140 percent or over","Females","65 years or over",194,
2023,"EL","Y_GE65","F","PC_GE140","THS_PER","MEAN","Mean income","Thousand persons","140 percent or over","Females","65 years or over",158,
2024,"EL","Y_GE65","F","PC_GE140","THS_PER","MEAN","Mean income","Thousand persons","140 percent or over","Females","65 years or over",143,
2025,"EL","Y_GE65","F","PC_GE140","THS_PER","MEAN","Mean income","Thousand persons","140 percent or over","Females","65 years or over",118,
2003,"EL","TOTAL","T","PC_GE150","THS_PER","MEAN","Mean income","Thousand persons","150 percent or over","Total","Total",1643,
2004,"EL","TOTAL","T","PC_GE150","THS_PER","MEAN","Mean income","Thousand persons","150 percent or over","Total","Total",1765,
2005,"EL","TOTAL","T","PC_GE150","THS_PER","MEAN","Mean income","Thousand persons","150 percent or over","Total","Total",1676,
2006,"EL","TOTAL","T","PC_GE150","THS_PER","MEAN","Mean income","Thousand persons","150 percent or over","Total","Total",1651,
2007,"EL","TOTAL","T","PC_GE150","THS_PER","MEAN","Mean income","Thousand persons","150 percent or over","Total","Total",1665,
2008,"EL","TOTAL","T","PC_GE150","THS_PER","MEAN","Mean income","Thousand persons","150 percent or over","Total","Total",1658,
2009,"EL","TOTAL","T","PC_GE150","THS_PER","MEAN","Mean income","Thousand persons","150 percent or over","Total","Total",1602,
2010,"EL","TOTAL","T","PC_GE150","THS_PER","MEAN","Mean income","Thousand persons","150 percent or over","Total","Total",1489,
2011,"EL","TOTAL","T","PC_GE150","THS_PER","MEAN","Mean income","Thousand persons","150 percent or over","Total","Total",1688,
2012,"EL","TOTAL","T","PC_GE150","THS_PER","MEAN","Mean income","Thousand persons","150 percent or over","Total","Total",1750,
2014,"EL","TOTAL","T","PC_GE150","THS_PER","MEAN","Mean income","Thousand persons","150 percent or over","Total","Total",1714,
2015,"EL","TOTAL","T","PC_GE150","THS_PER","MEAN","Mean income","Thousand persons","150 percent or over","Total","Total",1693,
2016,"EL","TOTAL","T","PC_GE150","THS_PER","MEAN","Mean income","Thousand persons","150 percent or over","Total","Total",1716,
2017,"EL","TOTAL","T","PC_GE150","THS_PER","MEAN","Mean income","Thousand persons","150 percent or over","Total","Total",1577,
2018,"EL","TOTAL","T","PC_GE150","THS_PER","MEAN","Mean income","Thousand persons","150 percent or over","Total","Total",1517,
2019,"EL","TOTAL","T","PC_GE150","THS_PER","MEAN","Mean income","Thousand persons","150 percent or over","Total","Total",1480,
2020,"EL","TOTAL","T","PC_GE150","THS_PER","MEAN","Mean income","Thousand persons","150 percent or over","Total","Total",1435,
2021,"EL","TOTAL","T","PC_GE150","THS_PER","MEAN","Mean income","Thousand persons","150 percent or over","Total","Total",1511,
2022,"EL","TOTAL","T","PC_GE150","THS_PER","MEAN","Mean income","Thousand persons","150 percent or over","Total","Total",1442,
2023,"EL","TOTAL","T","PC_GE150","THS_PER","MEAN","Mean income","Thousand persons","150 percent or over","Total","Total",1313,
2024,"EL","TOTAL","T","PC_GE150","THS_PER","MEAN","Mean income","Thousand persons","150 percent or over","Total","Total",1250,
2025,"EL","TOTAL","T","PC_GE150","THS_PER","MEAN","Mean income","Thousand persons","150 percent or over","Total","Total",1143,
2003,"EL","Y_LT18","T","PC_GE150","THS_PER","MEAN","Mean income","Thousand persons","150 percent or over","Total","Less than 18 years",299,
2004,"EL","Y_LT18","T","PC_GE150","THS_PER","MEAN","Mean income","Thousand persons","150 percent or over","Total","Less than 18 years",352,
2005,"EL","Y_LT18","T","PC_GE150","THS_PER","MEAN","Mean income","Thousand persons","150 percent or over","Total","Less than 18 years",331,
2006,"EL","Y_LT18","T","PC_GE150","THS_PER","MEAN","Mean income","Thousand persons","150 percent or over","Total","Less than 18 years",296,
2007,"EL","Y_LT18","T","PC_GE150","THS_PER","MEAN","Mean income","Thousand persons","150 percent or over","Total","Less than 18 years",282,
2008,"EL","Y_LT18","T","PC_GE150","THS_PER","MEAN","Mean income","Thousand persons","150 percent or over","Total","Less than 18 years",283,
2009,"EL","Y_LT18","T","PC_GE150","THS_PER","MEAN","Mean income","Thousand persons","150 percent or over","Total","Less than 18 years",254,
2010,"EL","Y_LT18","T","PC_GE150","THS_PER","MEAN","Mean income","Thousand persons","150 percent or over","Total","Less than 18 years",210,
2011,"EL","Y_LT18","T","PC_GE150","THS_PER","MEAN","Mean income","Thousand persons","150 percent or over","Total","Less than 18 years",274,
2012,"EL","Y_LT18","T","PC_GE150","THS_PER","MEAN","Mean income","Thousand persons","150 percent or over","Total","Less than 18 years",293,
2014,"EL","Y_LT18","T","PC_GE150","THS_PER","MEAN","Mean income","Thousand persons","150 percent or over","Total","Less than 18 years",278,
2015,"EL","Y_LT18","T","PC_GE150","THS_PER","MEAN","Mean income","Thousand persons","150 percent or over","Total","Less than 18 years",257,
2016,"EL","Y_LT18","T","PC_GE150","THS_PER","MEAN","Mean income","Thousand persons","150 percent or over","Total","Less than 18 years",266,
2017,"EL","Y_LT18","T","PC_GE150","THS_PER","MEAN","Mean income","Thousand persons","150 percent or over","Total","Less than 18 years",240,
2018,"EL","Y_LT18","T","PC_GE150","THS_PER","MEAN","Mean income","Thousand persons","150 percent or over","Total","Less than 18 years",212,
2019,"EL","Y_LT18","T","PC_GE150","THS_PER","MEAN","Mean income","Thousand persons","150 percent or over","Total","Less than 18 years",206,
2020,"EL","Y_LT18","T","PC_GE150","THS_PER","MEAN","Mean income","Thousand persons","150 percent or over","Total","Less than 18 years",193,
2021,"EL","Y_LT18","T","PC_GE150","THS_PER","MEAN","Mean income","Thousand persons","150 percent or over","Total","Less than 18 years",193,
2022,"EL","Y_LT18","T","PC_GE150","THS_PER","MEAN","Mean income","Thousand persons","150 percent or over","Total","Less than 18 years",189,
2023,"EL","Y_LT18","T","PC_GE150","THS_PER","MEAN","Mean income","Thousand persons","150 percent or over","Total","Less than 18 years",179,
2024,"EL","Y_LT18","T","PC_GE150","THS_PER","MEAN","Mean income","Thousand persons","150 percent or over","Total","Less than 18 years",167,
2025,"EL","Y_LT18","T","PC_GE150","THS_PER","MEAN","Mean income","Thousand persons","150 percent or over","Total","Less than 18 years",148,
2003,"EL","Y18-64","T","PC_GE150","THS_PER","MEAN","Mean income","Thousand persons","150 percent or over","Total","From 18 to 64 years",1186,
2004,"EL","Y18-64","T","PC_GE150","THS_PER","MEAN","Mean income","Thousand persons","150 percent or over","Total","From 18 to 64 years",1244,
2005,"EL","Y18-64","T","PC_GE150","THS_PER","MEAN","Mean income","Thousand persons","150 percent or over","Total","From 18 to 64 years",1167,
2006,"EL","Y18-64","T","PC_GE150","THS_PER","MEAN","Mean income","Thousand persons","150 percent or over","Total","From 18 to 64 years",1205,
2007,"EL","Y18-64","T","PC_GE150","THS_PER","MEAN","Mean income","Thousand persons","150 percent or over","Total","From 18 to 64 years",1212,
2008,"EL","Y18-64","T","PC_GE150","THS_PER","MEAN","Mean income","Thousand persons","150 percent or over","Total","From 18 to 64 years",1191,
2009,"EL","Y18-64","T","PC_GE150","THS_PER","MEAN","Mean income","Thousand persons","150 percent or over","Total","From 18 to 64 years",1185,
2010,"EL","Y18-64","T","PC_GE150","THS_PER","MEAN","Mean income","Thousand persons","150 percent or over","Total","From 18 to 64 years",1113,
2011,"EL","Y18-64","T","PC_GE150","THS_PER","MEAN","Mean income","Thousand persons","150 percent or over","Total","From 18 to 64 years",1202,
2012,"EL","Y18-64","T","PC_GE150","THS_PER","MEAN","Mean income","Thousand persons","150 percent or over","Total","From 18 to 64 years",1152,
2014,"EL","Y18-64","T","PC_GE150","THS_PER","MEAN","Mean income","Thousand persons","150 percent or over","Total","From 18 to 64 years",1157,
2015,"EL","Y18-64","T","PC_GE150","THS_PER","MEAN","Mean income","Thousand persons","150 percent or over","Total","From 18 to 64 years",1151,
2016,"EL","Y18-64","T","PC_GE150","THS_PER","MEAN","Mean income","Thousand persons","150 percent or over","Total","From 18 to 64 years",1154,
2017,"EL","Y18-64","T","PC_GE150","THS_PER","MEAN","Mean income","Thousand persons","150 percent or over","Total","From 18 to 64 years",1054,
2018,"EL","Y18-64","T","PC_GE150","THS_PER","MEAN","Mean income","Thousand persons","150 percent or over","Total","From 18 to 64 years",1027,
2019,"EL","Y18-64","T","PC_GE150","THS_PER","MEAN","Mean income","Thousand persons","150 percent or over","Total","From 18 to 64 years",1009,
2020,"EL","Y18-64","T","PC_GE150","THS_PER","MEAN","Mean income","Thousand persons","150 percent or over","Total","From 18 to 64 years",943,
2021,"EL","Y18-64","T","PC_GE150","THS_PER","MEAN","Mean income","Thousand persons","150 percent or over","Total","From 18 to 64 years",985,
2022,"EL","Y18-64","T","PC_GE150","THS_PER","MEAN","Mean income","Thousand persons","150 percent or over","Total","From 18 to 64 years",940,
2023,"EL","Y18-64","T","PC_GE150","THS_PER","MEAN","Mean income","Thousand persons","150 percent or over","Total","From 18 to 64 years",880,
2024,"EL","Y18-64","T","PC_GE150","THS_PER","MEAN","Mean income","Thousand persons","150 percent or over","Total","From 18 to 64 years",849,
2025,"EL","Y18-64","T","PC_GE150","THS_PER","MEAN","Mean income","Thousand persons","150 percent or over","Total","From 18 to 64 years",809,
2003,"EL","Y_GE65","T","PC_GE150","THS_PER","MEAN","Mean income","Thousand persons","150 percent or over","Total","65 years or over",169,
2004,"EL","Y_GE65","T","PC_GE150","THS_PER","MEAN","Mean income","Thousand persons","150 percent or over","Total","65 years or over",182,
2005,"EL","Y_GE65","T","PC_GE150","THS_PER","MEAN","Mean income","Thousand persons","150 percent or over","Total","65 years or over",190,
2006,"EL","Y_GE65","T","PC_GE150","THS_PER","MEAN","Mean income","Thousand persons","150 percent or over","Total","65 years or over",161,
2007,"EL","Y_GE65","T","PC_GE150","THS_PER","MEAN","Mean income","Thousand persons","150 percent or over","Total","65 years or over",182,
2008,"EL","Y_GE65","T","PC_GE150","THS_PER","MEAN","Mean income","Thousand persons","150 percent or over","Total","65 years or over",193,
2009,"EL","Y_GE65","T","PC_GE150","THS_PER","MEAN","Mean income","Thousand persons","150 percent or over","Total","65 years or over",173,
2010,"EL","Y_GE65","T","PC_GE150","THS_PER","MEAN","Mean income","Thousand persons","150 percent or over","Total","65 years or over",171,
2011,"EL","Y_GE65","T","PC_GE150","THS_PER","MEAN","Mean income","Thousand persons","150 percent or over","Total","65 years or over",221,
2012,"EL","Y_GE65","T","PC_GE150","THS_PER","MEAN","Mean income","Thousand persons","150 percent or over","Total","65 years or over",314,
2014,"EL","Y_GE65","T","PC_GE150","THS_PER","MEAN","Mean income","Thousand persons","150 percent or over","Total","65 years or over",290,
2015,"EL","Y_GE65","T","PC_GE150","THS_PER","MEAN","Mean income","Thousand persons","150 percent or over","Total","65 years or over",294,
2016,"EL","Y_GE65","T","PC_GE150","THS_PER","MEAN","Mean income","Thousand persons","150 percent or over","Total","65 years or over",303,
2017,"EL","Y_GE65","T","PC_GE150","THS_PER","MEAN","Mean income","Thousand persons","150 percent or over","Total","65 years or over",289,
2018,"EL","Y_GE65","T","PC_GE150","THS_PER","MEAN","Mean income","Thousand persons","150 percent or over","Total","65 years or over",287,
2019,"EL","Y_GE65","T","PC_GE150","THS_PER","MEAN","Mean income","Thousand persons","150 percent or over","Total","65 years or over",278,
2020,"EL","Y_GE65","T","PC_GE150","THS_PER","MEAN","Mean income","Thousand persons","150 percent or over","Total","65 years or over",304,
2021,"EL","Y_GE65","T","PC_GE150","THS_PER","MEAN","Mean income","Thousand persons","150 percent or over","Total","65 years or over",342,
2022,"EL","Y_GE65","T","PC_GE150","THS_PER","MEAN","Mean income","Thousand persons","150 percent or over","Total","65 years or over",317,
2023,"EL","Y_GE65","T","PC_GE150","THS_PER","MEAN","Mean income","Thousand persons","150 percent or over","Total","65 years or over",260,
2024,"EL","Y_GE65","T","PC_GE150","THS_PER","MEAN","Mean income","Thousand persons","150 percent or over","Total","65 years or over",239,
2025,"EL","Y_GE65","T","PC_GE150","THS_PER","MEAN","Mean income","Thousand persons","150 percent or over","Total","65 years or over",191,
2003,"EL","TOTAL","M","PC_GE150","THS_PER","MEAN","Mean income","Thousand persons","150 percent or over","Males","Total",831,
2004,"EL","TOTAL","M","PC_GE150","THS_PER","MEAN","Mean income","Thousand persons","150 percent or over","Males","Total",884,
2005,"EL","TOTAL","M","PC_GE150","THS_PER","MEAN","Mean income","Thousand persons","150 percent or over","Males","Total",850,
2006,"EL","TOTAL","M","PC_GE150","THS_PER","MEAN","Mean income","Thousand persons","150 percent or over","Males","Total",853,
2007,"EL","TOTAL","M","PC_GE150","THS_PER","MEAN","Mean income","Thousand persons","150 percent or over","Males","Total",852,
2008,"EL","TOTAL","M","PC_GE150","THS_PER","MEAN","Mean income","Thousand persons","150 percent or over","Males","Total",839,
2009,"EL","TOTAL","M","PC_GE150","THS_PER","MEAN","Mean income","Thousand persons","150 percent or over","Males","Total",820,
2010,"EL","TOTAL","M","PC_GE150","THS_PER","MEAN","Mean income","Thousand persons","150 percent or over","Males","Total",751,
2011,"EL","TOTAL","M","PC_GE150","THS_PER","MEAN","Mean income","Thousand persons","150 percent or over","Males","Total",875,
2012,"EL","TOTAL","M","PC_GE150","THS_PER","MEAN","Mean income","Thousand persons","150 percent or over","Males","Total",905,
2014,"EL","TOTAL","M","PC_GE150","THS_PER","MEAN","Mean income","Thousand persons","150 percent or over","Males","Total",862,
2015,"EL","TOTAL","M","PC_GE150","THS_PER","MEAN","Mean income","Thousand persons","150 percent or over","Males","Total",856,
2016,"EL","TOTAL","M","PC_GE150","THS_PER","MEAN","Mean income","Thousand persons","150 percent or over","Males","Total",866,
2017,"EL","TOTAL","M","PC_GE150","THS_PER","MEAN","Mean income","Thousand persons","150 percent or over","Males","Total",785,
2018,"EL","TOTAL","M","PC_GE150","THS_PER","MEAN","Mean income","Thousand persons","150 percent or over","Males","Total",763,
2019,"EL","TOTAL","M","PC_GE150","THS_PER","MEAN","Mean income","Thousand persons","150 percent or over","Males","Total",748,
2020,"EL","TOTAL","M","PC_GE150","THS_PER","MEAN","Mean income","Thousand persons","150 percent or over","Males","Total",724,
2021,"EL","TOTAL","M","PC_GE150","THS_PER","MEAN","Mean income","Thousand persons","150 percent or over","Males","Total",767,
2022,"EL","TOTAL","M","PC_GE150","THS_PER","MEAN","Mean income","Thousand persons","150 percent or over","Males","Total",719,
2023,"EL","TOTAL","M","PC_GE150","THS_PER","MEAN","Mean income","Thousand persons","150 percent or over","Males","Total",657,
2024,"EL","TOTAL","M","PC_GE150","THS_PER","MEAN","Mean income","Thousand persons","150 percent or over","Males","Total",636,
2025,"EL","TOTAL","M","PC_GE150","THS_PER","MEAN","Mean income","Thousand persons","150 percent or over","Males","Total",582,
2003,"EL","Y_LT18","M","PC_GE150","THS_PER","MEAN","Mean income","Thousand persons","150 percent or over","Males","Less than 18 years",156,
2004,"EL","Y_LT18","M","PC_GE150","THS_PER","MEAN","Mean income","Thousand persons","150 percent or over","Males","Less than 18 years",179,
2005,"EL","Y_LT18","M","PC_GE150","THS_PER","MEAN","Mean income","Thousand persons","150 percent or over","Males","Less than 18 years",181,
2006,"EL","Y_LT18","M","PC_GE150","THS_PER","MEAN","Mean income","Thousand persons","150 percent or over","Males","Less than 18 years",160,
2007,"EL","Y_LT18","M","PC_GE150","THS_PER","MEAN","Mean income","Thousand persons","150 percent or over","Males","Less than 18 years",146,
2008,"EL","Y_LT18","M","PC_GE150","THS_PER","MEAN","Mean income","Thousand persons","150 percent or over","Males","Less than 18 years",135,
2009,"EL","Y_LT18","M","PC_GE150","THS_PER","MEAN","Mean income","Thousand persons","150 percent or over","Males","Less than 18 years",134,
2010,"EL","Y_LT18","M","PC_GE150","THS_PER","MEAN","Mean income","Thousand persons","150 percent or over","Males","Less than 18 years",105,
2011,"EL","Y_LT18","M","PC_GE150","THS_PER","MEAN","Mean income","Thousand persons","150 percent or over","Males","Less than 18 years",137,
2012,"EL","Y_LT18","M","PC_GE150","THS_PER","MEAN","Mean income","Thousand persons","150 percent or over","Males","Less than 18 years",158,
2014,"EL","Y_LT18","M","PC_GE150","THS_PER","MEAN","Mean income","Thousand persons","150 percent or over","Males","Less than 18 years",134,
2015,"EL","Y_LT18","M","PC_GE150","THS_PER","MEAN","Mean income","Thousand persons","150 percent or over","Males","Less than 18 years",130,
2016,"EL","Y_LT18","M","PC_GE150","THS_PER","MEAN","Mean income","Thousand persons","150 percent or over","Males","Less than 18 years",129,
2017,"EL","Y_LT18","M","PC_GE150","THS_PER","MEAN","Mean income","Thousand persons","150 percent or over","Males","Less than 18 years",113,
2018,"EL","Y_LT18","M","PC_GE150","THS_PER","MEAN","Mean income","Thousand persons","150 percent or over","Males","Less than 18 years",104,
2019,"EL","Y_LT18","M","PC_GE150","THS_PER","MEAN","Mean income","Thousand persons","150 percent or over","Males","Less than 18 years",105,
2020,"EL","Y_LT18","M","PC_GE150","THS_PER","MEAN","Mean income","Thousand persons","150 percent or over","Males","Less than 18 years",94,
2021,"EL","Y_LT18","M","PC_GE150","THS_PER","MEAN","Mean income","Thousand persons","150 percent or over","Males","Less than 18 years",94,
2022,"EL","Y_LT18","M","PC_GE150","THS_PER","MEAN","Mean income","Thousand persons","150 percent or over","Males","Less than 18 years",87,
2023,"EL","Y_LT18","M","PC_GE150","THS_PER","MEAN","Mean income","Thousand persons","150 percent or over","Males","Less than 18 years",88,
2024,"EL","Y_LT18","M","PC_GE150","THS_PER","MEAN","Mean income","Thousand persons","150 percent or over","Males","Less than 18 years",92,
2025,"EL","Y_LT18","M","PC_GE150","THS_PER","MEAN","Mean income","Thousand persons","150 percent or over","Males","Less than 18 years",71,
2003,"EL","Y18-64","M","PC_GE150","THS_PER","MEAN","Mean income","Thousand persons","150 percent or over","Males","From 18 to 64 years",594,
2004,"EL","Y18-64","M","PC_GE150","THS_PER","MEAN","Mean income","Thousand persons","150 percent or over","Males","From 18 to 64 years",617,
2005,"EL","Y18-64","M","PC_GE150","THS_PER","MEAN","Mean income","Thousand persons","150 percent or over","Males","From 18 to 64 years",584,
2006,"EL","Y18-64","M","PC_GE150","THS_PER","MEAN","Mean income","Thousand persons","150 percent or over","Males","From 18 to 64 years",617,
2007,"EL","Y18-64","M","PC_GE150","THS_PER","MEAN","Mean income","Thousand persons","150 percent or over","Males","From 18 to 64 years",619,
2008,"EL","Y18-64","M","PC_GE150","THS_PER","MEAN","Mean income","Thousand persons","150 percent or over","Males","From 18 to 64 years",602,
2009,"EL","Y18-64","M","PC_GE150","THS_PER","MEAN","Mean income","Thousand persons","150 percent or over","Males","From 18 to 64 years",601,
2010,"EL","Y18-64","M","PC_GE150","THS_PER","MEAN","Mean income","Thousand persons","150 percent or over","Males","From 18 to 64 years",555,
2011,"EL","Y18-64","M","PC_GE150","THS_PER","MEAN","Mean income","Thousand persons","150 percent or over","Males","From 18 to 64 years",621,
2012,"EL","Y18-64","M","PC_GE150","THS_PER","MEAN","Mean income","Thousand persons","150 percent or over","Males","From 18 to 64 years",595,
2014,"EL","Y18-64","M","PC_GE150","THS_PER","MEAN","Mean income","Thousand persons","150 percent or over","Males","From 18 to 64 years",590,
2015,"EL","Y18-64","M","PC_GE150","THS_PER","MEAN","Mean income","Thousand persons","150 percent or over","Males","From 18 to 64 years",582,
2016,"EL","Y18-64","M","PC_GE150","THS_PER","MEAN","Mean income","Thousand persons","150 percent or over","Males","From 18 to 64 years",578,
2017,"EL","Y18-64","M","PC_GE150","THS_PER","MEAN","Mean income","Thousand persons","150 percent or over","Males","From 18 to 64 years",529,
2018,"EL","Y18-64","M","PC_GE150","THS_PER","MEAN","Mean income","Thousand persons","150 percent or over","Males","From 18 to 64 years",519,
2019,"EL","Y18-64","M","PC_GE150","THS_PER","MEAN","Mean income","Thousand persons","150 percent or over","Males","From 18 to 64 years",507,
2020,"EL","Y18-64","M","PC_GE150","THS_PER","MEAN","Mean income","Thousand persons","150 percent or over","Males","From 18 to 64 years",475,
2021,"EL","Y18-64","M","PC_GE150","THS_PER","MEAN","Mean income","Thousand persons","150 percent or over","Males","From 18 to 64 years",493,
2022,"EL","Y18-64","M","PC_GE150","THS_PER","MEAN","Mean income","Thousand persons","150 percent or over","Males","From 18 to 64 years",463,
2023,"EL","Y18-64","M","PC_GE150","THS_PER","MEAN","Mean income","Thousand persons","150 percent or over","Males","From 18 to 64 years",437,
2024,"EL","Y18-64","M","PC_GE150","THS_PER","MEAN","Mean income","Thousand persons","150 percent or over","Males","From 18 to 64 years",416,
2025,"EL","Y18-64","M","PC_GE150","THS_PER","MEAN","Mean income","Thousand persons","150 percent or over","Males","From 18 to 64 years",409,
2003,"EL","Y_GE65","M","PC_GE150","THS_PER","MEAN","Mean income","Thousand persons","150 percent or over","Males","65 years or over",86,
2004,"EL","Y_GE65","M","PC_GE150","THS_PER","MEAN","Mean income","Thousand persons","150 percent or over","Males","65 years or over",94,
2005,"EL","Y_GE65","M","PC_GE150","THS_PER","MEAN","Mean income","Thousand persons","150 percent or over","Males","65 years or over",91,
2006,"EL","Y_GE65","M","PC_GE150","THS_PER","MEAN","Mean income","Thousand persons","150 percent or over","Males","65 years or over",84,
2007,"EL","Y_GE65","M","PC_GE150","THS_PER","MEAN","Mean income","Thousand persons","150 percent or over","Males","65 years or over",95,
2008,"EL","Y_GE65","M","PC_GE150","THS_PER","MEAN","Mean income","Thousand persons","150 percent or over","Males","65 years or over",105,
2009,"EL","Y_GE65","M","PC_GE150","THS_PER","MEAN","Mean income","Thousand persons","150 percent or over","Males","65 years or over",89,
2010,"EL","Y_GE65","M","PC_GE150","THS_PER","MEAN","Mean income","Thousand persons","150 percent or over","Males","65 years or over",94,
2011,"EL","Y_GE65","M","PC_GE150","THS_PER","MEAN","Mean income","Thousand persons","150 percent or over","Males","65 years or over",124,
2012,"EL","Y_GE65","M","PC_GE150","THS_PER","MEAN","Mean income","Thousand persons","150 percent or over","Males","65 years or over",159,
2014,"EL","Y_GE65","M","PC_GE150","THS_PER","MEAN","Mean income","Thousand persons","150 percent or over","Males","65 years or over",145,
2015,"EL","Y_GE65","M","PC_GE150","THS_PER","MEAN","Mean income","Thousand persons","150 percent or over","Males","65 years or over",150,
2016,"EL","Y_GE65","M","PC_GE150","THS_PER","MEAN","Mean income","Thousand persons","150 percent or over","Males","65 years or over",162,
2017,"EL","Y_GE65","M","PC_GE150","THS_PER","MEAN","Mean income","Thousand persons","150 percent or over","Males","65 years or over",146,
2018,"EL","Y_GE65","M","PC_GE150","THS_PER","MEAN","Mean income","Thousand persons","150 percent or over","Males","65 years or over",145,
2019,"EL","Y_GE65","M","PC_GE150","THS_PER","MEAN","Mean income","Thousand persons","150 percent or over","Males","65 years or over",144,
2020,"EL","Y_GE65","M","PC_GE150","THS_PER","MEAN","Mean income","Thousand persons","150 percent or over","Males","65 years or over",158,
2021,"EL","Y_GE65","M","PC_GE150","THS_PER","MEAN","Mean income","Thousand persons","150 percent or over","Males","65 years or over",185,
2022,"EL","Y_GE65","M","PC_GE150","THS_PER","MEAN","Mean income","Thousand persons","150 percent or over","Males","65 years or over",170,
2023,"EL","Y_GE65","M","PC_GE150","THS_PER","MEAN","Mean income","Thousand persons","150 percent or over","Males","65 years or over",137,
2024,"EL","Y_GE65","M","PC_GE150","THS_PER","MEAN","Mean income","Thousand persons","150 percent or over","Males","65 years or over",129,
2025,"EL","Y_GE65","M","PC_GE150","THS_PER","MEAN","Mean income","Thousand persons","150 percent or over","Males","65 years or over",105,
2003,"EL","TOTAL","F","PC_GE150","THS_PER","MEAN","Mean income","Thousand persons","150 percent or over","Females","Total",811,
2004,"EL","TOTAL","F","PC_GE150","THS_PER","MEAN","Mean income","Thousand persons","150 percent or over","Females","Total",881,
2005,"EL","TOTAL","F","PC_GE150","THS_PER","MEAN","Mean income","Thousand persons","150 percent or over","Females","Total",827,
2006,"EL","TOTAL","F","PC_GE150","THS_PER","MEAN","Mean income","Thousand persons","150 percent or over","Females","Total",798,
2007,"EL","TOTAL","F","PC_GE150","THS_PER","MEAN","Mean income","Thousand persons","150 percent or over","Females","Total",813,
2008,"EL","TOTAL","F","PC_GE150","THS_PER","MEAN","Mean income","Thousand persons","150 percent or over","Females","Total",818,
2009,"EL","TOTAL","F","PC_GE150","THS_PER","MEAN","Mean income","Thousand persons","150 percent or over","Females","Total",782,
2010,"EL","TOTAL","F","PC_GE150","THS_PER","MEAN","Mean income","Thousand persons","150 percent or over","Females","Total",738,
2011,"EL","TOTAL","F","PC_GE150","THS_PER","MEAN","Mean income","Thousand persons","150 percent or over","Females","Total",812,
2012,"EL","TOTAL","F","PC_GE150","THS_PER","MEAN","Mean income","Thousand persons","150 percent or over","Females","Total",844,
2014,"EL","TOTAL","F","PC_GE150","THS_PER","MEAN","Mean income","Thousand persons","150 percent or over","Females","Total",852,
2015,"EL","TOTAL","F","PC_GE150","THS_PER","MEAN","Mean income","Thousand persons","150 percent or over","Females","Total",837,
2016,"EL","TOTAL","F","PC_GE150","THS_PER","MEAN","Mean income","Thousand persons","150 percent or over","Females","Total",850,
2017,"EL","TOTAL","F","PC_GE150","THS_PER","MEAN","Mean income","Thousand persons","150 percent or over","Females","Total",792,
2018,"EL","TOTAL","F","PC_GE150","THS_PER","MEAN","Mean income","Thousand persons","150 percent or over","Females","Total",755,
2019,"EL","TOTAL","F","PC_GE150","THS_PER","MEAN","Mean income","Thousand persons","150 percent or over","Females","Total",732,
2020,"EL","TOTAL","F","PC_GE150","THS_PER","MEAN","Mean income","Thousand persons","150 percent or over","Females","Total",711,
2021,"EL","TOTAL","F","PC_GE150","THS_PER","MEAN","Mean income","Thousand persons","150 percent or over","Females","Total",744,
2022,"EL","TOTAL","F","PC_GE150","THS_PER","MEAN","Mean income","Thousand persons","150 percent or over","Females","Total",723,
2023,"EL","TOTAL","F","PC_GE150","THS_PER","MEAN","Mean income","Thousand persons","150 percent or over","Females","Total",656,
2024,"EL","TOTAL","F","PC_GE150","THS_PER","MEAN","Mean income","Thousand persons","150 percent or over","Females","Total",615,
2025,"EL","TOTAL","F","PC_GE150","THS_PER","MEAN","Mean income","Thousand persons","150 percent or over","Females","Total",561,
2003,"EL","Y_LT18","F","PC_GE150","THS_PER","MEAN","Mean income","Thousand persons","150 percent or over","Females","Less than 18 years",143,
2004,"EL","Y_LT18","F","PC_GE150","THS_PER","MEAN","Mean income","Thousand persons","150 percent or over","Females","Less than 18 years",172,
2005,"EL","Y_LT18","F","PC_GE150","THS_PER","MEAN","Mean income","Thousand persons","150 percent or over","Females","Less than 18 years",150,
2006,"EL","Y_LT18","F","PC_GE150","THS_PER","MEAN","Mean income","Thousand persons","150 percent or over","Females","Less than 18 years",137,
2007,"EL","Y_LT18","F","PC_GE150","THS_PER","MEAN","Mean income","Thousand persons","150 percent or over","Females","Less than 18 years",136,
2008,"EL","Y_LT18","F","PC_GE150","THS_PER","MEAN","Mean income","Thousand persons","150 percent or over","Females","Less than 18 years",149,
2009,"EL","Y_LT18","F","PC_GE150","THS_PER","MEAN","Mean income","Thousand persons","150 percent or over","Females","Less than 18 years",119,
2010,"EL","Y_LT18","F","PC_GE150","THS_PER","MEAN","Mean income","Thousand persons","150 percent or over","Females","Less than 18 years",105,
2011,"EL","Y_LT18","F","PC_GE150","THS_PER","MEAN","Mean income","Thousand persons","150 percent or over","Females","Less than 18 years",137,
2012,"EL","Y_LT18","F","PC_GE150","THS_PER","MEAN","Mean income","Thousand persons","150 percent or over","Females","Less than 18 years",135,
2014,"EL","Y_LT18","F","PC_GE150","THS_PER","MEAN","Mean income","Thousand persons","150 percent or over","Females","Less than 18 years",144,
2015,"EL","Y_LT18","F","PC_GE150","THS_PER","MEAN","Mean income","Thousand persons","150 percent or over","Females","Less than 18 years",127,
2016,"EL","Y_LT18","F","PC_GE150","THS_PER","MEAN","Mean income","Thousand persons","150 percent or over","Females","Less than 18 years",137,
2017,"EL","Y_LT18","F","PC_GE150","THS_PER","MEAN","Mean income","Thousand persons","150 percent or over","Females","Less than 18 years",127,
2018,"EL","Y_LT18","F","PC_GE150","THS_PER","MEAN","Mean income","Thousand persons","150 percent or over","Females","Less than 18 years",109,
2019,"EL","Y_LT18","F","PC_GE150","THS_PER","MEAN","Mean income","Thousand persons","150 percent or over","Females","Less than 18 years",101,
2020,"EL","Y_LT18","F","PC_GE150","THS_PER","MEAN","Mean income","Thousand persons","150 percent or over","Females","Less than 18 years",99,
2021,"EL","Y_LT18","F","PC_GE150","THS_PER","MEAN","Mean income","Thousand persons","150 percent or over","Females","Less than 18 years",99,
2022,"EL","Y_LT18","F","PC_GE150","THS_PER","MEAN","Mean income","Thousand persons","150 percent or over","Females","Less than 18 years",102,
2023,"EL","Y_LT18","F","PC_GE150","THS_PER","MEAN","Mean income","Thousand persons","150 percent or over","Females","Less than 18 years",92,
2024,"EL","Y_LT18","F","PC_GE150","THS_PER","MEAN","Mean income","Thousand persons","150 percent or over","Females","Less than 18 years",75,
2025,"EL","Y_LT18","F","PC_GE150","THS_PER","MEAN","Mean income","Thousand persons","150 percent or over","Females","Less than 18 years",77,
2003,"EL","Y18-64","F","PC_GE150","THS_PER","MEAN","Mean income","Thousand persons","150 percent or over","Females","From 18 to 64 years",592,
2004,"EL","Y18-64","F","PC_GE150","THS_PER","MEAN","Mean income","Thousand persons","150 percent or over","Females","From 18 to 64 years",626,
2005,"EL","Y18-64","F","PC_GE150","THS_PER","MEAN","Mean income","Thousand persons","150 percent or over","Females","From 18 to 64 years",584,
2006,"EL","Y18-64","F","PC_GE150","THS_PER","MEAN","Mean income","Thousand persons","150 percent or over","Females","From 18 to 64 years",589,
2007,"EL","Y18-64","F","PC_GE150","THS_PER","MEAN","Mean income","Thousand persons","150 percent or over","Females","From 18 to 64 years",593,
2008,"EL","Y18-64","F","PC_GE150","THS_PER","MEAN","Mean income","Thousand persons","150 percent or over","Females","From 18 to 64 years",589,
2009,"EL","Y18-64","F","PC_GE150","THS_PER","MEAN","Mean income","Thousand persons","150 percent or over","Females","From 18 to 64 years",585,
2010,"EL","Y18-64","F","PC_GE150","THS_PER","MEAN","Mean income","Thousand persons","150 percent or over","Females","From 18 to 64 years",558,
2011,"EL","Y18-64","F","PC_GE150","THS_PER","MEAN","Mean income","Thousand persons","150 percent or over","Females","From 18 to 64 years",581,
2012,"EL","Y18-64","F","PC_GE150","THS_PER","MEAN","Mean income","Thousand persons","150 percent or over","Females","From 18 to 64 years",558,
2014,"EL","Y18-64","F","PC_GE150","THS_PER","MEAN","Mean income","Thousand persons","150 percent or over","Females","From 18 to 64 years",568,
2015,"EL","Y18-64","F","PC_GE150","THS_PER","MEAN","Mean income","Thousand persons","150 percent or over","Females","From 18 to 64 years",569,
2016,"EL","Y18-64","F","PC_GE150","THS_PER","MEAN","Mean income","Thousand persons","150 percent or over","Females","From 18 to 64 years",575,
2017,"EL","Y18-64","F","PC_GE150","THS_PER","MEAN","Mean income","Thousand persons","150 percent or over","Females","From 18 to 64 years",526,
2018,"EL","Y18-64","F","PC_GE150","THS_PER","MEAN","Mean income","Thousand persons","150 percent or over","Females","From 18 to 64 years",508,
2019,"EL","Y18-64","F","PC_GE150","THS_PER","MEAN","Mean income","Thousand persons","150 percent or over","Females","From 18 to 64 years",502,
2020,"EL","Y18-64","F","PC_GE150","THS_PER","MEAN","Mean income","Thousand persons","150 percent or over","Females","From 18 to 64 years",468,
2021,"EL","Y18-64","F","PC_GE150","THS_PER","MEAN","Mean income","Thousand persons","150 percent or over","Females","From 18 to 64 years",492,
2022,"EL","Y18-64","F","PC_GE150","THS_PER","MEAN","Mean income","Thousand persons","150 percent or over","Females","From 18 to 64 years",477,
2023,"EL","Y18-64","F","PC_GE150","THS_PER","MEAN","Mean income","Thousand persons","150 percent or over","Females","From 18 to 64 years",443,
2024,"EL","Y18-64","F","PC_GE150","THS_PER","MEAN","Mean income","Thousand persons","150 percent or over","Females","From 18 to 64 years",432,
2025,"EL","Y18-64","F","PC_GE150","THS_PER","MEAN","Mean income","Thousand persons","150 percent or over","Females","From 18 to 64 years",400,
2003,"EL","Y_GE65","F","PC_GE150","THS_PER","MEAN","Mean income","Thousand persons","150 percent or over","Females","65 years or over",83,
2004,"EL","Y_GE65","F","PC_GE150","THS_PER","MEAN","Mean income","Thousand persons","150 percent or over","Females","65 years or over",88,
2005,"EL","Y_GE65","F","PC_GE150","THS_PER","MEAN","Mean income","Thousand persons","150 percent or over","Females","65 years or over",99,
2006,"EL","Y_GE65","F","PC_GE150","THS_PER","MEAN","Mean income","Thousand persons","150 percent or over","Females","65 years or over",76,
2007,"EL","Y_GE65","F","PC_GE150","THS_PER","MEAN","Mean income","Thousand persons","150 percent or over","Females","65 years or over",87,
2008,"EL","Y_GE65","F","PC_GE150","THS_PER","MEAN","Mean income","Thousand persons","150 percent or over","Females","65 years or over",88,
2009,"EL","Y_GE65","F","PC_GE150","THS_PER","MEAN","Mean income","Thousand persons","150 percent or over","Females","65 years or over",84,
2010,"EL","Y_GE65","F","PC_GE150","THS_PER","MEAN","Mean income","Thousand persons","150 percent or over","Females","65 years or over",77,
2011,"EL","Y_GE65","F","PC_GE150","THS_PER","MEAN","Mean income","Thousand persons","150 percent or over","Females","65 years or over",97,
2012,"EL","Y_GE65","F","PC_GE150","THS_PER","MEAN","Mean income","Thousand persons","150 percent or over","Females","65 years or over",155,
2014,"EL","Y_GE65","F","PC_GE150","THS_PER","MEAN","Mean income","Thousand persons","150 percent or over","Females","65 years or over",145,
2015,"EL","Y_GE65","F","PC_GE150","THS_PER","MEAN","Mean income","Thousand persons","150 percent or over","Females","65 years or over",144,
2016,"EL","Y_GE65","F","PC_GE150","THS_PER","MEAN","Mean income","Thousand persons","150 percent or over","Females","65 years or over",141,
2017,"EL","Y_GE65","F","PC_GE150","THS_PER","MEAN","Mean income","Thousand persons","150 percent or over","Females","65 years or over",143,
2018,"EL","Y_GE65","F","PC_GE150","THS_PER","MEAN","Mean income","Thousand persons","150 percent or over","Females","65 years or over",142,
2019,"EL","Y_GE65","F","PC_GE150","THS_PER","MEAN","Mean income","Thousand persons","150 percent or over","Females","65 years or over",134,
2020,"EL","Y_GE65","F","PC_GE150","THS_PER","MEAN","Mean income","Thousand persons","150 percent or over","Females","65 years or over",146,
2021,"EL","Y_GE65","F","PC_GE150","THS_PER","MEAN","Mean income","Thousand persons","150 percent or over","Females","65 years or over",157,
2022,"EL","Y_GE65","F","PC_GE150","THS_PER","MEAN","Mean income","Thousand persons","150 percent or over","Females","65 years or over",148,
2023,"EL","Y_GE65","F","PC_GE150","THS_PER","MEAN","Mean income","Thousand persons","150 percent or over","Females","65 years or over",123,
2024,"EL","Y_GE65","F","PC_GE150","THS_PER","MEAN","Mean income","Thousand persons","150 percent or over","Females","65 years or over",110,
2025,"EL","Y_GE65","F","PC_GE150","THS_PER","MEAN","Mean income","Thousand persons","150 percent or over","Females","65 years or over",86,
2003,"EL","TOTAL","T","PC_GE130","PC","MEAN","Mean income","Percentage","130 percent or over","Total","Total",22.5,
2004,"EL","TOTAL","T","PC_GE130","PC","MEAN","Mean income","Percentage","130 percent or over","Total","Total",24.3,
2005,"EL","TOTAL","T","PC_GE130","PC","MEAN","Mean income","Percentage","130 percent or over","Total","Total",23.1,
2006,"EL","TOTAL","T","PC_GE130","PC","MEAN","Mean income","Percentage","130 percent or over","Total","Total",22.1,
2007,"EL","TOTAL","T","PC_GE130","PC","MEAN","Mean income","Percentage","130 percent or over","Total","Total",22.5,
2008,"EL","TOTAL","T","PC_GE130","PC","MEAN","Mean income","Percentage","130 percent or over","Total","Total",22.1,
2009,"EL","TOTAL","T","PC_GE130","PC","MEAN","Mean income","Percentage","130 percent or over","Total","Total",22,
2010,"EL","TOTAL","T","PC_GE130","PC","MEAN","Mean income","Percentage","130 percent or over","Total","Total",21.7,
2011,"EL","TOTAL","T","PC_GE130","PC","MEAN","Mean income","Percentage","130 percent or over","Total","Total",22.5,
2012,"EL","TOTAL","T","PC_GE130","PC","MEAN","Mean income","Percentage","130 percent or over","Total","Total",23.1,
2014,"EL","TOTAL","T","PC_GE130","PC","MEAN","Mean income","Percentage","130 percent or over","Total","Total",22.5,
2015,"EL","TOTAL","T","PC_GE130","PC","MEAN","Mean income","Percentage","130 percent or over","Total","Total",22.8,
2016,"EL","TOTAL","T","PC_GE130","PC","MEAN","Mean income","Percentage","130 percent or over","Total","Total",23.6,
2017,"EL","TOTAL","T","PC_GE130","PC","MEAN","Mean income","Percentage","130 percent or over","Total","Total",22.5,
2018,"EL","TOTAL","T","PC_GE130","PC","MEAN","Mean income","Percentage","130 percent or over","Total","Total",21.8,
2019,"EL","TOTAL","T","PC_GE130","PC","MEAN","Mean income","Percentage","130 percent or over","Total","Total",22,
2020,"EL","TOTAL","T","PC_GE130","PC","MEAN","Mean income","Percentage","130 percent or over","Total","Total",21.9,
2021,"EL","TOTAL","T","PC_GE130","PC","MEAN","Mean income","Percentage","130 percent or over","Total","Total",22.4,
2022,"EL","TOTAL","T","PC_GE130","PC","MEAN","Mean income","Percentage","130 percent or over","Total","Total",21.6,
2023,"EL","TOTAL","T","PC_GE130","PC","MEAN","Mean income","Percentage","130 percent or over","Total","Total",19.8,
2024,"EL","TOTAL","T","PC_GE130","PC","MEAN","Mean income","Percentage","130 percent or over","Total","Total",19.5,
2025,"EL","TOTAL","T","PC_GE130","PC","MEAN","Mean income","Percentage","130 percent or over","Total","Total",18.4,
2003,"EL","Y_LT18","T","PC_GE130","PC","MEAN","Mean income","Percentage","130 percent or over","Total","Less than 18 years",21.1,
2004,"EL","Y_LT18","T","PC_GE130","PC","MEAN","Mean income","Percentage","130 percent or over","Total","Less than 18 years",24.9,
2005,"EL","Y_LT18","T","PC_GE130","PC","MEAN","Mean income","Percentage","130 percent or over","Total","Less than 18 years",23.2,
2006,"EL","Y_LT18","T","PC_GE130","PC","MEAN","Mean income","Percentage","130 percent or over","Total","Less than 18 years",22.6,
2007,"EL","Y_LT18","T","PC_GE130","PC","MEAN","Mean income","Percentage","130 percent or over","Total","Less than 18 years",21,
2008,"EL","Y_LT18","T","PC_GE130","PC","MEAN","Mean income","Percentage","130 percent or over","Total","Less than 18 years",19.7,
2009,"EL","Y_LT18","T","PC_GE130","PC","MEAN","Mean income","Percentage","130 percent or over","Total","Less than 18 years",19.5,
2010,"EL","Y_LT18","T","PC_GE130","PC","MEAN","Mean income","Percentage","130 percent or over","Total","Less than 18 years",19.7,
2011,"EL","Y_LT18","T","PC_GE130","PC","MEAN","Mean income","Percentage","130 percent or over","Total","Less than 18 years",20.2,
2012,"EL","Y_LT18","T","PC_GE130","PC","MEAN","Mean income","Percentage","130 percent or over","Total","Less than 18 years",21,
2014,"EL","Y_LT18","T","PC_GE130","PC","MEAN","Mean income","Percentage","130 percent or over","Total","Less than 18 years",20.8,
2015,"EL","Y_LT18","T","PC_GE130","PC","MEAN","Mean income","Percentage","130 percent or over","Total","Less than 18 years",19.1,
2016,"EL","Y_LT18","T","PC_GE130","PC","MEAN","Mean income","Percentage","130 percent or over","Total","Less than 18 years",20.4,
2017,"EL","Y_LT18","T","PC_GE130","PC","MEAN","Mean income","Percentage","130 percent or over","Total","Less than 18 years",19.1,
2018,"EL","Y_LT18","T","PC_GE130","PC","MEAN","Mean income","Percentage","130 percent or over","Total","Less than 18 years",17.4,
2019,"EL","Y_LT18","T","PC_GE130","PC","MEAN","Mean income","Percentage","130 percent or over","Total","Less than 18 years",17.1,
2020,"EL","Y_LT18","T","PC_GE130","PC","MEAN","Mean income","Percentage","130 percent or over","Total","Less than 18 years",17.1,
2021,"EL","Y_LT18","T","PC_GE130","PC","MEAN","Mean income","Percentage","130 percent or over","Total","Less than 18 years",17.1,
2022,"EL","Y_LT18","T","PC_GE130","PC","MEAN","Mean income","Percentage","130 percent or over","Total","Less than 18 years",16.8,
2023,"EL","Y_LT18","T","PC_GE130","PC","MEAN","Mean income","Percentage","130 percent or over","Total","Less than 18 years",14.5,
2024,"EL","Y_LT18","T","PC_GE130","PC","MEAN","Mean income","Percentage","130 percent or over","Total","Less than 18 years",13.8,
2025,"EL","Y_LT18","T","PC_GE130","PC","MEAN","Mean income","Percentage","130 percent or over","Total","Less than 18 years",12.9,
2003,"EL","Y18-64","T","PC_GE130","PC","MEAN","Mean income","Percentage","130 percent or over","Total","From 18 to 64 years",25,
2004,"EL","Y18-64","T","PC_GE130","PC","MEAN","Mean income","Percentage","130 percent or over","Total","From 18 to 64 years",26.8,
2005,"EL","Y18-64","T","PC_GE130","PC","MEAN","Mean income","Percentage","130 percent or over","Total","From 18 to 64 years",25.3,
2006,"EL","Y18-64","T","PC_GE130","PC","MEAN","Mean income","Percentage","130 percent or over","Total","From 18 to 64 years",24.8,
2007,"EL","Y18-64","T","PC_GE130","PC","MEAN","Mean income","Percentage","130 percent or over","Total","From 18 to 64 years",25.2,
2008,"EL","Y18-64","T","PC_GE130","PC","MEAN","Mean income","Percentage","130 percent or over","Total","From 18 to 64 years",24.7,
2009,"EL","Y18-64","T","PC_GE130","PC","MEAN","Mean income","Percentage","130 percent or over","Total","From 18 to 64 years",24.7,
2010,"EL","Y18-64","T","PC_GE130","PC","MEAN","Mean income","Percentage","130 percent or over","Total","From 18 to 64 years",24.9,
2011,"EL","Y18-64","T","PC_GE130","PC","MEAN","Mean income","Percentage","130 percent or over","Total","From 18 to 64 years",25.2,
2012,"EL","Y18-64","T","PC_GE130","PC","MEAN","Mean income","Percentage","130 percent or over","Total","From 18 to 64 years",24.2,
2014,"EL","Y18-64","T","PC_GE130","PC","MEAN","Mean income","Percentage","130 percent or over","Total","From 18 to 64 years",24.3,
2015,"EL","Y18-64","T","PC_GE130","PC","MEAN","Mean income","Percentage","130 percent or over","Total","From 18 to 64 years",24.8,
2016,"EL","Y18-64","T","PC_GE130","PC","MEAN","Mean income","Percentage","130 percent or over","Total","From 18 to 64 years",25.5,
2017,"EL","Y18-64","T","PC_GE130","PC","MEAN","Mean income","Percentage","130 percent or over","Total","From 18 to 64 years",24.2,
2018,"EL","Y18-64","T","PC_GE130","PC","MEAN","Mean income","Percentage","130 percent or over","Total","From 18 to 64 years",23.8,
2019,"EL","Y18-64","T","PC_GE130","PC","MEAN","Mean income","Percentage","130 percent or over","Total","From 18 to 64 years",24.3,
2020,"EL","Y18-64","T","PC_GE130","PC","MEAN","Mean income","Percentage","130 percent or over","Total","From 18 to 64 years",23.7,
2021,"EL","Y18-64","T","PC_GE130","PC","MEAN","Mean income","Percentage","130 percent or over","Total","From 18 to 64 years",24.1,
2022,"EL","Y18-64","T","PC_GE130","PC","MEAN","Mean income","Percentage","130 percent or over","Total","From 18 to 64 years",23.1,
2023,"EL","Y18-64","T","PC_GE130","PC","MEAN","Mean income","Percentage","130 percent or over","Total","From 18 to 64 years",21.7,
2024,"EL","Y18-64","T","PC_GE130","PC","MEAN","Mean income","Percentage","130 percent or over","Total","From 18 to 64 years",22,
2025,"EL","Y18-64","T","PC_GE130","PC","MEAN","Mean income","Percentage","130 percent or over","Total","From 18 to 64 years",21.4,
2003,"EL","Y_GE65","T","PC_GE130","PC","MEAN","Mean income","Percentage","130 percent or over","Total","65 years or over",14.6,
2004,"EL","Y_GE65","T","PC_GE130","PC","MEAN","Mean income","Percentage","130 percent or over","Total","65 years or over",14.6,
2005,"EL","Y_GE65","T","PC_GE130","PC","MEAN","Mean income","Percentage","130 percent or over","Total","65 years or over",14.6,
2006,"EL","Y_GE65","T","PC_GE130","PC","MEAN","Mean income","Percentage","130 percent or over","Total","65 years or over",12,
2007,"EL","Y_GE65","T","PC_GE130","PC","MEAN","Mean income","Percentage","130 percent or over","Total","65 years or over",14.1,
2008,"EL","Y_GE65","T","PC_GE130","PC","MEAN","Mean income","Percentage","130 percent or over","Total","65 years or over",15,
2009,"EL","Y_GE65","T","PC_GE130","PC","MEAN","Mean income","Percentage","130 percent or over","Total","65 years or over",14.1,
2010,"EL","Y_GE65","T","PC_GE130","PC","MEAN","Mean income","Percentage","130 percent or over","Total","65 years or over",12.8,
2011,"EL","Y_GE65","T","PC_GE130","PC","MEAN","Mean income","Percentage","130 percent or over","Total","65 years or over",15.4,
2012,"EL","Y_GE65","T","PC_GE130","PC","MEAN","Mean income","Percentage","130 percent or over","Total","65 years or over",20.7,
2014,"EL","Y_GE65","T","PC_GE130","PC","MEAN","Mean income","Percentage","130 percent or over","Total","65 years or over",18.4,
2015,"EL","Y_GE65","T","PC_GE130","PC","MEAN","Mean income","Percentage","130 percent or over","Total","65 years or over",19.8,
2016,"EL","Y_GE65","T","PC_GE130","PC","MEAN","Mean income","Percentage","130 percent or over","Total","65 years or over",20.5,
2017,"EL","Y_GE65","T","PC_GE130","PC","MEAN","Mean income","Percentage","130 percent or over","Total","65 years or over",19.9,
2018,"EL","Y_GE65","T","PC_GE130","PC","MEAN","Mean income","Percentage","130 percent or over","Total","65 years or over",19.3,
2019,"EL","Y_GE65","T","PC_GE130","PC","MEAN","Mean income","Percentage","130 percent or over","Total","65 years or over",19.7,
2020,"EL","Y_GE65","T","PC_GE130","PC","MEAN","Mean income","Percentage","130 percent or over","Total","65 years or over",20.6,
2021,"EL","Y_GE65","T","PC_GE130","PC","MEAN","Mean income","Percentage","130 percent or over","Total","65 years or over",21.9,
2022,"EL","Y_GE65","T","PC_GE130","PC","MEAN","Mean income","Percentage","130 percent or over","Total","65 years or over",20.8,
2023,"EL","Y_GE65","T","PC_GE130","PC","MEAN","Mean income","Percentage","130 percent or over","Total","65 years or over",18.6,
2024,"EL","Y_GE65","T","PC_GE130","PC","MEAN","Mean income","Percentage","130 percent or over","Total","65 years or over",16.7,
2025,"EL","Y_GE65","T","PC_GE130","PC","MEAN","Mean income","Percentage","130 percent or over","Total","65 years or over",14.4,
2003,"EL","TOTAL","M","PC_GE130","PC","MEAN","Mean income","Percentage","130 percent or over","Males","Total",23.2,
2004,"EL","TOTAL","M","PC_GE130","PC","MEAN","Mean income","Percentage","130 percent or over","Males","Total",25.1,
2005,"EL","TOTAL","M","PC_GE130","PC","MEAN","Mean income","Percentage","130 percent or over","Males","Total",24.1,
2006,"EL","TOTAL","M","PC_GE130","PC","MEAN","Mean income","Percentage","130 percent or over","Males","Total",23.1,
2007,"EL","TOTAL","M","PC_GE130","PC","MEAN","Mean income","Percentage","130 percent or over","Males","Total",23,
2008,"EL","TOTAL","M","PC_GE130","PC","MEAN","Mean income","Percentage","130 percent or over","Males","Total",22.6,
2009,"EL","TOTAL","M","PC_GE130","PC","MEAN","Mean income","Percentage","130 percent or over","Males","Total",22.8,
2010,"EL","TOTAL","M","PC_GE130","PC","MEAN","Mean income","Percentage","130 percent or over","Males","Total",22.2,
2011,"EL","TOTAL","M","PC_GE130","PC","MEAN","Mean income","Percentage","130 percent or over","Males","Total",23.9,
2012,"EL","TOTAL","M","PC_GE130","PC","MEAN","Mean income","Percentage","130 percent or over","Males","Total",24.1,
2014,"EL","TOTAL","M","PC_GE130","PC","MEAN","Mean income","Percentage","130 percent or over","Males","Total",23.3,
2015,"EL","TOTAL","M","PC_GE130","PC","MEAN","Mean income","Percentage","130 percent or over","Males","Total",23.5,
2016,"EL","TOTAL","M","PC_GE130","PC","MEAN","Mean income","Percentage","130 percent or over","Males","Total",24.4,
2017,"EL","TOTAL","M","PC_GE130","PC","MEAN","Mean income","Percentage","130 percent or over","Males","Total",23.1,
2018,"EL","TOTAL","M","PC_GE130","PC","MEAN","Mean income","Percentage","130 percent or over","Males","Total",22.4,
2019,"EL","TOTAL","M","PC_GE130","PC","MEAN","Mean income","Percentage","130 percent or over","Males","Total",22.8,
2020,"EL","TOTAL","M","PC_GE130","PC","MEAN","Mean income","Percentage","130 percent or over","Males","Total",22.6,
2021,"EL","TOTAL","M","PC_GE130","PC","MEAN","Mean income","Percentage","130 percent or over","Males","Total",23.4,
2022,"EL","TOTAL","M","PC_GE130","PC","MEAN","Mean income","Percentage","130 percent or over","Males","Total",22.2,
2023,"EL","TOTAL","M","PC_GE130","PC","MEAN","Mean income","Percentage","130 percent or over","Males","Total",20.4,
2024,"EL","TOTAL","M","PC_GE130","PC","MEAN","Mean income","Percentage","130 percent or over","Males","Total",20.1,
2025,"EL","TOTAL","M","PC_GE130","PC","MEAN","Mean income","Percentage","130 percent or over","Males","Total",19.1,
2003,"EL","Y_LT18","M","PC_GE130","PC","MEAN","Mean income","Percentage","130 percent or over","Males","Less than 18 years",21.5,
2004,"EL","Y_LT18","M","PC_GE130","PC","MEAN","Mean income","Percentage","130 percent or over","Males","Less than 18 years",24.5,
2005,"EL","Y_LT18","M","PC_GE130","PC","MEAN","Mean income","Percentage","130 percent or over","Males","Less than 18 years",24,
2006,"EL","Y_LT18","M","PC_GE130","PC","MEAN","Mean income","Percentage","130 percent or over","Males","Less than 18 years",23,
2007,"EL","Y_LT18","M","PC_GE130","PC","MEAN","Mean income","Percentage","130 percent or over","Males","Less than 18 years",20.4,
2008,"EL","Y_LT18","M","PC_GE130","PC","MEAN","Mean income","Percentage","130 percent or over","Males","Less than 18 years",19,
2009,"EL","Y_LT18","M","PC_GE130","PC","MEAN","Mean income","Percentage","130 percent or over","Males","Less than 18 years",20.5,
2010,"EL","Y_LT18","M","PC_GE130","PC","MEAN","Mean income","Percentage","130 percent or over","Males","Less than 18 years",18.7,
2011,"EL","Y_LT18","M","PC_GE130","PC","MEAN","Mean income","Percentage","130 percent or over","Males","Less than 18 years",19.9,
2012,"EL","Y_LT18","M","PC_GE130","PC","MEAN","Mean income","Percentage","130 percent or over","Males","Less than 18 years",20.4,
2014,"EL","Y_LT18","M","PC_GE130","PC","MEAN","Mean income","Percentage","130 percent or over","Males","Less than 18 years",20.5,
2015,"EL","Y_LT18","M","PC_GE130","PC","MEAN","Mean income","Percentage","130 percent or over","Males","Less than 18 years",18.6,
2016,"EL","Y_LT18","M","PC_GE130","PC","MEAN","Mean income","Percentage","130 percent or over","Males","Less than 18 years",19.9,
2017,"EL","Y_LT18","M","PC_GE130","PC","MEAN","Mean income","Percentage","130 percent or over","Males","Less than 18 years",18.5,
2018,"EL","Y_LT18","M","PC_GE130","PC","MEAN","Mean income","Percentage","130 percent or over","Males","Less than 18 years",16,
2019,"EL","Y_LT18","M","PC_GE130","PC","MEAN","Mean income","Percentage","130 percent or over","Males","Less than 18 years",16.5,
2020,"EL","Y_LT18","M","PC_GE130","PC","MEAN","Mean income","Percentage","130 percent or over","Males","Less than 18 years",15.9,
2021,"EL","Y_LT18","M","PC_GE130","PC","MEAN","Mean income","Percentage","130 percent or over","Males","Less than 18 years",16.1,
2022,"EL","Y_LT18","M","PC_GE130","PC","MEAN","Mean income","Percentage","130 percent or over","Males","Less than 18 years",15.9,
2023,"EL","Y_LT18","M","PC_GE130","PC","MEAN","Mean income","Percentage","130 percent or over","Males","Less than 18 years",13.8,
2024,"EL","Y_LT18","M","PC_GE130","PC","MEAN","Mean income","Percentage","130 percent or over","Males","Less than 18 years",14.3,
2025,"EL","Y_LT18","M","PC_GE130","PC","MEAN","Mean income","Percentage","130 percent or over","Males","Less than 18 years",12.5,
2003,"EL","Y18-64","M","PC_GE130","PC","MEAN","Mean income","Percentage","130 percent or over","Males","From 18 to 64 years",25.3,
2004,"EL","Y18-64","M","PC_GE130","PC","MEAN","Mean income","Percentage","130 percent or over","Males","From 18 to 64 years",27.3,
2005,"EL","Y18-64","M","PC_GE130","PC","MEAN","Mean income","Percentage","130 percent or over","Males","From 18 to 64 years",25.9,
2006,"EL","Y18-64","M","PC_GE130","PC","MEAN","Mean income","Percentage","130 percent or over","Males","From 18 to 64 years",25.5,
2007,"EL","Y18-64","M","PC_GE130","PC","MEAN","Mean income","Percentage","130 percent or over","Males","From 18 to 64 years",25.3,
2008,"EL","Y18-64","M","PC_GE130","PC","MEAN","Mean income","Percentage","130 percent or over","Males","From 18 to 64 years",24.8,
2009,"EL","Y18-64","M","PC_GE130","PC","MEAN","Mean income","Percentage","130 percent or over","Males","From 18 to 64 years",25.2,
2010,"EL","Y18-64","M","PC_GE130","PC","MEAN","Mean income","Percentage","130 percent or over","Males","From 18 to 64 years",25.1,
2011,"EL","Y18-64","M","PC_GE130","PC","MEAN","Mean income","Percentage","130 percent or over","Males","From 18 to 64 years",26.5,
2012,"EL","Y18-64","M","PC_GE130","PC","MEAN","Mean income","Percentage","130 percent or over","Males","From 18 to 64 years",25.1,
2014,"EL","Y18-64","M","PC_GE130","PC","MEAN","Mean income","Percentage","130 percent or over","Males","From 18 to 64 years",25.1,
2015,"EL","Y18-64","M","PC_GE130","PC","MEAN","Mean income","Percentage","130 percent or over","Males","From 18 to 64 years",25.3,
2016,"EL","Y18-64","M","PC_GE130","PC","MEAN","Mean income","Percentage","130 percent or over","Males","From 18 to 64 years",25.8,
2017,"EL","Y18-64","M","PC_GE130","PC","MEAN","Mean income","Percentage","130 percent or over","Males","From 18 to 64 years",24.5,
2018,"EL","Y18-64","M","PC_GE130","PC","MEAN","Mean income","Percentage","130 percent or over","Males","From 18 to 64 years",24.4,
2019,"EL","Y18-64","M","PC_GE130","PC","MEAN","Mean income","Percentage","130 percent or over","Males","From 18 to 64 years",24.9,
2020,"EL","Y18-64","M","PC_GE130","PC","MEAN","Mean income","Percentage","130 percent or over","Males","From 18 to 64 years",24.3,
2021,"EL","Y18-64","M","PC_GE130","PC","MEAN","Mean income","Percentage","130 percent or over","Males","From 18 to 64 years",24.7,
2022,"EL","Y18-64","M","PC_GE130","PC","MEAN","Mean income","Percentage","130 percent or over","Males","From 18 to 64 years",23.2,
2023,"EL","Y18-64","M","PC_GE130","PC","MEAN","Mean income","Percentage","130 percent or over","Males","From 18 to 64 years",21.8,
2024,"EL","Y18-64","M","PC_GE130","PC","MEAN","Mean income","Percentage","130 percent or over","Males","From 18 to 64 years",21.7,
2025,"EL","Y18-64","M","PC_GE130","PC","MEAN","Mean income","Percentage","130 percent or over","Males","From 18 to 64 years",21.4,
2003,"EL","Y_GE65","M","PC_GE130","PC","MEAN","Mean income","Percentage","130 percent or over","Males","65 years or over",16.2,
2004,"EL","Y_GE65","M","PC_GE130","PC","MEAN","Mean income","Percentage","130 percent or over","Males","65 years or over",16.8,
2005,"EL","Y_GE65","M","PC_GE130","PC","MEAN","Mean income","Percentage","130 percent or over","Males","65 years or over",16.2,
2006,"EL","Y_GE65","M","PC_GE130","PC","MEAN","Mean income","Percentage","130 percent or over","Males","65 years or over",14,
2007,"EL","Y_GE65","M","PC_GE130","PC","MEAN","Mean income","Percentage","130 percent or over","Males","65 years or over",16.5,
2008,"EL","Y_GE65","M","PC_GE130","PC","MEAN","Mean income","Percentage","130 percent or over","Males","65 years or over",17.8,
2009,"EL","Y_GE65","M","PC_GE130","PC","MEAN","Mean income","Percentage","130 percent or over","Males","65 years or over",15.6,
2010,"EL","Y_GE65","M","PC_GE130","PC","MEAN","Mean income","Percentage","130 percent or over","Males","65 years or over",15,
2011,"EL","Y_GE65","M","PC_GE130","PC","MEAN","Mean income","Percentage","130 percent or over","Males","65 years or over",18.6,
2012,"EL","Y_GE65","M","PC_GE130","PC","MEAN","Mean income","Percentage","130 percent or over","Males","65 years or over",23.6,
2014,"EL","Y_GE65","M","PC_GE130","PC","MEAN","Mean income","Percentage","130 percent or over","Males","65 years or over",19.9,
2015,"EL","Y_GE65","M","PC_GE130","PC","MEAN","Mean income","Percentage","130 percent or over","Males","65 years or over",22.1,
2016,"EL","Y_GE65","M","PC_GE130","PC","MEAN","Mean income","Percentage","130 percent or over","Males","65 years or over",23.8,
2017,"EL","Y_GE65","M","PC_GE130","PC","MEAN","Mean income","Percentage","130 percent or over","Males","65 years or over",22.2,
2018,"EL","Y_GE65","M","PC_GE130","PC","MEAN","Mean income","Percentage","130 percent or over","Males","65 years or over",21.9,
2019,"EL","Y_GE65","M","PC_GE130","PC","MEAN","Mean income","Percentage","130 percent or over","Males","65 years or over",22.6,
2020,"EL","Y_GE65","M","PC_GE130","PC","MEAN","Mean income","Percentage","130 percent or over","Males","65 years or over",23.1,
2021,"EL","Y_GE65","M","PC_GE130","PC","MEAN","Mean income","Percentage","130 percent or over","Males","65 years or over",25.7,
2022,"EL","Y_GE65","M","PC_GE130","PC","MEAN","Mean income","Percentage","130 percent or over","Males","65 years or over",24.2,
2023,"EL","Y_GE65","M","PC_GE130","PC","MEAN","Mean income","Percentage","130 percent or over","Males","65 years or over",21.7,
2024,"EL","Y_GE65","M","PC_GE130","PC","MEAN","Mean income","Percentage","130 percent or over","Males","65 years or over",19.9,
2025,"EL","Y_GE65","M","PC_GE130","PC","MEAN","Mean income","Percentage","130 percent or over","Males","65 years or over",17.6,
2003,"EL","TOTAL","F","PC_GE130","PC","MEAN","Mean income","Percentage","130 percent or over","Females","Total",21.9,
2004,"EL","TOTAL","F","PC_GE130","PC","MEAN","Mean income","Percentage","130 percent or over","Females","Total",23.5,
2005,"EL","TOTAL","F","PC_GE130","PC","MEAN","Mean income","Percentage","130 percent or over","Females","Total",22,
2006,"EL","TOTAL","F","PC_GE130","PC","MEAN","Mean income","Percentage","130 percent or over","Females","Total",21.2,
2007,"EL","TOTAL","F","PC_GE130","PC","MEAN","Mean income","Percentage","130 percent or over","Females","Total",21.9,
2008,"EL","TOTAL","F","PC_GE130","PC","MEAN","Mean income","Percentage","130 percent or over","Females","Total",21.6,
2009,"EL","TOTAL","F","PC_GE130","PC","MEAN","Mean income","Percentage","130 percent or over","Females","Total",21.1,
2010,"EL","TOTAL","F","PC_GE130","PC","MEAN","Mean income","Percentage","130 percent or over","Females","Total",21.3,
2011,"EL","TOTAL","F","PC_GE130","PC","MEAN","Mean income","Percentage","130 percent or over","Females","Total",21.2,
2012,"EL","TOTAL","F","PC_GE130","PC","MEAN","Mean income","Percentage","130 percent or over","Females","Total",22.1,
2014,"EL","TOTAL","F","PC_GE130","PC","MEAN","Mean income","Percentage","130 percent or over","Females","Total",21.8,
2015,"EL","TOTAL","F","PC_GE130","PC","MEAN","Mean income","Percentage","130 percent or over","Females","Total",22.2,
2016,"EL","TOTAL","F","PC_GE130","PC","MEAN","Mean income","Percentage","130 percent or over","Females","Total",22.9,
2017,"EL","TOTAL","F","PC_GE130","PC","MEAN","Mean income","Percentage","130 percent or over","Females","Total",21.9,
2018,"EL","TOTAL","F","PC_GE130","PC","MEAN","Mean income","Percentage","130 percent or over","Females","Total",21.2,
2019,"EL","TOTAL","F","PC_GE130","PC","MEAN","Mean income","Percentage","130 percent or over","Females","Total",21.2,
2020,"EL","TOTAL","F","PC_GE130","PC","MEAN","Mean income","Percentage","130 percent or over","Females","Total",21.3,
2021,"EL","TOTAL","F","PC_GE130","PC","MEAN","Mean income","Percentage","130 percent or over","Females","Total",21.4,
2022,"EL","TOTAL","F","PC_GE130","PC","MEAN","Mean income","Percentage","130 percent or over","Females","Total",21.1,
2023,"EL","TOTAL","F","PC_GE130","PC","MEAN","Mean income","Percentage","130 percent or over","Females","Total",19.3,
2024,"EL","TOTAL","F","PC_GE130","PC","MEAN","Mean income","Percentage","130 percent or over","Females","Total",18.8,
2025,"EL","TOTAL","F","PC_GE130","PC","MEAN","Mean income","Percentage","130 percent or over","Females","Total",17.7,
2003,"EL","Y_LT18","F","PC_GE130","PC","MEAN","Mean income","Percentage","130 percent or over","Females","Less than 18 years",20.6,
2004,"EL","Y_LT18","F","PC_GE130","PC","MEAN","Mean income","Percentage","130 percent or over","Females","Less than 18 years",25.3,
2005,"EL","Y_LT18","F","PC_GE130","PC","MEAN","Mean income","Percentage","130 percent or over","Females","Less than 18 years",22.3,
2006,"EL","Y_LT18","F","PC_GE130","PC","MEAN","Mean income","Percentage","130 percent or over","Females","Less than 18 years",22.2,
2007,"EL","Y_LT18","F","PC_GE130","PC","MEAN","Mean income","Percentage","130 percent or over","Females","Less than 18 years",21.6,
2008,"EL","Y_LT18","F","PC_GE130","PC","MEAN","Mean income","Percentage","130 percent or over","Females","Less than 18 years",20.5,
2009,"EL","Y_LT18","F","PC_GE130","PC","MEAN","Mean income","Percentage","130 percent or over","Females","Less than 18 years",18.5,
2010,"EL","Y_LT18","F","PC_GE130","PC","MEAN","Mean income","Percentage","130 percent or over","Females","Less than 18 years",20.7,
2011,"EL","Y_LT18","F","PC_GE130","PC","MEAN","Mean income","Percentage","130 percent or over","Females","Less than 18 years",20.6,
2012,"EL","Y_LT18","F","PC_GE130","PC","MEAN","Mean income","Percentage","130 percent or over","Females","Less than 18 years",21.6,
2014,"EL","Y_LT18","F","PC_GE130","PC","MEAN","Mean income","Percentage","130 percent or over","Females","Less than 18 years",21.2,
2015,"EL","Y_LT18","F","PC_GE130","PC","MEAN","Mean income","Percentage","130 percent or over","Females","Less than 18 years",19.6,
2016,"EL","Y_LT18","F","PC_GE130","PC","MEAN","Mean income","Percentage","130 percent or over","Females","Less than 18 years",20.9,
2017,"EL","Y_LT18","F","PC_GE130","PC","MEAN","Mean income","Percentage","130 percent or over","Females","Less than 18 years",19.7,
2018,"EL","Y_LT18","F","PC_GE130","PC","MEAN","Mean income","Percentage","130 percent or over","Females","Less than 18 years",18.9,
2019,"EL","Y_LT18","F","PC_GE130","PC","MEAN","Mean income","Percentage","130 percent or over","Females","Less than 18 years",17.8,
2020,"EL","Y_LT18","F","PC_GE130","PC","MEAN","Mean income","Percentage","130 percent or over","Females","Less than 18 years",18.5,
2021,"EL","Y_LT18","F","PC_GE130","PC","MEAN","Mean income","Percentage","130 percent or over","Females","Less than 18 years",18.1,
2022,"EL","Y_LT18","F","PC_GE130","PC","MEAN","Mean income","Percentage","130 percent or over","Females","Less than 18 years",17.8,
2023,"EL","Y_LT18","F","PC_GE130","PC","MEAN","Mean income","Percentage","130 percent or over","Females","Less than 18 years",15.2,
2024,"EL","Y_LT18","F","PC_GE130","PC","MEAN","Mean income","Percentage","130 percent or over","Females","Less than 18 years",13.3,
2025,"EL","Y_LT18","F","PC_GE130","PC","MEAN","Mean income","Percentage","130 percent or over","Females","Less than 18 years",13.3,
2003,"EL","Y18-64","F","PC_GE130","PC","MEAN","Mean income","Percentage","130 percent or over","Females","From 18 to 64 years",24.8,
2004,"EL","Y18-64","F","PC_GE130","PC","MEAN","Mean income","Percentage","130 percent or over","Females","From 18 to 64 years",26.3,
2005,"EL","Y18-64","F","PC_GE130","PC","MEAN","Mean income","Percentage","130 percent or over","Females","From 18 to 64 years",24.7,
2006,"EL","Y18-64","F","PC_GE130","PC","MEAN","Mean income","Percentage","130 percent or over","Females","From 18 to 64 years",24.2,
2007,"EL","Y18-64","F","PC_GE130","PC","MEAN","Mean income","Percentage","130 percent or over","Females","From 18 to 64 years",25,
2008,"EL","Y18-64","F","PC_GE130","PC","MEAN","Mean income","Percentage","130 percent or over","Females","From 18 to 64 years",24.7,
2009,"EL","Y18-64","F","PC_GE130","PC","MEAN","Mean income","Percentage","130 percent or over","Females","From 18 to 64 years",24.2,
2010,"EL","Y18-64","F","PC_GE130","PC","MEAN","Mean income","Percentage","130 percent or over","Females","From 18 to 64 years",24.7,
2011,"EL","Y18-64","F","PC_GE130","PC","MEAN","Mean income","Percentage","130 percent or over","Females","From 18 to 64 years",23.9,
2012,"EL","Y18-64","F","PC_GE130","PC","MEAN","Mean income","Percentage","130 percent or over","Females","From 18 to 64 years",23.4,
2014,"EL","Y18-64","F","PC_GE130","PC","MEAN","Mean income","Percentage","130 percent or over","Females","From 18 to 64 years",23.4,
2015,"EL","Y18-64","F","PC_GE130","PC","MEAN","Mean income","Percentage","130 percent or over","Females","From 18 to 64 years",24.3,
2016,"EL","Y18-64","F","PC_GE130","PC","MEAN","Mean income","Percentage","130 percent or over","Females","From 18 to 64 years",25.2,
2017,"EL","Y18-64","F","PC_GE130","PC","MEAN","Mean income","Percentage","130 percent or over","Females","From 18 to 64 years",23.9,
2018,"EL","Y18-64","F","PC_GE130","PC","MEAN","Mean income","Percentage","130 percent or over","Females","From 18 to 64 years",23.2,
2019,"EL","Y18-64","F","PC_GE130","PC","MEAN","Mean income","Percentage","130 percent or over","Females","From 18 to 64 years",23.6,
2020,"EL","Y18-64","F","PC_GE130","PC","MEAN","Mean income","Percentage","130 percent or over","Females","From 18 to 64 years",23.1,
2021,"EL","Y18-64","F","PC_GE130","PC","MEAN","Mean income","Percentage","130 percent or over","Females","From 18 to 64 years",23.4,
2022,"EL","Y18-64","F","PC_GE130","PC","MEAN","Mean income","Percentage","130 percent or over","Females","From 18 to 64 years",23.1,
2023,"EL","Y18-64","F","PC_GE130","PC","MEAN","Mean income","Percentage","130 percent or over","Females","From 18 to 64 years",21.6,
2024,"EL","Y18-64","F","PC_GE130","PC","MEAN","Mean income","Percentage","130 percent or over","Females","From 18 to 64 years",22.3,
2025,"EL","Y18-64","F","PC_GE130","PC","MEAN","Mean income","Percentage","130 percent or over","Females","From 18 to 64 years",21.3,
2003,"EL","Y_GE65","F","PC_GE130","PC","MEAN","Mean income","Percentage","130 percent or over","Females","65 years or over",13.4,
2004,"EL","Y_GE65","F","PC_GE130","PC","MEAN","Mean income","Percentage","130 percent or over","Females","65 years or over",12.9,
2005,"EL","Y_GE65","F","PC_GE130","PC","MEAN","Mean income","Percentage","130 percent or over","Females","65 years or over",13.4,
2006,"EL","Y_GE65","F","PC_GE130","PC","MEAN","Mean income","Percentage","130 percent or over","Females","65 years or over",10.4,
2007,"EL","Y_GE65","F","PC_GE130","PC","MEAN","Mean income","Percentage","130 percent or over","Females","65 years or over",12.2,
2008,"EL","Y_GE65","F","PC_GE130","PC","MEAN","Mean income","Percentage","130 percent or over","Females","65 years or over",12.7,
2009,"EL","Y_GE65","F","PC_GE130","PC","MEAN","Mean income","Percentage","130 percent or over","Females","65 years or over",12.9,
2010,"EL","Y_GE65","F","PC_GE130","PC","MEAN","Mean income","Percentage","130 percent or over","Females","65 years or over",11.1,
2011,"EL","Y_GE65","F","PC_GE130","PC","MEAN","Mean income","Percentage","130 percent or over","Females","65 years or over",12.8,
2012,"EL","Y_GE65","F","PC_GE130","PC","MEAN","Mean income","Percentage","130 percent or over","Females","65 years or over",18.3,
2014,"EL","Y_GE65","F","PC_GE130","PC","MEAN","Mean income","Percentage","130 percent or over","Females","65 years or over",17.2,
2015,"EL","Y_GE65","F","PC_GE130","PC","MEAN","Mean income","Percentage","130 percent or over","Females","65 years or over",17.9,
2016,"EL","Y_GE65","F","PC_GE130","PC","MEAN","Mean income","Percentage","130 percent or over","Females","65 years or over",18,
2017,"EL","Y_GE65","F","PC_GE130","PC","MEAN","Mean income","Percentage","130 percent or over","Females","65 years or over",18,
2018,"EL","Y_GE65","F","PC_GE130","PC","MEAN","Mean income","Percentage","130 percent or over","Females","65 years or over",17.1,
2019,"EL","Y_GE65","F","PC_GE130","PC","MEAN","Mean income","Percentage","130 percent or over","Females","65 years or over",17.3,
2020,"EL","Y_GE65","F","PC_GE130","PC","MEAN","Mean income","Percentage","130 percent or over","Females","65 years or over",18.5,
2021,"EL","Y_GE65","F","PC_GE130","PC","MEAN","Mean income","Percentage","130 percent or over","Females","65 years or over",18.8,
2022,"EL","Y_GE65","F","PC_GE130","PC","MEAN","Mean income","Percentage","130 percent or over","Females","65 years or over",18.2,
2023,"EL","Y_GE65","F","PC_GE130","PC","MEAN","Mean income","Percentage","130 percent or over","Females","65 years or over",16,
2024,"EL","Y_GE65","F","PC_GE130","PC","MEAN","Mean income","Percentage","130 percent or over","Females","65 years or over",14.1,
2025,"EL","Y_GE65","F","PC_GE130","PC","MEAN","Mean income","Percentage","130 percent or over","Females","65 years or over",11.9,
2003,"EL","TOTAL","T","PC_GE140","PC","MEAN","Mean income","Percentage","140 percent or over","Total","Total",18.6,
2004,"EL","TOTAL","T","PC_GE140","PC","MEAN","Mean income","Percentage","140 percent or over","Total","Total",19.9,
2005,"EL","TOTAL","T","PC_GE140","PC","MEAN","Mean income","Percentage","140 percent or over","Total","Total",19.2,
2006,"EL","TOTAL","T","PC_GE140","PC","MEAN","Mean income","Percentage","140 percent or over","Total","Total",18.5,
2007,"EL","TOTAL","T","PC_GE140","PC","MEAN","Mean income","Percentage","140 percent or over","Total","Total",18.9,
2008,"EL","TOTAL","T","PC_GE140","PC","MEAN","Mean income","Percentage","140 percent or over","Total","Total",18.4,
2009,"EL","TOTAL","T","PC_GE140","PC","MEAN","Mean income","Percentage","140 percent or over","Total","Total",18,
2010,"EL","TOTAL","T","PC_GE140","PC","MEAN","Mean income","Percentage","140 percent or over","Total","Total",17.1,
2011,"EL","TOTAL","T","PC_GE140","PC","MEAN","Mean income","Percentage","140 percent or over","Total","Total",18.7,
2012,"EL","TOTAL","T","PC_GE140","PC","MEAN","Mean income","Percentage","140 percent or over","Total","Total",18.9,
2014,"EL","TOTAL","T","PC_GE140","PC","MEAN","Mean income","Percentage","140 percent or over","Total","Total",18.6,
2015,"EL","TOTAL","T","PC_GE140","PC","MEAN","Mean income","Percentage","140 percent or over","Total","Total",18.8,
2016,"EL","TOTAL","T","PC_GE140","PC","MEAN","Mean income","Percentage","140 percent or over","Total","Total",19.5,
2017,"EL","TOTAL","T","PC_GE140","PC","MEAN","Mean income","Percentage","140 percent or over","Total","Total",18.4,
2018,"EL","TOTAL","T","PC_GE140","PC","MEAN","Mean income","Percentage","140 percent or over","Total","Total",17.5,
2019,"EL","TOTAL","T","PC_GE140","PC","MEAN","Mean income","Percentage","140 percent or over","Total","Total",17.7,
2020,"EL","TOTAL","T","PC_GE140","PC","MEAN","Mean income","Percentage","140 percent or over","Total","Total",17.5,
2021,"EL","TOTAL","T","PC_GE140","PC","MEAN","Mean income","Percentage","140 percent or over","Total","Total",17.7,
2022,"EL","TOTAL","T","PC_GE140","PC","MEAN","Mean income","Percentage","140 percent or over","Total","Total",17.5,
2023,"EL","TOTAL","T","PC_GE140","PC","MEAN","Mean income","Percentage","140 percent or over","Total","Total",16,
2024,"EL","TOTAL","T","PC_GE140","PC","MEAN","Mean income","Percentage","140 percent or over","Total","Total",15.1,
2025,"EL","TOTAL","T","PC_GE140","PC","MEAN","Mean income","Percentage","140 percent or over","Total","Total",14.4,
2003,"EL","Y_LT18","T","PC_GE140","PC","MEAN","Mean income","Percentage","140 percent or over","Total","Less than 18 years",17.4,
2004,"EL","Y_LT18","T","PC_GE140","PC","MEAN","Mean income","Percentage","140 percent or over","Total","Less than 18 years",20.3,
2005,"EL","Y_LT18","T","PC_GE140","PC","MEAN","Mean income","Percentage","140 percent or over","Total","Less than 18 years",19.3,
2006,"EL","Y_LT18","T","PC_GE140","PC","MEAN","Mean income","Percentage","140 percent or over","Total","Less than 18 years",18.5,
2007,"EL","Y_LT18","T","PC_GE140","PC","MEAN","Mean income","Percentage","140 percent or over","Total","Less than 18 years",17.2,
2008,"EL","Y_LT18","T","PC_GE140","PC","MEAN","Mean income","Percentage","140 percent or over","Total","Less than 18 years",16.9,
2009,"EL","Y_LT18","T","PC_GE140","PC","MEAN","Mean income","Percentage","140 percent or over","Total","Less than 18 years",15.6,
2010,"EL","Y_LT18","T","PC_GE140","PC","MEAN","Mean income","Percentage","140 percent or over","Total","Less than 18 years",15,
2011,"EL","Y_LT18","T","PC_GE140","PC","MEAN","Mean income","Percentage","140 percent or over","Total","Less than 18 years",16.6,
2012,"EL","Y_LT18","T","PC_GE140","PC","MEAN","Mean income","Percentage","140 percent or over","Total","Less than 18 years",16.7,
2014,"EL","Y_LT18","T","PC_GE140","PC","MEAN","Mean income","Percentage","140 percent or over","Total","Less than 18 years",17.1,
2015,"EL","Y_LT18","T","PC_GE140","PC","MEAN","Mean income","Percentage","140 percent or over","Total","Less than 18 years",15.5,
2016,"EL","Y_LT18","T","PC_GE140","PC","MEAN","Mean income","Percentage","140 percent or over","Total","Less than 18 years",16.7,
2017,"EL","Y_LT18","T","PC_GE140","PC","MEAN","Mean income","Percentage","140 percent or over","Total","Less than 18 years",15.6,
2018,"EL","Y_LT18","T","PC_GE140","PC","MEAN","Mean income","Percentage","140 percent or over","Total","Less than 18 years",13.6,
2019,"EL","Y_LT18","T","PC_GE140","PC","MEAN","Mean income","Percentage","140 percent or over","Total","Less than 18 years",13.7,
2020,"EL","Y_LT18","T","PC_GE140","PC","MEAN","Mean income","Percentage","140 percent or over","Total","Less than 18 years",13.4,
2021,"EL","Y_LT18","T","PC_GE140","PC","MEAN","Mean income","Percentage","140 percent or over","Total","Less than 18 years",12.7,
2022,"EL","Y_LT18","T","PC_GE140","PC","MEAN","Mean income","Percentage","140 percent or over","Total","Less than 18 years",12.8,
2023,"EL","Y_LT18","T","PC_GE140","PC","MEAN","Mean income","Percentage","140 percent or over","Total","Less than 18 years",12.2,
2024,"EL","Y_LT18","T","PC_GE140","PC","MEAN","Mean income","Percentage","140 percent or over","Total","Less than 18 years",10.8,
2025,"EL","Y_LT18","T","PC_GE140","PC","MEAN","Mean income","Percentage","140 percent or over","Total","Less than 18 years",10.1,
2003,"EL","Y18-64","T","PC_GE140","PC","MEAN","Mean income","Percentage","140 percent or over","Total","From 18 to 64 years",20.9,
2004,"EL","Y18-64","T","PC_GE140","PC","MEAN","Mean income","Percentage","140 percent or over","Total","From 18 to 64 years",21.9,
2005,"EL","Y18-64","T","PC_GE140","PC","MEAN","Mean income","Percentage","140 percent or over","Total","From 18 to 64 years",21.1,
2006,"EL","Y18-64","T","PC_GE140","PC","MEAN","Mean income","Percentage","140 percent or over","Total","From 18 to 64 years",21,
2007,"EL","Y18-64","T","PC_GE140","PC","MEAN","Mean income","Percentage","140 percent or over","Total","From 18 to 64 years",21.3,
2008,"EL","Y18-64","T","PC_GE140","PC","MEAN","Mean income","Percentage","140 percent or over","Total","From 18 to 64 years",20.5,
2009,"EL","Y18-64","T","PC_GE140","PC","MEAN","Mean income","Percentage","140 percent or over","Total","From 18 to 64 years",20.6,
2010,"EL","Y18-64","T","PC_GE140","PC","MEAN","Mean income","Percentage","140 percent or over","Total","From 18 to 64 years",19.6,
2011,"EL","Y18-64","T","PC_GE140","PC","MEAN","Mean income","Percentage","140 percent or over","Total","From 18 to 64 years",21,
2012,"EL","Y18-64","T","PC_GE140","PC","MEAN","Mean income","Percentage","140 percent or over","Total","From 18 to 64 years",19.9,
2014,"EL","Y18-64","T","PC_GE140","PC","MEAN","Mean income","Percentage","140 percent or over","Total","From 18 to 64 years",20,
2015,"EL","Y18-64","T","PC_GE140","PC","MEAN","Mean income","Percentage","140 percent or over","Total","From 18 to 64 years",20.8,
2016,"EL","Y18-64","T","PC_GE140","PC","MEAN","Mean income","Percentage","140 percent or over","Total","From 18 to 64 years",21.2,
2017,"EL","Y18-64","T","PC_GE140","PC","MEAN","Mean income","Percentage","140 percent or over","Total","From 18 to 64 years",20,
2018,"EL","Y18-64","T","PC_GE140","PC","MEAN","Mean income","Percentage","140 percent or over","Total","From 18 to 64 years",19.4,
2019,"EL","Y18-64","T","PC_GE140","PC","MEAN","Mean income","Percentage","140 percent or over","Total","From 18 to 64 years",19.7,
2020,"EL","Y18-64","T","PC_GE140","PC","MEAN","Mean income","Percentage","140 percent or over","Total","From 18 to 64 years",18.9,
2021,"EL","Y18-64","T","PC_GE140","PC","MEAN","Mean income","Percentage","140 percent or over","Total","From 18 to 64 years",19.2,
2022,"EL","Y18-64","T","PC_GE140","PC","MEAN","Mean income","Percentage","140 percent or over","Total","From 18 to 64 years",18.8,
2023,"EL","Y18-64","T","PC_GE140","PC","MEAN","Mean income","Percentage","140 percent or over","Total","From 18 to 64 years",17.6,
2024,"EL","Y18-64","T","PC_GE140","PC","MEAN","Mean income","Percentage","140 percent or over","Total","From 18 to 64 years",17,
2025,"EL","Y18-64","T","PC_GE140","PC","MEAN","Mean income","Percentage","140 percent or over","Total","From 18 to 64 years",17,
2003,"EL","Y_GE65","T","PC_GE140","PC","MEAN","Mean income","Percentage","140 percent or over","Total","65 years or over",11.4,
2004,"EL","Y_GE65","T","PC_GE140","PC","MEAN","Mean income","Percentage","140 percent or over","Total","65 years or over",11.9,
2005,"EL","Y_GE65","T","PC_GE140","PC","MEAN","Mean income","Percentage","140 percent or over","Total","65 years or over",12,
2006,"EL","Y_GE65","T","PC_GE140","PC","MEAN","Mean income","Percentage","140 percent or over","Total","65 years or over",9.6,
2007,"EL","Y_GE65","T","PC_GE140","PC","MEAN","Mean income","Percentage","140 percent or over","Total","65 years or over",11.8,
2008,"EL","Y_GE65","T","PC_GE140","PC","MEAN","Mean income","Percentage","140 percent or over","Total","65 years or over",12.5,
2009,"EL","Y_GE65","T","PC_GE140","PC","MEAN","Mean income","Percentage","140 percent or over","Total","65 years or over",11.2,
2010,"EL","Y_GE65","T","PC_GE140","PC","MEAN","Mean income","Percentage","140 percent or over","Total","65 years or over",10.7,
2011,"EL","Y_GE65","T","PC_GE140","PC","MEAN","Mean income","Percentage","140 percent or over","Total","65 years or over",12.6,
2012,"EL","Y_GE65","T","PC_GE140","PC","MEAN","Mean income","Percentage","140 percent or over","Total","65 years or over",17.5,
2014,"EL","Y_GE65","T","PC_GE140","PC","MEAN","Mean income","Percentage","140 percent or over","Total","65 years or over",15.2,
2015,"EL","Y_GE65","T","PC_GE140","PC","MEAN","Mean income","Percentage","140 percent or over","Total","65 years or over",15.7,
2016,"EL","Y_GE65","T","PC_GE140","PC","MEAN","Mean income","Percentage","140 percent or over","Total","65 years or over",16.7,
2017,"EL","Y_GE65","T","PC_GE140","PC","MEAN","Mean income","Percentage","140 percent or over","Total","65 years or over",15.8,
2018,"EL","Y_GE65","T","PC_GE140","PC","MEAN","Mean income","Percentage","140 percent or over","Total","65 years or over",15.4,
2019,"EL","Y_GE65","T","PC_GE140","PC","MEAN","Mean income","Percentage","140 percent or over","Total","65 years or over",15.6,
2020,"EL","Y_GE65","T","PC_GE140","PC","MEAN","Mean income","Percentage","140 percent or over","Total","65 years or over",16.8,
2021,"EL","Y_GE65","T","PC_GE140","PC","MEAN","Mean income","Percentage","140 percent or over","Total","65 years or over",17.5,
2022,"EL","Y_GE65","T","PC_GE140","PC","MEAN","Mean income","Percentage","140 percent or over","Total","65 years or over",17.2,
2023,"EL","Y_GE65","T","PC_GE140","PC","MEAN","Mean income","Percentage","140 percent or over","Total","65 years or over",14.2,
2024,"EL","Y_GE65","T","PC_GE140","PC","MEAN","Mean income","Percentage","140 percent or over","Total","65 years or over",12.9,
2025,"EL","Y_GE65","T","PC_GE140","PC","MEAN","Mean income","Percentage","140 percent or over","Total","65 years or over",10.9,
2003,"EL","TOTAL","M","PC_GE140","PC","MEAN","Mean income","Percentage","140 percent or over","Males","Total",19.1,
2004,"EL","TOTAL","M","PC_GE140","PC","MEAN","Mean income","Percentage","140 percent or over","Males","Total",20.2,
2005,"EL","TOTAL","M","PC_GE140","PC","MEAN","Mean income","Percentage","140 percent or over","Males","Total",19.9,
2006,"EL","TOTAL","M","PC_GE140","PC","MEAN","Mean income","Percentage","140 percent or over","Males","Total",19.4,
2007,"EL","TOTAL","M","PC_GE140","PC","MEAN","Mean income","Percentage","140 percent or over","Males","Total",19.5,
2008,"EL","TOTAL","M","PC_GE140","PC","MEAN","Mean income","Percentage","140 percent or over","Males","Total",18.9,
2009,"EL","TOTAL","M","PC_GE140","PC","MEAN","Mean income","Percentage","140 percent or over","Males","Total",18.8,
2010,"EL","TOTAL","M","PC_GE140","PC","MEAN","Mean income","Percentage","140 percent or over","Males","Total",17.4,
2011,"EL","TOTAL","M","PC_GE140","PC","MEAN","Mean income","Percentage","140 percent or over","Males","Total",19.9,
2012,"EL","TOTAL","M","PC_GE140","PC","MEAN","Mean income","Percentage","140 percent or over","Males","Total",19.8,
2014,"EL","TOTAL","M","PC_GE140","PC","MEAN","Mean income","Percentage","140 percent or over","Males","Total",19.1,
2015,"EL","TOTAL","M","PC_GE140","PC","MEAN","Mean income","Percentage","140 percent or over","Males","Total",19.6,
2016,"EL","TOTAL","M","PC_GE140","PC","MEAN","Mean income","Percentage","140 percent or over","Males","Total",20.3,
2017,"EL","TOTAL","M","PC_GE140","PC","MEAN","Mean income","Percentage","140 percent or over","Males","Total",18.9,
2018,"EL","TOTAL","M","PC_GE140","PC","MEAN","Mean income","Percentage","140 percent or over","Males","Total",18.1,
2019,"EL","TOTAL","M","PC_GE140","PC","MEAN","Mean income","Percentage","140 percent or over","Males","Total",18.5,
2020,"EL","TOTAL","M","PC_GE140","PC","MEAN","Mean income","Percentage","140 percent or over","Males","Total",18.1,
2021,"EL","TOTAL","M","PC_GE140","PC","MEAN","Mean income","Percentage","140 percent or over","Males","Total",18.5,
2022,"EL","TOTAL","M","PC_GE140","PC","MEAN","Mean income","Percentage","140 percent or over","Males","Total",17.9,
2023,"EL","TOTAL","M","PC_GE140","PC","MEAN","Mean income","Percentage","140 percent or over","Males","Total",16.4,
2024,"EL","TOTAL","M","PC_GE140","PC","MEAN","Mean income","Percentage","140 percent or over","Males","Total",15.7,
2025,"EL","TOTAL","M","PC_GE140","PC","MEAN","Mean income","Percentage","140 percent or over","Males","Total",15,
2003,"EL","Y_LT18","M","PC_GE140","PC","MEAN","Mean income","Percentage","140 percent or over","Males","Less than 18 years",17.4,
2004,"EL","Y_LT18","M","PC_GE140","PC","MEAN","Mean income","Percentage","140 percent or over","Males","Less than 18 years",19.3,
2005,"EL","Y_LT18","M","PC_GE140","PC","MEAN","Mean income","Percentage","140 percent or over","Males","Less than 18 years",19.9,
2006,"EL","Y_LT18","M","PC_GE140","PC","MEAN","Mean income","Percentage","140 percent or over","Males","Less than 18 years",19.2,
2007,"EL","Y_LT18","M","PC_GE140","PC","MEAN","Mean income","Percentage","140 percent or over","Males","Less than 18 years",16.9,
2008,"EL","Y_LT18","M","PC_GE140","PC","MEAN","Mean income","Percentage","140 percent or over","Males","Less than 18 years",16.2,
2009,"EL","Y_LT18","M","PC_GE140","PC","MEAN","Mean income","Percentage","140 percent or over","Males","Less than 18 years",16.5,
2010,"EL","Y_LT18","M","PC_GE140","PC","MEAN","Mean income","Percentage","140 percent or over","Males","Less than 18 years",13.2,
2011,"EL","Y_LT18","M","PC_GE140","PC","MEAN","Mean income","Percentage","140 percent or over","Males","Less than 18 years",16.2,
2012,"EL","Y_LT18","M","PC_GE140","PC","MEAN","Mean income","Percentage","140 percent or over","Males","Less than 18 years",16.6,
2014,"EL","Y_LT18","M","PC_GE140","PC","MEAN","Mean income","Percentage","140 percent or over","Males","Less than 18 years",16.1,
2015,"EL","Y_LT18","M","PC_GE140","PC","MEAN","Mean income","Percentage","140 percent or over","Males","Less than 18 years",15.3,
2016,"EL","Y_LT18","M","PC_GE140","PC","MEAN","Mean income","Percentage","140 percent or over","Males","Less than 18 years",16.1,
2017,"EL","Y_LT18","M","PC_GE140","PC","MEAN","Mean income","Percentage","140 percent or over","Males","Less than 18 years",14.6,
2018,"EL","Y_LT18","M","PC_GE140","PC","MEAN","Mean income","Percentage","140 percent or over","Males","Less than 18 years",12.8,
2019,"EL","Y_LT18","M","PC_GE140","PC","MEAN","Mean income","Percentage","140 percent or over","Males","Less than 18 years",13.6,
2020,"EL","Y_LT18","M","PC_GE140","PC","MEAN","Mean income","Percentage","140 percent or over","Males","Less than 18 years",12.3,
2021,"EL","Y_LT18","M","PC_GE140","PC","MEAN","Mean income","Percentage","140 percent or over","Males","Less than 18 years",12.1,
2022,"EL","Y_LT18","M","PC_GE140","PC","MEAN","Mean income","Percentage","140 percent or over","Males","Less than 18 years",12.1,
2023,"EL","Y_LT18","M","PC_GE140","PC","MEAN","Mean income","Percentage","140 percent or over","Males","Less than 18 years",11.6,
2024,"EL","Y_LT18","M","PC_GE140","PC","MEAN","Mean income","Percentage","140 percent or over","Males","Less than 18 years",11.7,
2025,"EL","Y_LT18","M","PC_GE140","PC","MEAN","Mean income","Percentage","140 percent or over","Males","Less than 18 years",9.6,
2003,"EL","Y18-64","M","PC_GE140","PC","MEAN","Mean income","Percentage","140 percent or over","Males","From 18 to 64 years",21.1,
2004,"EL","Y18-64","M","PC_GE140","PC","MEAN","Mean income","Percentage","140 percent or over","Males","From 18 to 64 years",22.1,
2005,"EL","Y18-64","M","PC_GE140","PC","MEAN","Mean income","Percentage","140 percent or over","Males","From 18 to 64 years",21.5,
2006,"EL","Y18-64","M","PC_GE140","PC","MEAN","Mean income","Percentage","140 percent or over","Males","From 18 to 64 years",21.4,
2007,"EL","Y18-64","M","PC_GE140","PC","MEAN","Mean income","Percentage","140 percent or over","Males","From 18 to 64 years",21.6,
2008,"EL","Y18-64","M","PC_GE140","PC","MEAN","Mean income","Percentage","140 percent or over","Males","From 18 to 64 years",20.6,
2009,"EL","Y18-64","M","PC_GE140","PC","MEAN","Mean income","Percentage","140 percent or over","Males","From 18 to 64 years",20.9,
2010,"EL","Y18-64","M","PC_GE140","PC","MEAN","Mean income","Percentage","140 percent or over","Males","From 18 to 64 years",19.6,
2011,"EL","Y18-64","M","PC_GE140","PC","MEAN","Mean income","Percentage","140 percent or over","Males","From 18 to 64 years",22,
2012,"EL","Y18-64","M","PC_GE140","PC","MEAN","Mean income","Percentage","140 percent or over","Males","From 18 to 64 years",20.7,
2014,"EL","Y18-64","M","PC_GE140","PC","MEAN","Mean income","Percentage","140 percent or over","Males","From 18 to 64 years",20.7,
2015,"EL","Y18-64","M","PC_GE140","PC","MEAN","Mean income","Percentage","140 percent or over","Males","From 18 to 64 years",21.3,
2016,"EL","Y18-64","M","PC_GE140","PC","MEAN","Mean income","Percentage","140 percent or over","Males","From 18 to 64 years",21.6,
2017,"EL","Y18-64","M","PC_GE140","PC","MEAN","Mean income","Percentage","140 percent or over","Males","From 18 to 64 years",20.3,
2018,"EL","Y18-64","M","PC_GE140","PC","MEAN","Mean income","Percentage","140 percent or over","Males","From 18 to 64 years",19.9,
2019,"EL","Y18-64","M","PC_GE140","PC","MEAN","Mean income","Percentage","140 percent or over","Males","From 18 to 64 years",20.2,
2020,"EL","Y18-64","M","PC_GE140","PC","MEAN","Mean income","Percentage","140 percent or over","Males","From 18 to 64 years",19.3,
2021,"EL","Y18-64","M","PC_GE140","PC","MEAN","Mean income","Percentage","140 percent or over","Males","From 18 to 64 years",19.5,
2022,"EL","Y18-64","M","PC_GE140","PC","MEAN","Mean income","Percentage","140 percent or over","Males","From 18 to 64 years",18.6,
2023,"EL","Y18-64","M","PC_GE140","PC","MEAN","Mean income","Percentage","140 percent or over","Males","From 18 to 64 years",17.6,
2024,"EL","Y18-64","M","PC_GE140","PC","MEAN","Mean income","Percentage","140 percent or over","Males","From 18 to 64 years",16.8,
2025,"EL","Y18-64","M","PC_GE140","PC","MEAN","Mean income","Percentage","140 percent or over","Males","From 18 to 64 years",17,
2003,"EL","Y_GE65","M","PC_GE140","PC","MEAN","Mean income","Percentage","140 percent or over","Males","65 years or over",12.8,
2004,"EL","Y_GE65","M","PC_GE140","PC","MEAN","Mean income","Percentage","140 percent or over","Males","65 years or over",13.6,
2005,"EL","Y_GE65","M","PC_GE140","PC","MEAN","Mean income","Percentage","140 percent or over","Males","65 years or over",13.3,
2006,"EL","Y_GE65","M","PC_GE140","PC","MEAN","Mean income","Percentage","140 percent or over","Males","65 years or over",11.6,
2007,"EL","Y_GE65","M","PC_GE140","PC","MEAN","Mean income","Percentage","140 percent or over","Males","65 years or over",14.1,
2008,"EL","Y_GE65","M","PC_GE140","PC","MEAN","Mean income","Percentage","140 percent or over","Males","65 years or over",14.7,
2009,"EL","Y_GE65","M","PC_GE140","PC","MEAN","Mean income","Percentage","140 percent or over","Males","65 years or over",12.9,
2010,"EL","Y_GE65","M","PC_GE140","PC","MEAN","Mean income","Percentage","140 percent or over","Males","65 years or over",13.1,
2011,"EL","Y_GE65","M","PC_GE140","PC","MEAN","Mean income","Percentage","140 percent or over","Males","65 years or over",15.5,
2012,"EL","Y_GE65","M","PC_GE140","PC","MEAN","Mean income","Percentage","140 percent or over","Males","65 years or over",19.8,
2014,"EL","Y_GE65","M","PC_GE140","PC","MEAN","Mean income","Percentage","140 percent or over","Males","65 years or over",16.6,
2015,"EL","Y_GE65","M","PC_GE140","PC","MEAN","Mean income","Percentage","140 percent or over","Males","65 years or over",17.7,
2016,"EL","Y_GE65","M","PC_GE140","PC","MEAN","Mean income","Percentage","140 percent or over","Males","65 years or over",19.6,
2017,"EL","Y_GE65","M","PC_GE140","PC","MEAN","Mean income","Percentage","140 percent or over","Males","65 years or over",17.9,
2018,"EL","Y_GE65","M","PC_GE140","PC","MEAN","Mean income","Percentage","140 percent or over","Males","65 years or over",17.6,
2019,"EL","Y_GE65","M","PC_GE140","PC","MEAN","Mean income","Percentage","140 percent or over","Males","65 years or over",18,
2020,"EL","Y_GE65","M","PC_GE140","PC","MEAN","Mean income","Percentage","140 percent or over","Males","65 years or over",19.2,
2021,"EL","Y_GE65","M","PC_GE140","PC","MEAN","Mean income","Percentage","140 percent or over","Males","65 years or over",21,
2022,"EL","Y_GE65","M","PC_GE140","PC","MEAN","Mean income","Percentage","140 percent or over","Males","65 years or over",20.2,
2023,"EL","Y_GE65","M","PC_GE140","PC","MEAN","Mean income","Percentage","140 percent or over","Males","65 years or over",16.7,
2024,"EL","Y_GE65","M","PC_GE140","PC","MEAN","Mean income","Percentage","140 percent or over","Males","65 years or over",15.5,
2025,"EL","Y_GE65","M","PC_GE140","PC","MEAN","Mean income","Percentage","140 percent or over","Males","65 years or over",13.4,
2003,"EL","TOTAL","F","PC_GE140","PC","MEAN","Mean income","Percentage","140 percent or over","Females","Total",18.2,
2004,"EL","TOTAL","F","PC_GE140","PC","MEAN","Mean income","Percentage","140 percent or over","Females","Total",19.6,
2005,"EL","TOTAL","F","PC_GE140","PC","MEAN","Mean income","Percentage","140 percent or over","Females","Total",18.5,
2006,"EL","TOTAL","F","PC_GE140","PC","MEAN","Mean income","Percentage","140 percent or over","Females","Total",17.7,
2007,"EL","TOTAL","F","PC_GE140","PC","MEAN","Mean income","Percentage","140 percent or over","Females","Total",18.2,
2008,"EL","TOTAL","F","PC_GE140","PC","MEAN","Mean income","Percentage","140 percent or over","Females","Total",18,
2009,"EL","TOTAL","F","PC_GE140","PC","MEAN","Mean income","Percentage","140 percent or over","Females","Total",17.3,
2010,"EL","TOTAL","F","PC_GE140","PC","MEAN","Mean income","Percentage","140 percent or over","Females","Total",16.9,
2011,"EL","TOTAL","F","PC_GE140","PC","MEAN","Mean income","Percentage","140 percent or over","Females","Total",17.5,
2012,"EL","TOTAL","F","PC_GE140","PC","MEAN","Mean income","Percentage","140 percent or over","Females","Total",18,
2014,"EL","TOTAL","F","PC_GE140","PC","MEAN","Mean income","Percentage","140 percent or over","Females","Total",18.1,
2015,"EL","TOTAL","F","PC_GE140","PC","MEAN","Mean income","Percentage","140 percent or over","Females","Total",18.2,
2016,"EL","TOTAL","F","PC_GE140","PC","MEAN","Mean income","Percentage","140 percent or over","Females","Total",18.8,
2017,"EL","TOTAL","F","PC_GE140","PC","MEAN","Mean income","Percentage","140 percent or over","Females","Total",17.9,
2018,"EL","TOTAL","F","PC_GE140","PC","MEAN","Mean income","Percentage","140 percent or over","Females","Total",17,
2019,"EL","TOTAL","F","PC_GE140","PC","MEAN","Mean income","Percentage","140 percent or over","Females","Total",17,
2020,"EL","TOTAL","F","PC_GE140","PC","MEAN","Mean income","Percentage","140 percent or over","Females","Total",17,
2021,"EL","TOTAL","F","PC_GE140","PC","MEAN","Mean income","Percentage","140 percent or over","Females","Total",17,
2022,"EL","TOTAL","F","PC_GE140","PC","MEAN","Mean income","Percentage","140 percent or over","Females","Total",17.1,
2023,"EL","TOTAL","F","PC_GE140","PC","MEAN","Mean income","Percentage","140 percent or over","Females","Total",15.6,
2024,"EL","TOTAL","F","PC_GE140","PC","MEAN","Mean income","Percentage","140 percent or over","Females","Total",14.5,
2025,"EL","TOTAL","F","PC_GE140","PC","MEAN","Mean income","Percentage","140 percent or over","Females","Total",13.9,
2003,"EL","Y_LT18","F","PC_GE140","PC","MEAN","Mean income","Percentage","140 percent or over","Females","Less than 18 years",17.3,
2004,"EL","Y_LT18","F","PC_GE140","PC","MEAN","Mean income","Percentage","140 percent or over","Females","Less than 18 years",21.3,
2005,"EL","Y_LT18","F","PC_GE140","PC","MEAN","Mean income","Percentage","140 percent or over","Females","Less than 18 years",18.6,
2006,"EL","Y_LT18","F","PC_GE140","PC","MEAN","Mean income","Percentage","140 percent or over","Females","Less than 18 years",17.8,
2007,"EL","Y_LT18","F","PC_GE140","PC","MEAN","Mean income","Percentage","140 percent or over","Females","Less than 18 years",17.5,
2008,"EL","Y_LT18","F","PC_GE140","PC","MEAN","Mean income","Percentage","140 percent or over","Females","Less than 18 years",17.7,
2009,"EL","Y_LT18","F","PC_GE140","PC","MEAN","Mean income","Percentage","140 percent or over","Females","Less than 18 years",14.6,
2010,"EL","Y_LT18","F","PC_GE140","PC","MEAN","Mean income","Percentage","140 percent or over","Females","Less than 18 years",16.9,
2011,"EL","Y_LT18","F","PC_GE140","PC","MEAN","Mean income","Percentage","140 percent or over","Females","Less than 18 years",17,
2012,"EL","Y_LT18","F","PC_GE140","PC","MEAN","Mean income","Percentage","140 percent or over","Females","Less than 18 years",16.7,
2014,"EL","Y_LT18","F","PC_GE140","PC","MEAN","Mean income","Percentage","140 percent or over","Females","Less than 18 years",18.1,
2015,"EL","Y_LT18","F","PC_GE140","PC","MEAN","Mean income","Percentage","140 percent or over","Females","Less than 18 years",15.6,
2016,"EL","Y_LT18","F","PC_GE140","PC","MEAN","Mean income","Percentage","140 percent or over","Females","Less than 18 years",17.3,
2017,"EL","Y_LT18","F","PC_GE140","PC","MEAN","Mean income","Percentage","140 percent or over","Females","Less than 18 years",16.7,
2018,"EL","Y_LT18","F","PC_GE140","PC","MEAN","Mean income","Percentage","140 percent or over","Females","Less than 18 years",14.6,
2019,"EL","Y_LT18","F","PC_GE140","PC","MEAN","Mean income","Percentage","140 percent or over","Females","Less than 18 years",13.8,
2020,"EL","Y_LT18","F","PC_GE140","PC","MEAN","Mean income","Percentage","140 percent or over","Females","Less than 18 years",14.5,
2021,"EL","Y_LT18","F","PC_GE140","PC","MEAN","Mean income","Percentage","140 percent or over","Females","Less than 18 years",13.4,
2022,"EL","Y_LT18","F","PC_GE140","PC","MEAN","Mean income","Percentage","140 percent or over","Females","Less than 18 years",13.5,
2023,"EL","Y_LT18","F","PC_GE140","PC","MEAN","Mean income","Percentage","140 percent or over","Females","Less than 18 years",12.8,
2024,"EL","Y_LT18","F","PC_GE140","PC","MEAN","Mean income","Percentage","140 percent or over","Females","Less than 18 years",9.9,
2025,"EL","Y_LT18","F","PC_GE140","PC","MEAN","Mean income","Percentage","140 percent or over","Females","Less than 18 years",10.7,
2003,"EL","Y18-64","F","PC_GE140","PC","MEAN","Mean income","Percentage","140 percent or over","Females","From 18 to 64 years",20.8,
2004,"EL","Y18-64","F","PC_GE140","PC","MEAN","Mean income","Percentage","140 percent or over","Females","From 18 to 64 years",21.8,
2005,"EL","Y18-64","F","PC_GE140","PC","MEAN","Mean income","Percentage","140 percent or over","Females","From 18 to 64 years",20.8,
2006,"EL","Y18-64","F","PC_GE140","PC","MEAN","Mean income","Percentage","140 percent or over","Females","From 18 to 64 years",20.6,
2007,"EL","Y18-64","F","PC_GE140","PC","MEAN","Mean income","Percentage","140 percent or over","Females","From 18 to 64 years",20.9,
2008,"EL","Y18-64","F","PC_GE140","PC","MEAN","Mean income","Percentage","140 percent or over","Females","From 18 to 64 years",20.4,
2009,"EL","Y18-64","F","PC_GE140","PC","MEAN","Mean income","Percentage","140 percent or over","Females","From 18 to 64 years",20.2,
2010,"EL","Y18-64","F","PC_GE140","PC","MEAN","Mean income","Percentage","140 percent or over","Females","From 18 to 64 years",19.6,
2011,"EL","Y18-64","F","PC_GE140","PC","MEAN","Mean income","Percentage","140 percent or over","Females","From 18 to 64 years",19.9,
2012,"EL","Y18-64","F","PC_GE140","PC","MEAN","Mean income","Percentage","140 percent or over","Females","From 18 to 64 years",19.1,
2014,"EL","Y18-64","F","PC_GE140","PC","MEAN","Mean income","Percentage","140 percent or over","Females","From 18 to 64 years",19.4,
2015,"EL","Y18-64","F","PC_GE140","PC","MEAN","Mean income","Percentage","140 percent or over","Females","From 18 to 64 years",20.2,
2016,"EL","Y18-64","F","PC_GE140","PC","MEAN","Mean income","Percentage","140 percent or over","Females","From 18 to 64 years",20.7,
2017,"EL","Y18-64","F","PC_GE140","PC","MEAN","Mean income","Percentage","140 percent or over","Females","From 18 to 64 years",19.6,
2018,"EL","Y18-64","F","PC_GE140","PC","MEAN","Mean income","Percentage","140 percent or over","Females","From 18 to 64 years",18.8,
2019,"EL","Y18-64","F","PC_GE140","PC","MEAN","Mean income","Percentage","140 percent or over","Females","From 18 to 64 years",19.2,
2020,"EL","Y18-64","F","PC_GE140","PC","MEAN","Mean income","Percentage","140 percent or over","Females","From 18 to 64 years",18.5,
2021,"EL","Y18-64","F","PC_GE140","PC","MEAN","Mean income","Percentage","140 percent or over","Females","From 18 to 64 years",18.9,
2022,"EL","Y18-64","F","PC_GE140","PC","MEAN","Mean income","Percentage","140 percent or over","Females","From 18 to 64 years",18.9,
2023,"EL","Y18-64","F","PC_GE140","PC","MEAN","Mean income","Percentage","140 percent or over","Females","From 18 to 64 years",17.7,
2024,"EL","Y18-64","F","PC_GE140","PC","MEAN","Mean income","Percentage","140 percent or over","Females","From 18 to 64 years",17.2,
2025,"EL","Y18-64","F","PC_GE140","PC","MEAN","Mean income","Percentage","140 percent or over","Females","From 18 to 64 years",16.9,
2003,"EL","Y_GE65","F","PC_GE140","PC","MEAN","Mean income","Percentage","140 percent or over","Females","65 years or over",10.2,
2004,"EL","Y_GE65","F","PC_GE140","PC","MEAN","Mean income","Percentage","140 percent or over","Females","65 years or over",10.5,
2005,"EL","Y_GE65","F","PC_GE140","PC","MEAN","Mean income","Percentage","140 percent or over","Females","65 years or over",11,
2006,"EL","Y_GE65","F","PC_GE140","PC","MEAN","Mean income","Percentage","140 percent or over","Females","65 years or over",8,
2007,"EL","Y_GE65","F","PC_GE140","PC","MEAN","Mean income","Percentage","140 percent or over","Females","65 years or over",10,
2008,"EL","Y_GE65","F","PC_GE140","PC","MEAN","Mean income","Percentage","140 percent or over","Females","65 years or over",10.6,
2009,"EL","Y_GE65","F","PC_GE140","PC","MEAN","Mean income","Percentage","140 percent or over","Females","65 years or over",9.8,
2010,"EL","Y_GE65","F","PC_GE140","PC","MEAN","Mean income","Percentage","140 percent or over","Females","65 years or over",8.7,
2011,"EL","Y_GE65","F","PC_GE140","PC","MEAN","Mean income","Percentage","140 percent or over","Females","65 years or over",10.2,
2012,"EL","Y_GE65","F","PC_GE140","PC","MEAN","Mean income","Percentage","140 percent or over","Females","65 years or over",15.6,
2014,"EL","Y_GE65","F","PC_GE140","PC","MEAN","Mean income","Percentage","140 percent or over","Females","65 years or over",14.1,
2015,"EL","Y_GE65","F","PC_GE140","PC","MEAN","Mean income","Percentage","140 percent or over","Females","65 years or over",14.1,
2016,"EL","Y_GE65","F","PC_GE140","PC","MEAN","Mean income","Percentage","140 percent or over","Females","65 years or over",14.3,
2017,"EL","Y_GE65","F","PC_GE140","PC","MEAN","Mean income","Percentage","140 percent or over","Females","65 years or over",14.1,
2018,"EL","Y_GE65","F","PC_GE140","PC","MEAN","Mean income","Percentage","140 percent or over","Females","65 years or over",13.6,
2019,"EL","Y_GE65","F","PC_GE140","PC","MEAN","Mean income","Percentage","140 percent or over","Females","65 years or over",13.7,
2020,"EL","Y_GE65","F","PC_GE140","PC","MEAN","Mean income","Percentage","140 percent or over","Females","65 years or over",14.9,
2021,"EL","Y_GE65","F","PC_GE140","PC","MEAN","Mean income","Percentage","140 percent or over","Females","65 years or over",14.8,
2022,"EL","Y_GE65","F","PC_GE140","PC","MEAN","Mean income","Percentage","140 percent or over","Females","65 years or over",14.8,
2023,"EL","Y_GE65","F","PC_GE140","PC","MEAN","Mean income","Percentage","140 percent or over","Females","65 years or over",12.2,
2024,"EL","Y_GE65","F","PC_GE140","PC","MEAN","Mean income","Percentage","140 percent or over","Females","65 years or over",10.9,
2025,"EL","Y_GE65","F","PC_GE140","PC","MEAN","Mean income","Percentage","140 percent or over","Females","65 years or over",8.9,
2003,"EL","TOTAL","T","PC_GE150","PC","MEAN","Mean income","Percentage","150 percent or over","Total","Total",15.5,
2004,"EL","TOTAL","T","PC_GE150","PC","MEAN","Mean income","Percentage","150 percent or over","Total","Total",16.6,
2005,"EL","TOTAL","T","PC_GE150","PC","MEAN","Mean income","Percentage","150 percent or over","Total","Total",15.7,
2006,"EL","TOTAL","T","PC_GE150","PC","MEAN","Mean income","Percentage","150 percent or over","Total","Total",15.3,
2007,"EL","TOTAL","T","PC_GE150","PC","MEAN","Mean income","Percentage","150 percent or over","Total","Total",15.4,
2008,"EL","TOTAL","T","PC_GE150","PC","MEAN","Mean income","Percentage","150 percent or over","Total","Total",15.3,
2009,"EL","TOTAL","T","PC_GE150","PC","MEAN","Mean income","Percentage","150 percent or over","Total","Total",14.7,
2010,"EL","TOTAL","T","PC_GE150","PC","MEAN","Mean income","Percentage","150 percent or over","Total","Total",13.6,
2011,"EL","TOTAL","T","PC_GE150","PC","MEAN","Mean income","Percentage","150 percent or over","Total","Total",15.4,
2012,"EL","TOTAL","T","PC_GE150","PC","MEAN","Mean income","Percentage","150 percent or over","Total","Total",15.9,
2014,"EL","TOTAL","T","PC_GE150","PC","MEAN","Mean income","Percentage","150 percent or over","Total","Total",15.9,
2015,"EL","TOTAL","T","PC_GE150","PC","MEAN","Mean income","Percentage","150 percent or over","Total","Total",15.8,
2016,"EL","TOTAL","T","PC_GE150","PC","MEAN","Mean income","Percentage","150 percent or over","Total","Total",16.1,
2017,"EL","TOTAL","T","PC_GE150","PC","MEAN","Mean income","Percentage","150 percent or over","Total","Total",14.8,
2018,"EL","TOTAL","T","PC_GE150","PC","MEAN","Mean income","Percentage","150 percent or over","Total","Total",14.4,
2019,"EL","TOTAL","T","PC_GE150","PC","MEAN","Mean income","Percentage","150 percent or over","Total","Total",14,
2020,"EL","TOTAL","T","PC_GE150","PC","MEAN","Mean income","Percentage","150 percent or over","Total","Total",13.6,
2021,"EL","TOTAL","T","PC_GE150","PC","MEAN","Mean income","Percentage","150 percent or over","Total","Total",14.4,
2022,"EL","TOTAL","T","PC_GE150","PC","MEAN","Mean income","Percentage","150 percent or over","Total","Total",13.9,
2023,"EL","TOTAL","T","PC_GE150","PC","MEAN","Mean income","Percentage","150 percent or over","Total","Total",12.9,
2024,"EL","TOTAL","T","PC_GE150","PC","MEAN","Mean income","Percentage","150 percent or over","Total","Total",12.3,
2025,"EL","TOTAL","T","PC_GE150","PC","MEAN","Mean income","Percentage","150 percent or over","Total","Total",11.2,
2003,"EL","Y_LT18","T","PC_GE150","PC","MEAN","Mean income","Percentage","150 percent or over","Total","Less than 18 years",14.6,
2004,"EL","Y_LT18","T","PC_GE150","PC","MEAN","Mean income","Percentage","150 percent or over","Total","Less than 18 years",17.2,
2005,"EL","Y_LT18","T","PC_GE150","PC","MEAN","Mean income","Percentage","150 percent or over","Total","Less than 18 years",16.2,
2006,"EL","Y_LT18","T","PC_GE150","PC","MEAN","Mean income","Percentage","150 percent or over","Total","Less than 18 years",14.5,
2007,"EL","Y_LT18","T","PC_GE150","PC","MEAN","Mean income","Percentage","150 percent or over","Total","Less than 18 years",13.8,
2008,"EL","Y_LT18","T","PC_GE150","PC","MEAN","Mean income","Percentage","150 percent or over","Total","Less than 18 years",14,
2009,"EL","Y_LT18","T","PC_GE150","PC","MEAN","Mean income","Percentage","150 percent or over","Total","Less than 18 years",12.5,
2010,"EL","Y_LT18","T","PC_GE150","PC","MEAN","Mean income","Percentage","150 percent or over","Total","Less than 18 years",10.6,
2011,"EL","Y_LT18","T","PC_GE150","PC","MEAN","Mean income","Percentage","150 percent or over","Total","Less than 18 years",13.3,
2012,"EL","Y_LT18","T","PC_GE150","PC","MEAN","Mean income","Percentage","150 percent or over","Total","Less than 18 years",14.4,
2014,"EL","Y_LT18","T","PC_GE150","PC","MEAN","Mean income","Percentage","150 percent or over","Total","Less than 18 years",13.9,
2015,"EL","Y_LT18","T","PC_GE150","PC","MEAN","Mean income","Percentage","150 percent or over","Total","Less than 18 years",13.1,
2016,"EL","Y_LT18","T","PC_GE150","PC","MEAN","Mean income","Percentage","150 percent or over","Total","Less than 18 years",13.6,
2017,"EL","Y_LT18","T","PC_GE150","PC","MEAN","Mean income","Percentage","150 percent or over","Total","Less than 18 years",12.3,
2018,"EL","Y_LT18","T","PC_GE150","PC","MEAN","Mean income","Percentage","150 percent or over","Total","Less than 18 years",11.1,
2019,"EL","Y_LT18","T","PC_GE150","PC","MEAN","Mean income","Percentage","150 percent or over","Total","Less than 18 years",10.7,
2020,"EL","Y_LT18","T","PC_GE150","PC","MEAN","Mean income","Percentage","150 percent or over","Total","Less than 18 years",10,
2021,"EL","Y_LT18","T","PC_GE150","PC","MEAN","Mean income","Percentage","150 percent or over","Total","Less than 18 years",10.1,
2022,"EL","Y_LT18","T","PC_GE150","PC","MEAN","Mean income","Percentage","150 percent or over","Total","Less than 18 years",10.2,
2023,"EL","Y_LT18","T","PC_GE150","PC","MEAN","Mean income","Percentage","150 percent or over","Total","Less than 18 years",10,
2024,"EL","Y_LT18","T","PC_GE150","PC","MEAN","Mean income","Percentage","150 percent or over","Total","Less than 18 years",9.3,
2025,"EL","Y_LT18","T","PC_GE150","PC","MEAN","Mean income","Percentage","150 percent or over","Total","Less than 18 years",8.4,
2003,"EL","Y18-64","T","PC_GE150","PC","MEAN","Mean income","Percentage","150 percent or over","Total","From 18 to 64 years",17.6,
2004,"EL","Y18-64","T","PC_GE150","PC","MEAN","Mean income","Percentage","150 percent or over","Total","From 18 to 64 years",18.4,
2005,"EL","Y18-64","T","PC_GE150","PC","MEAN","Mean income","Percentage","150 percent or over","Total","From 18 to 64 years",17.2,
2006,"EL","Y18-64","T","PC_GE150","PC","MEAN","Mean income","Percentage","150 percent or over","Total","From 18 to 64 years",17.6,
2007,"EL","Y18-64","T","PC_GE150","PC","MEAN","Mean income","Percentage","150 percent or over","Total","From 18 to 64 years",17.6,
2008,"EL","Y18-64","T","PC_GE150","PC","MEAN","Mean income","Percentage","150 percent or over","Total","From 18 to 64 years",17.1,
2009,"EL","Y18-64","T","PC_GE150","PC","MEAN","Mean income","Percentage","150 percent or over","Total","From 18 to 64 years",17,
2010,"EL","Y18-64","T","PC_GE150","PC","MEAN","Mean income","Percentage","150 percent or over","Total","From 18 to 64 years",15.9,
2011,"EL","Y18-64","T","PC_GE150","PC","MEAN","Mean income","Percentage","150 percent or over","Total","From 18 to 64 years",17.3,
2012,"EL","Y18-64","T","PC_GE150","PC","MEAN","Mean income","Percentage","150 percent or over","Total","From 18 to 64 years",16.7,
2014,"EL","Y18-64","T","PC_GE150","PC","MEAN","Mean income","Percentage","150 percent or over","Total","From 18 to 64 years",17.2,
2015,"EL","Y18-64","T","PC_GE150","PC","MEAN","Mean income","Percentage","150 percent or over","Total","From 18 to 64 years",17.4,
2016,"EL","Y18-64","T","PC_GE150","PC","MEAN","Mean income","Percentage","150 percent or over","Total","From 18 to 64 years",17.6,
2017,"EL","Y18-64","T","PC_GE150","PC","MEAN","Mean income","Percentage","150 percent or over","Total","From 18 to 64 years",16.2,
2018,"EL","Y18-64","T","PC_GE150","PC","MEAN","Mean income","Percentage","150 percent or over","Total","From 18 to 64 years",16,
2019,"EL","Y18-64","T","PC_GE150","PC","MEAN","Mean income","Percentage","150 percent or over","Total","From 18 to 64 years",15.8,
2020,"EL","Y18-64","T","PC_GE150","PC","MEAN","Mean income","Percentage","150 percent or over","Total","From 18 to 64 years",14.8,
2021,"EL","Y18-64","T","PC_GE150","PC","MEAN","Mean income","Percentage","150 percent or over","Total","From 18 to 64 years",15.5,
2022,"EL","Y18-64","T","PC_GE150","PC","MEAN","Mean income","Percentage","150 percent or over","Total","From 18 to 64 years",15.1,
2023,"EL","Y18-64","T","PC_GE150","PC","MEAN","Mean income","Percentage","150 percent or over","Total","From 18 to 64 years",14.3,
2024,"EL","Y18-64","T","PC_GE150","PC","MEAN","Mean income","Percentage","150 percent or over","Total","From 18 to 64 years",13.9,
2025,"EL","Y18-64","T","PC_GE150","PC","MEAN","Mean income","Percentage","150 percent or over","Total","From 18 to 64 years",13.3,
2003,"EL","Y_GE65","T","PC_GE150","PC","MEAN","Mean income","Percentage","150 percent or over","Total","65 years or over",8.9,
2004,"EL","Y_GE65","T","PC_GE150","PC","MEAN","Mean income","Percentage","150 percent or over","Total","65 years or over",9.4,
2005,"EL","Y_GE65","T","PC_GE150","PC","MEAN","Mean income","Percentage","150 percent or over","Total","65 years or over",9.8,
2006,"EL","Y_GE65","T","PC_GE150","PC","MEAN","Mean income","Percentage","150 percent or over","Total","65 years or over",8.1,
2007,"EL","Y_GE65","T","PC_GE150","PC","MEAN","Mean income","Percentage","150 percent or over","Total","65 years or over",9.2,
2008,"EL","Y_GE65","T","PC_GE150","PC","MEAN","Mean income","Percentage","150 percent or over","Total","65 years or over",9.8,
2009,"EL","Y_GE65","T","PC_GE150","PC","MEAN","Mean income","Percentage","150 percent or over","Total","65 years or over",8.6,
2010,"EL","Y_GE65","T","PC_GE150","PC","MEAN","Mean income","Percentage","150 percent or over","Total","65 years or over",8.4,
2011,"EL","Y_GE65","T","PC_GE150","PC","MEAN","Mean income","Percentage","150 percent or over","Total","65 years or over",10.6,
2012,"EL","Y_GE65","T","PC_GE150","PC","MEAN","Mean income","Percentage","150 percent or over","Total","65 years or over",14.7,
2014,"EL","Y_GE65","T","PC_GE150","PC","MEAN","Mean income","Percentage","150 percent or over","Total","65 years or over",13.2,
2015,"EL","Y_GE65","T","PC_GE150","PC","MEAN","Mean income","Percentage","150 percent or over","Total","65 years or over",13.2,
2016,"EL","Y_GE65","T","PC_GE150","PC","MEAN","Mean income","Percentage","150 percent or over","Total","65 years or over",13.5,
2017,"EL","Y_GE65","T","PC_GE150","PC","MEAN","Mean income","Percentage","150 percent or over","Total","65 years or over",12.7,
2018,"EL","Y_GE65","T","PC_GE150","PC","MEAN","Mean income","Percentage","150 percent or over","Total","65 years or over",12.6,
2019,"EL","Y_GE65","T","PC_GE150","PC","MEAN","Mean income","Percentage","150 percent or over","Total","65 years or over",12.1,
2020,"EL","Y_GE65","T","PC_GE150","PC","MEAN","Mean income","Percentage","150 percent or over","Total","65 years or over",13,
2021,"EL","Y_GE65","T","PC_GE150","PC","MEAN","Mean income","Percentage","150 percent or over","Total","65 years or over",14.5,
2022,"EL","Y_GE65","T","PC_GE150","PC","MEAN","Mean income","Percentage","150 percent or over","Total","65 years or over",13.5,
2023,"EL","Y_GE65","T","PC_GE150","PC","MEAN","Mean income","Percentage","150 percent or over","Total","65 years or over",11.1,
2024,"EL","Y_GE65","T","PC_GE150","PC","MEAN","Mean income","Percentage","150 percent or over","Total","65 years or over",10.1,
2025,"EL","Y_GE65","T","PC_GE150","PC","MEAN","Mean income","Percentage","150 percent or over","Total","65 years or over",7.9,
2003,"EL","TOTAL","M","PC_GE150","PC","MEAN","Mean income","Percentage","150 percent or over","Males","Total",16,
2004,"EL","TOTAL","M","PC_GE150","PC","MEAN","Mean income","Percentage","150 percent or over","Males","Total",16.9,
2005,"EL","TOTAL","M","PC_GE150","PC","MEAN","Mean income","Percentage","150 percent or over","Males","Total",16.3,
2006,"EL","TOTAL","M","PC_GE150","PC","MEAN","Mean income","Percentage","150 percent or over","Males","Total",16.1,
2007,"EL","TOTAL","M","PC_GE150","PC","MEAN","Mean income","Percentage","150 percent or over","Males","Total",16,
2008,"EL","TOTAL","M","PC_GE150","PC","MEAN","Mean income","Percentage","150 percent or over","Males","Total",15.7,
2009,"EL","TOTAL","M","PC_GE150","PC","MEAN","Mean income","Percentage","150 percent or over","Males","Total",15.3,
2010,"EL","TOTAL","M","PC_GE150","PC","MEAN","Mean income","Percentage","150 percent or over","Males","Total",13.9,
2011,"EL","TOTAL","M","PC_GE150","PC","MEAN","Mean income","Percentage","150 percent or over","Males","Total",16.2,
2012,"EL","TOTAL","M","PC_GE150","PC","MEAN","Mean income","Percentage","150 percent or over","Males","Total",16.8,
2014,"EL","TOTAL","M","PC_GE150","PC","MEAN","Mean income","Percentage","150 percent or over","Males","Total",16.4,
2015,"EL","TOTAL","M","PC_GE150","PC","MEAN","Mean income","Percentage","150 percent or over","Males","Total",16.4,
2016,"EL","TOTAL","M","PC_GE150","PC","MEAN","Mean income","Percentage","150 percent or over","Males","Total",16.7,
2017,"EL","TOTAL","M","PC_GE150","PC","MEAN","Mean income","Percentage","150 percent or over","Males","Total",15.1,
2018,"EL","TOTAL","M","PC_GE150","PC","MEAN","Mean income","Percentage","150 percent or over","Males","Total",14.9,
2019,"EL","TOTAL","M","PC_GE150","PC","MEAN","Mean income","Percentage","150 percent or over","Males","Total",14.6,
2020,"EL","TOTAL","M","PC_GE150","PC","MEAN","Mean income","Percentage","150 percent or over","Males","Total",14.1,
2021,"EL","TOTAL","M","PC_GE150","PC","MEAN","Mean income","Percentage","150 percent or over","Males","Total",15,
2022,"EL","TOTAL","M","PC_GE150","PC","MEAN","Mean income","Percentage","150 percent or over","Males","Total",14.3,
2023,"EL","TOTAL","M","PC_GE150","PC","MEAN","Mean income","Percentage","150 percent or over","Males","Total",13.2,
2024,"EL","TOTAL","M","PC_GE150","PC","MEAN","Mean income","Percentage","150 percent or over","Males","Total",12.8,
2025,"EL","TOTAL","M","PC_GE150","PC","MEAN","Mean income","Percentage","150 percent or over","Males","Total",11.7,
2003,"EL","Y_LT18","M","PC_GE150","PC","MEAN","Mean income","Percentage","150 percent or over","Males","Less than 18 years",14.8,
2004,"EL","Y_LT18","M","PC_GE150","PC","MEAN","Mean income","Percentage","150 percent or over","Males","Less than 18 years",17,
2005,"EL","Y_LT18","M","PC_GE150","PC","MEAN","Mean income","Percentage","150 percent or over","Males","Less than 18 years",17.1,
2006,"EL","Y_LT18","M","PC_GE150","PC","MEAN","Mean income","Percentage","150 percent or over","Males","Less than 18 years",15.2,
2007,"EL","Y_LT18","M","PC_GE150","PC","MEAN","Mean income","Percentage","150 percent or over","Males","Less than 18 years",14,
2008,"EL","Y_LT18","M","PC_GE150","PC","MEAN","Mean income","Percentage","150 percent or over","Males","Less than 18 years",12.9,
2009,"EL","Y_LT18","M","PC_GE150","PC","MEAN","Mean income","Percentage","150 percent or over","Males","Less than 18 years",12.8,
2010,"EL","Y_LT18","M","PC_GE150","PC","MEAN","Mean income","Percentage","150 percent or over","Males","Less than 18 years",10.2,
2011,"EL","Y_LT18","M","PC_GE150","PC","MEAN","Mean income","Percentage","150 percent or over","Males","Less than 18 years",13,
2012,"EL","Y_LT18","M","PC_GE150","PC","MEAN","Mean income","Percentage","150 percent or over","Males","Less than 18 years",15.2,
2014,"EL","Y_LT18","M","PC_GE150","PC","MEAN","Mean income","Percentage","150 percent or over","Males","Less than 18 years",13.1,
2015,"EL","Y_LT18","M","PC_GE150","PC","MEAN","Mean income","Percentage","150 percent or over","Males","Less than 18 years",12.7,
2016,"EL","Y_LT18","M","PC_GE150","PC","MEAN","Mean income","Percentage","150 percent or over","Males","Less than 18 years",12.8,
2017,"EL","Y_LT18","M","PC_GE150","PC","MEAN","Mean income","Percentage","150 percent or over","Males","Less than 18 years",11.2,
2018,"EL","Y_LT18","M","PC_GE150","PC","MEAN","Mean income","Percentage","150 percent or over","Males","Less than 18 years",10.4,
2019,"EL","Y_LT18","M","PC_GE150","PC","MEAN","Mean income","Percentage","150 percent or over","Males","Less than 18 years",10.5,
2020,"EL","Y_LT18","M","PC_GE150","PC","MEAN","Mean income","Percentage","150 percent or over","Males","Less than 18 years",9.4,
2021,"EL","Y_LT18","M","PC_GE150","PC","MEAN","Mean income","Percentage","150 percent or over","Males","Less than 18 years",9.6,
2022,"EL","Y_LT18","M","PC_GE150","PC","MEAN","Mean income","Percentage","150 percent or over","Males","Less than 18 years",9.2,
2023,"EL","Y_LT18","M","PC_GE150","PC","MEAN","Mean income","Percentage","150 percent or over","Males","Less than 18 years",9.4,
2024,"EL","Y_LT18","M","PC_GE150","PC","MEAN","Mean income","Percentage","150 percent or over","Males","Less than 18 years",9.9,
2025,"EL","Y_LT18","M","PC_GE150","PC","MEAN","Mean income","Percentage","150 percent or over","Males","Less than 18 years",7.7,
2003,"EL","Y18-64","M","PC_GE150","PC","MEAN","Mean income","Percentage","150 percent or over","Males","From 18 to 64 years",17.7,
2004,"EL","Y18-64","M","PC_GE150","PC","MEAN","Mean income","Percentage","150 percent or over","Males","From 18 to 64 years",18.4,
2005,"EL","Y18-64","M","PC_GE150","PC","MEAN","Mean income","Percentage","150 percent or over","Males","From 18 to 64 years",17.3,
2006,"EL","Y18-64","M","PC_GE150","PC","MEAN","Mean income","Percentage","150 percent or over","Males","From 18 to 64 years",18.1,
2007,"EL","Y18-64","M","PC_GE150","PC","MEAN","Mean income","Percentage","150 percent or over","Males","From 18 to 64 years",18,
2008,"EL","Y18-64","M","PC_GE150","PC","MEAN","Mean income","Percentage","150 percent or over","Males","From 18 to 64 years",17.3,
2009,"EL","Y18-64","M","PC_GE150","PC","MEAN","Mean income","Percentage","150 percent or over","Males","From 18 to 64 years",17.3,
2010,"EL","Y18-64","M","PC_GE150","PC","MEAN","Mean income","Percentage","150 percent or over","Males","From 18 to 64 years",15.8,
2011,"EL","Y18-64","M","PC_GE150","PC","MEAN","Mean income","Percentage","150 percent or over","Males","From 18 to 64 years",17.9,
2012,"EL","Y18-64","M","PC_GE150","PC","MEAN","Mean income","Percentage","150 percent or over","Males","From 18 to 64 years",17.2,
2014,"EL","Y18-64","M","PC_GE150","PC","MEAN","Mean income","Percentage","150 percent or over","Males","From 18 to 64 years",17.7,
2015,"EL","Y18-64","M","PC_GE150","PC","MEAN","Mean income","Percentage","150 percent or over","Males","From 18 to 64 years",17.8,
2016,"EL","Y18-64","M","PC_GE150","PC","MEAN","Mean income","Percentage","150 percent or over","Males","From 18 to 64 years",17.9,
2017,"EL","Y18-64","M","PC_GE150","PC","MEAN","Mean income","Percentage","150 percent or over","Males","From 18 to 64 years",16.5,
2018,"EL","Y18-64","M","PC_GE150","PC","MEAN","Mean income","Percentage","150 percent or over","Males","From 18 to 64 years",16.4,
2019,"EL","Y18-64","M","PC_GE150","PC","MEAN","Mean income","Percentage","150 percent or over","Males","From 18 to 64 years",16.1,
2020,"EL","Y18-64","M","PC_GE150","PC","MEAN","Mean income","Percentage","150 percent or over","Males","From 18 to 64 years",15.1,
2021,"EL","Y18-64","M","PC_GE150","PC","MEAN","Mean income","Percentage","150 percent or over","Males","From 18 to 64 years",15.7,
2022,"EL","Y18-64","M","PC_GE150","PC","MEAN","Mean income","Percentage","150 percent or over","Males","From 18 to 64 years",15,
2023,"EL","Y18-64","M","PC_GE150","PC","MEAN","Mean income","Percentage","150 percent or over","Males","From 18 to 64 years",14.3,
2024,"EL","Y18-64","M","PC_GE150","PC","MEAN","Mean income","Percentage","150 percent or over","Males","From 18 to 64 years",13.6,
2025,"EL","Y18-64","M","PC_GE150","PC","MEAN","Mean income","Percentage","150 percent or over","Males","From 18 to 64 years",13.4,
2003,"EL","Y_GE65","M","PC_GE150","PC","MEAN","Mean income","Percentage","150 percent or over","Males","65 years or over",10.1,
2004,"EL","Y_GE65","M","PC_GE150","PC","MEAN","Mean income","Percentage","150 percent or over","Males","65 years or over",10.9,
2005,"EL","Y_GE65","M","PC_GE150","PC","MEAN","Mean income","Percentage","150 percent or over","Males","65 years or over",10.5,
2006,"EL","Y_GE65","M","PC_GE150","PC","MEAN","Mean income","Percentage","150 percent or over","Males","65 years or over",9.5,
2007,"EL","Y_GE65","M","PC_GE150","PC","MEAN","Mean income","Percentage","150 percent or over","Males","65 years or over",10.7,
2008,"EL","Y_GE65","M","PC_GE150","PC","MEAN","Mean income","Percentage","150 percent or over","Males","65 years or over",11.9,
2009,"EL","Y_GE65","M","PC_GE150","PC","MEAN","Mean income","Percentage","150 percent or over","Males","65 years or over",9.9,
2010,"EL","Y_GE65","M","PC_GE150","PC","MEAN","Mean income","Percentage","150 percent or over","Males","65 years or over",10.3,
2011,"EL","Y_GE65","M","PC_GE150","PC","MEAN","Mean income","Percentage","150 percent or over","Males","65 years or over",13.3,
2012,"EL","Y_GE65","M","PC_GE150","PC","MEAN","Mean income","Percentage","150 percent or over","Males","65 years or over",16.7,
2014,"EL","Y_GE65","M","PC_GE150","PC","MEAN","Mean income","Percentage","150 percent or over","Males","65 years or over",14.8,
2015,"EL","Y_GE65","M","PC_GE150","PC","MEAN","Mean income","Percentage","150 percent or over","Males","65 years or over",15.1,
2016,"EL","Y_GE65","M","PC_GE150","PC","MEAN","Mean income","Percentage","150 percent or over","Males","65 years or over",16.2,
2017,"EL","Y_GE65","M","PC_GE150","PC","MEAN","Mean income","Percentage","150 percent or over","Males","65 years or over",14.4,
2018,"EL","Y_GE65","M","PC_GE150","PC","MEAN","Mean income","Percentage","150 percent or over","Males","65 years or over",14.2,
2019,"EL","Y_GE65","M","PC_GE150","PC","MEAN","Mean income","Percentage","150 percent or over","Males","65 years or over",14,
2020,"EL","Y_GE65","M","PC_GE150","PC","MEAN","Mean income","Percentage","150 percent or over","Males","65 years or over",15.2,
2021,"EL","Y_GE65","M","PC_GE150","PC","MEAN","Mean income","Percentage","150 percent or over","Males","65 years or over",17.5,
2022,"EL","Y_GE65","M","PC_GE150","PC","MEAN","Mean income","Percentage","150 percent or over","Males","65 years or over",16.2,
2023,"EL","Y_GE65","M","PC_GE150","PC","MEAN","Mean income","Percentage","150 percent or over","Males","65 years or over",13.2,
2024,"EL","Y_GE65","M","PC_GE150","PC","MEAN","Mean income","Percentage","150 percent or over","Males","65 years or over",12.2,
2025,"EL","Y_GE65","M","PC_GE150","PC","MEAN","Mean income","Percentage","150 percent or over","Males","65 years or over",9.8,
2003,"EL","TOTAL","F","PC_GE150","PC","MEAN","Mean income","Percentage","150 percent or over","Females","Total",15.1,
2004,"EL","TOTAL","F","PC_GE150","PC","MEAN","Mean income","Percentage","150 percent or over","Females","Total",16.3,
2005,"EL","TOTAL","F","PC_GE150","PC","MEAN","Mean income","Percentage","150 percent or over","Females","Total",15.2,
2006,"EL","TOTAL","F","PC_GE150","PC","MEAN","Mean income","Percentage","150 percent or over","Females","Total",14.6,
2007,"EL","TOTAL","F","PC_GE150","PC","MEAN","Mean income","Percentage","150 percent or over","Females","Total",14.8,
2008,"EL","TOTAL","F","PC_GE150","PC","MEAN","Mean income","Percentage","150 percent or over","Females","Total",14.8,
2009,"EL","TOTAL","F","PC_GE150","PC","MEAN","Mean income","Percentage","150 percent or over","Females","Total",14.1,
2010,"EL","TOTAL","F","PC_GE150","PC","MEAN","Mean income","Percentage","150 percent or over","Females","Total",13.3,
2011,"EL","TOTAL","F","PC_GE150","PC","MEAN","Mean income","Percentage","150 percent or over","Females","Total",14.6,
2012,"EL","TOTAL","F","PC_GE150","PC","MEAN","Mean income","Percentage","150 percent or over","Females","Total",15.1,
2014,"EL","TOTAL","F","PC_GE150","PC","MEAN","Mean income","Percentage","150 percent or over","Females","Total",15.5,
2015,"EL","TOTAL","F","PC_GE150","PC","MEAN","Mean income","Percentage","150 percent or over","Females","Total",15.2,
2016,"EL","TOTAL","F","PC_GE150","PC","MEAN","Mean income","Percentage","150 percent or over","Females","Total",15.6,
2017,"EL","TOTAL","F","PC_GE150","PC","MEAN","Mean income","Percentage","150 percent or over","Females","Total",14.5,
2018,"EL","TOTAL","F","PC_GE150","PC","MEAN","Mean income","Percentage","150 percent or over","Females","Total",13.9,
2019,"EL","TOTAL","F","PC_GE150","PC","MEAN","Mean income","Percentage","150 percent or over","Females","Total",13.5,
2020,"EL","TOTAL","F","PC_GE150","PC","MEAN","Mean income","Percentage","150 percent or over","Females","Total",13.2,
2021,"EL","TOTAL","F","PC_GE150","PC","MEAN","Mean income","Percentage","150 percent or over","Females","Total",13.9,
2022,"EL","TOTAL","F","PC_GE150","PC","MEAN","Mean income","Percentage","150 percent or over","Females","Total",13.6,
2023,"EL","TOTAL","F","PC_GE150","PC","MEAN","Mean income","Percentage","150 percent or over","Females","Total",12.5,
2024,"EL","TOTAL","F","PC_GE150","PC","MEAN","Mean income","Percentage","150 percent or over","Females","Total",11.8,
2025,"EL","TOTAL","F","PC_GE150","PC","MEAN","Mean income","Percentage","150 percent or over","Females","Total",10.8,
2003,"EL","Y_LT18","F","PC_GE150","PC","MEAN","Mean income","Percentage","150 percent or over","Females","Less than 18 years",14.4,
2004,"EL","Y_LT18","F","PC_GE150","PC","MEAN","Mean income","Percentage","150 percent or over","Females","Less than 18 years",17.4,
2005,"EL","Y_LT18","F","PC_GE150","PC","MEAN","Mean income","Percentage","150 percent or over","Females","Less than 18 years",15.2,
2006,"EL","Y_LT18","F","PC_GE150","PC","MEAN","Mean income","Percentage","150 percent or over","Females","Less than 18 years",13.8,
2007,"EL","Y_LT18","F","PC_GE150","PC","MEAN","Mean income","Percentage","150 percent or over","Females","Less than 18 years",13.7,
2008,"EL","Y_LT18","F","PC_GE150","PC","MEAN","Mean income","Percentage","150 percent or over","Females","Less than 18 years",15,
2009,"EL","Y_LT18","F","PC_GE150","PC","MEAN","Mean income","Percentage","150 percent or over","Females","Less than 18 years",12.1,
2010,"EL","Y_LT18","F","PC_GE150","PC","MEAN","Mean income","Percentage","150 percent or over","Females","Less than 18 years",10.9,
2011,"EL","Y_LT18","F","PC_GE150","PC","MEAN","Mean income","Percentage","150 percent or over","Females","Less than 18 years",13.7,
2012,"EL","Y_LT18","F","PC_GE150","PC","MEAN","Mean income","Percentage","150 percent or over","Females","Less than 18 years",13.5,
2014,"EL","Y_LT18","F","PC_GE150","PC","MEAN","Mean income","Percentage","150 percent or over","Females","Less than 18 years",14.9,
2015,"EL","Y_LT18","F","PC_GE150","PC","MEAN","Mean income","Percentage","150 percent or over","Females","Less than 18 years",13.4,
2016,"EL","Y_LT18","F","PC_GE150","PC","MEAN","Mean income","Percentage","150 percent or over","Females","Less than 18 years",14.4,
2017,"EL","Y_LT18","F","PC_GE150","PC","MEAN","Mean income","Percentage","150 percent or over","Females","Less than 18 years",13.4,
2018,"EL","Y_LT18","F","PC_GE150","PC","MEAN","Mean income","Percentage","150 percent or over","Females","Less than 18 years",11.7,
2019,"EL","Y_LT18","F","PC_GE150","PC","MEAN","Mean income","Percentage","150 percent or over","Females","Less than 18 years",11,
2020,"EL","Y_LT18","F","PC_GE150","PC","MEAN","Mean income","Percentage","150 percent or over","Females","Less than 18 years",10.8,
2021,"EL","Y_LT18","F","PC_GE150","PC","MEAN","Mean income","Percentage","150 percent or over","Females","Less than 18 years",10.7,
2022,"EL","Y_LT18","F","PC_GE150","PC","MEAN","Mean income","Percentage","150 percent or over","Females","Less than 18 years",11.3,
2023,"EL","Y_LT18","F","PC_GE150","PC","MEAN","Mean income","Percentage","150 percent or over","Females","Less than 18 years",10.5,
2024,"EL","Y_LT18","F","PC_GE150","PC","MEAN","Mean income","Percentage","150 percent or over","Females","Less than 18 years",8.6,
2025,"EL","Y_LT18","F","PC_GE150","PC","MEAN","Mean income","Percentage","150 percent or over","Females","Less than 18 years",9.1,
2003,"EL","Y18-64","F","PC_GE150","PC","MEAN","Mean income","Percentage","150 percent or over","Females","From 18 to 64 years",17.4,
2004,"EL","Y18-64","F","PC_GE150","PC","MEAN","Mean income","Percentage","150 percent or over","Females","From 18 to 64 years",18.3,
2005,"EL","Y18-64","F","PC_GE150","PC","MEAN","Mean income","Percentage","150 percent or over","Females","From 18 to 64 years",17.1,
2006,"EL","Y18-64","F","PC_GE150","PC","MEAN","Mean income","Percentage","150 percent or over","Females","From 18 to 64 years",17.1,
2007,"EL","Y18-64","F","PC_GE150","PC","MEAN","Mean income","Percentage","150 percent or over","Females","From 18 to 64 years",17.1,
2008,"EL","Y18-64","F","PC_GE150","PC","MEAN","Mean income","Percentage","150 percent or over","Females","From 18 to 64 years",16.9,
2009,"EL","Y18-64","F","PC_GE150","PC","MEAN","Mean income","Percentage","150 percent or over","Females","From 18 to 64 years",16.7,
2010,"EL","Y18-64","F","PC_GE150","PC","MEAN","Mean income","Percentage","150 percent or over","Females","From 18 to 64 years",16,
2011,"EL","Y18-64","F","PC_GE150","PC","MEAN","Mean income","Percentage","150 percent or over","Females","From 18 to 64 years",16.7,
2012,"EL","Y18-64","F","PC_GE150","PC","MEAN","Mean income","Percentage","150 percent or over","Females","From 18 to 64 years",16.2,
2014,"EL","Y18-64","F","PC_GE150","PC","MEAN","Mean income","Percentage","150 percent or over","Females","From 18 to 64 years",16.8,
2015,"EL","Y18-64","F","PC_GE150","PC","MEAN","Mean income","Percentage","150 percent or over","Females","From 18 to 64 years",17,
2016,"EL","Y18-64","F","PC_GE150","PC","MEAN","Mean income","Percentage","150 percent or over","Females","From 18 to 64 years",17.4,
2017,"EL","Y18-64","F","PC_GE150","PC","MEAN","Mean income","Percentage","150 percent or over","Females","From 18 to 64 years",15.9,
2018,"EL","Y18-64","F","PC_GE150","PC","MEAN","Mean income","Percentage","150 percent or over","Females","From 18 to 64 years",15.5,
2019,"EL","Y18-64","F","PC_GE150","PC","MEAN","Mean income","Percentage","150 percent or over","Females","From 18 to 64 years",15.5,
2020,"EL","Y18-64","F","PC_GE150","PC","MEAN","Mean income","Percentage","150 percent or over","Females","From 18 to 64 years",14.6,
2021,"EL","Y18-64","F","PC_GE150","PC","MEAN","Mean income","Percentage","150 percent or over","Females","From 18 to 64 years",15.4,
2022,"EL","Y18-64","F","PC_GE150","PC","MEAN","Mean income","Percentage","150 percent or over","Females","From 18 to 64 years",15.2,
2023,"EL","Y18-64","F","PC_GE150","PC","MEAN","Mean income","Percentage","150 percent or over","Females","From 18 to 64 years",14.3,
2024,"EL","Y18-64","F","PC_GE150","PC","MEAN","Mean income","Percentage","150 percent or over","Females","From 18 to 64 years",14.1,
2025,"EL","Y18-64","F","PC_GE150","PC","MEAN","Mean income","Percentage","150 percent or over","Females","From 18 to 64 years",13.1,
2003,"EL","Y_GE65","F","PC_GE150","PC","MEAN","Mean income","Percentage","150 percent or over","Females","65 years or over",8,
2004,"EL","Y_GE65","F","PC_GE150","PC","MEAN","Mean income","Percentage","150 percent or over","Females","65 years or over",8.2,
2005,"EL","Y_GE65","F","PC_GE150","PC","MEAN","Mean income","Percentage","150 percent or over","Females","65 years or over",9.2,
2006,"EL","Y_GE65","F","PC_GE150","PC","MEAN","Mean income","Percentage","150 percent or over","Females","65 years or over",7,
2007,"EL","Y_GE65","F","PC_GE150","PC","MEAN","Mean income","Percentage","150 percent or over","Females","65 years or over",7.9,
2008,"EL","Y_GE65","F","PC_GE150","PC","MEAN","Mean income","Percentage","150 percent or over","Females","65 years or over",8,
2009,"EL","Y_GE65","F","PC_GE150","PC","MEAN","Mean income","Percentage","150 percent or over","Females","65 years or over",7.5,
2010,"EL","Y_GE65","F","PC_GE150","PC","MEAN","Mean income","Percentage","150 percent or over","Females","65 years or over",6.8,
2011,"EL","Y_GE65","F","PC_GE150","PC","MEAN","Mean income","Percentage","150 percent or over","Females","65 years or over",8.4,
2012,"EL","Y_GE65","F","PC_GE150","PC","MEAN","Mean income","Percentage","150 percent or over","Females","65 years or over",13.1,
2014,"EL","Y_GE65","F","PC_GE150","PC","MEAN","Mean income","Percentage","150 percent or over","Females","65 years or over",11.9,
2015,"EL","Y_GE65","F","PC_GE150","PC","MEAN","Mean income","Percentage","150 percent or over","Females","65 years or over",11.7,
2016,"EL","Y_GE65","F","PC_GE150","PC","MEAN","Mean income","Percentage","150 percent or over","Females","65 years or over",11.3,
2017,"EL","Y_GE65","F","PC_GE150","PC","MEAN","Mean income","Percentage","150 percent or over","Females","65 years or over",11.4,
2018,"EL","Y_GE65","F","PC_GE150","PC","MEAN","Mean income","Percentage","150 percent or over","Females","65 years or over",11.2,
2019,"EL","Y_GE65","F","PC_GE150","PC","MEAN","Mean income","Percentage","150 percent or over","Females","65 years or over",10.5,
2020,"EL","Y_GE65","F","PC_GE150","PC","MEAN","Mean income","Percentage","150 percent or over","Females","65 years or over",11.3,
2021,"EL","Y_GE65","F","PC_GE150","PC","MEAN","Mean income","Percentage","150 percent or over","Females","65 years or over",12.1,
2022,"EL","Y_GE65","F","PC_GE150","PC","MEAN","Mean income","Percentage","150 percent or over","Females","65 years or over",11.3,
2023,"EL","Y_GE65","F","PC_GE150","PC","MEAN","Mean income","Percentage","150 percent or over","Females","65 years or over",9.5,
2024,"EL","Y_GE65","F","PC_GE150","PC","MEAN","Mean income","Percentage","150 percent or over","Females","65 years or over",8.4,
2025,"EL","Y_GE65","F","PC_GE150","PC","MEAN","Mean income","Percentage","150 percent or over","Females","65 years or over",6.4,
2003,"EL","TOTAL","T","PC_GE130","THS_PER","MED","Median","Thousand persons","130 percent or over","Total","Total",3387,
2004,"EL","TOTAL","T","PC_GE130","THS_PER","MED","Median","Thousand persons","130 percent or over","Total","Total",3496,
2005,"EL","TOTAL","T","PC_GE130","THS_PER","MED","Median","Thousand persons","130 percent or over","Total","Total",3510,
2006,"EL","TOTAL","T","PC_GE130","THS_PER","MED","Median","Thousand persons","130 percent or over","Total","Total",3460,
2007,"EL","TOTAL","T","PC_GE130","THS_PER","MED","Median","Thousand persons","130 percent or over","Total","Total",3448,
2008,"EL","TOTAL","T","PC_GE130","THS_PER","MED","Median","Thousand persons","130 percent or over","Total","Total",3413,
2009,"EL","TOTAL","T","PC_GE130","THS_PER","MED","Median","Thousand persons","130 percent or over","Total","Total",3388,
2010,"EL","TOTAL","T","PC_GE130","THS_PER","MED","Median","Thousand persons","130 percent or over","Total","Total",3421,
2011,"EL","TOTAL","T","PC_GE130","THS_PER","MED","Median","Thousand persons","130 percent or over","Total","Total",3441,
2012,"EL","TOTAL","T","PC_GE130","THS_PER","MED","Median","Thousand persons","130 percent or over","Total","Total",3337,
2014,"EL","TOTAL","T","PC_GE130","THS_PER","MED","Median","Thousand persons","130 percent or over","Total","Total",3369,
2015,"EL","TOTAL","T","PC_GE130","THS_PER","MED","Median","Thousand persons","130 percent or over","Total","Total",3386,
2016,"EL","TOTAL","T","PC_GE130","THS_PER","MED","Median","Thousand persons","130 percent or over","Total","Total",3414,
2017,"EL","TOTAL","T","PC_GE130","THS_PER","MED","Median","Thousand persons","130 percent or over","Total","Total",3403,
2018,"EL","TOTAL","T","PC_GE130","THS_PER","MED","Median","Thousand persons","130 percent or over","Total","Total",3250,
2019,"EL","TOTAL","T","PC_GE130","THS_PER","MED","Median","Thousand persons","130 percent or over","Total","Total",3323,
2020,"EL","TOTAL","T","PC_GE130","THS_PER","MED","Median","Thousand persons","130 percent or over","Total","Total",3261,
2021,"EL","TOTAL","T","PC_GE130","THS_PER","MED","Median","Thousand persons","130 percent or over","Total","Total",3244,
2022,"EL","TOTAL","T","PC_GE130","THS_PER","MED","Median","Thousand persons","130 percent or over","Total","Total",3104,
2023,"EL","TOTAL","T","PC_GE130","THS_PER","MED","Median","Thousand persons","130 percent or over","Total","Total",2985,
2024,"EL","TOTAL","T","PC_GE130","THS_PER","MED","Median","Thousand persons","130 percent or over","Total","Total",2869,
2025,"EL","TOTAL","T","PC_GE130","THS_PER","MED","Median","Thousand persons","130 percent or over","Total","Total",2866,
2003,"EL","Y_LT18","T","PC_GE130","THS_PER","MED","Median","Thousand persons","130 percent or over","Total","Less than 18 years",629,
2004,"EL","Y_LT18","T","PC_GE130","THS_PER","MED","Median","Thousand persons","130 percent or over","Total","Less than 18 years",680,
2005,"EL","Y_LT18","T","PC_GE130","THS_PER","MED","Median","Thousand persons","130 percent or over","Total","Less than 18 years",677,
2006,"EL","Y_LT18","T","PC_GE130","THS_PER","MED","Median","Thousand persons","130 percent or over","Total","Less than 18 years",641,
2007,"EL","Y_LT18","T","PC_GE130","THS_PER","MED","Median","Thousand persons","130 percent or over","Total","Less than 18 years",604,
2008,"EL","Y_LT18","T","PC_GE130","THS_PER","MED","Median","Thousand persons","130 percent or over","Total","Less than 18 years",592,
2009,"EL","Y_LT18","T","PC_GE130","THS_PER","MED","Median","Thousand persons","130 percent or over","Total","Less than 18 years",559,
2010,"EL","Y_LT18","T","PC_GE130","THS_PER","MED","Median","Thousand persons","130 percent or over","Total","Less than 18 years",611,
2011,"EL","Y_LT18","T","PC_GE130","THS_PER","MED","Median","Thousand persons","130 percent or over","Total","Less than 18 years",602,
2012,"EL","Y_LT18","T","PC_GE130","THS_PER","MED","Median","Thousand persons","130 percent or over","Total","Less than 18 years",565,
2014,"EL","Y_LT18","T","PC_GE130","THS_PER","MED","Median","Thousand persons","130 percent or over","Total","Less than 18 years",582,
2015,"EL","Y_LT18","T","PC_GE130","THS_PER","MED","Median","Thousand persons","130 percent or over","Total","Less than 18 years",541,
2016,"EL","Y_LT18","T","PC_GE130","THS_PER","MED","Median","Thousand persons","130 percent or over","Total","Less than 18 years",527,
2017,"EL","Y_LT18","T","PC_GE130","THS_PER","MED","Median","Thousand persons","130 percent or over","Total","Less than 18 years",538,
2018,"EL","Y_LT18","T","PC_GE130","THS_PER","MED","Median","Thousand persons","130 percent or over","Total","Less than 18 years",493,
2019,"EL","Y_LT18","T","PC_GE130","THS_PER","MED","Median","Thousand persons","130 percent or over","Total","Less than 18 years",501,
2020,"EL","Y_LT18","T","PC_GE130","THS_PER","MED","Median","Thousand persons","130 percent or over","Total","Less than 18 years",473,
2021,"EL","Y_LT18","T","PC_GE130","THS_PER","MED","Median","Thousand persons","130 percent or over","Total","Less than 18 years",474,
2022,"EL","Y_LT18","T","PC_GE130","THS_PER","MED","Median","Thousand persons","130 percent or over","Total","Less than 18 years",446,
2023,"EL","Y_LT18","T","PC_GE130","THS_PER","MED","Median","Thousand persons","130 percent or over","Total","Less than 18 years",408,
2024,"EL","Y_LT18","T","PC_GE130","THS_PER","MED","Median","Thousand persons","130 percent or over","Total","Less than 18 years",385,
2025,"EL","Y_LT18","T","PC_GE130","THS_PER","MED","Median","Thousand persons","130 percent or over","Total","Less than 18 years",358,
2003,"EL","Y18-64","T","PC_GE130","THS_PER","MED","Median","Thousand persons","130 percent or over","Total","From 18 to 64 years",2381,
2004,"EL","Y18-64","T","PC_GE130","THS_PER","MED","Median","Thousand persons","130 percent or over","Total","From 18 to 64 years",2453,
2005,"EL","Y18-64","T","PC_GE130","THS_PER","MED","Median","Thousand persons","130 percent or over","Total","From 18 to 64 years",2473,
2006,"EL","Y18-64","T","PC_GE130","THS_PER","MED","Median","Thousand persons","130 percent or over","Total","From 18 to 64 years",2464,
2007,"EL","Y18-64","T","PC_GE130","THS_PER","MED","Median","Thousand persons","130 percent or over","Total","From 18 to 64 years",2459,
2008,"EL","Y18-64","T","PC_GE130","THS_PER","MED","Median","Thousand persons","130 percent or over","Total","From 18 to 64 years",2423,
2009,"EL","Y18-64","T","PC_GE130","THS_PER","MED","Median","Thousand persons","130 percent or over","Total","From 18 to 64 years",2442,
2010,"EL","Y18-64","T","PC_GE130","THS_PER","MED","Median","Thousand persons","130 percent or over","Total","From 18 to 64 years",2430,
2011,"EL","Y18-64","T","PC_GE130","THS_PER","MED","Median","Thousand persons","130 percent or over","Total","From 18 to 64 years",2441,
2012,"EL","Y18-64","T","PC_GE130","THS_PER","MED","Median","Thousand persons","130 percent or over","Total","From 18 to 64 years",2181,
2014,"EL","Y18-64","T","PC_GE130","THS_PER","MED","Median","Thousand persons","130 percent or over","Total","From 18 to 64 years",2241,
2015,"EL","Y18-64","T","PC_GE130","THS_PER","MED","Median","Thousand persons","130 percent or over","Total","From 18 to 64 years",2218,
2016,"EL","Y18-64","T","PC_GE130","THS_PER","MED","Median","Thousand persons","130 percent or over","Total","From 18 to 64 years",2231,
2017,"EL","Y18-64","T","PC_GE130","THS_PER","MED","Median","Thousand persons","130 percent or over","Total","From 18 to 64 years",2200,
2018,"EL","Y18-64","T","PC_GE130","THS_PER","MED","Median","Thousand persons","130 percent or over","Total","From 18 to 64 years",2122,
2019,"EL","Y18-64","T","PC_GE130","THS_PER","MED","Median","Thousand persons","130 percent or over","Total","From 18 to 64 years",2180,
2020,"EL","Y18-64","T","PC_GE130","THS_PER","MED","Median","Thousand persons","130 percent or over","Total","From 18 to 64 years",2113,
2021,"EL","Y18-64","T","PC_GE130","THS_PER","MED","Median","Thousand persons","130 percent or over","Total","From 18 to 64 years",2092,
2022,"EL","Y18-64","T","PC_GE130","THS_PER","MED","Median","Thousand persons","130 percent or over","Total","From 18 to 64 years",2008,
2023,"EL","Y18-64","T","PC_GE130","THS_PER","MED","Median","Thousand persons","130 percent or over","Total","From 18 to 64 years",1960,
2024,"EL","Y18-64","T","PC_GE130","THS_PER","MED","Median","Thousand persons","130 percent or over","Total","From 18 to 64 years",1912,
2025,"EL","Y18-64","T","PC_GE130","THS_PER","MED","Median","Thousand persons","130 percent or over","Total","From 18 to 64 years",1980,
2003,"EL","Y_GE65","T","PC_GE130","THS_PER","MED","Median","Thousand persons","130 percent or over","Total","65 years or over",403,
2004,"EL","Y_GE65","T","PC_GE130","THS_PER","MED","Median","Thousand persons","130 percent or over","Total","65 years or over",393,
2005,"EL","Y_GE65","T","PC_GE130","THS_PER","MED","Median","Thousand persons","130 percent or over","Total","65 years or over",389,
2006,"EL","Y_GE65","T","PC_GE130","THS_PER","MED","Median","Thousand persons","130 percent or over","Total","65 years or over",381,
2007,"EL","Y_GE65","T","PC_GE130","THS_PER","MED","Median","Thousand persons","130 percent or over","Total","65 years or over",411,
2008,"EL","Y_GE65","T","PC_GE130","THS_PER","MED","Median","Thousand persons","130 percent or over","Total","65 years or over",418,
2009,"EL","Y_GE65","T","PC_GE130","THS_PER","MED","Median","Thousand persons","130 percent or over","Total","65 years or over",411,
2010,"EL","Y_GE65","T","PC_GE130","THS_PER","MED","Median","Thousand persons","130 percent or over","Total","65 years or over",399,
2011,"EL","Y_GE65","T","PC_GE130","THS_PER","MED","Median","Thousand persons","130 percent or over","Total","65 years or over",426,
2012,"EL","Y_GE65","T","PC_GE130","THS_PER","MED","Median","Thousand persons","130 percent or over","Total","65 years or over",603,
2014,"EL","Y_GE65","T","PC_GE130","THS_PER","MED","Median","Thousand persons","130 percent or over","Total","65 years or over",575,
2015,"EL","Y_GE65","T","PC_GE130","THS_PER","MED","Median","Thousand persons","130 percent or over","Total","65 years or over",646,
2016,"EL","Y_GE65","T","PC_GE130","THS_PER","MED","Median","Thousand persons","130 percent or over","Total","65 years or over",678,
2017,"EL","Y_GE65","T","PC_GE130","THS_PER","MED","Median","Thousand persons","130 percent or over","Total","65 years or over",683,
2018,"EL","Y_GE65","T","PC_GE130","THS_PER","MED","Median","Thousand persons","130 percent or over","Total","65 years or over",653,
2019,"EL","Y_GE65","T","PC_GE130","THS_PER","MED","Median","Thousand persons","130 percent or over","Total","65 years or over",665,
2020,"EL","Y_GE65","T","PC_GE130","THS_PER","MED","Median","Thousand persons","130 percent or over","Total","65 years or over",692,
2021,"EL","Y_GE65","T","PC_GE130","THS_PER","MED","Median","Thousand persons","130 percent or over","Total","65 years or over",699,
2022,"EL","Y_GE65","T","PC_GE130","THS_PER","MED","Median","Thousand persons","130 percent or over","Total","65 years or over",659,
2023,"EL","Y_GE65","T","PC_GE130","THS_PER","MED","Median","Thousand persons","130 percent or over","Total","65 years or over",633,
2024,"EL","Y_GE65","T","PC_GE130","THS_PER","MED","Median","Thousand persons","130 percent or over","Total","65 years or over",584,
2025,"EL","Y_GE65","T","PC_GE130","THS_PER","MED","Median","Thousand persons","130 percent or over","Total","65 years or over",542,
2003,"EL","TOTAL","M","PC_GE130","THS_PER","MED","Median","Thousand persons","130 percent or over","Males","Total",1708,
2004,"EL","TOTAL","M","PC_GE130","THS_PER","MED","Median","Thousand persons","130 percent or over","Males","Total",1770,
2005,"EL","TOTAL","M","PC_GE130","THS_PER","MED","Median","Thousand persons","130 percent or over","Males","Total",1788,
2006,"EL","TOTAL","M","PC_GE130","THS_PER","MED","Median","Thousand persons","130 percent or over","Males","Total",1767,
2007,"EL","TOTAL","M","PC_GE130","THS_PER","MED","Median","Thousand persons","130 percent or over","Males","Total",1747,
2008,"EL","TOTAL","M","PC_GE130","THS_PER","MED","Median","Thousand persons","130 percent or over","Males","Total",1735,
2009,"EL","TOTAL","M","PC_GE130","THS_PER","MED","Median","Thousand persons","130 percent or over","Males","Total",1715,
2010,"EL","TOTAL","M","PC_GE130","THS_PER","MED","Median","Thousand persons","130 percent or over","Males","Total",1721,
2011,"EL","TOTAL","M","PC_GE130","THS_PER","MED","Median","Thousand persons","130 percent or over","Males","Total",1772,
2012,"EL","TOTAL","M","PC_GE130","THS_PER","MED","Median","Thousand persons","130 percent or over","Males","Total",1676,
2014,"EL","TOTAL","M","PC_GE130","THS_PER","MED","Median","Thousand persons","130 percent or over","Males","Total",1683,
2015,"EL","TOTAL","M","PC_GE130","THS_PER","MED","Median","Thousand persons","130 percent or over","Males","Total",1680,
2016,"EL","TOTAL","M","PC_GE130","THS_PER","MED","Median","Thousand persons","130 percent or over","Males","Total",1696,
2017,"EL","TOTAL","M","PC_GE130","THS_PER","MED","Median","Thousand persons","130 percent or over","Males","Total",1697,
2018,"EL","TOTAL","M","PC_GE130","THS_PER","MED","Median","Thousand persons","130 percent or over","Males","Total",1622,
2019,"EL","TOTAL","M","PC_GE130","THS_PER","MED","Median","Thousand persons","130 percent or over","Males","Total",1670,
2020,"EL","TOTAL","M","PC_GE130","THS_PER","MED","Median","Thousand persons","130 percent or over","Males","Total",1640,
2021,"EL","TOTAL","M","PC_GE130","THS_PER","MED","Median","Thousand persons","130 percent or over","Males","Total",1645,
2022,"EL","TOTAL","M","PC_GE130","THS_PER","MED","Median","Thousand persons","130 percent or over","Males","Total",1558,
2023,"EL","TOTAL","M","PC_GE130","THS_PER","MED","Median","Thousand persons","130 percent or over","Males","Total",1510,
2024,"EL","TOTAL","M","PC_GE130","THS_PER","MED","Median","Thousand persons","130 percent or over","Males","Total",1451,
2025,"EL","TOTAL","M","PC_GE130","THS_PER","MED","Median","Thousand persons","130 percent or over","Males","Total",1461,
2003,"EL","Y_LT18","M","PC_GE130","THS_PER","MED","Median","Thousand persons","130 percent or over","Males","Less than 18 years",329,
2004,"EL","Y_LT18","M","PC_GE130","THS_PER","MED","Median","Thousand persons","130 percent or over","Males","Less than 18 years",341,
2005,"EL","Y_LT18","M","PC_GE130","THS_PER","MED","Median","Thousand persons","130 percent or over","Males","Less than 18 years",345,
2006,"EL","Y_LT18","M","PC_GE130","THS_PER","MED","Median","Thousand persons","130 percent or over","Males","Less than 18 years",331,
2007,"EL","Y_LT18","M","PC_GE130","THS_PER","MED","Median","Thousand persons","130 percent or over","Males","Less than 18 years",307,
2008,"EL","Y_LT18","M","PC_GE130","THS_PER","MED","Median","Thousand persons","130 percent or over","Males","Less than 18 years",301,
2009,"EL","Y_LT18","M","PC_GE130","THS_PER","MED","Median","Thousand persons","130 percent or over","Males","Less than 18 years",290,
2010,"EL","Y_LT18","M","PC_GE130","THS_PER","MED","Median","Thousand persons","130 percent or over","Males","Less than 18 years",303,
2011,"EL","Y_LT18","M","PC_GE130","THS_PER","MED","Median","Thousand persons","130 percent or over","Males","Less than 18 years",308,
2012,"EL","Y_LT18","M","PC_GE130","THS_PER","MED","Median","Thousand persons","130 percent or over","Males","Less than 18 years",268,
2014,"EL","Y_LT18","M","PC_GE130","THS_PER","MED","Median","Thousand persons","130 percent or over","Males","Less than 18 years",292,
2015,"EL","Y_LT18","M","PC_GE130","THS_PER","MED","Median","Thousand persons","130 percent or over","Males","Less than 18 years",264,
2016,"EL","Y_LT18","M","PC_GE130","THS_PER","MED","Median","Thousand persons","130 percent or over","Males","Less than 18 years",263,
2017,"EL","Y_LT18","M","PC_GE130","THS_PER","MED","Median","Thousand persons","130 percent or over","Males","Less than 18 years",276,
2018,"EL","Y_LT18","M","PC_GE130","THS_PER","MED","Median","Thousand persons","130 percent or over","Males","Less than 18 years",249,
2019,"EL","Y_LT18","M","PC_GE130","THS_PER","MED","Median","Thousand persons","130 percent or over","Males","Less than 18 years",255,
2020,"EL","Y_LT18","M","PC_GE130","THS_PER","MED","Median","Thousand persons","130 percent or over","Males","Less than 18 years",230,
2021,"EL","Y_LT18","M","PC_GE130","THS_PER","MED","Median","Thousand persons","130 percent or over","Males","Less than 18 years",234,
2022,"EL","Y_LT18","M","PC_GE130","THS_PER","MED","Median","Thousand persons","130 percent or over","Males","Less than 18 years",213,
2023,"EL","Y_LT18","M","PC_GE130","THS_PER","MED","Median","Thousand persons","130 percent or over","Males","Less than 18 years",203,
2024,"EL","Y_LT18","M","PC_GE130","THS_PER","MED","Median","Thousand persons","130 percent or over","Males","Less than 18 years",203,
2025,"EL","Y_LT18","M","PC_GE130","THS_PER","MED","Median","Thousand persons","130 percent or over","Males","Less than 18 years",193,
2003,"EL","Y18-64","M","PC_GE130","THS_PER","MED","Median","Thousand persons","130 percent or over","Males","From 18 to 64 years",1199,
2004,"EL","Y18-64","M","PC_GE130","THS_PER","MED","Median","Thousand persons","130 percent or over","Males","From 18 to 64 years",1246,
2005,"EL","Y18-64","M","PC_GE130","THS_PER","MED","Median","Thousand persons","130 percent or over","Males","From 18 to 64 years",1262,
2006,"EL","Y18-64","M","PC_GE130","THS_PER","MED","Median","Thousand persons","130 percent or over","Males","From 18 to 64 years",1248,
2007,"EL","Y18-64","M","PC_GE130","THS_PER","MED","Median","Thousand persons","130 percent or over","Males","From 18 to 64 years",1244,
2008,"EL","Y18-64","M","PC_GE130","THS_PER","MED","Median","Thousand persons","130 percent or over","Males","From 18 to 64 years",1224,
2009,"EL","Y18-64","M","PC_GE130","THS_PER","MED","Median","Thousand persons","130 percent or over","Males","From 18 to 64 years",1238,
2010,"EL","Y18-64","M","PC_GE130","THS_PER","MED","Median","Thousand persons","130 percent or over","Males","From 18 to 64 years",1226,
2011,"EL","Y18-64","M","PC_GE130","THS_PER","MED","Median","Thousand persons","130 percent or over","Males","From 18 to 64 years",1263,
2012,"EL","Y18-64","M","PC_GE130","THS_PER","MED","Median","Thousand persons","130 percent or over","Males","From 18 to 64 years",1123,
2014,"EL","Y18-64","M","PC_GE130","THS_PER","MED","Median","Thousand persons","130 percent or over","Males","From 18 to 64 years",1136,
2015,"EL","Y18-64","M","PC_GE130","THS_PER","MED","Median","Thousand persons","130 percent or over","Males","From 18 to 64 years",1109,
2016,"EL","Y18-64","M","PC_GE130","THS_PER","MED","Median","Thousand persons","130 percent or over","Males","From 18 to 64 years",1108,
2017,"EL","Y18-64","M","PC_GE130","THS_PER","MED","Median","Thousand persons","130 percent or over","Males","From 18 to 64 years",1094,
2018,"EL","Y18-64","M","PC_GE130","THS_PER","MED","Median","Thousand persons","130 percent or over","Males","From 18 to 64 years",1056,
2019,"EL","Y18-64","M","PC_GE130","THS_PER","MED","Median","Thousand persons","130 percent or over","Males","From 18 to 64 years",1097,
2020,"EL","Y18-64","M","PC_GE130","THS_PER","MED","Median","Thousand persons","130 percent or over","Males","From 18 to 64 years",1078,
2021,"EL","Y18-64","M","PC_GE130","THS_PER","MED","Median","Thousand persons","130 percent or over","Males","From 18 to 64 years",1067,
2022,"EL","Y18-64","M","PC_GE130","THS_PER","MED","Median","Thousand persons","130 percent or over","Males","From 18 to 64 years",1013,
2023,"EL","Y18-64","M","PC_GE130","THS_PER","MED","Median","Thousand persons","130 percent or over","Males","From 18 to 64 years",989,
2024,"EL","Y18-64","M","PC_GE130","THS_PER","MED","Median","Thousand persons","130 percent or over","Males","From 18 to 64 years",951,
2025,"EL","Y18-64","M","PC_GE130","THS_PER","MED","Median","Thousand persons","130 percent or over","Males","From 18 to 64 years",994,
2003,"EL","Y_GE65","M","PC_GE130","THS_PER","MED","Median","Thousand persons","130 percent or over","Males","65 years or over",192,
2004,"EL","Y_GE65","M","PC_GE130","THS_PER","MED","Median","Thousand persons","130 percent or over","Males","65 years or over",197,
2005,"EL","Y_GE65","M","PC_GE130","THS_PER","MED","Median","Thousand persons","130 percent or over","Males","65 years or over",195,
2006,"EL","Y_GE65","M","PC_GE130","THS_PER","MED","Median","Thousand persons","130 percent or over","Males","65 years or over",202,
2007,"EL","Y_GE65","M","PC_GE130","THS_PER","MED","Median","Thousand persons","130 percent or over","Males","65 years or over",209,
2008,"EL","Y_GE65","M","PC_GE130","THS_PER","MED","Median","Thousand persons","130 percent or over","Males","65 years or over",216,
2009,"EL","Y_GE65","M","PC_GE130","THS_PER","MED","Median","Thousand persons","130 percent or over","Males","65 years or over",201,
2010,"EL","Y_GE65","M","PC_GE130","THS_PER","MED","Median","Thousand persons","130 percent or over","Males","65 years or over",203,
2011,"EL","Y_GE65","M","PC_GE130","THS_PER","MED","Median","Thousand persons","130 percent or over","Males","65 years or over",217,
2012,"EL","Y_GE65","M","PC_GE130","THS_PER","MED","Median","Thousand persons","130 percent or over","Males","65 years or over",293,
2014,"EL","Y_GE65","M","PC_GE130","THS_PER","MED","Median","Thousand persons","130 percent or over","Males","65 years or over",271,
2015,"EL","Y_GE65","M","PC_GE130","THS_PER","MED","Median","Thousand persons","130 percent or over","Males","65 years or over",316,
2016,"EL","Y_GE65","M","PC_GE130","THS_PER","MED","Median","Thousand persons","130 percent or over","Males","65 years or over",337,
2017,"EL","Y_GE65","M","PC_GE130","THS_PER","MED","Median","Thousand persons","130 percent or over","Males","65 years or over",336,
2018,"EL","Y_GE65","M","PC_GE130","THS_PER","MED","Median","Thousand persons","130 percent or over","Males","65 years or over",327,
2019,"EL","Y_GE65","M","PC_GE130","THS_PER","MED","Median","Thousand persons","130 percent or over","Males","65 years or over",333,
2020,"EL","Y_GE65","M","PC_GE130","THS_PER","MED","Median","Thousand persons","130 percent or over","Males","65 years or over",340,
2021,"EL","Y_GE65","M","PC_GE130","THS_PER","MED","Median","Thousand persons","130 percent or over","Males","65 years or over",354,
2022,"EL","Y_GE65","M","PC_GE130","THS_PER","MED","Median","Thousand persons","130 percent or over","Males","65 years or over",334,
2023,"EL","Y_GE65","M","PC_GE130","THS_PER","MED","Median","Thousand persons","130 percent or over","Males","65 years or over",326,
2024,"EL","Y_GE65","M","PC_GE130","THS_PER","MED","Median","Thousand persons","130 percent or over","Males","65 years or over",302,
2025,"EL","Y_GE65","M","PC_GE130","THS_PER","MED","Median","Thousand persons","130 percent or over","Males","65 years or over",282,
2003,"EL","TOTAL","F","PC_GE130","THS_PER","MED","Median","Thousand persons","130 percent or over","Females","Total",1679,
2004,"EL","TOTAL","F","PC_GE130","THS_PER","MED","Median","Thousand persons","130 percent or over","Females","Total",1727,
2005,"EL","TOTAL","F","PC_GE130","THS_PER","MED","Median","Thousand persons","130 percent or over","Females","Total",1722,
2006,"EL","TOTAL","F","PC_GE130","THS_PER","MED","Median","Thousand persons","130 percent or over","Females","Total",1693,
2007,"EL","TOTAL","F","PC_GE130","THS_PER","MED","Median","Thousand persons","130 percent or over","Females","Total",1700,
2008,"EL","TOTAL","F","PC_GE130","THS_PER","MED","Median","Thousand persons","130 percent or over","Females","Total",1678,
2009,"EL","TOTAL","F","PC_GE130","THS_PER","MED","Median","Thousand persons","130 percent or over","Females","Total",1673,
2010,"EL","TOTAL","F","PC_GE130","THS_PER","MED","Median","Thousand persons","130 percent or over","Females","Total",1701,
2011,"EL","TOTAL","F","PC_GE130","THS_PER","MED","Median","Thousand persons","130 percent or over","Females","Total",1669,
2012,"EL","TOTAL","F","PC_GE130","THS_PER","MED","Median","Thousand persons","130 percent or over","Females","Total",1661,
2014,"EL","TOTAL","F","PC_GE130","THS_PER","MED","Median","Thousand persons","130 percent or over","Females","Total",1686,
2015,"EL","TOTAL","F","PC_GE130","THS_PER","MED","Median","Thousand persons","130 percent or over","Females","Total",1707,
2016,"EL","TOTAL","F","PC_GE130","THS_PER","MED","Median","Thousand persons","130 percent or over","Females","Total",1718,
2017,"EL","TOTAL","F","PC_GE130","THS_PER","MED","Median","Thousand persons","130 percent or over","Females","Total",1706,
2018,"EL","TOTAL","F","PC_GE130","THS_PER","MED","Median","Thousand persons","130 percent or over","Females","Total",1628,
2019,"EL","TOTAL","F","PC_GE130","THS_PER","MED","Median","Thousand persons","130 percent or over","Females","Total",1653,
2020,"EL","TOTAL","F","PC_GE130","THS_PER","MED","Median","Thousand persons","130 percent or over","Females","Total",1621,
2021,"EL","TOTAL","F","PC_GE130","THS_PER","MED","Median","Thousand persons","130 percent or over","Females","Total",1599,
2022,"EL","TOTAL","F","PC_GE130","THS_PER","MED","Median","Thousand persons","130 percent or over","Females","Total",1547,
2023,"EL","TOTAL","F","PC_GE130","THS_PER","MED","Median","Thousand persons","130 percent or over","Females","Total",1475,
2024,"EL","TOTAL","F","PC_GE130","THS_PER","MED","Median","Thousand persons","130 percent or over","Females","Total",1418,
2025,"EL","TOTAL","F","PC_GE130","THS_PER","MED","Median","Thousand persons","130 percent or over","Females","Total",1404,
2003,"EL","Y_LT18","F","PC_GE130","THS_PER","MED","Median","Thousand persons","130 percent or over","Females","Less than 18 years",300,
2004,"EL","Y_LT18","F","PC_GE130","THS_PER","MED","Median","Thousand persons","130 percent or over","Females","Less than 18 years",339,
2005,"EL","Y_LT18","F","PC_GE130","THS_PER","MED","Median","Thousand persons","130 percent or over","Females","Less than 18 years",331,
2006,"EL","Y_LT18","F","PC_GE130","THS_PER","MED","Median","Thousand persons","130 percent or over","Females","Less than 18 years",310,
2007,"EL","Y_LT18","F","PC_GE130","THS_PER","MED","Median","Thousand persons","130 percent or over","Females","Less than 18 years",297,
2008,"EL","Y_LT18","F","PC_GE130","THS_PER","MED","Median","Thousand persons","130 percent or over","Females","Less than 18 years",291,
2009,"EL","Y_LT18","F","PC_GE130","THS_PER","MED","Median","Thousand persons","130 percent or over","Females","Less than 18 years",269,
2010,"EL","Y_LT18","F","PC_GE130","THS_PER","MED","Median","Thousand persons","130 percent or over","Females","Less than 18 years",308,
2011,"EL","Y_LT18","F","PC_GE130","THS_PER","MED","Median","Thousand persons","130 percent or over","Females","Less than 18 years",294,
2012,"EL","Y_LT18","F","PC_GE130","THS_PER","MED","Median","Thousand persons","130 percent or over","Females","Less than 18 years",297,
2014,"EL","Y_LT18","F","PC_GE130","THS_PER","MED","Median","Thousand persons","130 percent or over","Females","Less than 18 years",290,
2015,"EL","Y_LT18","F","PC_GE130","THS_PER","MED","Median","Thousand persons","130 percent or over","Females","Less than 18 years",277,
2016,"EL","Y_LT18","F","PC_GE130","THS_PER","MED","Median","Thousand persons","130 percent or over","Females","Less than 18 years",264,
2017,"EL","Y_LT18","F","PC_GE130","THS_PER","MED","Median","Thousand persons","130 percent or over","Females","Less than 18 years",262,
2018,"EL","Y_LT18","F","PC_GE130","THS_PER","MED","Median","Thousand persons","130 percent or over","Females","Less than 18 years",244,
2019,"EL","Y_LT18","F","PC_GE130","THS_PER","MED","Median","Thousand persons","130 percent or over","Females","Less than 18 years",246,
2020,"EL","Y_LT18","F","PC_GE130","THS_PER","MED","Median","Thousand persons","130 percent or over","Females","Less than 18 years",243,
2021,"EL","Y_LT18","F","PC_GE130","THS_PER","MED","Median","Thousand persons","130 percent or over","Females","Less than 18 years",240,
2022,"EL","Y_LT18","F","PC_GE130","THS_PER","MED","Median","Thousand persons","130 percent or over","Females","Less than 18 years",233,
2023,"EL","Y_LT18","F","PC_GE130","THS_PER","MED","Median","Thousand persons","130 percent or over","Females","Less than 18 years",205,
2024,"EL","Y_LT18","F","PC_GE130","THS_PER","MED","Median","Thousand persons","130 percent or over","Females","Less than 18 years",182,
2025,"EL","Y_LT18","F","PC_GE130","THS_PER","MED","Median","Thousand persons","130 percent or over","Females","Less than 18 years",166,
2003,"EL","Y18-64","F","PC_GE130","THS_PER","MED","Median","Thousand persons","130 percent or over","Females","From 18 to 64 years",1182,
2004,"EL","Y18-64","F","PC_GE130","THS_PER","MED","Median","Thousand persons","130 percent or over","Females","From 18 to 64 years",1207,
2005,"EL","Y18-64","F","PC_GE130","THS_PER","MED","Median","Thousand persons","130 percent or over","Females","From 18 to 64 years",1210,
2006,"EL","Y18-64","F","PC_GE130","THS_PER","MED","Median","Thousand persons","130 percent or over","Females","From 18 to 64 years",1215,
2007,"EL","Y18-64","F","PC_GE130","THS_PER","MED","Median","Thousand persons","130 percent or over","Females","From 18 to 64 years",1215,
2008,"EL","Y18-64","F","PC_GE130","THS_PER","MED","Median","Thousand persons","130 percent or over","Females","From 18 to 64 years",1199,
2009,"EL","Y18-64","F","PC_GE130","THS_PER","MED","Median","Thousand persons","130 percent or over","Females","From 18 to 64 years",1204,
2010,"EL","Y18-64","F","PC_GE130","THS_PER","MED","Median","Thousand persons","130 percent or over","Females","From 18 to 64 years",1204,
2011,"EL","Y18-64","F","PC_GE130","THS_PER","MED","Median","Thousand persons","130 percent or over","Females","From 18 to 64 years",1177,
2012,"EL","Y18-64","F","PC_GE130","THS_PER","MED","Median","Thousand persons","130 percent or over","Females","From 18 to 64 years",1058,
2014,"EL","Y18-64","F","PC_GE130","THS_PER","MED","Median","Thousand persons","130 percent or over","Females","From 18 to 64 years",1105,
2015,"EL","Y18-64","F","PC_GE130","THS_PER","MED","Median","Thousand persons","130 percent or over","Females","From 18 to 64 years",1109,
2016,"EL","Y18-64","F","PC_GE130","THS_PER","MED","Median","Thousand persons","130 percent or over","Females","From 18 to 64 years",1123,
2017,"EL","Y18-64","F","PC_GE130","THS_PER","MED","Median","Thousand persons","130 percent or over","Females","From 18 to 64 years",1106,
2018,"EL","Y18-64","F","PC_GE130","THS_PER","MED","Median","Thousand persons","130 percent or over","Females","From 18 to 64 years",1067,
2019,"EL","Y18-64","F","PC_GE130","THS_PER","MED","Median","Thousand persons","130 percent or over","Females","From 18 to 64 years",1083,
2020,"EL","Y18-64","F","PC_GE130","THS_PER","MED","Median","Thousand persons","130 percent or over","Females","From 18 to 64 years",1035,
2021,"EL","Y18-64","F","PC_GE130","THS_PER","MED","Median","Thousand persons","130 percent or over","Females","From 18 to 64 years",1025,
2022,"EL","Y18-64","F","PC_GE130","THS_PER","MED","Median","Thousand persons","130 percent or over","Females","From 18 to 64 years",996,
2023,"EL","Y18-64","F","PC_GE130","THS_PER","MED","Median","Thousand persons","130 percent or over","Females","From 18 to 64 years",971,
2024,"EL","Y18-64","F","PC_GE130","THS_PER","MED","Median","Thousand persons","130 percent or over","Females","From 18 to 64 years",961,
2025,"EL","Y18-64","F","PC_GE130","THS_PER","MED","Median","Thousand persons","130 percent or over","Females","From 18 to 64 years",986,
2003,"EL","Y_GE65","F","PC_GE130","THS_PER","MED","Median","Thousand persons","130 percent or over","Females","65 years or over",211,
2004,"EL","Y_GE65","F","PC_GE130","THS_PER","MED","Median","Thousand persons","130 percent or over","Females","65 years or over",196,
2005,"EL","Y_GE65","F","PC_GE130","THS_PER","MED","Median","Thousand persons","130 percent or over","Females","65 years or over",194,
2006,"EL","Y_GE65","F","PC_GE130","THS_PER","MED","Median","Thousand persons","130 percent or over","Females","65 years or over",179,
2007,"EL","Y_GE65","F","PC_GE130","THS_PER","MED","Median","Thousand persons","130 percent or over","Females","65 years or over",202,
2008,"EL","Y_GE65","F","PC_GE130","THS_PER","MED","Median","Thousand persons","130 percent or over","Females","65 years or over",202,
2009,"EL","Y_GE65","F","PC_GE130","THS_PER","MED","Median","Thousand persons","130 percent or over","Females","65 years or over",210,
2010,"EL","Y_GE65","F","PC_GE130","THS_PER","MED","Median","Thousand persons","130 percent or over","Females","65 years or over",196,
2011,"EL","Y_GE65","F","PC_GE130","THS_PER","MED","Median","Thousand persons","130 percent or over","Females","65 years or over",209,
2012,"EL","Y_GE65","F","PC_GE130","THS_PER","MED","Median","Thousand persons","130 percent or over","Females","65 years or over",310,
2014,"EL","Y_GE65","F","PC_GE130","THS_PER","MED","Median","Thousand persons","130 percent or over","Females","65 years or over",304,
2015,"EL","Y_GE65","F","PC_GE130","THS_PER","MED","Median","Thousand persons","130 percent or over","Females","65 years or over",331,
2016,"EL","Y_GE65","F","PC_GE130","THS_PER","MED","Median","Thousand persons","130 percent or over","Females","65 years or over",340,
2017,"EL","Y_GE65","F","PC_GE130","THS_PER","MED","Median","Thousand persons","130 percent or over","Females","65 years or over",347,
2018,"EL","Y_GE65","F","PC_GE130","THS_PER","MED","Median","Thousand persons","130 percent or over","Females","65 years or over",326,
2019,"EL","Y_GE65","F","PC_GE130","THS_PER","MED","Median","Thousand persons","130 percent or over","Females","65 years or over",332,
2020,"EL","Y_GE65","F","PC_GE130","THS_PER","MED","Median","Thousand persons","130 percent or over","Females","65 years or over",352,
2021,"EL","Y_GE65","F","PC_GE130","THS_PER","MED","Median","Thousand persons","130 percent or over","Females","65 years or over",346,
2022,"EL","Y_GE65","F","PC_GE130","THS_PER","MED","Median","Thousand persons","130 percent or over","Females","65 years or over",325,
2023,"EL","Y_GE65","F","PC_GE130","THS_PER","MED","Median","Thousand persons","130 percent or over","Females","65 years or over",306,
2024,"EL","Y_GE65","F","PC_GE130","THS_PER","MED","Median","Thousand persons","130 percent or over","Females","65 years or over",282,
2025,"EL","Y_GE65","F","PC_GE130","THS_PER","MED","Median","Thousand persons","130 percent or over","Females","65 years or over",261,
2003,"EL","TOTAL","T","PC_GE140","THS_PER","MED","Median","Thousand persons","140 percent or over","Total","Total",2914,
2004,"EL","TOTAL","T","PC_GE140","THS_PER","MED","Median","Thousand persons","140 percent or over","Total","Total",3003,
2005,"EL","TOTAL","T","PC_GE140","THS_PER","MED","Median","Thousand persons","140 percent or over","Total","Total",3009,
2006,"EL","TOTAL","T","PC_GE140","THS_PER","MED","Median","Thousand persons","140 percent or over","Total","Total",2968,
2007,"EL","TOTAL","T","PC_GE140","THS_PER","MED","Median","Thousand persons","140 percent or over","Total","Total",2960,
2008,"EL","TOTAL","T","PC_GE140","THS_PER","MED","Median","Thousand persons","140 percent or over","Total","Total",2939,
2009,"EL","TOTAL","T","PC_GE140","THS_PER","MED","Median","Thousand persons","140 percent or over","Total","Total",2896,
2010,"EL","TOTAL","T","PC_GE140","THS_PER","MED","Median","Thousand persons","140 percent or over","Total","Total",2839,
2011,"EL","TOTAL","T","PC_GE140","THS_PER","MED","Median","Thousand persons","140 percent or over","Total","Total",2935,
2012,"EL","TOTAL","T","PC_GE140","THS_PER","MED","Median","Thousand persons","140 percent or over","Total","Total",2809,
2014,"EL","TOTAL","T","PC_GE140","THS_PER","MED","Median","Thousand persons","140 percent or over","Total","Total",2861,
2015,"EL","TOTAL","T","PC_GE140","THS_PER","MED","Median","Thousand persons","140 percent or over","Total","Total",2925,
2016,"EL","TOTAL","T","PC_GE140","THS_PER","MED","Median","Thousand persons","140 percent or over","Total","Total",2964,
2017,"EL","TOTAL","T","PC_GE140","THS_PER","MED","Median","Thousand persons","140 percent or over","Total","Total",2898,
2018,"EL","TOTAL","T","PC_GE140","THS_PER","MED","Median","Thousand persons","140 percent or over","Total","Total",2745,
2019,"EL","TOTAL","T","PC_GE140","THS_PER","MED","Median","Thousand persons","140 percent or over","Total","Total",2727,
2020,"EL","TOTAL","T","PC_GE140","THS_PER","MED","Median","Thousand persons","140 percent or over","Total","Total",2681,
2021,"EL","TOTAL","T","PC_GE140","THS_PER","MED","Median","Thousand persons","140 percent or over","Total","Total",2657,
2022,"EL","TOTAL","T","PC_GE140","THS_PER","MED","Median","Thousand persons","140 percent or over","Total","Total",2621,
2023,"EL","TOTAL","T","PC_GE140","THS_PER","MED","Median","Thousand persons","140 percent or over","Total","Total",2424,
2024,"EL","TOTAL","T","PC_GE140","THS_PER","MED","Median","Thousand persons","140 percent or over","Total","Total",2341,
2025,"EL","TOTAL","T","PC_GE140","THS_PER","MED","Median","Thousand persons","140 percent or over","Total","Total",2324,
2003,"EL","Y_LT18","T","PC_GE140","THS_PER","MED","Median","Thousand persons","140 percent or over","Total","Less than 18 years",535,
2004,"EL","Y_LT18","T","PC_GE140","THS_PER","MED","Median","Thousand persons","140 percent or over","Total","Less than 18 years",584,
2005,"EL","Y_LT18","T","PC_GE140","THS_PER","MED","Median","Thousand persons","140 percent or over","Total","Less than 18 years",583,
2006,"EL","Y_LT18","T","PC_GE140","THS_PER","MED","Median","Thousand persons","140 percent or over","Total","Less than 18 years",553,
2007,"EL","Y_LT18","T","PC_GE140","THS_PER","MED","Median","Thousand persons","140 percent or over","Total","Less than 18 years",521,
2008,"EL","Y_LT18","T","PC_GE140","THS_PER","MED","Median","Thousand persons","140 percent or over","Total","Less than 18 years",500,
2009,"EL","Y_LT18","T","PC_GE140","THS_PER","MED","Median","Thousand persons","140 percent or over","Total","Less than 18 years",471,
2010,"EL","Y_LT18","T","PC_GE140","THS_PER","MED","Median","Thousand persons","140 percent or over","Total","Less than 18 years",487,
2011,"EL","Y_LT18","T","PC_GE140","THS_PER","MED","Median","Thousand persons","140 percent or over","Total","Less than 18 years",503,
2012,"EL","Y_LT18","T","PC_GE140","THS_PER","MED","Median","Thousand persons","140 percent or over","Total","Less than 18 years",463,
2014,"EL","Y_LT18","T","PC_GE140","THS_PER","MED","Median","Thousand persons","140 percent or over","Total","Less than 18 years",485,
2015,"EL","Y_LT18","T","PC_GE140","THS_PER","MED","Median","Thousand persons","140 percent or over","Total","Less than 18 years",467,
2016,"EL","Y_LT18","T","PC_GE140","THS_PER","MED","Median","Thousand persons","140 percent or over","Total","Less than 18 years",465,
2017,"EL","Y_LT18","T","PC_GE140","THS_PER","MED","Median","Thousand persons","140 percent or over","Total","Less than 18 years",458,
2018,"EL","Y_LT18","T","PC_GE140","THS_PER","MED","Median","Thousand persons","140 percent or over","Total","Less than 18 years",410,
2019,"EL","Y_LT18","T","PC_GE140","THS_PER","MED","Median","Thousand persons","140 percent or over","Total","Less than 18 years",390,
2020,"EL","Y_LT18","T","PC_GE140","THS_PER","MED","Median","Thousand persons","140 percent or over","Total","Less than 18 years",380,
2021,"EL","Y_LT18","T","PC_GE140","THS_PER","MED","Median","Thousand persons","140 percent or over","Total","Less than 18 years",375,
2022,"EL","Y_LT18","T","PC_GE140","THS_PER","MED","Median","Thousand persons","140 percent or over","Total","Less than 18 years",374,
2023,"EL","Y_LT18","T","PC_GE140","THS_PER","MED","Median","Thousand persons","140 percent or over","Total","Less than 18 years",318,
2024,"EL","Y_LT18","T","PC_GE140","THS_PER","MED","Median","Thousand persons","140 percent or over","Total","Less than 18 years",297,
2025,"EL","Y_LT18","T","PC_GE140","THS_PER","MED","Median","Thousand persons","140 percent or over","Total","Less than 18 years",281,
2003,"EL","Y18-64","T","PC_GE140","THS_PER","MED","Median","Thousand persons","140 percent or over","Total","From 18 to 64 years",2056,
2004,"EL","Y18-64","T","PC_GE140","THS_PER","MED","Median","Thousand persons","140 percent or over","Total","From 18 to 64 years",2103,
2005,"EL","Y18-64","T","PC_GE140","THS_PER","MED","Median","Thousand persons","140 percent or over","Total","From 18 to 64 years",2115,
2006,"EL","Y18-64","T","PC_GE140","THS_PER","MED","Median","Thousand persons","140 percent or over","Total","From 18 to 64 years",2126,
2007,"EL","Y18-64","T","PC_GE140","THS_PER","MED","Median","Thousand persons","140 percent or over","Total","From 18 to 64 years",2113,
2008,"EL","Y18-64","T","PC_GE140","THS_PER","MED","Median","Thousand persons","140 percent or over","Total","From 18 to 64 years",2099,
2009,"EL","Y18-64","T","PC_GE140","THS_PER","MED","Median","Thousand persons","140 percent or over","Total","From 18 to 64 years",2098,
2010,"EL","Y18-64","T","PC_GE140","THS_PER","MED","Median","Thousand persons","140 percent or over","Total","From 18 to 64 years",2044,
2011,"EL","Y18-64","T","PC_GE140","THS_PER","MED","Median","Thousand persons","140 percent or over","Total","From 18 to 64 years",2079,
2012,"EL","Y18-64","T","PC_GE140","THS_PER","MED","Median","Thousand persons","140 percent or over","Total","From 18 to 64 years",1861,
2014,"EL","Y18-64","T","PC_GE140","THS_PER","MED","Median","Thousand persons","140 percent or over","Total","From 18 to 64 years",1916,
2015,"EL","Y18-64","T","PC_GE140","THS_PER","MED","Median","Thousand persons","140 percent or over","Total","From 18 to 64 years",1937,
2016,"EL","Y18-64","T","PC_GE140","THS_PER","MED","Median","Thousand persons","140 percent or over","Total","From 18 to 64 years",1950,
2017,"EL","Y18-64","T","PC_GE140","THS_PER","MED","Median","Thousand persons","140 percent or over","Total","From 18 to 64 years",1896,
2018,"EL","Y18-64","T","PC_GE140","THS_PER","MED","Median","Thousand persons","140 percent or over","Total","From 18 to 64 years",1810,
2019,"EL","Y18-64","T","PC_GE140","THS_PER","MED","Median","Thousand persons","140 percent or over","Total","From 18 to 64 years",1818,
2020,"EL","Y18-64","T","PC_GE140","THS_PER","MED","Median","Thousand persons","140 percent or over","Total","From 18 to 64 years",1750,
2021,"EL","Y18-64","T","PC_GE140","THS_PER","MED","Median","Thousand persons","140 percent or over","Total","From 18 to 64 years",1721,
2022,"EL","Y18-64","T","PC_GE140","THS_PER","MED","Median","Thousand persons","140 percent or over","Total","From 18 to 64 years",1689,
2023,"EL","Y18-64","T","PC_GE140","THS_PER","MED","Median","Thousand persons","140 percent or over","Total","From 18 to 64 years",1603,
2024,"EL","Y18-64","T","PC_GE140","THS_PER","MED","Median","Thousand persons","140 percent or over","Total","From 18 to 64 years",1570,
2025,"EL","Y18-64","T","PC_GE140","THS_PER","MED","Median","Thousand persons","140 percent or over","Total","From 18 to 64 years",1630,
2003,"EL","Y_GE65","T","PC_GE140","THS_PER","MED","Median","Thousand persons","140 percent or over","Total","65 years or over",346,
2004,"EL","Y_GE65","T","PC_GE140","THS_PER","MED","Median","Thousand persons","140 percent or over","Total","65 years or over",341,
2005,"EL","Y_GE65","T","PC_GE140","THS_PER","MED","Median","Thousand persons","140 percent or over","Total","65 years or over",335,
2006,"EL","Y_GE65","T","PC_GE140","THS_PER","MED","Median","Thousand persons","140 percent or over","Total","65 years or over",312,
2007,"EL","Y_GE65","T","PC_GE140","THS_PER","MED","Median","Thousand persons","140 percent or over","Total","65 years or over",344,
2008,"EL","Y_GE65","T","PC_GE140","THS_PER","MED","Median","Thousand persons","140 percent or over","Total","65 years or over",360,
2009,"EL","Y_GE65","T","PC_GE140","THS_PER","MED","Median","Thousand persons","140 percent or over","Total","65 years or over",346,
2010,"EL","Y_GE65","T","PC_GE140","THS_PER","MED","Median","Thousand persons","140 percent or over","Total","65 years or over",325,
2011,"EL","Y_GE65","T","PC_GE140","THS_PER","MED","Median","Thousand persons","140 percent or over","Total","65 years or over",368,
2012,"EL","Y_GE65","T","PC_GE140","THS_PER","MED","Median","Thousand persons","140 percent or over","Total","65 years or over",496,
2014,"EL","Y_GE65","T","PC_GE140","THS_PER","MED","Median","Thousand persons","140 percent or over","Total","65 years or over",479,
2015,"EL","Y_GE65","T","PC_GE140","THS_PER","MED","Median","Thousand persons","140 percent or over","Total","65 years or over",535,
2016,"EL","Y_GE65","T","PC_GE140","THS_PER","MED","Median","Thousand persons","140 percent or over","Total","65 years or over",567,
2017,"EL","Y_GE65","T","PC_GE140","THS_PER","MED","Median","Thousand persons","140 percent or over","Total","65 years or over",559,
2018,"EL","Y_GE65","T","PC_GE140","THS_PER","MED","Median","Thousand persons","140 percent or over","Total","65 years or over",539,
2019,"EL","Y_GE65","T","PC_GE140","THS_PER","MED","Median","Thousand persons","140 percent or over","Total","65 years or over",539,
2020,"EL","Y_GE65","T","PC_GE140","THS_PER","MED","Median","Thousand persons","140 percent or over","Total","65 years or over",564,
2021,"EL","Y_GE65","T","PC_GE140","THS_PER","MED","Median","Thousand persons","140 percent or over","Total","65 years or over",577,
2022,"EL","Y_GE65","T","PC_GE140","THS_PER","MED","Median","Thousand persons","140 percent or over","Total","65 years or over",566,
2023,"EL","Y_GE65","T","PC_GE140","THS_PER","MED","Median","Thousand persons","140 percent or over","Total","65 years or over",516,
2024,"EL","Y_GE65","T","PC_GE140","THS_PER","MED","Median","Thousand persons","140 percent or over","Total","65 years or over",484,
2025,"EL","Y_GE65","T","PC_GE140","THS_PER","MED","Median","Thousand persons","140 percent or over","Total","65 years or over",426,
2003,"EL","TOTAL","M","PC_GE140","THS_PER","MED","Median","Thousand persons","140 percent or over","Males","Total",1472,
2004,"EL","TOTAL","M","PC_GE140","THS_PER","MED","Median","Thousand persons","140 percent or over","Males","Total",1520,
2005,"EL","TOTAL","M","PC_GE140","THS_PER","MED","Median","Thousand persons","140 percent or over","Males","Total",1540,
2006,"EL","TOTAL","M","PC_GE140","THS_PER","MED","Median","Thousand persons","140 percent or over","Males","Total",1507,
2007,"EL","TOTAL","M","PC_GE140","THS_PER","MED","Median","Thousand persons","140 percent or over","Males","Total",1493,
2008,"EL","TOTAL","M","PC_GE140","THS_PER","MED","Median","Thousand persons","140 percent or over","Males","Total",1490,
2009,"EL","TOTAL","M","PC_GE140","THS_PER","MED","Median","Thousand persons","140 percent or over","Males","Total",1463,
2010,"EL","TOTAL","M","PC_GE140","THS_PER","MED","Median","Thousand persons","140 percent or over","Males","Total",1431,
2011,"EL","TOTAL","M","PC_GE140","THS_PER","MED","Median","Thousand persons","140 percent or over","Males","Total",1521,
2012,"EL","TOTAL","M","PC_GE140","THS_PER","MED","Median","Thousand persons","140 percent or over","Males","Total",1440,
2014,"EL","TOTAL","M","PC_GE140","THS_PER","MED","Median","Thousand persons","140 percent or over","Males","Total",1441,
2015,"EL","TOTAL","M","PC_GE140","THS_PER","MED","Median","Thousand persons","140 percent or over","Males","Total",1459,
2016,"EL","TOTAL","M","PC_GE140","THS_PER","MED","Median","Thousand persons","140 percent or over","Males","Total",1476,
2017,"EL","TOTAL","M","PC_GE140","THS_PER","MED","Median","Thousand persons","140 percent or over","Males","Total",1454,
2018,"EL","TOTAL","M","PC_GE140","THS_PER","MED","Median","Thousand persons","140 percent or over","Males","Total",1375,
2019,"EL","TOTAL","M","PC_GE140","THS_PER","MED","Median","Thousand persons","140 percent or over","Males","Total",1372,
2020,"EL","TOTAL","M","PC_GE140","THS_PER","MED","Median","Thousand persons","140 percent or over","Males","Total",1340,
2021,"EL","TOTAL","M","PC_GE140","THS_PER","MED","Median","Thousand persons","140 percent or over","Males","Total",1356,
2022,"EL","TOTAL","M","PC_GE140","THS_PER","MED","Median","Thousand persons","140 percent or over","Males","Total",1318,
2023,"EL","TOTAL","M","PC_GE140","THS_PER","MED","Median","Thousand persons","140 percent or over","Males","Total",1218,
2024,"EL","TOTAL","M","PC_GE140","THS_PER","MED","Median","Thousand persons","140 percent or over","Males","Total",1185,
2025,"EL","TOTAL","M","PC_GE140","THS_PER","MED","Median","Thousand persons","140 percent or over","Males","Total",1190,
2003,"EL","Y_LT18","M","PC_GE140","THS_PER","MED","Median","Thousand persons","140 percent or over","Males","Less than 18 years",283,
2004,"EL","Y_LT18","M","PC_GE140","THS_PER","MED","Median","Thousand persons","140 percent or over","Males","Less than 18 years",295,
2005,"EL","Y_LT18","M","PC_GE140","THS_PER","MED","Median","Thousand persons","140 percent or over","Males","Less than 18 years",308,
2006,"EL","Y_LT18","M","PC_GE140","THS_PER","MED","Median","Thousand persons","140 percent or over","Males","Less than 18 years",283,
2007,"EL","Y_LT18","M","PC_GE140","THS_PER","MED","Median","Thousand persons","140 percent or over","Males","Less than 18 years",262,
2008,"EL","Y_LT18","M","PC_GE140","THS_PER","MED","Median","Thousand persons","140 percent or over","Males","Less than 18 years",254,
2009,"EL","Y_LT18","M","PC_GE140","THS_PER","MED","Median","Thousand persons","140 percent or over","Males","Less than 18 years",248,
2010,"EL","Y_LT18","M","PC_GE140","THS_PER","MED","Median","Thousand persons","140 percent or over","Males","Less than 18 years",244,
2011,"EL","Y_LT18","M","PC_GE140","THS_PER","MED","Median","Thousand persons","140 percent or over","Males","Less than 18 years",254,
2012,"EL","Y_LT18","M","PC_GE140","THS_PER","MED","Median","Thousand persons","140 percent or over","Males","Less than 18 years",230,
2014,"EL","Y_LT18","M","PC_GE140","THS_PER","MED","Median","Thousand persons","140 percent or over","Males","Less than 18 years",248,
2015,"EL","Y_LT18","M","PC_GE140","THS_PER","MED","Median","Thousand persons","140 percent or over","Males","Less than 18 years",231,
2016,"EL","Y_LT18","M","PC_GE140","THS_PER","MED","Median","Thousand persons","140 percent or over","Males","Less than 18 years",231,
2017,"EL","Y_LT18","M","PC_GE140","THS_PER","MED","Median","Thousand persons","140 percent or over","Males","Less than 18 years",235,
2018,"EL","Y_LT18","M","PC_GE140","THS_PER","MED","Median","Thousand persons","140 percent or over","Males","Less than 18 years",203,
2019,"EL","Y_LT18","M","PC_GE140","THS_PER","MED","Median","Thousand persons","140 percent or over","Males","Less than 18 years",192,
2020,"EL","Y_LT18","M","PC_GE140","THS_PER","MED","Median","Thousand persons","140 percent or over","Males","Less than 18 years",182,
2021,"EL","Y_LT18","M","PC_GE140","THS_PER","MED","Median","Thousand persons","140 percent or over","Males","Less than 18 years",186,
2022,"EL","Y_LT18","M","PC_GE140","THS_PER","MED","Median","Thousand persons","140 percent or over","Males","Less than 18 years",174,
2023,"EL","Y_LT18","M","PC_GE140","THS_PER","MED","Median","Thousand persons","140 percent or over","Males","Less than 18 years",160,
2024,"EL","Y_LT18","M","PC_GE140","THS_PER","MED","Median","Thousand persons","140 percent or over","Males","Less than 18 years",159,
2025,"EL","Y_LT18","M","PC_GE140","THS_PER","MED","Median","Thousand persons","140 percent or over","Males","Less than 18 years",146,
2003,"EL","Y18-64","M","PC_GE140","THS_PER","MED","Median","Thousand persons","140 percent or over","Males","From 18 to 64 years",1033,
2004,"EL","Y18-64","M","PC_GE140","THS_PER","MED","Median","Thousand persons","140 percent or over","Males","From 18 to 64 years",1067,
2005,"EL","Y18-64","M","PC_GE140","THS_PER","MED","Median","Thousand persons","140 percent or over","Males","From 18 to 64 years",1078,
2006,"EL","Y18-64","M","PC_GE140","THS_PER","MED","Median","Thousand persons","140 percent or over","Males","From 18 to 64 years",1070,
2007,"EL","Y18-64","M","PC_GE140","THS_PER","MED","Median","Thousand persons","140 percent or over","Males","From 18 to 64 years",1064,
2008,"EL","Y18-64","M","PC_GE140","THS_PER","MED","Median","Thousand persons","140 percent or over","Males","From 18 to 64 years",1052,
2009,"EL","Y18-64","M","PC_GE140","THS_PER","MED","Median","Thousand persons","140 percent or over","Males","From 18 to 64 years",1056,
2010,"EL","Y18-64","M","PC_GE140","THS_PER","MED","Median","Thousand persons","140 percent or over","Males","From 18 to 64 years",1027,
2011,"EL","Y18-64","M","PC_GE140","THS_PER","MED","Median","Thousand persons","140 percent or over","Males","From 18 to 64 years",1084,
2012,"EL","Y18-64","M","PC_GE140","THS_PER","MED","Median","Thousand persons","140 percent or over","Males","From 18 to 64 years",966,
2014,"EL","Y18-64","M","PC_GE140","THS_PER","MED","Median","Thousand persons","140 percent or over","Males","From 18 to 64 years",974,
2015,"EL","Y18-64","M","PC_GE140","THS_PER","MED","Median","Thousand persons","140 percent or over","Males","From 18 to 64 years",969,
2016,"EL","Y18-64","M","PC_GE140","THS_PER","MED","Median","Thousand persons","140 percent or over","Males","From 18 to 64 years",967,
2017,"EL","Y18-64","M","PC_GE140","THS_PER","MED","Median","Thousand persons","140 percent or over","Males","From 18 to 64 years",948,
2018,"EL","Y18-64","M","PC_GE140","THS_PER","MED","Median","Thousand persons","140 percent or over","Males","From 18 to 64 years",906,
2019,"EL","Y18-64","M","PC_GE140","THS_PER","MED","Median","Thousand persons","140 percent or over","Males","From 18 to 64 years",921,
2020,"EL","Y18-64","M","PC_GE140","THS_PER","MED","Median","Thousand persons","140 percent or over","Males","From 18 to 64 years",884,
2021,"EL","Y18-64","M","PC_GE140","THS_PER","MED","Median","Thousand persons","140 percent or over","Males","From 18 to 64 years",879,
2022,"EL","Y18-64","M","PC_GE140","THS_PER","MED","Median","Thousand persons","140 percent or over","Males","From 18 to 64 years",853,
2023,"EL","Y18-64","M","PC_GE140","THS_PER","MED","Median","Thousand persons","140 percent or over","Males","From 18 to 64 years",800,
2024,"EL","Y18-64","M","PC_GE140","THS_PER","MED","Median","Thousand persons","140 percent or over","Males","From 18 to 64 years",779,
2025,"EL","Y18-64","M","PC_GE140","THS_PER","MED","Median","Thousand persons","140 percent or over","Males","From 18 to 64 years",822,
2003,"EL","Y_GE65","M","PC_GE140","THS_PER","MED","Median","Thousand persons","140 percent or over","Males","65 years or over",167,
2004,"EL","Y_GE65","M","PC_GE140","THS_PER","MED","Median","Thousand persons","140 percent or over","Males","65 years or over",171,
2005,"EL","Y_GE65","M","PC_GE140","THS_PER","MED","Median","Thousand persons","140 percent or over","Males","65 years or over",165,
2006,"EL","Y_GE65","M","PC_GE140","THS_PER","MED","Median","Thousand persons","140 percent or over","Males","65 years or over",167,
2007,"EL","Y_GE65","M","PC_GE140","THS_PER","MED","Median","Thousand persons","140 percent or over","Males","65 years or over",178,
2008,"EL","Y_GE65","M","PC_GE140","THS_PER","MED","Median","Thousand persons","140 percent or over","Males","65 years or over",191,
2009,"EL","Y_GE65","M","PC_GE140","THS_PER","MED","Median","Thousand persons","140 percent or over","Males","65 years or over",171,
2010,"EL","Y_GE65","M","PC_GE140","THS_PER","MED","Median","Thousand persons","140 percent or over","Males","65 years or over",170,
2011,"EL","Y_GE65","M","PC_GE140","THS_PER","MED","Median","Thousand persons","140 percent or over","Males","65 years or over",192,
2012,"EL","Y_GE65","M","PC_GE140","THS_PER","MED","Median","Thousand persons","140 percent or over","Males","65 years or over",251,
2014,"EL","Y_GE65","M","PC_GE140","THS_PER","MED","Median","Thousand persons","140 percent or over","Males","65 years or over",230,
2015,"EL","Y_GE65","M","PC_GE140","THS_PER","MED","Median","Thousand persons","140 percent or over","Males","65 years or over",265,
2016,"EL","Y_GE65","M","PC_GE140","THS_PER","MED","Median","Thousand persons","140 percent or over","Males","65 years or over",287,
2017,"EL","Y_GE65","M","PC_GE140","THS_PER","MED","Median","Thousand persons","140 percent or over","Males","65 years or over",278,
2018,"EL","Y_GE65","M","PC_GE140","THS_PER","MED","Median","Thousand persons","140 percent or over","Males","65 years or over",272,
2019,"EL","Y_GE65","M","PC_GE140","THS_PER","MED","Median","Thousand persons","140 percent or over","Males","65 years or over",272,
2020,"EL","Y_GE65","M","PC_GE140","THS_PER","MED","Median","Thousand persons","140 percent or over","Males","65 years or over",281,
2021,"EL","Y_GE65","M","PC_GE140","THS_PER","MED","Median","Thousand persons","140 percent or over","Males","65 years or over",300,
2022,"EL","Y_GE65","M","PC_GE140","THS_PER","MED","Median","Thousand persons","140 percent or over","Males","65 years or over",292,
2023,"EL","Y_GE65","M","PC_GE140","THS_PER","MED","Median","Thousand persons","140 percent or over","Males","65 years or over",266,
2024,"EL","Y_GE65","M","PC_GE140","THS_PER","MED","Median","Thousand persons","140 percent or over","Males","65 years or over",251,
2025,"EL","Y_GE65","M","PC_GE140","THS_PER","MED","Median","Thousand persons","140 percent or over","Males","65 years or over",227,
2003,"EL","TOTAL","F","PC_GE140","THS_PER","MED","Median","Thousand persons","140 percent or over","Females","Total",1441,
2004,"EL","TOTAL","F","PC_GE140","THS_PER","MED","Median","Thousand persons","140 percent or over","Females","Total",1484,
2005,"EL","TOTAL","F","PC_GE140","THS_PER","MED","Median","Thousand persons","140 percent or over","Females","Total",1469,
2006,"EL","TOTAL","F","PC_GE140","THS_PER","MED","Median","Thousand persons","140 percent or over","Females","Total",1461,
2007,"EL","TOTAL","F","PC_GE140","THS_PER","MED","Median","Thousand persons","140 percent or over","Females","Total",1466,
2008,"EL","TOTAL","F","PC_GE140","THS_PER","MED","Median","Thousand persons","140 percent or over","Females","Total",1449,
2009,"EL","TOTAL","F","PC_GE140","THS_PER","MED","Median","Thousand persons","140 percent or over","Females","Total",1433,
2010,"EL","TOTAL","F","PC_GE140","THS_PER","MED","Median","Thousand persons","140 percent or over","Females","Total",1408,
2011,"EL","TOTAL","F","PC_GE140","THS_PER","MED","Median","Thousand persons","140 percent or over","Females","Total",1414,
2012,"EL","TOTAL","F","PC_GE140","THS_PER","MED","Median","Thousand persons","140 percent or over","Females","Total",1370,
2014,"EL","TOTAL","F","PC_GE140","THS_PER","MED","Median","Thousand persons","140 percent or over","Females","Total",1420,
2015,"EL","TOTAL","F","PC_GE140","THS_PER","MED","Median","Thousand persons","140 percent or over","Females","Total",1467,
2016,"EL","TOTAL","F","PC_GE140","THS_PER","MED","Median","Thousand persons","140 percent or over","Females","Total",1488,
2017,"EL","TOTAL","F","PC_GE140","THS_PER","MED","Median","Thousand persons","140 percent or over","Females","Total",1445,
2018,"EL","TOTAL","F","PC_GE140","THS_PER","MED","Median","Thousand persons","140 percent or over","Females","Total",1370,
2019,"EL","TOTAL","F","PC_GE140","THS_PER","MED","Median","Thousand persons","140 percent or over","Females","Total",1355,
2020,"EL","TOTAL","F","PC_GE140","THS_PER","MED","Median","Thousand persons","140 percent or over","Females","Total",1341,
2021,"EL","TOTAL","F","PC_GE140","THS_PER","MED","Median","Thousand persons","140 percent or over","Females","Total",1301,
2022,"EL","TOTAL","F","PC_GE140","THS_PER","MED","Median","Thousand persons","140 percent or over","Females","Total",1303,
2023,"EL","TOTAL","F","PC_GE140","THS_PER","MED","Median","Thousand persons","140 percent or over","Females","Total",1205,
2024,"EL","TOTAL","F","PC_GE140","THS_PER","MED","Median","Thousand persons","140 percent or over","Females","Total",1156,
2025,"EL","TOTAL","F","PC_GE140","THS_PER","MED","Median","Thousand persons","140 percent or over","Females","Total",1134,
2003,"EL","Y_LT18","F","PC_GE140","THS_PER","MED","Median","Thousand persons","140 percent or over","Females","Less than 18 years",253,
2004,"EL","Y_LT18","F","PC_GE140","THS_PER","MED","Median","Thousand persons","140 percent or over","Females","Less than 18 years",288,
2005,"EL","Y_LT18","F","PC_GE140","THS_PER","MED","Median","Thousand persons","140 percent or over","Females","Less than 18 years",274,
2006,"EL","Y_LT18","F","PC_GE140","THS_PER","MED","Median","Thousand persons","140 percent or over","Females","Less than 18 years",269,
2007,"EL","Y_LT18","F","PC_GE140","THS_PER","MED","Median","Thousand persons","140 percent or over","Females","Less than 18 years",260,
2008,"EL","Y_LT18","F","PC_GE140","THS_PER","MED","Median","Thousand persons","140 percent or over","Females","Less than 18 years",246,
2009,"EL","Y_LT18","F","PC_GE140","THS_PER","MED","Median","Thousand persons","140 percent or over","Females","Less than 18 years",223,
2010,"EL","Y_LT18","F","PC_GE140","THS_PER","MED","Median","Thousand persons","140 percent or over","Females","Less than 18 years",242,
2011,"EL","Y_LT18","F","PC_GE140","THS_PER","MED","Median","Thousand persons","140 percent or over","Females","Less than 18 years",249,
2012,"EL","Y_LT18","F","PC_GE140","THS_PER","MED","Median","Thousand persons","140 percent or over","Females","Less than 18 years",232,
2014,"EL","Y_LT18","F","PC_GE140","THS_PER","MED","Median","Thousand persons","140 percent or over","Females","Less than 18 years",237,
2015,"EL","Y_LT18","F","PC_GE140","THS_PER","MED","Median","Thousand persons","140 percent or over","Females","Less than 18 years",236,
2016,"EL","Y_LT18","F","PC_GE140","THS_PER","MED","Median","Thousand persons","140 percent or over","Females","Less than 18 years",234,
2017,"EL","Y_LT18","F","PC_GE140","THS_PER","MED","Median","Thousand persons","140 percent or over","Females","Less than 18 years",223,
2018,"EL","Y_LT18","F","PC_GE140","THS_PER","MED","Median","Thousand persons","140 percent or over","Females","Less than 18 years",207,
2019,"EL","Y_LT18","F","PC_GE140","THS_PER","MED","Median","Thousand persons","140 percent or over","Females","Less than 18 years",198,
2020,"EL","Y_LT18","F","PC_GE140","THS_PER","MED","Median","Thousand persons","140 percent or over","Females","Less than 18 years",199,
2021,"EL","Y_LT18","F","PC_GE140","THS_PER","MED","Median","Thousand persons","140 percent or over","Females","Less than 18 years",190,
2022,"EL","Y_LT18","F","PC_GE140","THS_PER","MED","Median","Thousand persons","140 percent or over","Females","Less than 18 years",200,
2023,"EL","Y_LT18","F","PC_GE140","THS_PER","MED","Median","Thousand persons","140 percent or over","Females","Less than 18 years",158,
2024,"EL","Y_LT18","F","PC_GE140","THS_PER","MED","Median","Thousand persons","140 percent or over","Females","Less than 18 years",137,
2025,"EL","Y_LT18","F","PC_GE140","THS_PER","MED","Median","Thousand persons","140 percent or over","Females","Less than 18 years",134,
2003,"EL","Y18-64","F","PC_GE140","THS_PER","MED","Median","Thousand persons","140 percent or over","Females","From 18 to 64 years",1023,
2004,"EL","Y18-64","F","PC_GE140","THS_PER","MED","Median","Thousand persons","140 percent or over","Females","From 18 to 64 years",1036,
2005,"EL","Y18-64","F","PC_GE140","THS_PER","MED","Median","Thousand persons","140 percent or over","Females","From 18 to 64 years",1037,
2006,"EL","Y18-64","F","PC_GE140","THS_PER","MED","Median","Thousand persons","140 percent or over","Females","From 18 to 64 years",1056,
2007,"EL","Y18-64","F","PC_GE140","THS_PER","MED","Median","Thousand persons","140 percent or over","Females","From 18 to 64 years",1050,
2008,"EL","Y18-64","F","PC_GE140","THS_PER","MED","Median","Thousand persons","140 percent or over","Females","From 18 to 64 years",1047,
2009,"EL","Y18-64","F","PC_GE140","THS_PER","MED","Median","Thousand persons","140 percent or over","Females","From 18 to 64 years",1042,
2010,"EL","Y18-64","F","PC_GE140","THS_PER","MED","Median","Thousand persons","140 percent or over","Females","From 18 to 64 years",1018,
2011,"EL","Y18-64","F","PC_GE140","THS_PER","MED","Median","Thousand persons","140 percent or over","Females","From 18 to 64 years",995,
2012,"EL","Y18-64","F","PC_GE140","THS_PER","MED","Median","Thousand persons","140 percent or over","Females","From 18 to 64 years",896,
2014,"EL","Y18-64","F","PC_GE140","THS_PER","MED","Median","Thousand persons","140 percent or over","Females","From 18 to 64 years",942,
2015,"EL","Y18-64","F","PC_GE140","THS_PER","MED","Median","Thousand persons","140 percent or over","Females","From 18 to 64 years",968,
2016,"EL","Y18-64","F","PC_GE140","THS_PER","MED","Median","Thousand persons","140 percent or over","Females","From 18 to 64 years",983,
2017,"EL","Y18-64","F","PC_GE140","THS_PER","MED","Median","Thousand persons","140 percent or over","Females","From 18 to 64 years",948,
2018,"EL","Y18-64","F","PC_GE140","THS_PER","MED","Median","Thousand persons","140 percent or over","Females","From 18 to 64 years",905,
2019,"EL","Y18-64","F","PC_GE140","THS_PER","MED","Median","Thousand persons","140 percent or over","Females","From 18 to 64 years",897,
2020,"EL","Y18-64","F","PC_GE140","THS_PER","MED","Median","Thousand persons","140 percent or over","Females","From 18 to 64 years",866,
2021,"EL","Y18-64","F","PC_GE140","THS_PER","MED","Median","Thousand persons","140 percent or over","Females","From 18 to 64 years",842,
2022,"EL","Y18-64","F","PC_GE140","THS_PER","MED","Median","Thousand persons","140 percent or over","Females","From 18 to 64 years",835,
2023,"EL","Y18-64","F","PC_GE140","THS_PER","MED","Median","Thousand persons","140 percent or over","Females","From 18 to 64 years",803,
2024,"EL","Y18-64","F","PC_GE140","THS_PER","MED","Median","Thousand persons","140 percent or over","Females","From 18 to 64 years",792,
2025,"EL","Y18-64","F","PC_GE140","THS_PER","MED","Median","Thousand persons","140 percent or over","Females","From 18 to 64 years",808,
2003,"EL","Y_GE65","F","PC_GE140","THS_PER","MED","Median","Thousand persons","140 percent or over","Females","65 years or over",179,
2004,"EL","Y_GE65","F","PC_GE140","THS_PER","MED","Median","Thousand persons","140 percent or over","Females","65 years or over",170,
2005,"EL","Y_GE65","F","PC_GE140","THS_PER","MED","Median","Thousand persons","140 percent or over","Females","65 years or over",170,
2006,"EL","Y_GE65","F","PC_GE140","THS_PER","MED","Median","Thousand persons","140 percent or over","Females","65 years or over",145,
2007,"EL","Y_GE65","F","PC_GE140","THS_PER","MED","Median","Thousand persons","140 percent or over","Females","65 years or over",166,
2008,"EL","Y_GE65","F","PC_GE140","THS_PER","MED","Median","Thousand persons","140 percent or over","Females","65 years or over",169,
2009,"EL","Y_GE65","F","PC_GE140","THS_PER","MED","Median","Thousand persons","140 percent or over","Females","65 years or over",174,
2010,"EL","Y_GE65","F","PC_GE140","THS_PER","MED","Median","Thousand persons","140 percent or over","Females","65 years or over",155,
2011,"EL","Y_GE65","F","PC_GE140","THS_PER","MED","Median","Thousand persons","140 percent or over","Females","65 years or over",176,
2012,"EL","Y_GE65","F","PC_GE140","THS_PER","MED","Median","Thousand persons","140 percent or over","Females","65 years or over",245,
2014,"EL","Y_GE65","F","PC_GE140","THS_PER","MED","Median","Thousand persons","140 percent or over","Females","65 years or over",249,
2015,"EL","Y_GE65","F","PC_GE140","THS_PER","MED","Median","Thousand persons","140 percent or over","Females","65 years or over",269,
2016,"EL","Y_GE65","F","PC_GE140","THS_PER","MED","Median","Thousand persons","140 percent or over","Females","65 years or over",280,
2017,"EL","Y_GE65","F","PC_GE140","THS_PER","MED","Median","Thousand persons","140 percent or over","Females","65 years or over",281,
2018,"EL","Y_GE65","F","PC_GE140","THS_PER","MED","Median","Thousand persons","140 percent or over","Females","65 years or over",266,
2019,"EL","Y_GE65","F","PC_GE140","THS_PER","MED","Median","Thousand persons","140 percent or over","Females","65 years or over",266,
2020,"EL","Y_GE65","F","PC_GE140","THS_PER","MED","Median","Thousand persons","140 percent or over","Females","65 years or over",283,
2021,"EL","Y_GE65","F","PC_GE140","THS_PER","MED","Median","Thousand persons","140 percent or over","Females","65 years or over",277,
2022,"EL","Y_GE65","F","PC_GE140","THS_PER","MED","Median","Thousand persons","140 percent or over","Females","65 years or over",274,
2023,"EL","Y_GE65","F","PC_GE140","THS_PER","MED","Median","Thousand persons","140 percent or over","Females","65 years or over",249,
2024,"EL","Y_GE65","F","PC_GE140","THS_PER","MED","Median","Thousand persons","140 percent or over","Females","65 years or over",233,
2025,"EL","Y_GE65","F","PC_GE140","THS_PER","MED","Median","Thousand persons","140 percent or over","Females","65 years or over",199,
2003,"EL","TOTAL","T","PC_GE150","THS_PER","MED","Median","Thousand persons","150 percent or over","Total","Total",2526,
2004,"EL","TOTAL","T","PC_GE150","THS_PER","MED","Median","Thousand persons","150 percent or over","Total","Total",2585,
2005,"EL","TOTAL","T","PC_GE150","THS_PER","MED","Median","Thousand persons","150 percent or over","Total","Total",2581,
2006,"EL","TOTAL","T","PC_GE150","THS_PER","MED","Median","Thousand persons","150 percent or over","Total","Total",2540,
2007,"EL","TOTAL","T","PC_GE150","THS_PER","MED","Median","Thousand persons","150 percent or over","Total","Total",2575,
2008,"EL","TOTAL","T","PC_GE150","THS_PER","MED","Median","Thousand persons","150 percent or over","Total","Total",2546,
2009,"EL","TOTAL","T","PC_GE150","THS_PER","MED","Median","Thousand persons","150 percent or over","Total","Total",2486,
2010,"EL","TOTAL","T","PC_GE150","THS_PER","MED","Median","Thousand persons","150 percent or over","Total","Total",2464,
2011,"EL","TOTAL","T","PC_GE150","THS_PER","MED","Median","Thousand persons","150 percent or over","Total","Total",2454,
2012,"EL","TOTAL","T","PC_GE150","THS_PER","MED","Median","Thousand persons","150 percent or over","Total","Total",2349,
2014,"EL","TOTAL","T","PC_GE150","THS_PER","MED","Median","Thousand persons","150 percent or over","Total","Total",2449,
2015,"EL","TOTAL","T","PC_GE150","THS_PER","MED","Median","Thousand persons","150 percent or over","Total","Total",2448,
2016,"EL","TOTAL","T","PC_GE150","THS_PER","MED","Median","Thousand persons","150 percent or over","Total","Total",2523,
2017,"EL","TOTAL","T","PC_GE150","THS_PER","MED","Median","Thousand persons","150 percent or over","Total","Total",2410,
2018,"EL","TOTAL","T","PC_GE150","THS_PER","MED","Median","Thousand persons","150 percent or over","Total","Total",2271,
2019,"EL","TOTAL","T","PC_GE150","THS_PER","MED","Median","Thousand persons","150 percent or over","Total","Total",2259,
2020,"EL","TOTAL","T","PC_GE150","THS_PER","MED","Median","Thousand persons","150 percent or over","Total","Total",2247,
2021,"EL","TOTAL","T","PC_GE150","THS_PER","MED","Median","Thousand persons","150 percent or over","Total","Total",2262,
2022,"EL","TOTAL","T","PC_GE150","THS_PER","MED","Median","Thousand persons","150 percent or over","Total","Total",2143,
2023,"EL","TOTAL","T","PC_GE150","THS_PER","MED","Median","Thousand persons","150 percent or over","Total","Total",2000,
2024,"EL","TOTAL","T","PC_GE150","THS_PER","MED","Median","Thousand persons","150 percent or over","Total","Total",1925,
2025,"EL","TOTAL","T","PC_GE150","THS_PER","MED","Median","Thousand persons","150 percent or over","Total","Total",1814,
2003,"EL","Y_LT18","T","PC_GE150","THS_PER","MED","Median","Thousand persons","150 percent or over","Total","Less than 18 years",462,
2004,"EL","Y_LT18","T","PC_GE150","THS_PER","MED","Median","Thousand persons","150 percent or over","Total","Less than 18 years",508,
2005,"EL","Y_LT18","T","PC_GE150","THS_PER","MED","Median","Thousand persons","150 percent or over","Total","Less than 18 years",503,
2006,"EL","Y_LT18","T","PC_GE150","THS_PER","MED","Median","Thousand persons","150 percent or over","Total","Less than 18 years",490,
2007,"EL","Y_LT18","T","PC_GE150","THS_PER","MED","Median","Thousand persons","150 percent or over","Total","Less than 18 years",455,
2008,"EL","Y_LT18","T","PC_GE150","THS_PER","MED","Median","Thousand persons","150 percent or over","Total","Less than 18 years",433,
2009,"EL","Y_LT18","T","PC_GE150","THS_PER","MED","Median","Thousand persons","150 percent or over","Total","Less than 18 years",409,
2010,"EL","Y_LT18","T","PC_GE150","THS_PER","MED","Median","Thousand persons","150 percent or over","Total","Less than 18 years",412,
2011,"EL","Y_LT18","T","PC_GE150","THS_PER","MED","Median","Thousand persons","150 percent or over","Total","Less than 18 years",413,
2012,"EL","Y_LT18","T","PC_GE150","THS_PER","MED","Median","Thousand persons","150 percent or over","Total","Less than 18 years",388,
2014,"EL","Y_LT18","T","PC_GE150","THS_PER","MED","Median","Thousand persons","150 percent or over","Total","Less than 18 years",420,
2015,"EL","Y_LT18","T","PC_GE150","THS_PER","MED","Median","Thousand persons","150 percent or over","Total","Less than 18 years",376,
2016,"EL","Y_LT18","T","PC_GE150","THS_PER","MED","Median","Thousand persons","150 percent or over","Total","Less than 18 years",400,
2017,"EL","Y_LT18","T","PC_GE150","THS_PER","MED","Median","Thousand persons","150 percent or over","Total","Less than 18 years",376,
2018,"EL","Y_LT18","T","PC_GE150","THS_PER","MED","Median","Thousand persons","150 percent or over","Total","Less than 18 years",332,
2019,"EL","Y_LT18","T","PC_GE150","THS_PER","MED","Median","Thousand persons","150 percent or over","Total","Less than 18 years",320,
2020,"EL","Y_LT18","T","PC_GE150","THS_PER","MED","Median","Thousand persons","150 percent or over","Total","Less than 18 years",320,
2021,"EL","Y_LT18","T","PC_GE150","THS_PER","MED","Median","Thousand persons","150 percent or over","Total","Less than 18 years",310,
2022,"EL","Y_LT18","T","PC_GE150","THS_PER","MED","Median","Thousand persons","150 percent or over","Total","Less than 18 years",297,
2023,"EL","Y_LT18","T","PC_GE150","THS_PER","MED","Median","Thousand persons","150 percent or over","Total","Less than 18 years",259,
2024,"EL","Y_LT18","T","PC_GE150","THS_PER","MED","Median","Thousand persons","150 percent or over","Total","Less than 18 years",243,
2025,"EL","Y_LT18","T","PC_GE150","THS_PER","MED","Median","Thousand persons","150 percent or over","Total","Less than 18 years",223,
2003,"EL","Y18-64","T","PC_GE150","THS_PER","MED","Median","Thousand persons","150 percent or over","Total","From 18 to 64 years",1787,
2004,"EL","Y18-64","T","PC_GE150","THS_PER","MED","Median","Thousand persons","150 percent or over","Total","From 18 to 64 years",1816,
2005,"EL","Y18-64","T","PC_GE150","THS_PER","MED","Median","Thousand persons","150 percent or over","Total","From 18 to 64 years",1808,
2006,"EL","Y18-64","T","PC_GE150","THS_PER","MED","Median","Thousand persons","150 percent or over","Total","From 18 to 64 years",1817,
2007,"EL","Y18-64","T","PC_GE150","THS_PER","MED","Median","Thousand persons","150 percent or over","Total","From 18 to 64 years",1842,
2008,"EL","Y18-64","T","PC_GE150","THS_PER","MED","Median","Thousand persons","150 percent or over","Total","From 18 to 64 years",1819,
2009,"EL","Y18-64","T","PC_GE150","THS_PER","MED","Median","Thousand persons","150 percent or over","Total","From 18 to 64 years",1795,
2010,"EL","Y18-64","T","PC_GE150","THS_PER","MED","Median","Thousand persons","150 percent or over","Total","From 18 to 64 years",1801,
2011,"EL","Y18-64","T","PC_GE150","THS_PER","MED","Median","Thousand persons","150 percent or over","Total","From 18 to 64 years",1739,
2012,"EL","Y18-64","T","PC_GE150","THS_PER","MED","Median","Thousand persons","150 percent or over","Total","From 18 to 64 years",1562,
2014,"EL","Y18-64","T","PC_GE150","THS_PER","MED","Median","Thousand persons","150 percent or over","Total","From 18 to 64 years",1641,
2015,"EL","Y18-64","T","PC_GE150","THS_PER","MED","Median","Thousand persons","150 percent or over","Total","From 18 to 64 years",1643,
2016,"EL","Y18-64","T","PC_GE150","THS_PER","MED","Median","Thousand persons","150 percent or over","Total","From 18 to 64 years",1670,
2017,"EL","Y18-64","T","PC_GE150","THS_PER","MED","Median","Thousand persons","150 percent or over","Total","From 18 to 64 years",1588,
2018,"EL","Y18-64","T","PC_GE150","THS_PER","MED","Median","Thousand persons","150 percent or over","Total","From 18 to 64 years",1518,
2019,"EL","Y18-64","T","PC_GE150","THS_PER","MED","Median","Thousand persons","150 percent or over","Total","From 18 to 64 years",1513,
2020,"EL","Y18-64","T","PC_GE150","THS_PER","MED","Median","Thousand persons","150 percent or over","Total","From 18 to 64 years",1471,
2021,"EL","Y18-64","T","PC_GE150","THS_PER","MED","Median","Thousand persons","150 percent or over","Total","From 18 to 64 years",1472,
2022,"EL","Y18-64","T","PC_GE150","THS_PER","MED","Median","Thousand persons","150 percent or over","Total","From 18 to 64 years",1389,
2023,"EL","Y18-64","T","PC_GE150","THS_PER","MED","Median","Thousand persons","150 percent or over","Total","From 18 to 64 years",1323,
2024,"EL","Y18-64","T","PC_GE150","THS_PER","MED","Median","Thousand persons","150 percent or over","Total","From 18 to 64 years",1301,
2025,"EL","Y18-64","T","PC_GE150","THS_PER","MED","Median","Thousand persons","150 percent or over","Total","From 18 to 64 years",1266,
2003,"EL","Y_GE65","T","PC_GE150","THS_PER","MED","Median","Thousand persons","150 percent or over","Total","65 years or over",296,
2004,"EL","Y_GE65","T","PC_GE150","THS_PER","MED","Median","Thousand persons","150 percent or over","Total","65 years or over",282,
2005,"EL","Y_GE65","T","PC_GE150","THS_PER","MED","Median","Thousand persons","150 percent or over","Total","65 years or over",290,
2006,"EL","Y_GE65","T","PC_GE150","THS_PER","MED","Median","Thousand persons","150 percent or over","Total","65 years or over",253,
2007,"EL","Y_GE65","T","PC_GE150","THS_PER","MED","Median","Thousand persons","150 percent or over","Total","65 years or over",295,
2008,"EL","Y_GE65","T","PC_GE150","THS_PER","MED","Median","Thousand persons","150 percent or over","Total","65 years or over",312,
2009,"EL","Y_GE65","T","PC_GE150","THS_PER","MED","Median","Thousand persons","150 percent or over","Total","65 years or over",296,
2010,"EL","Y_GE65","T","PC_GE150","THS_PER","MED","Median","Thousand persons","150 percent or over","Total","65 years or over",267,
2011,"EL","Y_GE65","T","PC_GE150","THS_PER","MED","Median","Thousand persons","150 percent or over","Total","65 years or over",316,
2012,"EL","Y_GE65","T","PC_GE150","THS_PER","MED","Median","Thousand persons","150 percent or over","Total","65 years or over",409,
2014,"EL","Y_GE65","T","PC_GE150","THS_PER","MED","Median","Thousand persons","150 percent or over","Total","65 years or over",404,
2015,"EL","Y_GE65","T","PC_GE150","THS_PER","MED","Median","Thousand persons","150 percent or over","Total","65 years or over",440,
2016,"EL","Y_GE65","T","PC_GE150","THS_PER","MED","Median","Thousand persons","150 percent or over","Total","65 years or over",464,
2017,"EL","Y_GE65","T","PC_GE150","THS_PER","MED","Median","Thousand persons","150 percent or over","Total","65 years or over",455,
2018,"EL","Y_GE65","T","PC_GE150","THS_PER","MED","Median","Thousand persons","150 percent or over","Total","65 years or over",433,
2019,"EL","Y_GE65","T","PC_GE150","THS_PER","MED","Median","Thousand persons","150 percent or over","Total","65 years or over",443,
2020,"EL","Y_GE65","T","PC_GE150","THS_PER","MED","Median","Thousand persons","150 percent or over","Total","65 years or over",468,
2021,"EL","Y_GE65","T","PC_GE150","THS_PER","MED","Median","Thousand persons","150 percent or over","Total","65 years or over",493,
2022,"EL","Y_GE65","T","PC_GE150","THS_PER","MED","Median","Thousand persons","150 percent or over","Total","65 years or over",464,
2023,"EL","Y_GE65","T","PC_GE150","THS_PER","MED","Median","Thousand persons","150 percent or over","Total","65 years or over",426,
2024,"EL","Y_GE65","T","PC_GE150","THS_PER","MED","Median","Thousand persons","150 percent or over","Total","65 years or over",387,
2025,"EL","Y_GE65","T","PC_GE150","THS_PER","MED","Median","Thousand persons","150 percent or over","Total","65 years or over",334,
2003,"EL","TOTAL","M","PC_GE150","THS_PER","MED","Median","Thousand persons","150 percent or over","Males","Total",1275,
2004,"EL","TOTAL","M","PC_GE150","THS_PER","MED","Median","Thousand persons","150 percent or over","Males","Total",1308,
2005,"EL","TOTAL","M","PC_GE150","THS_PER","MED","Median","Thousand persons","150 percent or over","Males","Total",1321,
2006,"EL","TOTAL","M","PC_GE150","THS_PER","MED","Median","Thousand persons","150 percent or over","Males","Total",1296,
2007,"EL","TOTAL","M","PC_GE150","THS_PER","MED","Median","Thousand persons","150 percent or over","Males","Total",1296,
2008,"EL","TOTAL","M","PC_GE150","THS_PER","MED","Median","Thousand persons","150 percent or over","Males","Total",1287,
2009,"EL","TOTAL","M","PC_GE150","THS_PER","MED","Median","Thousand persons","150 percent or over","Males","Total",1267,
2010,"EL","TOTAL","M","PC_GE150","THS_PER","MED","Median","Thousand persons","150 percent or over","Males","Total",1241,
2011,"EL","TOTAL","M","PC_GE150","THS_PER","MED","Median","Thousand persons","150 percent or over","Males","Total",1286,
2012,"EL","TOTAL","M","PC_GE150","THS_PER","MED","Median","Thousand persons","150 percent or over","Males","Total",1209,
2014,"EL","TOTAL","M","PC_GE150","THS_PER","MED","Median","Thousand persons","150 percent or over","Males","Total",1241,
2015,"EL","TOTAL","M","PC_GE150","THS_PER","MED","Median","Thousand persons","150 percent or over","Males","Total",1229,
2016,"EL","TOTAL","M","PC_GE150","THS_PER","MED","Median","Thousand persons","150 percent or over","Males","Total",1268,
2017,"EL","TOTAL","M","PC_GE150","THS_PER","MED","Median","Thousand persons","150 percent or over","Males","Total",1206,
2018,"EL","TOTAL","M","PC_GE150","THS_PER","MED","Median","Thousand persons","150 percent or over","Males","Total",1136,
2019,"EL","TOTAL","M","PC_GE150","THS_PER","MED","Median","Thousand persons","150 percent or over","Males","Total",1141,
2020,"EL","TOTAL","M","PC_GE150","THS_PER","MED","Median","Thousand persons","150 percent or over","Males","Total",1128,
2021,"EL","TOTAL","M","PC_GE150","THS_PER","MED","Median","Thousand persons","150 percent or over","Males","Total",1155,
2022,"EL","TOTAL","M","PC_GE150","THS_PER","MED","Median","Thousand persons","150 percent or over","Males","Total",1074,
2023,"EL","TOTAL","M","PC_GE150","THS_PER","MED","Median","Thousand persons","150 percent or over","Males","Total",1002,
2024,"EL","TOTAL","M","PC_GE150","THS_PER","MED","Median","Thousand persons","150 percent or over","Males","Total",971,
2025,"EL","TOTAL","M","PC_GE150","THS_PER","MED","Median","Thousand persons","150 percent or over","Males","Total",925,
2003,"EL","Y_LT18","M","PC_GE150","THS_PER","MED","Median","Thousand persons","150 percent or over","Males","Less than 18 years",242,
2004,"EL","Y_LT18","M","PC_GE150","THS_PER","MED","Median","Thousand persons","150 percent or over","Males","Less than 18 years",258,
2005,"EL","Y_LT18","M","PC_GE150","THS_PER","MED","Median","Thousand persons","150 percent or over","Males","Less than 18 years",267,
2006,"EL","Y_LT18","M","PC_GE150","THS_PER","MED","Median","Thousand persons","150 percent or over","Males","Less than 18 years",253,
2007,"EL","Y_LT18","M","PC_GE150","THS_PER","MED","Median","Thousand persons","150 percent or over","Males","Less than 18 years",228,
2008,"EL","Y_LT18","M","PC_GE150","THS_PER","MED","Median","Thousand persons","150 percent or over","Males","Less than 18 years",216,
2009,"EL","Y_LT18","M","PC_GE150","THS_PER","MED","Median","Thousand persons","150 percent or over","Males","Less than 18 years",221,
2010,"EL","Y_LT18","M","PC_GE150","THS_PER","MED","Median","Thousand persons","150 percent or over","Males","Less than 18 years",202,
2011,"EL","Y_LT18","M","PC_GE150","THS_PER","MED","Median","Thousand persons","150 percent or over","Males","Less than 18 years",209,
2012,"EL","Y_LT18","M","PC_GE150","THS_PER","MED","Median","Thousand persons","150 percent or over","Males","Less than 18 years",194,
2014,"EL","Y_LT18","M","PC_GE150","THS_PER","MED","Median","Thousand persons","150 percent or over","Males","Less than 18 years",213,
2015,"EL","Y_LT18","M","PC_GE150","THS_PER","MED","Median","Thousand persons","150 percent or over","Males","Less than 18 years",189,
2016,"EL","Y_LT18","M","PC_GE150","THS_PER","MED","Median","Thousand persons","150 percent or over","Males","Less than 18 years",201,
2017,"EL","Y_LT18","M","PC_GE150","THS_PER","MED","Median","Thousand persons","150 percent or over","Males","Less than 18 years",189,
2018,"EL","Y_LT18","M","PC_GE150","THS_PER","MED","Median","Thousand persons","150 percent or over","Males","Less than 18 years",158,
2019,"EL","Y_LT18","M","PC_GE150","THS_PER","MED","Median","Thousand persons","150 percent or over","Males","Less than 18 years",161,
2020,"EL","Y_LT18","M","PC_GE150","THS_PER","MED","Median","Thousand persons","150 percent or over","Males","Less than 18 years",153,
2021,"EL","Y_LT18","M","PC_GE150","THS_PER","MED","Median","Thousand persons","150 percent or over","Males","Less than 18 years",151,
2022,"EL","Y_LT18","M","PC_GE150","THS_PER","MED","Median","Thousand persons","150 percent or over","Males","Less than 18 years",145,
2023,"EL","Y_LT18","M","PC_GE150","THS_PER","MED","Median","Thousand persons","150 percent or over","Males","Less than 18 years",127,
2024,"EL","Y_LT18","M","PC_GE150","THS_PER","MED","Median","Thousand persons","150 percent or over","Males","Less than 18 years",129,
2025,"EL","Y_LT18","M","PC_GE150","THS_PER","MED","Median","Thousand persons","150 percent or over","Males","Less than 18 years",112,
2003,"EL","Y18-64","M","PC_GE150","THS_PER","MED","Median","Thousand persons","150 percent or over","Males","From 18 to 64 years",897,
2004,"EL","Y18-64","M","PC_GE150","THS_PER","MED","Median","Thousand persons","150 percent or over","Males","From 18 to 64 years",918,
2005,"EL","Y18-64","M","PC_GE150","THS_PER","MED","Median","Thousand persons","150 percent or over","Males","From 18 to 64 years",920,
2006,"EL","Y18-64","M","PC_GE150","THS_PER","MED","Median","Thousand persons","150 percent or over","Males","From 18 to 64 years",920,
2007,"EL","Y18-64","M","PC_GE150","THS_PER","MED","Median","Thousand persons","150 percent or over","Males","From 18 to 64 years",923,
2008,"EL","Y18-64","M","PC_GE150","THS_PER","MED","Median","Thousand persons","150 percent or over","Males","From 18 to 64 years",909,
2009,"EL","Y18-64","M","PC_GE150","THS_PER","MED","Median","Thousand persons","150 percent or over","Males","From 18 to 64 years",908,
2010,"EL","Y18-64","M","PC_GE150","THS_PER","MED","Median","Thousand persons","150 percent or over","Males","From 18 to 64 years",909,
2011,"EL","Y18-64","M","PC_GE150","THS_PER","MED","Median","Thousand persons","150 percent or over","Males","From 18 to 64 years",914,
2012,"EL","Y18-64","M","PC_GE150","THS_PER","MED","Median","Thousand persons","150 percent or over","Males","From 18 to 64 years",810,
2014,"EL","Y18-64","M","PC_GE150","THS_PER","MED","Median","Thousand persons","150 percent or over","Males","From 18 to 64 years",842,
2015,"EL","Y18-64","M","PC_GE150","THS_PER","MED","Median","Thousand persons","150 percent or over","Males","From 18 to 64 years",828,
2016,"EL","Y18-64","M","PC_GE150","THS_PER","MED","Median","Thousand persons","150 percent or over","Males","From 18 to 64 years",834,
2017,"EL","Y18-64","M","PC_GE150","THS_PER","MED","Median","Thousand persons","150 percent or over","Males","From 18 to 64 years",795,
2018,"EL","Y18-64","M","PC_GE150","THS_PER","MED","Median","Thousand persons","150 percent or over","Males","From 18 to 64 years",764,
2019,"EL","Y18-64","M","PC_GE150","THS_PER","MED","Median","Thousand persons","150 percent or over","Males","From 18 to 64 years",763,
2020,"EL","Y18-64","M","PC_GE150","THS_PER","MED","Median","Thousand persons","150 percent or over","Males","From 18 to 64 years",745,
2021,"EL","Y18-64","M","PC_GE150","THS_PER","MED","Median","Thousand persons","150 percent or over","Males","From 18 to 64 years",750,
2022,"EL","Y18-64","M","PC_GE150","THS_PER","MED","Median","Thousand persons","150 percent or over","Males","From 18 to 64 years",689,
2023,"EL","Y18-64","M","PC_GE150","THS_PER","MED","Median","Thousand persons","150 percent or over","Males","From 18 to 64 years",657,
2024,"EL","Y18-64","M","PC_GE150","THS_PER","MED","Median","Thousand persons","150 percent or over","Males","From 18 to 64 years",639,
2025,"EL","Y18-64","M","PC_GE150","THS_PER","MED","Median","Thousand persons","150 percent or over","Males","From 18 to 64 years",635,
2003,"EL","Y_GE65","M","PC_GE150","THS_PER","MED","Median","Thousand persons","150 percent or over","Males","65 years or over",145,
2004,"EL","Y_GE65","M","PC_GE150","THS_PER","MED","Median","Thousand persons","150 percent or over","Males","65 years or over",145,
2005,"EL","Y_GE65","M","PC_GE150","THS_PER","MED","Median","Thousand persons","150 percent or over","Males","65 years or over",143,
2006,"EL","Y_GE65","M","PC_GE150","THS_PER","MED","Median","Thousand persons","150 percent or over","Males","65 years or over",135,
2007,"EL","Y_GE65","M","PC_GE150","THS_PER","MED","Median","Thousand persons","150 percent or over","Males","65 years or over",154,
2008,"EL","Y_GE65","M","PC_GE150","THS_PER","MED","Median","Thousand persons","150 percent or over","Males","65 years or over",166,
2009,"EL","Y_GE65","M","PC_GE150","THS_PER","MED","Median","Thousand persons","150 percent or over","Males","65 years or over",144,
2010,"EL","Y_GE65","M","PC_GE150","THS_PER","MED","Median","Thousand persons","150 percent or over","Males","65 years or over",139,
2011,"EL","Y_GE65","M","PC_GE150","THS_PER","MED","Median","Thousand persons","150 percent or over","Males","65 years or over",173,
2012,"EL","Y_GE65","M","PC_GE150","THS_PER","MED","Median","Thousand persons","150 percent or over","Males","65 years or over",211,
2014,"EL","Y_GE65","M","PC_GE150","THS_PER","MED","Median","Thousand persons","150 percent or over","Males","65 years or over",195,
2015,"EL","Y_GE65","M","PC_GE150","THS_PER","MED","Median","Thousand persons","150 percent or over","Males","65 years or over",219,
2016,"EL","Y_GE65","M","PC_GE150","THS_PER","MED","Median","Thousand persons","150 percent or over","Males","65 years or over",239,
2017,"EL","Y_GE65","M","PC_GE150","THS_PER","MED","Median","Thousand persons","150 percent or over","Males","65 years or over",227,
2018,"EL","Y_GE65","M","PC_GE150","THS_PER","MED","Median","Thousand persons","150 percent or over","Males","65 years or over",220,
2019,"EL","Y_GE65","M","PC_GE150","THS_PER","MED","Median","Thousand persons","150 percent or over","Males","65 years or over",228,
2020,"EL","Y_GE65","M","PC_GE150","THS_PER","MED","Median","Thousand persons","150 percent or over","Males","65 years or over",236,
2021,"EL","Y_GE65","M","PC_GE150","THS_PER","MED","Median","Thousand persons","150 percent or over","Males","65 years or over",260,
2022,"EL","Y_GE65","M","PC_GE150","THS_PER","MED","Median","Thousand persons","150 percent or over","Males","65 years or over",241,
2023,"EL","Y_GE65","M","PC_GE150","THS_PER","MED","Median","Thousand persons","150 percent or over","Males","65 years or over",223,
2024,"EL","Y_GE65","M","PC_GE150","THS_PER","MED","Median","Thousand persons","150 percent or over","Males","65 years or over",206,
2025,"EL","Y_GE65","M","PC_GE150","THS_PER","MED","Median","Thousand persons","150 percent or over","Males","65 years or over",182,
2003,"EL","TOTAL","F","PC_GE150","THS_PER","MED","Median","Thousand persons","150 percent or over","Females","Total",1251,
2004,"EL","TOTAL","F","PC_GE150","THS_PER","MED","Median","Thousand persons","150 percent or over","Females","Total",1277,
2005,"EL","TOTAL","F","PC_GE150","THS_PER","MED","Median","Thousand persons","150 percent or over","Females","Total",1260,
2006,"EL","TOTAL","F","PC_GE150","THS_PER","MED","Median","Thousand persons","150 percent or over","Females","Total",1245,
2007,"EL","TOTAL","F","PC_GE150","THS_PER","MED","Median","Thousand persons","150 percent or over","Females","Total",1279,
2008,"EL","TOTAL","F","PC_GE150","THS_PER","MED","Median","Thousand persons","150 percent or over","Females","Total",1260,
2009,"EL","TOTAL","F","PC_GE150","THS_PER","MED","Median","Thousand persons","150 percent or over","Females","Total",1219,
2010,"EL","TOTAL","F","PC_GE150","THS_PER","MED","Median","Thousand persons","150 percent or over","Females","Total",1223,
2011,"EL","TOTAL","F","PC_GE150","THS_PER","MED","Median","Thousand persons","150 percent or over","Females","Total",1168,
2012,"EL","TOTAL","F","PC_GE150","THS_PER","MED","Median","Thousand persons","150 percent or over","Females","Total",1141,
2014,"EL","TOTAL","F","PC_GE150","THS_PER","MED","Median","Thousand persons","150 percent or over","Females","Total",1208,
2015,"EL","TOTAL","F","PC_GE150","THS_PER","MED","Median","Thousand persons","150 percent or over","Females","Total",1219,
2016,"EL","TOTAL","F","PC_GE150","THS_PER","MED","Median","Thousand persons","150 percent or over","Females","Total",1255,
2017,"EL","TOTAL","F","PC_GE150","THS_PER","MED","Median","Thousand persons","150 percent or over","Females","Total",1204,
2018,"EL","TOTAL","F","PC_GE150","THS_PER","MED","Median","Thousand persons","150 percent or over","Females","Total",1135,
2019,"EL","TOTAL","F","PC_GE150","THS_PER","MED","Median","Thousand persons","150 percent or over","Females","Total",1118,
2020,"EL","TOTAL","F","PC_GE150","THS_PER","MED","Median","Thousand persons","150 percent or over","Females","Total",1119,
2021,"EL","TOTAL","F","PC_GE150","THS_PER","MED","Median","Thousand persons","150 percent or over","Females","Total",1107,
2022,"EL","TOTAL","F","PC_GE150","THS_PER","MED","Median","Thousand persons","150 percent or over","Females","Total",1069,
2023,"EL","TOTAL","F","PC_GE150","THS_PER","MED","Median","Thousand persons","150 percent or over","Females","Total",998,
2024,"EL","TOTAL","F","PC_GE150","THS_PER","MED","Median","Thousand persons","150 percent or over","Females","Total",954,
2025,"EL","TOTAL","F","PC_GE150","THS_PER","MED","Median","Thousand persons","150 percent or over","Females","Total",890,
2003,"EL","Y_LT18","F","PC_GE150","THS_PER","MED","Median","Thousand persons","150 percent or over","Females","Less than 18 years",220,
2004,"EL","Y_LT18","F","PC_GE150","THS_PER","MED","Median","Thousand persons","150 percent or over","Females","Less than 18 years",250,
2005,"EL","Y_LT18","F","PC_GE150","THS_PER","MED","Median","Thousand persons","150 percent or over","Females","Less than 18 years",236,
2006,"EL","Y_LT18","F","PC_GE150","THS_PER","MED","Median","Thousand persons","150 percent or over","Females","Less than 18 years",237,
2007,"EL","Y_LT18","F","PC_GE150","THS_PER","MED","Median","Thousand persons","150 percent or over","Females","Less than 18 years",227,
2008,"EL","Y_LT18","F","PC_GE150","THS_PER","MED","Median","Thousand persons","150 percent or over","Females","Less than 18 years",217,
2009,"EL","Y_LT18","F","PC_GE150","THS_PER","MED","Median","Thousand persons","150 percent or over","Females","Less than 18 years",188,
2010,"EL","Y_LT18","F","PC_GE150","THS_PER","MED","Median","Thousand persons","150 percent or over","Females","Less than 18 years",210,
2011,"EL","Y_LT18","F","PC_GE150","THS_PER","MED","Median","Thousand persons","150 percent or over","Females","Less than 18 years",204,
2012,"EL","Y_LT18","F","PC_GE150","THS_PER","MED","Median","Thousand persons","150 percent or over","Females","Less than 18 years",194,
2014,"EL","Y_LT18","F","PC_GE150","THS_PER","MED","Median","Thousand persons","150 percent or over","Females","Less than 18 years",207,
2015,"EL","Y_LT18","F","PC_GE150","THS_PER","MED","Median","Thousand persons","150 percent or over","Females","Less than 18 years",187,
2016,"EL","Y_LT18","F","PC_GE150","THS_PER","MED","Median","Thousand persons","150 percent or over","Females","Less than 18 years",200,
2017,"EL","Y_LT18","F","PC_GE150","THS_PER","MED","Median","Thousand persons","150 percent or over","Females","Less than 18 years",187,
2018,"EL","Y_LT18","F","PC_GE150","THS_PER","MED","Median","Thousand persons","150 percent or over","Females","Less than 18 years",174,
2019,"EL","Y_LT18","F","PC_GE150","THS_PER","MED","Median","Thousand persons","150 percent or over","Females","Less than 18 years",159,
2020,"EL","Y_LT18","F","PC_GE150","THS_PER","MED","Median","Thousand persons","150 percent or over","Females","Less than 18 years",167,
2021,"EL","Y_LT18","F","PC_GE150","THS_PER","MED","Median","Thousand persons","150 percent or over","Females","Less than 18 years",159,
2022,"EL","Y_LT18","F","PC_GE150","THS_PER","MED","Median","Thousand persons","150 percent or over","Females","Less than 18 years",151,
2023,"EL","Y_LT18","F","PC_GE150","THS_PER","MED","Median","Thousand persons","150 percent or over","Females","Less than 18 years",132,
2024,"EL","Y_LT18","F","PC_GE150","THS_PER","MED","Median","Thousand persons","150 percent or over","Females","Less than 18 years",114,
2025,"EL","Y_LT18","F","PC_GE150","THS_PER","MED","Median","Thousand persons","150 percent or over","Females","Less than 18 years",111,
2003,"EL","Y18-64","F","PC_GE150","THS_PER","MED","Median","Thousand persons","150 percent or over","Females","From 18 to 64 years",890,
2004,"EL","Y18-64","F","PC_GE150","THS_PER","MED","Median","Thousand persons","150 percent or over","Females","From 18 to 64 years",897,
2005,"EL","Y18-64","F","PC_GE150","THS_PER","MED","Median","Thousand persons","150 percent or over","Females","From 18 to 64 years",888,
2006,"EL","Y18-64","F","PC_GE150","THS_PER","MED","Median","Thousand persons","150 percent or over","Females","From 18 to 64 years",897,
2007,"EL","Y18-64","F","PC_GE150","THS_PER","MED","Median","Thousand persons","150 percent or over","Females","From 18 to 64 years",919,
2008,"EL","Y18-64","F","PC_GE150","THS_PER","MED","Median","Thousand persons","150 percent or over","Females","From 18 to 64 years",909,
2009,"EL","Y18-64","F","PC_GE150","THS_PER","MED","Median","Thousand persons","150 percent or over","Females","From 18 to 64 years",886,
2010,"EL","Y18-64","F","PC_GE150","THS_PER","MED","Median","Thousand persons","150 percent or over","Females","From 18 to 64 years",892,
2011,"EL","Y18-64","F","PC_GE150","THS_PER","MED","Median","Thousand persons","150 percent or over","Females","From 18 to 64 years",825,
2012,"EL","Y18-64","F","PC_GE150","THS_PER","MED","Median","Thousand persons","150 percent or over","Females","From 18 to 64 years",751,
2014,"EL","Y18-64","F","PC_GE150","THS_PER","MED","Median","Thousand persons","150 percent or over","Females","From 18 to 64 years",799,
2015,"EL","Y18-64","F","PC_GE150","THS_PER","MED","Median","Thousand persons","150 percent or over","Females","From 18 to 64 years",816,
2016,"EL","Y18-64","F","PC_GE150","THS_PER","MED","Median","Thousand persons","150 percent or over","Females","From 18 to 64 years",836,
2017,"EL","Y18-64","F","PC_GE150","THS_PER","MED","Median","Thousand persons","150 percent or over","Females","From 18 to 64 years",794,
2018,"EL","Y18-64","F","PC_GE150","THS_PER","MED","Median","Thousand persons","150 percent or over","Females","From 18 to 64 years",754,
2019,"EL","Y18-64","F","PC_GE150","THS_PER","MED","Median","Thousand persons","150 percent or over","Females","From 18 to 64 years",751,
2020,"EL","Y18-64","F","PC_GE150","THS_PER","MED","Median","Thousand persons","150 percent or over","Females","From 18 to 64 years",726,
2021,"EL","Y18-64","F","PC_GE150","THS_PER","MED","Median","Thousand persons","150 percent or over","Females","From 18 to 64 years",722,
2022,"EL","Y18-64","F","PC_GE150","THS_PER","MED","Median","Thousand persons","150 percent or over","Females","From 18 to 64 years",700,
2023,"EL","Y18-64","F","PC_GE150","THS_PER","MED","Median","Thousand persons","150 percent or over","Females","From 18 to 64 years",665,
2024,"EL","Y18-64","F","PC_GE150","THS_PER","MED","Median","Thousand persons","150 percent or over","Females","From 18 to 64 years",663,
2025,"EL","Y18-64","F","PC_GE150","THS_PER","MED","Median","Thousand persons","150 percent or over","Females","From 18 to 64 years",631,
2003,"EL","Y_GE65","F","PC_GE150","THS_PER","MED","Median","Thousand persons","150 percent or over","Females","65 years or over",151,
2004,"EL","Y_GE65","F","PC_GE150","THS_PER","MED","Median","Thousand persons","150 percent or over","Females","65 years or over",137,
2005,"EL","Y_GE65","F","PC_GE150","THS_PER","MED","Median","Thousand persons","150 percent or over","Females","65 years or over",147,
2006,"EL","Y_GE65","F","PC_GE150","THS_PER","MED","Median","Thousand persons","150 percent or over","Females","65 years or over",119,
2007,"EL","Y_GE65","F","PC_GE150","THS_PER","MED","Median","Thousand persons","150 percent or over","Females","65 years or over",141,
2008,"EL","Y_GE65","F","PC_GE150","THS_PER","MED","Median","Thousand persons","150 percent or over","Females","65 years or over",146,
2009,"EL","Y_GE65","F","PC_GE150","THS_PER","MED","Median","Thousand persons","150 percent or over","Females","65 years or over",151,
2010,"EL","Y_GE65","F","PC_GE150","THS_PER","MED","Median","Thousand persons","150 percent or over","Females","65 years or over",127,
2011,"EL","Y_GE65","F","PC_GE150","THS_PER","MED","Median","Thousand persons","150 percent or over","Females","65 years or over",144,
2012,"EL","Y_GE65","F","PC_GE150","THS_PER","MED","Median","Thousand persons","150 percent or over","Females","65 years or over",199,
2014,"EL","Y_GE65","F","PC_GE150","THS_PER","MED","Median","Thousand persons","150 percent or over","Females","65 years or over",209,
2015,"EL","Y_GE65","F","PC_GE150","THS_PER","MED","Median","Thousand persons","150 percent or over","Females","65 years or over",221,
2016,"EL","Y_GE65","F","PC_GE150","THS_PER","MED","Median","Thousand persons","150 percent or over","Females","65 years or over",225,
2017,"EL","Y_GE65","F","PC_GE150","THS_PER","MED","Median","Thousand persons","150 percent or over","Females","65 years or over",228,
2018,"EL","Y_GE65","F","PC_GE150","THS_PER","MED","Median","Thousand persons","150 percent or over","Females","65 years or over",213,
2019,"EL","Y_GE65","F","PC_GE150","THS_PER","MED","Median","Thousand persons","150 percent or over","Females","65 years or over",215,
2020,"EL","Y_GE65","F","PC_GE150","THS_PER","MED","Median","Thousand persons","150 percent or over","Females","65 years or over",232,
2021,"EL","Y_GE65","F","PC_GE150","THS_PER","MED","Median","Thousand persons","150 percent or over","Females","65 years or over",234,
2022,"EL","Y_GE65","F","PC_GE150","THS_PER","MED","Median","Thousand persons","150 percent or over","Females","65 years or over",223,
2023,"EL","Y_GE65","F","PC_GE150","THS_PER","MED","Median","Thousand persons","150 percent or over","Females","65 years or over",204,
2024,"EL","Y_GE65","F","PC_GE150","THS_PER","MED","Median","Thousand persons","150 percent or over","Females","65 years or over",181,
2025,"EL","Y_GE65","F","PC_GE150","THS_PER","MED","Median","Thousand persons","150 percent or over","Females","65 years or over",152,
2003,"EL","TOTAL","T","PC_GE160","THS_PER","MED","Median","Thousand persons","160 percent or over","Total","Total",2150,
2004,"EL","TOTAL","T","PC_GE160","THS_PER","MED","Median","Thousand persons","160 percent or over","Total","Total",2174,
2005,"EL","TOTAL","T","PC_GE160","THS_PER","MED","Median","Thousand persons","160 percent or over","Total","Total",2238,
2006,"EL","TOTAL","T","PC_GE160","THS_PER","MED","Median","Thousand persons","160 percent or over","Total","Total",2188,
2007,"EL","TOTAL","T","PC_GE160","THS_PER","MED","Median","Thousand persons","160 percent or over","Total","Total",2250,
2008,"EL","TOTAL","T","PC_GE160","THS_PER","MED","Median","Thousand persons","160 percent or over","Total","Total",2168,
2009,"EL","TOTAL","T","PC_GE160","THS_PER","MED","Median","Thousand persons","160 percent or over","Total","Total",2129,
2010,"EL","TOTAL","T","PC_GE160","THS_PER","MED","Median","Thousand persons","160 percent or over","Total","Total",2056,
2011,"EL","TOTAL","T","PC_GE160","THS_PER","MED","Median","Thousand persons","160 percent or over","Total","Total",2086,
2012,"EL","TOTAL","T","PC_GE160","THS_PER","MED","Median","Thousand persons","160 percent or over","Total","Total",1960,
2014,"EL","TOTAL","T","PC_GE160","THS_PER","MED","Median","Thousand persons","160 percent or over","Total","Total",2102,
2015,"EL","TOTAL","T","PC_GE160","THS_PER","MED","Median","Thousand persons","160 percent or over","Total","Total",2079,
2016,"EL","TOTAL","T","PC_GE160","THS_PER","MED","Median","Thousand persons","160 percent or over","Total","Total",2139,
2017,"EL","TOTAL","T","PC_GE160","THS_PER","MED","Median","Thousand persons","160 percent or over","Total","Total",2039,
2018,"EL","TOTAL","T","PC_GE160","THS_PER","MED","Median","Thousand persons","160 percent or over","Total","Total",1873,
2019,"EL","TOTAL","T","PC_GE160","THS_PER","MED","Median","Thousand persons","160 percent or over","Total","Total",1875,
2020,"EL","TOTAL","T","PC_GE160","THS_PER","MED","Median","Thousand persons","160 percent or over","Total","Total",1848,
2021,"EL","TOTAL","T","PC_GE160","THS_PER","MED","Median","Thousand persons","160 percent or over","Total","Total",1838,
2022,"EL","TOTAL","T","PC_GE160","THS_PER","MED","Median","Thousand persons","160 percent or over","Total","Total",1785,
2023,"EL","TOTAL","T","PC_GE160","THS_PER","MED","Median","Thousand persons","160 percent or over","Total","Total",1660,
2024,"EL","TOTAL","T","PC_GE160","THS_PER","MED","Median","Thousand persons","160 percent or over","Total","Total",1524,
2025,"EL","TOTAL","T","PC_GE160","THS_PER","MED","Median","Thousand persons","160 percent or over","Total","Total",1468,
2003,"EL","Y_LT18","T","PC_GE160","THS_PER","MED","Median","Thousand persons","160 percent or over","Total","Less than 18 years",390,
2004,"EL","Y_LT18","T","PC_GE160","THS_PER","MED","Median","Thousand persons","160 percent or over","Total","Less than 18 years",428,
2005,"EL","Y_LT18","T","PC_GE160","THS_PER","MED","Median","Thousand persons","160 percent or over","Total","Less than 18 years",422,
2006,"EL","Y_LT18","T","PC_GE160","THS_PER","MED","Median","Thousand persons","160 percent or over","Total","Less than 18 years",428,
2007,"EL","Y_LT18","T","PC_GE160","THS_PER","MED","Median","Thousand persons","160 percent or over","Total","Less than 18 years",395,
2008,"EL","Y_LT18","T","PC_GE160","THS_PER","MED","Median","Thousand persons","160 percent or over","Total","Less than 18 years",366,
2009,"EL","Y_LT18","T","PC_GE160","THS_PER","MED","Median","Thousand persons","160 percent or over","Total","Less than 18 years",355,
2010,"EL","Y_LT18","T","PC_GE160","THS_PER","MED","Median","Thousand persons","160 percent or over","Total","Less than 18 years",344,
2011,"EL","Y_LT18","T","PC_GE160","THS_PER","MED","Median","Thousand persons","160 percent or over","Total","Less than 18 years",351,
2012,"EL","Y_LT18","T","PC_GE160","THS_PER","MED","Median","Thousand persons","160 percent or over","Total","Less than 18 years",316,
2014,"EL","Y_LT18","T","PC_GE160","THS_PER","MED","Median","Thousand persons","160 percent or over","Total","Less than 18 years",362,
2015,"EL","Y_LT18","T","PC_GE160","THS_PER","MED","Median","Thousand persons","160 percent or over","Total","Less than 18 years",317,
2016,"EL","Y_LT18","T","PC_GE160","THS_PER","MED","Median","Thousand persons","160 percent or over","Total","Less than 18 years",339,
2017,"EL","Y_LT18","T","PC_GE160","THS_PER","MED","Median","Thousand persons","160 percent or over","Total","Less than 18 years",317,
2018,"EL","Y_LT18","T","PC_GE160","THS_PER","MED","Median","Thousand persons","160 percent or over","Total","Less than 18 years",265,
2019,"EL","Y_LT18","T","PC_GE160","THS_PER","MED","Median","Thousand persons","160 percent or over","Total","Less than 18 years",264,
2020,"EL","Y_LT18","T","PC_GE160","THS_PER","MED","Median","Thousand persons","160 percent or over","Total","Less than 18 years",258,
2021,"EL","Y_LT18","T","PC_GE160","THS_PER","MED","Median","Thousand persons","160 percent or over","Total","Less than 18 years",237,
2022,"EL","Y_LT18","T","PC_GE160","THS_PER","MED","Median","Thousand persons","160 percent or over","Total","Less than 18 years",234,
2023,"EL","Y_LT18","T","PC_GE160","THS_PER","MED","Median","Thousand persons","160 percent or over","Total","Less than 18 years",224,
2024,"EL","Y_LT18","T","PC_GE160","THS_PER","MED","Median","Thousand persons","160 percent or over","Total","Less than 18 years",193,
2025,"EL","Y_LT18","T","PC_GE160","THS_PER","MED","Median","Thousand persons","160 percent or over","Total","Less than 18 years",180,
2003,"EL","Y18-64","T","PC_GE160","THS_PER","MED","Median","Thousand persons","160 percent or over","Total","From 18 to 64 years",1536,
2004,"EL","Y18-64","T","PC_GE160","THS_PER","MED","Median","Thousand persons","160 percent or over","Total","From 18 to 64 years",1525,
2005,"EL","Y18-64","T","PC_GE160","THS_PER","MED","Median","Thousand persons","160 percent or over","Total","From 18 to 64 years",1563,
2006,"EL","Y18-64","T","PC_GE160","THS_PER","MED","Median","Thousand persons","160 percent or over","Total","From 18 to 64 years",1562,
2007,"EL","Y18-64","T","PC_GE160","THS_PER","MED","Median","Thousand persons","160 percent or over","Total","From 18 to 64 years",1611,
2008,"EL","Y18-64","T","PC_GE160","THS_PER","MED","Median","Thousand persons","160 percent or over","Total","From 18 to 64 years",1546,
2009,"EL","Y18-64","T","PC_GE160","THS_PER","MED","Median","Thousand persons","160 percent or over","Total","From 18 to 64 years",1539,
2010,"EL","Y18-64","T","PC_GE160","THS_PER","MED","Median","Thousand persons","160 percent or over","Total","From 18 to 64 years",1496,
2011,"EL","Y18-64","T","PC_GE160","THS_PER","MED","Median","Thousand persons","160 percent or over","Total","From 18 to 64 years",1478,
2012,"EL","Y18-64","T","PC_GE160","THS_PER","MED","Median","Thousand persons","160 percent or over","Total","From 18 to 64 years",1302,
2014,"EL","Y18-64","T","PC_GE160","THS_PER","MED","Median","Thousand persons","160 percent or over","Total","From 18 to 64 years",1402,
2015,"EL","Y18-64","T","PC_GE160","THS_PER","MED","Median","Thousand persons","160 percent or over","Total","From 18 to 64 years",1414,
2016,"EL","Y18-64","T","PC_GE160","THS_PER","MED","Median","Thousand persons","160 percent or over","Total","From 18 to 64 years",1424,
2017,"EL","Y18-64","T","PC_GE160","THS_PER","MED","Median","Thousand persons","160 percent or over","Total","From 18 to 64 years",1354,
2018,"EL","Y18-64","T","PC_GE160","THS_PER","MED","Median","Thousand persons","160 percent or over","Total","From 18 to 64 years",1260,
2019,"EL","Y18-64","T","PC_GE160","THS_PER","MED","Median","Thousand persons","160 percent or over","Total","From 18 to 64 years",1262,
2020,"EL","Y18-64","T","PC_GE160","THS_PER","MED","Median","Thousand persons","160 percent or over","Total","From 18 to 64 years",1205,
2021,"EL","Y18-64","T","PC_GE160","THS_PER","MED","Median","Thousand persons","160 percent or over","Total","From 18 to 64 years",1204,
2022,"EL","Y18-64","T","PC_GE160","THS_PER","MED","Median","Thousand persons","160 percent or over","Total","From 18 to 64 years",1157,
2023,"EL","Y18-64","T","PC_GE160","THS_PER","MED","Median","Thousand persons","160 percent or over","Total","From 18 to 64 years",1103,
2024,"EL","Y18-64","T","PC_GE160","THS_PER","MED","Median","Thousand persons","160 percent or over","Total","From 18 to 64 years",1031,
2025,"EL","Y18-64","T","PC_GE160","THS_PER","MED","Median","Thousand persons","160 percent or over","Total","From 18 to 64 years",1034,
2003,"EL","Y_GE65","T","PC_GE160","THS_PER","MED","Median","Thousand persons","160 percent or over","Total","65 years or over",240,
2004,"EL","Y_GE65","T","PC_GE160","THS_PER","MED","Median","Thousand persons","160 percent or over","Total","65 years or over",238,
2005,"EL","Y_GE65","T","PC_GE160","THS_PER","MED","Median","Thousand persons","160 percent or over","Total","65 years or over",267,
2006,"EL","Y_GE65","T","PC_GE160","THS_PER","MED","Median","Thousand persons","160 percent or over","Total","65 years or over",215,
2007,"EL","Y_GE65","T","PC_GE160","THS_PER","MED","Median","Thousand persons","160 percent or over","Total","65 years or over",259,
2008,"EL","Y_GE65","T","PC_GE160","THS_PER","MED","Median","Thousand persons","160 percent or over","Total","65 years or over",269,
2009,"EL","Y_GE65","T","PC_GE160","THS_PER","MED","Median","Thousand persons","160 percent or over","Total","65 years or over",247,
2010,"EL","Y_GE65","T","PC_GE160","THS_PER","MED","Median","Thousand persons","160 percent or over","Total","65 years or over",229,
2011,"EL","Y_GE65","T","PC_GE160","THS_PER","MED","Median","Thousand persons","160 percent or over","Total","65 years or over",267,
2012,"EL","Y_GE65","T","PC_GE160","THS_PER","MED","Median","Thousand persons","160 percent or over","Total","65 years or over",351,
2014,"EL","Y_GE65","T","PC_GE160","THS_PER","MED","Median","Thousand persons","160 percent or over","Total","65 years or over",352,
2015,"EL","Y_GE65","T","PC_GE160","THS_PER","MED","Median","Thousand persons","160 percent or over","Total","65 years or over",358,
2016,"EL","Y_GE65","T","PC_GE160","THS_PER","MED","Median","Thousand persons","160 percent or over","Total","65 years or over",384,
2017,"EL","Y_GE65","T","PC_GE160","THS_PER","MED","Median","Thousand persons","160 percent or over","Total","65 years or over",376,
2018,"EL","Y_GE65","T","PC_GE160","THS_PER","MED","Median","Thousand persons","160 percent or over","Total","65 years or over",359,
2019,"EL","Y_GE65","T","PC_GE160","THS_PER","MED","Median","Thousand persons","160 percent or over","Total","65 years or over",364,
2020,"EL","Y_GE65","T","PC_GE160","THS_PER","MED","Median","Thousand persons","160 percent or over","Total","65 years or over",394,
2021,"EL","Y_GE65","T","PC_GE160","THS_PER","MED","Median","Thousand persons","160 percent or over","Total","65 years or over",407,
2022,"EL","Y_GE65","T","PC_GE160","THS_PER","MED","Median","Thousand persons","160 percent or over","Total","65 years or over",398,
2023,"EL","Y_GE65","T","PC_GE160","THS_PER","MED","Median","Thousand persons","160 percent or over","Total","65 years or over",340,
2024,"EL","Y_GE65","T","PC_GE160","THS_PER","MED","Median","Thousand persons","160 percent or over","Total","65 years or over",306,
2025,"EL","Y_GE65","T","PC_GE160","THS_PER","MED","Median","Thousand persons","160 percent or over","Total","65 years or over",262,
2003,"EL","TOTAL","M","PC_GE160","THS_PER","MED","Median","Thousand persons","160 percent or over","Males","Total",1086,
2004,"EL","TOTAL","M","PC_GE160","THS_PER","MED","Median","Thousand persons","160 percent or over","Males","Total",1086,
2005,"EL","TOTAL","M","PC_GE160","THS_PER","MED","Median","Thousand persons","160 percent or over","Males","Total",1142,
2006,"EL","TOTAL","M","PC_GE160","THS_PER","MED","Median","Thousand persons","160 percent or over","Males","Total",1122,
2007,"EL","TOTAL","M","PC_GE160","THS_PER","MED","Median","Thousand persons","160 percent or over","Males","Total",1138,
2008,"EL","TOTAL","M","PC_GE160","THS_PER","MED","Median","Thousand persons","160 percent or over","Males","Total",1096,
2009,"EL","TOTAL","M","PC_GE160","THS_PER","MED","Median","Thousand persons","160 percent or over","Males","Total",1087,
2010,"EL","TOTAL","M","PC_GE160","THS_PER","MED","Median","Thousand persons","160 percent or over","Males","Total",1036,
2011,"EL","TOTAL","M","PC_GE160","THS_PER","MED","Median","Thousand persons","160 percent or over","Males","Total",1091,
2012,"EL","TOTAL","M","PC_GE160","THS_PER","MED","Median","Thousand persons","160 percent or over","Males","Total",1016,
2014,"EL","TOTAL","M","PC_GE160","THS_PER","MED","Median","Thousand persons","160 percent or over","Males","Total",1061,
2015,"EL","TOTAL","M","PC_GE160","THS_PER","MED","Median","Thousand persons","160 percent or over","Males","Total",1050,
2016,"EL","TOTAL","M","PC_GE160","THS_PER","MED","Median","Thousand persons","160 percent or over","Males","Total",1082,
2017,"EL","TOTAL","M","PC_GE160","THS_PER","MED","Median","Thousand persons","160 percent or over","Males","Total",1019,
2018,"EL","TOTAL","M","PC_GE160","THS_PER","MED","Median","Thousand persons","160 percent or over","Males","Total",942,
2019,"EL","TOTAL","M","PC_GE160","THS_PER","MED","Median","Thousand persons","160 percent or over","Males","Total",951,
2020,"EL","TOTAL","M","PC_GE160","THS_PER","MED","Median","Thousand persons","160 percent or over","Males","Total",929,
2021,"EL","TOTAL","M","PC_GE160","THS_PER","MED","Median","Thousand persons","160 percent or over","Males","Total",935,
2022,"EL","TOTAL","M","PC_GE160","THS_PER","MED","Median","Thousand persons","160 percent or over","Males","Total",890,
2023,"EL","TOTAL","M","PC_GE160","THS_PER","MED","Median","Thousand persons","160 percent or over","Males","Total",831,
2024,"EL","TOTAL","M","PC_GE160","THS_PER","MED","Median","Thousand persons","160 percent or over","Males","Total",776,
2025,"EL","TOTAL","M","PC_GE160","THS_PER","MED","Median","Thousand persons","160 percent or over","Males","Total",746,
2003,"EL","Y_LT18","M","PC_GE160","THS_PER","MED","Median","Thousand persons","160 percent or over","Males","Less than 18 years",203,
2004,"EL","Y_LT18","M","PC_GE160","THS_PER","MED","Median","Thousand persons","160 percent or over","Males","Less than 18 years",210,
2005,"EL","Y_LT18","M","PC_GE160","THS_PER","MED","Median","Thousand persons","160 percent or over","Males","Less than 18 years",224,
2006,"EL","Y_LT18","M","PC_GE160","THS_PER","MED","Median","Thousand persons","160 percent or over","Males","Less than 18 years",224,
2007,"EL","Y_LT18","M","PC_GE160","THS_PER","MED","Median","Thousand persons","160 percent or over","Males","Less than 18 years",196,
2008,"EL","Y_LT18","M","PC_GE160","THS_PER","MED","Median","Thousand persons","160 percent or over","Males","Less than 18 years",182,
2009,"EL","Y_LT18","M","PC_GE160","THS_PER","MED","Median","Thousand persons","160 percent or over","Males","Less than 18 years",191,
2010,"EL","Y_LT18","M","PC_GE160","THS_PER","MED","Median","Thousand persons","160 percent or over","Males","Less than 18 years",165,
2011,"EL","Y_LT18","M","PC_GE160","THS_PER","MED","Median","Thousand persons","160 percent or over","Males","Less than 18 years",175,
2012,"EL","Y_LT18","M","PC_GE160","THS_PER","MED","Median","Thousand persons","160 percent or over","Males","Less than 18 years",168,
2014,"EL","Y_LT18","M","PC_GE160","THS_PER","MED","Median","Thousand persons","160 percent or over","Males","Less than 18 years",181,
2015,"EL","Y_LT18","M","PC_GE160","THS_PER","MED","Median","Thousand persons","160 percent or over","Males","Less than 18 years",160,
2016,"EL","Y_LT18","M","PC_GE160","THS_PER","MED","Median","Thousand persons","160 percent or over","Males","Less than 18 years",169,
2017,"EL","Y_LT18","M","PC_GE160","THS_PER","MED","Median","Thousand persons","160 percent or over","Males","Less than 18 years",154,
2018,"EL","Y_LT18","M","PC_GE160","THS_PER","MED","Median","Thousand persons","160 percent or over","Males","Less than 18 years",129,
2019,"EL","Y_LT18","M","PC_GE160","THS_PER","MED","Median","Thousand persons","160 percent or over","Males","Less than 18 years",136,
2020,"EL","Y_LT18","M","PC_GE160","THS_PER","MED","Median","Thousand persons","160 percent or over","Males","Less than 18 years",123,
2021,"EL","Y_LT18","M","PC_GE160","THS_PER","MED","Median","Thousand persons","160 percent or over","Males","Less than 18 years",116,
2022,"EL","Y_LT18","M","PC_GE160","THS_PER","MED","Median","Thousand persons","160 percent or over","Males","Less than 18 years",114,
2023,"EL","Y_LT18","M","PC_GE160","THS_PER","MED","Median","Thousand persons","160 percent or over","Males","Less than 18 years",111,
2024,"EL","Y_LT18","M","PC_GE160","THS_PER","MED","Median","Thousand persons","160 percent or over","Males","Less than 18 years",107,
2025,"EL","Y_LT18","M","PC_GE160","THS_PER","MED","Median","Thousand persons","160 percent or over","Males","Less than 18 years",89,
2003,"EL","Y18-64","M","PC_GE160","THS_PER","MED","Median","Thousand persons","160 percent or over","Males","From 18 to 64 years",769,
2004,"EL","Y18-64","M","PC_GE160","THS_PER","MED","Median","Thousand persons","160 percent or over","Males","From 18 to 64 years",763,
2005,"EL","Y18-64","M","PC_GE160","THS_PER","MED","Median","Thousand persons","160 percent or over","Males","From 18 to 64 years",793,
2006,"EL","Y18-64","M","PC_GE160","THS_PER","MED","Median","Thousand persons","160 percent or over","Males","From 18 to 64 years",794,
2007,"EL","Y18-64","M","PC_GE160","THS_PER","MED","Median","Thousand persons","160 percent or over","Males","From 18 to 64 years",812,
2008,"EL","Y18-64","M","PC_GE160","THS_PER","MED","Median","Thousand persons","160 percent or over","Males","From 18 to 64 years",776,
2009,"EL","Y18-64","M","PC_GE160","THS_PER","MED","Median","Thousand persons","160 percent or over","Males","From 18 to 64 years",778,
2010,"EL","Y18-64","M","PC_GE160","THS_PER","MED","Median","Thousand persons","160 percent or over","Males","From 18 to 64 years",755,
2011,"EL","Y18-64","M","PC_GE160","THS_PER","MED","Median","Thousand persons","160 percent or over","Males","From 18 to 64 years",776,
2012,"EL","Y18-64","M","PC_GE160","THS_PER","MED","Median","Thousand persons","160 percent or over","Males","From 18 to 64 years",676,
2014,"EL","Y18-64","M","PC_GE160","THS_PER","MED","Median","Thousand persons","160 percent or over","Males","From 18 to 64 years",719,
2015,"EL","Y18-64","M","PC_GE160","THS_PER","MED","Median","Thousand persons","160 percent or over","Males","From 18 to 64 years",716,
2016,"EL","Y18-64","M","PC_GE160","THS_PER","MED","Median","Thousand persons","160 percent or over","Males","From 18 to 64 years",717,
2017,"EL","Y18-64","M","PC_GE160","THS_PER","MED","Median","Thousand persons","160 percent or over","Males","From 18 to 64 years",679,
2018,"EL","Y18-64","M","PC_GE160","THS_PER","MED","Median","Thousand persons","160 percent or over","Males","From 18 to 64 years",635,
2019,"EL","Y18-64","M","PC_GE160","THS_PER","MED","Median","Thousand persons","160 percent or over","Males","From 18 to 64 years",638,
2020,"EL","Y18-64","M","PC_GE160","THS_PER","MED","Median","Thousand persons","160 percent or over","Males","From 18 to 64 years",610,
2021,"EL","Y18-64","M","PC_GE160","THS_PER","MED","Median","Thousand persons","160 percent or over","Males","From 18 to 64 years",607,
2022,"EL","Y18-64","M","PC_GE160","THS_PER","MED","Median","Thousand persons","160 percent or over","Males","From 18 to 64 years",569,
2023,"EL","Y18-64","M","PC_GE160","THS_PER","MED","Median","Thousand persons","160 percent or over","Males","From 18 to 64 years",547,
2024,"EL","Y18-64","M","PC_GE160","THS_PER","MED","Median","Thousand persons","160 percent or over","Males","From 18 to 64 years",507,
2025,"EL","Y18-64","M","PC_GE160","THS_PER","MED","Median","Thousand persons","160 percent or over","Males","From 18 to 64 years",517,
2003,"EL","Y_GE65","M","PC_GE160","THS_PER","MED","Median","Thousand persons","160 percent or over","Males","65 years or over",121,
2004,"EL","Y_GE65","M","PC_GE160","THS_PER","MED","Median","Thousand persons","160 percent or over","Males","65 years or over",122,
2005,"EL","Y_GE65","M","PC_GE160","THS_PER","MED","Median","Thousand persons","160 percent or over","Males","65 years or over",133,
2006,"EL","Y_GE65","M","PC_GE160","THS_PER","MED","Median","Thousand persons","160 percent or over","Males","65 years or over",114,
2007,"EL","Y_GE65","M","PC_GE160","THS_PER","MED","Median","Thousand persons","160 percent or over","Males","65 years or over",138,
2008,"EL","Y_GE65","M","PC_GE160","THS_PER","MED","Median","Thousand persons","160 percent or over","Males","65 years or over",142,
2009,"EL","Y_GE65","M","PC_GE160","THS_PER","MED","Median","Thousand persons","160 percent or over","Males","65 years or over",124,
2010,"EL","Y_GE65","M","PC_GE160","THS_PER","MED","Median","Thousand persons","160 percent or over","Males","65 years or over",123,
2011,"EL","Y_GE65","M","PC_GE160","THS_PER","MED","Median","Thousand persons","160 percent or over","Males","65 years or over",147,
2012,"EL","Y_GE65","M","PC_GE160","THS_PER","MED","Median","Thousand persons","160 percent or over","Males","65 years or over",178,
2014,"EL","Y_GE65","M","PC_GE160","THS_PER","MED","Median","Thousand persons","160 percent or over","Males","65 years or over",170,
2015,"EL","Y_GE65","M","PC_GE160","THS_PER","MED","Median","Thousand persons","160 percent or over","Males","65 years or over",180,
2016,"EL","Y_GE65","M","PC_GE160","THS_PER","MED","Median","Thousand persons","160 percent or over","Males","65 years or over",201,
2017,"EL","Y_GE65","M","PC_GE160","THS_PER","MED","Median","Thousand persons","160 percent or over","Males","65 years or over",191,
2018,"EL","Y_GE65","M","PC_GE160","THS_PER","MED","Median","Thousand persons","160 percent or over","Males","65 years or over",184,
2019,"EL","Y_GE65","M","PC_GE160","THS_PER","MED","Median","Thousand persons","160 percent or over","Males","65 years or over",187,
2020,"EL","Y_GE65","M","PC_GE160","THS_PER","MED","Median","Thousand persons","160 percent or over","Males","65 years or over",200,
2021,"EL","Y_GE65","M","PC_GE160","THS_PER","MED","Median","Thousand persons","160 percent or over","Males","65 years or over",218,
2022,"EL","Y_GE65","M","PC_GE160","THS_PER","MED","Median","Thousand persons","160 percent or over","Males","65 years or over",208,
2023,"EL","Y_GE65","M","PC_GE160","THS_PER","MED","Median","Thousand persons","160 percent or over","Males","65 years or over",179,
2024,"EL","Y_GE65","M","PC_GE160","THS_PER","MED","Median","Thousand persons","160 percent or over","Males","65 years or over",163,
2025,"EL","Y_GE65","M","PC_GE160","THS_PER","MED","Median","Thousand persons","160 percent or over","Males","65 years or over",144,
2003,"EL","TOTAL","F","PC_GE160","THS_PER","MED","Median","Thousand persons","160 percent or over","Females","Total",1065,
2004,"EL","TOTAL","F","PC_GE160","THS_PER","MED","Median","Thousand persons","160 percent or over","Females","Total",1088,
2005,"EL","TOTAL","F","PC_GE160","THS_PER","MED","Median","Thousand persons","160 percent or over","Females","Total",1096,
2006,"EL","TOTAL","F","PC_GE160","THS_PER","MED","Median","Thousand persons","160 percent or over","Females","Total",1067,
2007,"EL","TOTAL","F","PC_GE160","THS_PER","MED","Median","Thousand persons","160 percent or over","Females","Total",1112,
2008,"EL","TOTAL","F","PC_GE160","THS_PER","MED","Median","Thousand persons","160 percent or over","Females","Total",1072,
2009,"EL","TOTAL","F","PC_GE160","THS_PER","MED","Median","Thousand persons","160 percent or over","Females","Total",1042,
2010,"EL","TOTAL","F","PC_GE160","THS_PER","MED","Median","Thousand persons","160 percent or over","Females","Total",1020,
2011,"EL","TOTAL","F","PC_GE160","THS_PER","MED","Median","Thousand persons","160 percent or over","Females","Total",994,
2012,"EL","TOTAL","F","PC_GE160","THS_PER","MED","Median","Thousand persons","160 percent or over","Females","Total",944,
2014,"EL","TOTAL","F","PC_GE160","THS_PER","MED","Median","Thousand persons","160 percent or over","Females","Total",1040,
2015,"EL","TOTAL","F","PC_GE160","THS_PER","MED","Median","Thousand persons","160 percent or over","Females","Total",1029,
2016,"EL","TOTAL","F","PC_GE160","THS_PER","MED","Median","Thousand persons","160 percent or over","Females","Total",1057,
2017,"EL","TOTAL","F","PC_GE160","THS_PER","MED","Median","Thousand persons","160 percent or over","Females","Total",1020,
2018,"EL","TOTAL","F","PC_GE160","THS_PER","MED","Median","Thousand persons","160 percent or over","Females","Total",931,
2019,"EL","TOTAL","F","PC_GE160","THS_PER","MED","Median","Thousand persons","160 percent or over","Females","Total",923,
2020,"EL","TOTAL","F","PC_GE160","THS_PER","MED","Median","Thousand persons","160 percent or over","Females","Total",919,
2021,"EL","TOTAL","F","PC_GE160","THS_PER","MED","Median","Thousand persons","160 percent or over","Females","Total",903,
2022,"EL","TOTAL","F","PC_GE160","THS_PER","MED","Median","Thousand persons","160 percent or over","Females","Total",895,
2023,"EL","TOTAL","F","PC_GE160","THS_PER","MED","Median","Thousand persons","160 percent or over","Females","Total",829,
2024,"EL","TOTAL","F","PC_GE160","THS_PER","MED","Median","Thousand persons","160 percent or over","Females","Total",749,
2025,"EL","TOTAL","F","PC_GE160","THS_PER","MED","Median","Thousand persons","160 percent or over","Females","Total",722,
2003,"EL","Y_LT18","F","PC_GE160","THS_PER","MED","Median","Thousand persons","160 percent or over","Females","Less than 18 years",187,
2004,"EL","Y_LT18","F","PC_GE160","THS_PER","MED","Median","Thousand persons","160 percent or over","Females","Less than 18 years",218,
2005,"EL","Y_LT18","F","PC_GE160","THS_PER","MED","Median","Thousand persons","160 percent or over","Females","Less than 18 years",198,
2006,"EL","Y_LT18","F","PC_GE160","THS_PER","MED","Median","Thousand persons","160 percent or over","Females","Less than 18 years",204,
2007,"EL","Y_LT18","F","PC_GE160","THS_PER","MED","Median","Thousand persons","160 percent or over","Females","Less than 18 years",199,
2008,"EL","Y_LT18","F","PC_GE160","THS_PER","MED","Median","Thousand persons","160 percent or over","Females","Less than 18 years",184,
2009,"EL","Y_LT18","F","PC_GE160","THS_PER","MED","Median","Thousand persons","160 percent or over","Females","Less than 18 years",164,
2010,"EL","Y_LT18","F","PC_GE160","THS_PER","MED","Median","Thousand persons","160 percent or over","Females","Less than 18 years",178,
2011,"EL","Y_LT18","F","PC_GE160","THS_PER","MED","Median","Thousand persons","160 percent or over","Females","Less than 18 years",176,
2012,"EL","Y_LT18","F","PC_GE160","THS_PER","MED","Median","Thousand persons","160 percent or over","Females","Less than 18 years",148,
2014,"EL","Y_LT18","F","PC_GE160","THS_PER","MED","Median","Thousand persons","160 percent or over","Females","Less than 18 years",182,
2015,"EL","Y_LT18","F","PC_GE160","THS_PER","MED","Median","Thousand persons","160 percent or over","Females","Less than 18 years",157,
2016,"EL","Y_LT18","F","PC_GE160","THS_PER","MED","Median","Thousand persons","160 percent or over","Females","Less than 18 years",170,
2017,"EL","Y_LT18","F","PC_GE160","THS_PER","MED","Median","Thousand persons","160 percent or over","Females","Less than 18 years",163,
2018,"EL","Y_LT18","F","PC_GE160","THS_PER","MED","Median","Thousand persons","160 percent or over","Females","Less than 18 years",136,
2019,"EL","Y_LT18","F","PC_GE160","THS_PER","MED","Median","Thousand persons","160 percent or over","Females","Less than 18 years",128,
2020,"EL","Y_LT18","F","PC_GE160","THS_PER","MED","Median","Thousand persons","160 percent or over","Females","Less than 18 years",135,
2021,"EL","Y_LT18","F","PC_GE160","THS_PER","MED","Median","Thousand persons","160 percent or over","Females","Less than 18 years",121,
2022,"EL","Y_LT18","F","PC_GE160","THS_PER","MED","Median","Thousand persons","160 percent or over","Females","Less than 18 years",120,
2023,"EL","Y_LT18","F","PC_GE160","THS_PER","MED","Median","Thousand persons","160 percent or over","Females","Less than 18 years",113,
2024,"EL","Y_LT18","F","PC_GE160","THS_PER","MED","Median","Thousand persons","160 percent or over","Females","Less than 18 years",85,
2025,"EL","Y_LT18","F","PC_GE160","THS_PER","MED","Median","Thousand persons","160 percent or over","Females","Less than 18 years",91,
2003,"EL","Y18-64","F","PC_GE160","THS_PER","MED","Median","Thousand persons","160 percent or over","Females","From 18 to 64 years",767,
2004,"EL","Y18-64","F","PC_GE160","THS_PER","MED","Median","Thousand persons","160 percent or over","Females","From 18 to 64 years",762,
2005,"EL","Y18-64","F","PC_GE160","THS_PER","MED","Median","Thousand persons","160 percent or over","Females","From 18 to 64 years",771,
2006,"EL","Y18-64","F","PC_GE160","THS_PER","MED","Median","Thousand persons","160 percent or over","Females","From 18 to 64 years",768,
2007,"EL","Y18-64","F","PC_GE160","THS_PER","MED","Median","Thousand persons","160 percent or over","Females","From 18 to 64 years",799,
2008,"EL","Y18-64","F","PC_GE160","THS_PER","MED","Median","Thousand persons","160 percent or over","Females","From 18 to 64 years",771,
2009,"EL","Y18-64","F","PC_GE160","THS_PER","MED","Median","Thousand persons","160 percent or over","Females","From 18 to 64 years",762,
2010,"EL","Y18-64","F","PC_GE160","THS_PER","MED","Median","Thousand persons","160 percent or over","Females","From 18 to 64 years",741,
2011,"EL","Y18-64","F","PC_GE160","THS_PER","MED","Median","Thousand persons","160 percent or over","Females","From 18 to 64 years",702,
2012,"EL","Y18-64","F","PC_GE160","THS_PER","MED","Median","Thousand persons","160 percent or over","Females","From 18 to 64 years",626,
2014,"EL","Y18-64","F","PC_GE160","THS_PER","MED","Median","Thousand persons","160 percent or over","Females","From 18 to 64 years",683,
2015,"EL","Y18-64","F","PC_GE160","THS_PER","MED","Median","Thousand persons","160 percent or over","Females","From 18 to 64 years",698,
2016,"EL","Y18-64","F","PC_GE160","THS_PER","MED","Median","Thousand persons","160 percent or over","Females","From 18 to 64 years",707,
2017,"EL","Y18-64","F","PC_GE160","THS_PER","MED","Median","Thousand persons","160 percent or over","Females","From 18 to 64 years",675,
2018,"EL","Y18-64","F","PC_GE160","THS_PER","MED","Median","Thousand persons","160 percent or over","Females","From 18 to 64 years",624,
2019,"EL","Y18-64","F","PC_GE160","THS_PER","MED","Median","Thousand persons","160 percent or over","Females","From 18 to 64 years",625,
2020,"EL","Y18-64","F","PC_GE160","THS_PER","MED","Median","Thousand persons","160 percent or over","Females","From 18 to 64 years",595,
2021,"EL","Y18-64","F","PC_GE160","THS_PER","MED","Median","Thousand persons","160 percent or over","Females","From 18 to 64 years",597,
2022,"EL","Y18-64","F","PC_GE160","THS_PER","MED","Median","Thousand persons","160 percent or over","Females","From 18 to 64 years",588,
2023,"EL","Y18-64","F","PC_GE160","THS_PER","MED","Median","Thousand persons","160 percent or over","Females","From 18 to 64 years",557,
2024,"EL","Y18-64","F","PC_GE160","THS_PER","MED","Median","Thousand persons","160 percent or over","Females","From 18 to 64 years",524,
2025,"EL","Y18-64","F","PC_GE160","THS_PER","MED","Median","Thousand persons","160 percent or over","Females","From 18 to 64 years",517,
2003,"EL","Y_GE65","F","PC_GE160","THS_PER","MED","Median","Thousand persons","160 percent or over","Females","65 years or over",119,
2004,"EL","Y_GE65","F","PC_GE160","THS_PER","MED","Median","Thousand persons","160 percent or over","Females","65 years or over",116,
2005,"EL","Y_GE65","F","PC_GE160","THS_PER","MED","Median","Thousand persons","160 percent or over","Females","65 years or over",135,
2006,"EL","Y_GE65","F","PC_GE160","THS_PER","MED","Median","Thousand persons","160 percent or over","Females","65 years or over",101,
2007,"EL","Y_GE65","F","PC_GE160","THS_PER","MED","Median","Thousand persons","160 percent or over","Females","65 years or over",121,
2008,"EL","Y_GE65","F","PC_GE160","THS_PER","MED","Median","Thousand persons","160 percent or over","Females","65 years or over",126,
2009,"EL","Y_GE65","F","PC_GE160","THS_PER","MED","Median","Thousand persons","160 percent or over","Females","65 years or over",123,
2010,"EL","Y_GE65","F","PC_GE160","THS_PER","MED","Median","Thousand persons","160 percent or over","Females","65 years or over",105,
2011,"EL","Y_GE65","F","PC_GE160","THS_PER","MED","Median","Thousand persons","160 percent or over","Females","65 years or over",120,
2012,"EL","Y_GE65","F","PC_GE160","THS_PER","MED","Median","Thousand persons","160 percent or over","Females","65 years or over",173,
2014,"EL","Y_GE65","F","PC_GE160","THS_PER","MED","Median","Thousand persons","160 percent or over","Females","65 years or over",182,
2015,"EL","Y_GE65","F","PC_GE160","THS_PER","MED","Median","Thousand persons","160 percent or over","Females","65 years or over",178,
2016,"EL","Y_GE65","F","PC_GE160","THS_PER","MED","Median","Thousand persons","160 percent or over","Females","65 years or over",184,
2017,"EL","Y_GE65","F","PC_GE160","THS_PER","MED","Median","Thousand persons","160 percent or over","Females","65 years or over",185,
2018,"EL","Y_GE65","F","PC_GE160","THS_PER","MED","Median","Thousand persons","160 percent or over","Females","65 years or over",175,
2019,"EL","Y_GE65","F","PC_GE160","THS_PER","MED","Median","Thousand persons","160 percent or over","Females","65 years or over",176,
2020,"EL","Y_GE65","F","PC_GE160","THS_PER","MED","Median","Thousand persons","160 percent or over","Females","65 years or over",193,
2021,"EL","Y_GE65","F","PC_GE160","THS_PER","MED","Median","Thousand persons","160 percent or over","Females","65 years or over",189,
2022,"EL","Y_GE65","F","PC_GE160","THS_PER","MED","Median","Thousand persons","160 percent or over","Females","65 years or over",191,
2023,"EL","Y_GE65","F","PC_GE160","THS_PER","MED","Median","Thousand persons","160 percent or over","Females","65 years or over",161,
2024,"EL","Y_GE65","F","PC_GE160","THS_PER","MED","Median","Thousand persons","160 percent or over","Females","65 years or over",143,
2025,"EL","Y_GE65","F","PC_GE160","THS_PER","MED","Median","Thousand persons","160 percent or over","Females","65 years or over",118,
2003,"EL","TOTAL","T","PC_GE130","PC","MED","Median","Percentage","130 percent or over","Total","Total",32,
2004,"EL","TOTAL","T","PC_GE130","PC","MED","Median","Percentage","130 percent or over","Total","Total",32.9,
2005,"EL","TOTAL","T","PC_GE130","PC","MED","Median","Percentage","130 percent or over","Total","Total",33,
2006,"EL","TOTAL","T","PC_GE130","PC","MED","Median","Percentage","130 percent or over","Total","Total",32.1,
2007,"EL","TOTAL","T","PC_GE130","PC","MED","Median","Percentage","130 percent or over","Total","Total",31.9,
2008,"EL","TOTAL","T","PC_GE130","PC","MED","Median","Percentage","130 percent or over","Total","Total",31.4,
2009,"EL","TOTAL","T","PC_GE130","PC","MED","Median","Percentage","130 percent or over","Total","Total",31.1,
2010,"EL","TOTAL","T","PC_GE130","PC","MED","Median","Percentage","130 percent or over","Total","Total",31.2,
2011,"EL","TOTAL","T","PC_GE130","PC","MED","Median","Percentage","130 percent or over","Total","Total",31.3,
2012,"EL","TOTAL","T","PC_GE130","PC","MED","Median","Percentage","130 percent or over","Total","Total",30.4,
2014,"EL","TOTAL","T","PC_GE130","PC","MED","Median","Percentage","130 percent or over","Total","Total",31.2,
2015,"EL","TOTAL","T","PC_GE130","PC","MED","Median","Percentage","130 percent or over","Total","Total",31.6,
2016,"EL","TOTAL","T","PC_GE130","PC","MED","Median","Percentage","130 percent or over","Total","Total",32,
2017,"EL","TOTAL","T","PC_GE130","PC","MED","Median","Percentage","130 percent or over","Total","Total",32,
2018,"EL","TOTAL","T","PC_GE130","PC","MED","Median","Percentage","130 percent or over","Total","Total",30.8,
2019,"EL","TOTAL","T","PC_GE130","PC","MED","Median","Percentage","130 percent or over","Total","Total",31.5,
2020,"EL","TOTAL","T","PC_GE130","PC","MED","Median","Percentage","130 percent or over","Total","Total",31,
2021,"EL","TOTAL","T","PC_GE130","PC","MED","Median","Percentage","130 percent or over","Total","Total",30.9,
2022,"EL","TOTAL","T","PC_GE130","PC","MED","Median","Percentage","130 percent or over","Total","Total",30,
2023,"EL","TOTAL","T","PC_GE130","PC","MED","Median","Percentage","130 percent or over","Total","Total",29.3,
2024,"EL","TOTAL","T","PC_GE130","PC","MED","Median","Percentage","130 percent or over","Total","Total",28.2,
2025,"EL","TOTAL","T","PC_GE130","PC","MED","Median","Percentage","130 percent or over","Total","Total",28.2,
2003,"EL","Y_LT18","T","PC_GE130","PC","MED","Median","Percentage","130 percent or over","Total","Less than 18 years",30.7,
2004,"EL","Y_LT18","T","PC_GE130","PC","MED","Median","Percentage","130 percent or over","Total","Less than 18 years",33.3,
2005,"EL","Y_LT18","T","PC_GE130","PC","MED","Median","Percentage","130 percent or over","Total","Less than 18 years",33,
2006,"EL","Y_LT18","T","PC_GE130","PC","MED","Median","Percentage","130 percent or over","Total","Less than 18 years",31.3,
2007,"EL","Y_LT18","T","PC_GE130","PC","MED","Median","Percentage","130 percent or over","Total","Less than 18 years",29.6,
2008,"EL","Y_LT18","T","PC_GE130","PC","MED","Median","Percentage","130 percent or over","Total","Less than 18 years",29.2,
2009,"EL","Y_LT18","T","PC_GE130","PC","MED","Median","Percentage","130 percent or over","Total","Less than 18 years",27.5,
2010,"EL","Y_LT18","T","PC_GE130","PC","MED","Median","Percentage","130 percent or over","Total","Less than 18 years",30.6,
2011,"EL","Y_LT18","T","PC_GE130","PC","MED","Median","Percentage","130 percent or over","Total","Less than 18 years",29.2,
2012,"EL","Y_LT18","T","PC_GE130","PC","MED","Median","Percentage","130 percent or over","Total","Less than 18 years",27.7,
2014,"EL","Y_LT18","T","PC_GE130","PC","MED","Median","Percentage","130 percent or over","Total","Less than 18 years",29.2,
2015,"EL","Y_LT18","T","PC_GE130","PC","MED","Median","Percentage","130 percent or over","Total","Less than 18 years",27.5,
2016,"EL","Y_LT18","T","PC_GE130","PC","MED","Median","Percentage","130 percent or over","Total","Less than 18 years",26.9,
2017,"EL","Y_LT18","T","PC_GE130","PC","MED","Median","Percentage","130 percent or over","Total","Less than 18 years",27.5,
2018,"EL","Y_LT18","T","PC_GE130","PC","MED","Median","Percentage","130 percent or over","Total","Less than 18 years",25.7,
2019,"EL","Y_LT18","T","PC_GE130","PC","MED","Median","Percentage","130 percent or over","Total","Less than 18 years",26.1,
2020,"EL","Y_LT18","T","PC_GE130","PC","MED","Median","Percentage","130 percent or over","Total","Less than 18 years",24.6,
2021,"EL","Y_LT18","T","PC_GE130","PC","MED","Median","Percentage","130 percent or over","Total","Less than 18 years",24.9,
2022,"EL","Y_LT18","T","PC_GE130","PC","MED","Median","Percentage","130 percent or over","Total","Less than 18 years",24.2,
2023,"EL","Y_LT18","T","PC_GE130","PC","MED","Median","Percentage","130 percent or over","Total","Less than 18 years",22.6,
2024,"EL","Y_LT18","T","PC_GE130","PC","MED","Median","Percentage","130 percent or over","Total","Less than 18 years",21.5,
2025,"EL","Y_LT18","T","PC_GE130","PC","MED","Median","Percentage","130 percent or over","Total","Less than 18 years",20.3,
2003,"EL","Y18-64","T","PC_GE130","PC","MED","Median","Percentage","130 percent or over","Total","From 18 to 64 years",35.3,
2004,"EL","Y18-64","T","PC_GE130","PC","MED","Median","Percentage","130 percent or over","Total","From 18 to 64 years",36.2,
2005,"EL","Y18-64","T","PC_GE130","PC","MED","Median","Percentage","130 percent or over","Total","From 18 to 64 years",36.4,
2006,"EL","Y18-64","T","PC_GE130","PC","MED","Median","Percentage","130 percent or over","Total","From 18 to 64 years",36,
2007,"EL","Y18-64","T","PC_GE130","PC","MED","Median","Percentage","130 percent or over","Total","From 18 to 64 years",35.6,
2008,"EL","Y18-64","T","PC_GE130","PC","MED","Median","Percentage","130 percent or over","Total","From 18 to 64 years",34.8,
2009,"EL","Y18-64","T","PC_GE130","PC","MED","Median","Percentage","130 percent or over","Total","From 18 to 64 years",35,
2010,"EL","Y18-64","T","PC_GE130","PC","MED","Median","Percentage","130 percent or over","Total","From 18 to 64 years",34.7,
2011,"EL","Y18-64","T","PC_GE130","PC","MED","Median","Percentage","130 percent or over","Total","From 18 to 64 years",35.1,
2012,"EL","Y18-64","T","PC_GE130","PC","MED","Median","Percentage","130 percent or over","Total","From 18 to 64 years",31.6,
2014,"EL","Y18-64","T","PC_GE130","PC","MED","Median","Percentage","130 percent or over","Total","From 18 to 64 years",33.4,
2015,"EL","Y18-64","T","PC_GE130","PC","MED","Median","Percentage","130 percent or over","Total","From 18 to 64 years",33.5,
2016,"EL","Y18-64","T","PC_GE130","PC","MED","Median","Percentage","130 percent or over","Total","From 18 to 64 years",34.1,
2017,"EL","Y18-64","T","PC_GE130","PC","MED","Median","Percentage","130 percent or over","Total","From 18 to 64 years",33.8,
2018,"EL","Y18-64","T","PC_GE130","PC","MED","Median","Percentage","130 percent or over","Total","From 18 to 64 years",33,
2019,"EL","Y18-64","T","PC_GE130","PC","MED","Median","Percentage","130 percent or over","Total","From 18 to 64 years",34.1,
2020,"EL","Y18-64","T","PC_GE130","PC","MED","Median","Percentage","130 percent or over","Total","From 18 to 64 years",33.2,
2021,"EL","Y18-64","T","PC_GE130","PC","MED","Median","Percentage","130 percent or over","Total","From 18 to 64 years",33,
2022,"EL","Y18-64","T","PC_GE130","PC","MED","Median","Percentage","130 percent or over","Total","From 18 to 64 years",32.2,
2023,"EL","Y18-64","T","PC_GE130","PC","MED","Median","Percentage","130 percent or over","Total","From 18 to 64 years",31.8,
2024,"EL","Y18-64","T","PC_GE130","PC","MED","Median","Percentage","130 percent or over","Total","From 18 to 64 years",31.2,
2025,"EL","Y18-64","T","PC_GE130","PC","MED","Median","Percentage","130 percent or over","Total","From 18 to 64 years",32.5,
2003,"EL","Y_GE65","T","PC_GE130","PC","MED","Median","Percentage","130 percent or over","Total","65 years or over",21.3,
2004,"EL","Y_GE65","T","PC_GE130","PC","MED","Median","Percentage","130 percent or over","Total","65 years or over",20.3,
2005,"EL","Y_GE65","T","PC_GE130","PC","MED","Median","Percentage","130 percent or over","Total","65 years or over",20.1,
2006,"EL","Y_GE65","T","PC_GE130","PC","MED","Median","Percentage","130 percent or over","Total","65 years or over",19.2,
2007,"EL","Y_GE65","T","PC_GE130","PC","MED","Median","Percentage","130 percent or over","Total","65 years or over",20.8,
2008,"EL","Y_GE65","T","PC_GE130","PC","MED","Median","Percentage","130 percent or over","Total","65 years or over",21.1,
2009,"EL","Y_GE65","T","PC_GE130","PC","MED","Median","Percentage","130 percent or over","Total","65 years or over",20.4,
2010,"EL","Y_GE65","T","PC_GE130","PC","MED","Median","Percentage","130 percent or over","Total","65 years or over",19.5,
2011,"EL","Y_GE65","T","PC_GE130","PC","MED","Median","Percentage","130 percent or over","Total","65 years or over",20.4,
2012,"EL","Y_GE65","T","PC_GE130","PC","MED","Median","Percentage","130 percent or over","Total","65 years or over",28.2,
2014,"EL","Y_GE65","T","PC_GE130","PC","MED","Median","Percentage","130 percent or over","Total","65 years or over",26.2,
2015,"EL","Y_GE65","T","PC_GE130","PC","MED","Median","Percentage","130 percent or over","Total","65 years or over",29.1,
2016,"EL","Y_GE65","T","PC_GE130","PC","MED","Median","Percentage","130 percent or over","Total","65 years or over",30.2,
2017,"EL","Y_GE65","T","PC_GE130","PC","MED","Median","Percentage","130 percent or over","Total","65 years or over",30.1,
2018,"EL","Y_GE65","T","PC_GE130","PC","MED","Median","Percentage","130 percent or over","Total","65 years or over",28.5,
2019,"EL","Y_GE65","T","PC_GE130","PC","MED","Median","Percentage","130 percent or over","Total","65 years or over",28.8,
2020,"EL","Y_GE65","T","PC_GE130","PC","MED","Median","Percentage","130 percent or over","Total","65 years or over",29.7,
2021,"EL","Y_GE65","T","PC_GE130","PC","MED","Median","Percentage","130 percent or over","Total","65 years or over",29.7,
2022,"EL","Y_GE65","T","PC_GE130","PC","MED","Median","Percentage","130 percent or over","Total","65 years or over",28,
2023,"EL","Y_GE65","T","PC_GE130","PC","MED","Median","Percentage","130 percent or over","Total","65 years or over",27.1,
2024,"EL","Y_GE65","T","PC_GE130","PC","MED","Median","Percentage","130 percent or over","Total","65 years or over",24.6,
2025,"EL","Y_GE65","T","PC_GE130","PC","MED","Median","Percentage","130 percent or over","Total","65 years or over",22.6,
2003,"EL","TOTAL","M","PC_GE130","PC","MED","Median","Percentage","130 percent or over","Males","Total",32.9,
2004,"EL","TOTAL","M","PC_GE130","PC","MED","Median","Percentage","130 percent or over","Males","Total",33.9,
2005,"EL","TOTAL","M","PC_GE130","PC","MED","Median","Percentage","130 percent or over","Males","Total",34.2,
2006,"EL","TOTAL","M","PC_GE130","PC","MED","Median","Percentage","130 percent or over","Males","Total",33.4,
2007,"EL","TOTAL","M","PC_GE130","PC","MED","Median","Percentage","130 percent or over","Males","Total",32.9,
2008,"EL","TOTAL","M","PC_GE130","PC","MED","Median","Percentage","130 percent or over","Males","Total",32.5,
2009,"EL","TOTAL","M","PC_GE130","PC","MED","Median","Percentage","130 percent or over","Males","Total",31.9,
2010,"EL","TOTAL","M","PC_GE130","PC","MED","Median","Percentage","130 percent or over","Males","Total",31.9,
2011,"EL","TOTAL","M","PC_GE130","PC","MED","Median","Percentage","130 percent or over","Males","Total",32.7,
2012,"EL","TOTAL","M","PC_GE130","PC","MED","Median","Percentage","130 percent or over","Males","Total",31.1,
2014,"EL","TOTAL","M","PC_GE130","PC","MED","Median","Percentage","130 percent or over","Males","Total",31.9,
2015,"EL","TOTAL","M","PC_GE130","PC","MED","Median","Percentage","130 percent or over","Males","Total",32.1,
2016,"EL","TOTAL","M","PC_GE130","PC","MED","Median","Percentage","130 percent or over","Males","Total",32.7,
2017,"EL","TOTAL","M","PC_GE130","PC","MED","Median","Percentage","130 percent or over","Males","Total",32.7,
2018,"EL","TOTAL","M","PC_GE130","PC","MED","Median","Percentage","130 percent or over","Males","Total",31.7,
2019,"EL","TOTAL","M","PC_GE130","PC","MED","Median","Percentage","130 percent or over","Males","Total",32.5,
2020,"EL","TOTAL","M","PC_GE130","PC","MED","Median","Percentage","130 percent or over","Males","Total",32,
2021,"EL","TOTAL","M","PC_GE130","PC","MED","Median","Percentage","130 percent or over","Males","Total",32.1,
2022,"EL","TOTAL","M","PC_GE130","PC","MED","Median","Percentage","130 percent or over","Males","Total",30.9,
2023,"EL","TOTAL","M","PC_GE130","PC","MED","Median","Percentage","130 percent or over","Males","Total",30.3,
2024,"EL","TOTAL","M","PC_GE130","PC","MED","Median","Percentage","130 percent or over","Males","Total",29.1,
2025,"EL","TOTAL","M","PC_GE130","PC","MED","Median","Percentage","130 percent or over","Males","Total",29.4,
2003,"EL","Y_LT18","M","PC_GE130","PC","MED","Median","Percentage","130 percent or over","Males","Less than 18 years",31.3,
2004,"EL","Y_LT18","M","PC_GE130","PC","MED","Median","Percentage","130 percent or over","Males","Less than 18 years",32.4,
2005,"EL","Y_LT18","M","PC_GE130","PC","MED","Median","Percentage","130 percent or over","Males","Less than 18 years",32.6,
2006,"EL","Y_LT18","M","PC_GE130","PC","MED","Median","Percentage","130 percent or over","Males","Less than 18 years",31.5,
2007,"EL","Y_LT18","M","PC_GE130","PC","MED","Median","Percentage","130 percent or over","Males","Less than 18 years",29.3,
2008,"EL","Y_LT18","M","PC_GE130","PC","MED","Median","Percentage","130 percent or over","Males","Less than 18 years",29,
2009,"EL","Y_LT18","M","PC_GE130","PC","MED","Median","Percentage","130 percent or over","Males","Less than 18 years",27.7,
2010,"EL","Y_LT18","M","PC_GE130","PC","MED","Median","Percentage","130 percent or over","Males","Less than 18 years",29.4,
2011,"EL","Y_LT18","M","PC_GE130","PC","MED","Median","Percentage","130 percent or over","Males","Less than 18 years",29.2,
2012,"EL","Y_LT18","M","PC_GE130","PC","MED","Median","Percentage","130 percent or over","Males","Less than 18 years",25.8,
2014,"EL","Y_LT18","M","PC_GE130","PC","MED","Median","Percentage","130 percent or over","Males","Less than 18 years",28.5,
2015,"EL","Y_LT18","M","PC_GE130","PC","MED","Median","Percentage","130 percent or over","Males","Less than 18 years",26,
2016,"EL","Y_LT18","M","PC_GE130","PC","MED","Median","Percentage","130 percent or over","Males","Less than 18 years",26.1,
2017,"EL","Y_LT18","M","PC_GE130","PC","MED","Median","Percentage","130 percent or over","Males","Less than 18 years",27.2,
2018,"EL","Y_LT18","M","PC_GE130","PC","MED","Median","Percentage","130 percent or over","Males","Less than 18 years",25,
2019,"EL","Y_LT18","M","PC_GE130","PC","MED","Median","Percentage","130 percent or over","Males","Less than 18 years",25.5,
2020,"EL","Y_LT18","M","PC_GE130","PC","MED","Median","Percentage","130 percent or over","Males","Less than 18 years",23,
2021,"EL","Y_LT18","M","PC_GE130","PC","MED","Median","Percentage","130 percent or over","Males","Less than 18 years",23.8,
2022,"EL","Y_LT18","M","PC_GE130","PC","MED","Median","Percentage","130 percent or over","Males","Less than 18 years",22.5,
2023,"EL","Y_LT18","M","PC_GE130","PC","MED","Median","Percentage","130 percent or over","Males","Less than 18 years",21.8,
2024,"EL","Y_LT18","M","PC_GE130","PC","MED","Median","Percentage","130 percent or over","Males","Less than 18 years",22,
2025,"EL","Y_LT18","M","PC_GE130","PC","MED","Median","Percentage","130 percent or over","Males","Less than 18 years",21,
2003,"EL","Y18-64","M","PC_GE130","PC","MED","Median","Percentage","130 percent or over","Males","From 18 to 64 years",35.8,
2004,"EL","Y18-64","M","PC_GE130","PC","MED","Median","Percentage","130 percent or over","Males","From 18 to 64 years",37.1,
2005,"EL","Y18-64","M","PC_GE130","PC","MED","Median","Percentage","130 percent or over","Males","From 18 to 64 years",37.4,
2006,"EL","Y18-64","M","PC_GE130","PC","MED","Median","Percentage","130 percent or over","Males","From 18 to 64 years",36.7,
2007,"EL","Y18-64","M","PC_GE130","PC","MED","Median","Percentage","130 percent or over","Males","From 18 to 64 years",36.1,
2008,"EL","Y18-64","M","PC_GE130","PC","MED","Median","Percentage","130 percent or over","Males","From 18 to 64 years",35.3,
2009,"EL","Y18-64","M","PC_GE130","PC","MED","Median","Percentage","130 percent or over","Males","From 18 to 64 years",35.6,
2010,"EL","Y18-64","M","PC_GE130","PC","MED","Median","Percentage","130 percent or over","Males","From 18 to 64 years",35,
2011,"EL","Y18-64","M","PC_GE130","PC","MED","Median","Percentage","130 percent or over","Males","From 18 to 64 years",36.3,
2012,"EL","Y18-64","M","PC_GE130","PC","MED","Median","Percentage","130 percent or over","Males","From 18 to 64 years",32.5,
2014,"EL","Y18-64","M","PC_GE130","PC","MED","Median","Percentage","130 percent or over","Males","From 18 to 64 years",34.2,
2015,"EL","Y18-64","M","PC_GE130","PC","MED","Median","Percentage","130 percent or over","Males","From 18 to 64 years",34,
2016,"EL","Y18-64","M","PC_GE130","PC","MED","Median","Percentage","130 percent or over","Males","From 18 to 64 years",34.3,
2017,"EL","Y18-64","M","PC_GE130","PC","MED","Median","Percentage","130 percent or over","Males","From 18 to 64 years",34.1,
2018,"EL","Y18-64","M","PC_GE130","PC","MED","Median","Percentage","130 percent or over","Males","From 18 to 64 years",33.4,
2019,"EL","Y18-64","M","PC_GE130","PC","MED","Median","Percentage","130 percent or over","Males","From 18 to 64 years",34.9,
2020,"EL","Y18-64","M","PC_GE130","PC","MED","Median","Percentage","130 percent or over","Males","From 18 to 64 years",34.2,
2021,"EL","Y18-64","M","PC_GE130","PC","MED","Median","Percentage","130 percent or over","Males","From 18 to 64 years",33.9,
2022,"EL","Y18-64","M","PC_GE130","PC","MED","Median","Percentage","130 percent or over","Males","From 18 to 64 years",32.8,
2023,"EL","Y18-64","M","PC_GE130","PC","MED","Median","Percentage","130 percent or over","Males","From 18 to 64 years",32.4,
2024,"EL","Y18-64","M","PC_GE130","PC","MED","Median","Percentage","130 percent or over","Males","From 18 to 64 years",31.2,
2025,"EL","Y18-64","M","PC_GE130","PC","MED","Median","Percentage","130 percent or over","Males","From 18 to 64 years",32.7,
2003,"EL","Y_GE65","M","PC_GE130","PC","MED","Median","Percentage","130 percent or over","Males","65 years or over",22.7,
2004,"EL","Y_GE65","M","PC_GE130","PC","MED","Median","Percentage","130 percent or over","Males","65 years or over",22.8,
2005,"EL","Y_GE65","M","PC_GE130","PC","MED","Median","Percentage","130 percent or over","Males","65 years or over",22.5,
2006,"EL","Y_GE65","M","PC_GE130","PC","MED","Median","Percentage","130 percent or over","Males","65 years or over",22.8,
2007,"EL","Y_GE65","M","PC_GE130","PC","MED","Median","Percentage","130 percent or over","Males","65 years or over",23.6,
2008,"EL","Y_GE65","M","PC_GE130","PC","MED","Median","Percentage","130 percent or over","Males","65 years or over",24.4,
2009,"EL","Y_GE65","M","PC_GE130","PC","MED","Median","Percentage","130 percent or over","Males","65 years or over",22.3,
2010,"EL","Y_GE65","M","PC_GE130","PC","MED","Median","Percentage","130 percent or over","Males","65 years or over",22.3,
2011,"EL","Y_GE65","M","PC_GE130","PC","MED","Median","Percentage","130 percent or over","Males","65 years or over",23.3,
2012,"EL","Y_GE65","M","PC_GE130","PC","MED","Median","Percentage","130 percent or over","Males","65 years or over",30.7,
2014,"EL","Y_GE65","M","PC_GE130","PC","MED","Median","Percentage","130 percent or over","Males","65 years or over",27.7,
2015,"EL","Y_GE65","M","PC_GE130","PC","MED","Median","Percentage","130 percent or over","Males","65 years or over",31.9,
2016,"EL","Y_GE65","M","PC_GE130","PC","MED","Median","Percentage","130 percent or over","Males","65 years or over",33.7,
2017,"EL","Y_GE65","M","PC_GE130","PC","MED","Median","Percentage","130 percent or over","Males","65 years or over",33.1,
2018,"EL","Y_GE65","M","PC_GE130","PC","MED","Median","Percentage","130 percent or over","Males","65 years or over",32,
2019,"EL","Y_GE65","M","PC_GE130","PC","MED","Median","Percentage","130 percent or over","Males","65 years or over",32.3,
2020,"EL","Y_GE65","M","PC_GE130","PC","MED","Median","Percentage","130 percent or over","Males","65 years or over",32.6,
2021,"EL","Y_GE65","M","PC_GE130","PC","MED","Median","Percentage","130 percent or over","Males","65 years or over",33.6,
2022,"EL","Y_GE65","M","PC_GE130","PC","MED","Median","Percentage","130 percent or over","Males","65 years or over",32,
2023,"EL","Y_GE65","M","PC_GE130","PC","MED","Median","Percentage","130 percent or over","Males","65 years or over",31.3,
2024,"EL","Y_GE65","M","PC_GE130","PC","MED","Median","Percentage","130 percent or over","Males","65 years or over",28.6,
2025,"EL","Y_GE65","M","PC_GE130","PC","MED","Median","Percentage","130 percent or over","Males","65 years or over",26.3,
2003,"EL","TOTAL","F","PC_GE130","PC","MED","Median","Percentage","130 percent or over","Females","Total",31.2,
2004,"EL","TOTAL","F","PC_GE130","PC","MED","Median","Percentage","130 percent or over","Females","Total",31.8,
2005,"EL","TOTAL","F","PC_GE130","PC","MED","Median","Percentage","130 percent or over","Females","Total",31.7,
2006,"EL","TOTAL","F","PC_GE130","PC","MED","Median","Percentage","130 percent or over","Females","Total",30.9,
2007,"EL","TOTAL","F","PC_GE130","PC","MED","Median","Percentage","130 percent or over","Females","Total",31,
2008,"EL","TOTAL","F","PC_GE130","PC","MED","Median","Percentage","130 percent or over","Females","Total",30.4,
2009,"EL","TOTAL","F","PC_GE130","PC","MED","Median","Percentage","130 percent or over","Females","Total",30.2,
2010,"EL","TOTAL","F","PC_GE130","PC","MED","Median","Percentage","130 percent or over","Females","Total",30.6,
2011,"EL","TOTAL","F","PC_GE130","PC","MED","Median","Percentage","130 percent or over","Females","Total",29.9,
2012,"EL","TOTAL","F","PC_GE130","PC","MED","Median","Percentage","130 percent or over","Females","Total",29.7,
2014,"EL","TOTAL","F","PC_GE130","PC","MED","Median","Percentage","130 percent or over","Females","Total",30.6,
2015,"EL","TOTAL","F","PC_GE130","PC","MED","Median","Percentage","130 percent or over","Females","Total",31.1,
2016,"EL","TOTAL","F","PC_GE130","PC","MED","Median","Percentage","130 percent or over","Females","Total",31.4,
2017,"EL","TOTAL","F","PC_GE130","PC","MED","Median","Percentage","130 percent or over","Females","Total",31.3,
2018,"EL","TOTAL","F","PC_GE130","PC","MED","Median","Percentage","130 percent or over","Females","Total",30,
2019,"EL","TOTAL","F","PC_GE130","PC","MED","Median","Percentage","130 percent or over","Females","Total",30.6,
2020,"EL","TOTAL","F","PC_GE130","PC","MED","Median","Percentage","130 percent or over","Females","Total",30.1,
2021,"EL","TOTAL","F","PC_GE130","PC","MED","Median","Percentage","130 percent or over","Females","Total",29.8,
2022,"EL","TOTAL","F","PC_GE130","PC","MED","Median","Percentage","130 percent or over","Females","Total",29.2,
2023,"EL","TOTAL","F","PC_GE130","PC","MED","Median","Percentage","130 percent or over","Females","Total",28.2,
2024,"EL","TOTAL","F","PC_GE130","PC","MED","Median","Percentage","130 percent or over","Females","Total",27.2,
2025,"EL","TOTAL","F","PC_GE130","PC","MED","Median","Percentage","130 percent or over","Females","Total",27.1,
2003,"EL","Y_LT18","F","PC_GE130","PC","MED","Median","Percentage","130 percent or over","Females","Less than 18 years",30.1,
2004,"EL","Y_LT18","F","PC_GE130","PC","MED","Median","Percentage","130 percent or over","Females","Less than 18 years",34.3,
2005,"EL","Y_LT18","F","PC_GE130","PC","MED","Median","Percentage","130 percent or over","Females","Less than 18 years",33.4,
2006,"EL","Y_LT18","F","PC_GE130","PC","MED","Median","Percentage","130 percent or over","Females","Less than 18 years",31.2,
2007,"EL","Y_LT18","F","PC_GE130","PC","MED","Median","Percentage","130 percent or over","Females","Less than 18 years",30,
2008,"EL","Y_LT18","F","PC_GE130","PC","MED","Median","Percentage","130 percent or over","Females","Less than 18 years",29.5,
2009,"EL","Y_LT18","F","PC_GE130","PC","MED","Median","Percentage","130 percent or over","Females","Less than 18 years",27.3,
2010,"EL","Y_LT18","F","PC_GE130","PC","MED","Median","Percentage","130 percent or over","Females","Less than 18 years",31.9,
2011,"EL","Y_LT18","F","PC_GE130","PC","MED","Median","Percentage","130 percent or over","Females","Less than 18 years",29.3,
2012,"EL","Y_LT18","F","PC_GE130","PC","MED","Median","Percentage","130 percent or over","Females","Less than 18 years",29.8,
2014,"EL","Y_LT18","F","PC_GE130","PC","MED","Median","Percentage","130 percent or over","Females","Less than 18 years",29.9,
2015,"EL","Y_LT18","F","PC_GE130","PC","MED","Median","Percentage","130 percent or over","Females","Less than 18 years",29.1,
2016,"EL","Y_LT18","F","PC_GE130","PC","MED","Median","Percentage","130 percent or over","Females","Less than 18 years",27.7,
2017,"EL","Y_LT18","F","PC_GE130","PC","MED","Median","Percentage","130 percent or over","Females","Less than 18 years",27.7,
2018,"EL","Y_LT18","F","PC_GE130","PC","MED","Median","Percentage","130 percent or over","Females","Less than 18 years",26.4,
2019,"EL","Y_LT18","F","PC_GE130","PC","MED","Median","Percentage","130 percent or over","Females","Less than 18 years",26.7,
2020,"EL","Y_LT18","F","PC_GE130","PC","MED","Median","Percentage","130 percent or over","Females","Less than 18 years",26.3,
2021,"EL","Y_LT18","F","PC_GE130","PC","MED","Median","Percentage","130 percent or over","Females","Less than 18 years",26,
2022,"EL","Y_LT18","F","PC_GE130","PC","MED","Median","Percentage","130 percent or over","Females","Less than 18 years",25.9,
2023,"EL","Y_LT18","F","PC_GE130","PC","MED","Median","Percentage","130 percent or over","Females","Less than 18 years",23.6,
2024,"EL","Y_LT18","F","PC_GE130","PC","MED","Median","Percentage","130 percent or over","Females","Less than 18 years",20.9,
2025,"EL","Y_LT18","F","PC_GE130","PC","MED","Median","Percentage","130 percent or over","Females","Less than 18 years",19.6,
2003,"EL","Y18-64","F","PC_GE130","PC","MED","Median","Percentage","130 percent or over","Females","From 18 to 64 years",34.7,
2004,"EL","Y18-64","F","PC_GE130","PC","MED","Median","Percentage","130 percent or over","Females","From 18 to 64 years",35.4,
2005,"EL","Y18-64","F","PC_GE130","PC","MED","Median","Percentage","130 percent or over","Females","From 18 to 64 years",35.4,
2006,"EL","Y18-64","F","PC_GE130","PC","MED","Median","Percentage","130 percent or over","Females","From 18 to 64 years",35.3,
2007,"EL","Y18-64","F","PC_GE130","PC","MED","Median","Percentage","130 percent or over","Females","From 18 to 64 years",35.1,
2008,"EL","Y18-64","F","PC_GE130","PC","MED","Median","Percentage","130 percent or over","Females","From 18 to 64 years",34.4,
2009,"EL","Y18-64","F","PC_GE130","PC","MED","Median","Percentage","130 percent or over","Females","From 18 to 64 years",34.4,
2010,"EL","Y18-64","F","PC_GE130","PC","MED","Median","Percentage","130 percent or over","Females","From 18 to 64 years",34.5,
2011,"EL","Y18-64","F","PC_GE130","PC","MED","Median","Percentage","130 percent or over","Females","From 18 to 64 years",34,
2012,"EL","Y18-64","F","PC_GE130","PC","MED","Median","Percentage","130 percent or over","Females","From 18 to 64 years",30.7,
2014,"EL","Y18-64","F","PC_GE130","PC","MED","Median","Percentage","130 percent or over","Females","From 18 to 64 years",32.6,
2015,"EL","Y18-64","F","PC_GE130","PC","MED","Median","Percentage","130 percent or over","Females","From 18 to 64 years",33.1,
2016,"EL","Y18-64","F","PC_GE130","PC","MED","Median","Percentage","130 percent or over","Females","From 18 to 64 years",33.9,
2017,"EL","Y18-64","F","PC_GE130","PC","MED","Median","Percentage","130 percent or over","Females","From 18 to 64 years",33.5,
2018,"EL","Y18-64","F","PC_GE130","PC","MED","Median","Percentage","130 percent or over","Females","From 18 to 64 years",32.6,
2019,"EL","Y18-64","F","PC_GE130","PC","MED","Median","Percentage","130 percent or over","Females","From 18 to 64 years",33.3,
2020,"EL","Y18-64","F","PC_GE130","PC","MED","Median","Percentage","130 percent or over","Females","From 18 to 64 years",32.2,
2021,"EL","Y18-64","F","PC_GE130","PC","MED","Median","Percentage","130 percent or over","Females","From 18 to 64 years",32.1,
2022,"EL","Y18-64","F","PC_GE130","PC","MED","Median","Percentage","130 percent or over","Females","From 18 to 64 years",31.7,
2023,"EL","Y18-64","F","PC_GE130","PC","MED","Median","Percentage","130 percent or over","Females","From 18 to 64 years",31.3,
2024,"EL","Y18-64","F","PC_GE130","PC","MED","Median","Percentage","130 percent or over","Females","From 18 to 64 years",31.3,
2025,"EL","Y18-64","F","PC_GE130","PC","MED","Median","Percentage","130 percent or over","Females","From 18 to 64 years",32.4,
2003,"EL","Y_GE65","F","PC_GE130","PC","MED","Median","Percentage","130 percent or over","Females","65 years or over",20.2,
2004,"EL","Y_GE65","F","PC_GE130","PC","MED","Median","Percentage","130 percent or over","Females","65 years or over",18.3,
2005,"EL","Y_GE65","F","PC_GE130","PC","MED","Median","Percentage","130 percent or over","Females","65 years or over",18.1,
2006,"EL","Y_GE65","F","PC_GE130","PC","MED","Median","Percentage","130 percent or over","Females","65 years or over",16.3,
2007,"EL","Y_GE65","F","PC_GE130","PC","MED","Median","Percentage","130 percent or over","Females","65 years or over",18.5,
2008,"EL","Y_GE65","F","PC_GE130","PC","MED","Median","Percentage","130 percent or over","Females","65 years or over",18.4,
2009,"EL","Y_GE65","F","PC_GE130","PC","MED","Median","Percentage","130 percent or over","Females","65 years or over",18.8,
2010,"EL","Y_GE65","F","PC_GE130","PC","MED","Median","Percentage","130 percent or over","Females","65 years or over",17.3,
2011,"EL","Y_GE65","F","PC_GE130","PC","MED","Median","Percentage","130 percent or over","Females","65 years or over",18.1,
2012,"EL","Y_GE65","F","PC_GE130","PC","MED","Median","Percentage","130 percent or over","Females","65 years or over",26.2,
2014,"EL","Y_GE65","F","PC_GE130","PC","MED","Median","Percentage","130 percent or over","Females","65 years or over",25,
2015,"EL","Y_GE65","F","PC_GE130","PC","MED","Median","Percentage","130 percent or over","Females","65 years or over",26.8,
2016,"EL","Y_GE65","F","PC_GE130","PC","MED","Median","Percentage","130 percent or over","Females","65 years or over",27.4,
2017,"EL","Y_GE65","F","PC_GE130","PC","MED","Median","Percentage","130 percent or over","Females","65 years or over",27.6,
2018,"EL","Y_GE65","F","PC_GE130","PC","MED","Median","Percentage","130 percent or over","Females","65 years or over",25.8,
2019,"EL","Y_GE65","F","PC_GE130","PC","MED","Median","Percentage","130 percent or over","Females","65 years or over",26.1,
2020,"EL","Y_GE65","F","PC_GE130","PC","MED","Median","Percentage","130 percent or over","Females","65 years or over",27.3,
2021,"EL","Y_GE65","F","PC_GE130","PC","MED","Median","Percentage","130 percent or over","Females","65 years or over",26.6,
2022,"EL","Y_GE65","F","PC_GE130","PC","MED","Median","Percentage","130 percent or over","Females","65 years or over",24.9,
2023,"EL","Y_GE65","F","PC_GE130","PC","MED","Median","Percentage","130 percent or over","Females","65 years or over",23.7,
2024,"EL","Y_GE65","F","PC_GE130","PC","MED","Median","Percentage","130 percent or over","Females","65 years or over",21.5,
2025,"EL","Y_GE65","F","PC_GE130","PC","MED","Median","Percentage","130 percent or over","Females","65 years or over",19.6,
2003,"EL","TOTAL","T","PC_GE140","PC","MED","Median","Percentage","140 percent or over","Total","Total",27.6,
2004,"EL","TOTAL","T","PC_GE140","PC","MED","Median","Percentage","140 percent or over","Total","Total",28.2,
2005,"EL","TOTAL","T","PC_GE140","PC","MED","Median","Percentage","140 percent or over","Total","Total",28.3,
2006,"EL","TOTAL","T","PC_GE140","PC","MED","Median","Percentage","140 percent or over","Total","Total",27.6,
2007,"EL","TOTAL","T","PC_GE140","PC","MED","Median","Percentage","140 percent or over","Total","Total",27.4,
2008,"EL","TOTAL","T","PC_GE140","PC","MED","Median","Percentage","140 percent or over","Total","Total",27.1,
2009,"EL","TOTAL","T","PC_GE140","PC","MED","Median","Percentage","140 percent or over","Total","Total",26.5,
2010,"EL","TOTAL","T","PC_GE140","PC","MED","Median","Percentage","140 percent or over","Total","Total",25.9,
2011,"EL","TOTAL","T","PC_GE140","PC","MED","Median","Percentage","140 percent or over","Total","Total",26.7,
2012,"EL","TOTAL","T","PC_GE140","PC","MED","Median","Percentage","140 percent or over","Total","Total",25.6,
2014,"EL","TOTAL","T","PC_GE140","PC","MED","Median","Percentage","140 percent or over","Total","Total",26.5,
2015,"EL","TOTAL","T","PC_GE140","PC","MED","Median","Percentage","140 percent or over","Total","Total",27.3,
2016,"EL","TOTAL","T","PC_GE140","PC","MED","Median","Percentage","140 percent or over","Total","Total",27.8,
2017,"EL","TOTAL","T","PC_GE140","PC","MED","Median","Percentage","140 percent or over","Total","Total",27.3,
2018,"EL","TOTAL","T","PC_GE140","PC","MED","Median","Percentage","140 percent or over","Total","Total",26,
2019,"EL","TOTAL","T","PC_GE140","PC","MED","Median","Percentage","140 percent or over","Total","Total",25.9,
2020,"EL","TOTAL","T","PC_GE140","PC","MED","Median","Percentage","140 percent or over","Total","Total",25.5,
2021,"EL","TOTAL","T","PC_GE140","PC","MED","Median","Percentage","140 percent or over","Total","Total",25.3,
2022,"EL","TOTAL","T","PC_GE140","PC","MED","Median","Percentage","140 percent or over","Total","Total",25.4,
2023,"EL","TOTAL","T","PC_GE140","PC","MED","Median","Percentage","140 percent or over","Total","Total",23.8,
2024,"EL","TOTAL","T","PC_GE140","PC","MED","Median","Percentage","140 percent or over","Total","Total",23,
2025,"EL","TOTAL","T","PC_GE140","PC","MED","Median","Percentage","140 percent or over","Total","Total",22.9,
2003,"EL","Y_LT18","T","PC_GE140","PC","MED","Median","Percentage","140 percent or over","Total","Less than 18 years",26.1,
2004,"EL","Y_LT18","T","PC_GE140","PC","MED","Median","Percentage","140 percent or over","Total","Less than 18 years",28.6,
2005,"EL","Y_LT18","T","PC_GE140","PC","MED","Median","Percentage","140 percent or over","Total","Less than 18 years",28.4,
2006,"EL","Y_LT18","T","PC_GE140","PC","MED","Median","Percentage","140 percent or over","Total","Less than 18 years",27,
2007,"EL","Y_LT18","T","PC_GE140","PC","MED","Median","Percentage","140 percent or over","Total","Less than 18 years",25.6,
2008,"EL","Y_LT18","T","PC_GE140","PC","MED","Median","Percentage","140 percent or over","Total","Less than 18 years",24.6,
2009,"EL","Y_LT18","T","PC_GE140","PC","MED","Median","Percentage","140 percent or over","Total","Less than 18 years",23.2,
2010,"EL","Y_LT18","T","PC_GE140","PC","MED","Median","Percentage","140 percent or over","Total","Less than 18 years",24.4,
2011,"EL","Y_LT18","T","PC_GE140","PC","MED","Median","Percentage","140 percent or over","Total","Less than 18 years",24.4,
2012,"EL","Y_LT18","T","PC_GE140","PC","MED","Median","Percentage","140 percent or over","Total","Less than 18 years",22.7,
2014,"EL","Y_LT18","T","PC_GE140","PC","MED","Median","Percentage","140 percent or over","Total","Less than 18 years",24.3,
2015,"EL","Y_LT18","T","PC_GE140","PC","MED","Median","Percentage","140 percent or over","Total","Less than 18 years",23.7,
2016,"EL","Y_LT18","T","PC_GE140","PC","MED","Median","Percentage","140 percent or over","Total","Less than 18 years",23.7,
2017,"EL","Y_LT18","T","PC_GE140","PC","MED","Median","Percentage","140 percent or over","Total","Less than 18 years",23.4,
2018,"EL","Y_LT18","T","PC_GE140","PC","MED","Median","Percentage","140 percent or over","Total","Less than 18 years",21.3,
2019,"EL","Y_LT18","T","PC_GE140","PC","MED","Median","Percentage","140 percent or over","Total","Less than 18 years",20.3,
2020,"EL","Y_LT18","T","PC_GE140","PC","MED","Median","Percentage","140 percent or over","Total","Less than 18 years",19.8,
2021,"EL","Y_LT18","T","PC_GE140","PC","MED","Median","Percentage","140 percent or over","Total","Less than 18 years",19.7,
2022,"EL","Y_LT18","T","PC_GE140","PC","MED","Median","Percentage","140 percent or over","Total","Less than 18 years",20.3,
2023,"EL","Y_LT18","T","PC_GE140","PC","MED","Median","Percentage","140 percent or over","Total","Less than 18 years",17.7,
2024,"EL","Y_LT18","T","PC_GE140","PC","MED","Median","Percentage","140 percent or over","Total","Less than 18 years",16.5,
2025,"EL","Y_LT18","T","PC_GE140","PC","MED","Median","Percentage","140 percent or over","Total","Less than 18 years",15.9,
2003,"EL","Y18-64","T","PC_GE140","PC","MED","Median","Percentage","140 percent or over","Total","From 18 to 64 years",30.5,
2004,"EL","Y18-64","T","PC_GE140","PC","MED","Median","Percentage","140 percent or over","Total","From 18 to 64 years",31.1,
2005,"EL","Y18-64","T","PC_GE140","PC","MED","Median","Percentage","140 percent or over","Total","From 18 to 64 years",31.2,
2006,"EL","Y18-64","T","PC_GE140","PC","MED","Median","Percentage","140 percent or over","Total","From 18 to 64 years",31.1,
2007,"EL","Y18-64","T","PC_GE140","PC","MED","Median","Percentage","140 percent or over","Total","From 18 to 64 years",30.6,
2008,"EL","Y18-64","T","PC_GE140","PC","MED","Median","Percentage","140 percent or over","Total","From 18 to 64 years",30.2,
2009,"EL","Y18-64","T","PC_GE140","PC","MED","Median","Percentage","140 percent or over","Total","From 18 to 64 years",30,
2010,"EL","Y18-64","T","PC_GE140","PC","MED","Median","Percentage","140 percent or over","Total","From 18 to 64 years",29.2,
2011,"EL","Y18-64","T","PC_GE140","PC","MED","Median","Percentage","140 percent or over","Total","From 18 to 64 years",29.9,
2012,"EL","Y18-64","T","PC_GE140","PC","MED","Median","Percentage","140 percent or over","Total","From 18 to 64 years",26.9,
2014,"EL","Y18-64","T","PC_GE140","PC","MED","Median","Percentage","140 percent or over","Total","From 18 to 64 years",28.6,
2015,"EL","Y18-64","T","PC_GE140","PC","MED","Median","Percentage","140 percent or over","Total","From 18 to 64 years",29.3,
2016,"EL","Y18-64","T","PC_GE140","PC","MED","Median","Percentage","140 percent or over","Total","From 18 to 64 years",29.8,
2017,"EL","Y18-64","T","PC_GE140","PC","MED","Median","Percentage","140 percent or over","Total","From 18 to 64 years",29.1,
2018,"EL","Y18-64","T","PC_GE140","PC","MED","Median","Percentage","140 percent or over","Total","From 18 to 64 years",28.1,
2019,"EL","Y18-64","T","PC_GE140","PC","MED","Median","Percentage","140 percent or over","Total","From 18 to 64 years",28.4,
2020,"EL","Y18-64","T","PC_GE140","PC","MED","Median","Percentage","140 percent or over","Total","From 18 to 64 years",27.5,
2021,"EL","Y18-64","T","PC_GE140","PC","MED","Median","Percentage","140 percent or over","Total","From 18 to 64 years",27.2,
2022,"EL","Y18-64","T","PC_GE140","PC","MED","Median","Percentage","140 percent or over","Total","From 18 to 64 years",27.1,
2023,"EL","Y18-64","T","PC_GE140","PC","MED","Median","Percentage","140 percent or over","Total","From 18 to 64 years",26,
2024,"EL","Y18-64","T","PC_GE140","PC","MED","Median","Percentage","140 percent or over","Total","From 18 to 64 years",25.7,
2025,"EL","Y18-64","T","PC_GE140","PC","MED","Median","Percentage","140 percent or over","Total","From 18 to 64 years",26.8,
2003,"EL","Y_GE65","T","PC_GE140","PC","MED","Median","Percentage","140 percent or over","Total","65 years or over",18.3,
2004,"EL","Y_GE65","T","PC_GE140","PC","MED","Median","Percentage","140 percent or over","Total","65 years or over",17.6,
2005,"EL","Y_GE65","T","PC_GE140","PC","MED","Median","Percentage","140 percent or over","Total","65 years or over",17.3,
2006,"EL","Y_GE65","T","PC_GE140","PC","MED","Median","Percentage","140 percent or over","Total","65 years or over",15.7,
2007,"EL","Y_GE65","T","PC_GE140","PC","MED","Median","Percentage","140 percent or over","Total","65 years or over",17.4,
2008,"EL","Y_GE65","T","PC_GE140","PC","MED","Median","Percentage","140 percent or over","Total","65 years or over",18.1,
2009,"EL","Y_GE65","T","PC_GE140","PC","MED","Median","Percentage","140 percent or over","Total","65 years or over",17.1,
2010,"EL","Y_GE65","T","PC_GE140","PC","MED","Median","Percentage","140 percent or over","Total","65 years or over",15.9,
2011,"EL","Y_GE65","T","PC_GE140","PC","MED","Median","Percentage","140 percent or over","Total","65 years or over",17.7,
2012,"EL","Y_GE65","T","PC_GE140","PC","MED","Median","Percentage","140 percent or over","Total","65 years or over",23.2,
2014,"EL","Y_GE65","T","PC_GE140","PC","MED","Median","Percentage","140 percent or over","Total","65 years or over",21.8,
2015,"EL","Y_GE65","T","PC_GE140","PC","MED","Median","Percentage","140 percent or over","Total","65 years or over",24,
2016,"EL","Y_GE65","T","PC_GE140","PC","MED","Median","Percentage","140 percent or over","Total","65 years or over",25.2,
2017,"EL","Y_GE65","T","PC_GE140","PC","MED","Median","Percentage","140 percent or over","Total","65 years or over",24.6,
2018,"EL","Y_GE65","T","PC_GE140","PC","MED","Median","Percentage","140 percent or over","Total","65 years or over",23.6,
2019,"EL","Y_GE65","T","PC_GE140","PC","MED","Median","Percentage","140 percent or over","Total","65 years or over",23.4,
2020,"EL","Y_GE65","T","PC_GE140","PC","MED","Median","Percentage","140 percent or over","Total","65 years or over",24.2,
2021,"EL","Y_GE65","T","PC_GE140","PC","MED","Median","Percentage","140 percent or over","Total","65 years or over",24.5,
2022,"EL","Y_GE65","T","PC_GE140","PC","MED","Median","Percentage","140 percent or over","Total","65 years or over",24.1,
2023,"EL","Y_GE65","T","PC_GE140","PC","MED","Median","Percentage","140 percent or over","Total","65 years or over",22.1,
2024,"EL","Y_GE65","T","PC_GE140","PC","MED","Median","Percentage","140 percent or over","Total","65 years or over",20.4,
2025,"EL","Y_GE65","T","PC_GE140","PC","MED","Median","Percentage","140 percent or over","Total","65 years or over",17.7,
2003,"EL","TOTAL","M","PC_GE140","PC","MED","Median","Percentage","140 percent or over","Males","Total",28.4,
2004,"EL","TOTAL","M","PC_GE140","PC","MED","Median","Percentage","140 percent or over","Males","Total",29.1,
2005,"EL","TOTAL","M","PC_GE140","PC","MED","Median","Percentage","140 percent or over","Males","Total",29.5,
2006,"EL","TOTAL","M","PC_GE140","PC","MED","Median","Percentage","140 percent or over","Males","Total",28.5,
2007,"EL","TOTAL","M","PC_GE140","PC","MED","Median","Percentage","140 percent or over","Males","Total",28.1,
2008,"EL","TOTAL","M","PC_GE140","PC","MED","Median","Percentage","140 percent or over","Males","Total",27.9,
2009,"EL","TOTAL","M","PC_GE140","PC","MED","Median","Percentage","140 percent or over","Males","Total",27.2,
2010,"EL","TOTAL","M","PC_GE140","PC","MED","Median","Percentage","140 percent or over","Males","Total",26.5,
2011,"EL","TOTAL","M","PC_GE140","PC","MED","Median","Percentage","140 percent or over","Males","Total",28.1,
2012,"EL","TOTAL","M","PC_GE140","PC","MED","Median","Percentage","140 percent or over","Males","Total",26.7,
2014,"EL","TOTAL","M","PC_GE140","PC","MED","Median","Percentage","140 percent or over","Males","Total",27.3,
2015,"EL","TOTAL","M","PC_GE140","PC","MED","Median","Percentage","140 percent or over","Males","Total",27.9,
2016,"EL","TOTAL","M","PC_GE140","PC","MED","Median","Percentage","140 percent or over","Males","Total",28.5,
2017,"EL","TOTAL","M","PC_GE140","PC","MED","Median","Percentage","140 percent or over","Males","Total",28,
2018,"EL","TOTAL","M","PC_GE140","PC","MED","Median","Percentage","140 percent or over","Males","Total",26.8,
2019,"EL","TOTAL","M","PC_GE140","PC","MED","Median","Percentage","140 percent or over","Males","Total",26.7,
2020,"EL","TOTAL","M","PC_GE140","PC","MED","Median","Percentage","140 percent or over","Males","Total",26.1,
2021,"EL","TOTAL","M","PC_GE140","PC","MED","Median","Percentage","140 percent or over","Males","Total",26.4,
2022,"EL","TOTAL","M","PC_GE140","PC","MED","Median","Percentage","140 percent or over","Males","Total",26.2,
2023,"EL","TOTAL","M","PC_GE140","PC","MED","Median","Percentage","140 percent or over","Males","Total",24.5,
2024,"EL","TOTAL","M","PC_GE140","PC","MED","Median","Percentage","140 percent or over","Males","Total",23.8,
2025,"EL","TOTAL","M","PC_GE140","PC","MED","Median","Percentage","140 percent or over","Males","Total",23.9,
2003,"EL","Y_LT18","M","PC_GE140","PC","MED","Median","Percentage","140 percent or over","Males","Less than 18 years",26.8,
2004,"EL","Y_LT18","M","PC_GE140","PC","MED","Median","Percentage","140 percent or over","Males","Less than 18 years",28.1,
2005,"EL","Y_LT18","M","PC_GE140","PC","MED","Median","Percentage","140 percent or over","Males","Less than 18 years",29.1,
2006,"EL","Y_LT18","M","PC_GE140","PC","MED","Median","Percentage","140 percent or over","Males","Less than 18 years",26.9,
2007,"EL","Y_LT18","M","PC_GE140","PC","MED","Median","Percentage","140 percent or over","Males","Less than 18 years",25,
2008,"EL","Y_LT18","M","PC_GE140","PC","MED","Median","Percentage","140 percent or over","Males","Less than 18 years",24.4,
2009,"EL","Y_LT18","M","PC_GE140","PC","MED","Median","Percentage","140 percent or over","Males","Less than 18 years",23.7,
2010,"EL","Y_LT18","M","PC_GE140","PC","MED","Median","Percentage","140 percent or over","Males","Less than 18 years",23.8,
2011,"EL","Y_LT18","M","PC_GE140","PC","MED","Median","Percentage","140 percent or over","Males","Less than 18 years",24,
2012,"EL","Y_LT18","M","PC_GE140","PC","MED","Median","Percentage","140 percent or over","Males","Less than 18 years",22.2,
2014,"EL","Y_LT18","M","PC_GE140","PC","MED","Median","Percentage","140 percent or over","Males","Less than 18 years",24.2,
2015,"EL","Y_LT18","M","PC_GE140","PC","MED","Median","Percentage","140 percent or over","Males","Less than 18 years",22.8,
2016,"EL","Y_LT18","M","PC_GE140","PC","MED","Median","Percentage","140 percent or over","Males","Less than 18 years",22.9,
2017,"EL","Y_LT18","M","PC_GE140","PC","MED","Median","Percentage","140 percent or over","Males","Less than 18 years",23.2,
2018,"EL","Y_LT18","M","PC_GE140","PC","MED","Median","Percentage","140 percent or over","Males","Less than 18 years",20.4,
2019,"EL","Y_LT18","M","PC_GE140","PC","MED","Median","Percentage","140 percent or over","Males","Less than 18 years",19.1,
2020,"EL","Y_LT18","M","PC_GE140","PC","MED","Median","Percentage","140 percent or over","Males","Less than 18 years",18.2,
2021,"EL","Y_LT18","M","PC_GE140","PC","MED","Median","Percentage","140 percent or over","Males","Less than 18 years",18.9,
2022,"EL","Y_LT18","M","PC_GE140","PC","MED","Median","Percentage","140 percent or over","Males","Less than 18 years",18.4,
2023,"EL","Y_LT18","M","PC_GE140","PC","MED","Median","Percentage","140 percent or over","Males","Less than 18 years",17.2,
2024,"EL","Y_LT18","M","PC_GE140","PC","MED","Median","Percentage","140 percent or over","Males","Less than 18 years",17.3,
2025,"EL","Y_LT18","M","PC_GE140","PC","MED","Median","Percentage","140 percent or over","Males","Less than 18 years",16,
2003,"EL","Y18-64","M","PC_GE140","PC","MED","Median","Percentage","140 percent or over","Males","From 18 to 64 years",30.9,
2004,"EL","Y18-64","M","PC_GE140","PC","MED","Median","Percentage","140 percent or over","Males","From 18 to 64 years",31.8,
2005,"EL","Y18-64","M","PC_GE140","PC","MED","Median","Percentage","140 percent or over","Males","From 18 to 64 years",32,
2006,"EL","Y18-64","M","PC_GE140","PC","MED","Median","Percentage","140 percent or over","Males","From 18 to 64 years",31.5,
2007,"EL","Y18-64","M","PC_GE140","PC","MED","Median","Percentage","140 percent or over","Males","From 18 to 64 years",30.9,
2008,"EL","Y18-64","M","PC_GE140","PC","MED","Median","Percentage","140 percent or over","Males","From 18 to 64 years",30.3,
2009,"EL","Y18-64","M","PC_GE140","PC","MED","Median","Percentage","140 percent or over","Males","From 18 to 64 years",30.3,
2010,"EL","Y18-64","M","PC_GE140","PC","MED","Median","Percentage","140 percent or over","Males","From 18 to 64 years",29.3,
2011,"EL","Y18-64","M","PC_GE140","PC","MED","Median","Percentage","140 percent or over","Males","From 18 to 64 years",31.2,
2012,"EL","Y18-64","M","PC_GE140","PC","MED","Median","Percentage","140 percent or over","Males","From 18 to 64 years",27.9,
2014,"EL","Y18-64","M","PC_GE140","PC","MED","Median","Percentage","140 percent or over","Males","From 18 to 64 years",29.3,
2015,"EL","Y18-64","M","PC_GE140","PC","MED","Median","Percentage","140 percent or over","Males","From 18 to 64 years",29.7,
2016,"EL","Y18-64","M","PC_GE140","PC","MED","Median","Percentage","140 percent or over","Males","From 18 to 64 years",29.9,
2017,"EL","Y18-64","M","PC_GE140","PC","MED","Median","Percentage","140 percent or over","Males","From 18 to 64 years",29.5,
2018,"EL","Y18-64","M","PC_GE140","PC","MED","Median","Percentage","140 percent or over","Males","From 18 to 64 years",28.7,
2019,"EL","Y18-64","M","PC_GE140","PC","MED","Median","Percentage","140 percent or over","Males","From 18 to 64 years",29.3,
2020,"EL","Y18-64","M","PC_GE140","PC","MED","Median","Percentage","140 percent or over","Males","From 18 to 64 years",28.1,
2021,"EL","Y18-64","M","PC_GE140","PC","MED","Median","Percentage","140 percent or over","Males","From 18 to 64 years",28,
2022,"EL","Y18-64","M","PC_GE140","PC","MED","Median","Percentage","140 percent or over","Males","From 18 to 64 years",27.6,
2023,"EL","Y18-64","M","PC_GE140","PC","MED","Median","Percentage","140 percent or over","Males","From 18 to 64 years",26.2,
2024,"EL","Y18-64","M","PC_GE140","PC","MED","Median","Percentage","140 percent or over","Males","From 18 to 64 years",25.5,
2025,"EL","Y18-64","M","PC_GE140","PC","MED","Median","Percentage","140 percent or over","Males","From 18 to 64 years",27,
2003,"EL","Y_GE65","M","PC_GE140","PC","MED","Median","Percentage","140 percent or over","Males","65 years or over",19.7,
2004,"EL","Y_GE65","M","PC_GE140","PC","MED","Median","Percentage","140 percent or over","Males","65 years or over",19.8,
2005,"EL","Y_GE65","M","PC_GE140","PC","MED","Median","Percentage","140 percent or over","Males","65 years or over",19,
2006,"EL","Y_GE65","M","PC_GE140","PC","MED","Median","Percentage","140 percent or over","Males","65 years or over",18.8,
2007,"EL","Y_GE65","M","PC_GE140","PC","MED","Median","Percentage","140 percent or over","Males","65 years or over",20.1,
2008,"EL","Y_GE65","M","PC_GE140","PC","MED","Median","Percentage","140 percent or over","Males","65 years or over",21.5,
2009,"EL","Y_GE65","M","PC_GE140","PC","MED","Median","Percentage","140 percent or over","Males","65 years or over",19,
2010,"EL","Y_GE65","M","PC_GE140","PC","MED","Median","Percentage","140 percent or over","Males","65 years or over",18.6,
2011,"EL","Y_GE65","M","PC_GE140","PC","MED","Median","Percentage","140 percent or over","Males","65 years or over",20.7,
2012,"EL","Y_GE65","M","PC_GE140","PC","MED","Median","Percentage","140 percent or over","Males","65 years or over",26.3,
2014,"EL","Y_GE65","M","PC_GE140","PC","MED","Median","Percentage","140 percent or over","Males","65 years or over",23.5,
2015,"EL","Y_GE65","M","PC_GE140","PC","MED","Median","Percentage","140 percent or over","Males","65 years or over",26.8,
2016,"EL","Y_GE65","M","PC_GE140","PC","MED","Median","Percentage","140 percent or over","Males","65 years or over",28.7,
2017,"EL","Y_GE65","M","PC_GE140","PC","MED","Median","Percentage","140 percent or over","Males","65 years or over",27.4,
2018,"EL","Y_GE65","M","PC_GE140","PC","MED","Median","Percentage","140 percent or over","Males","65 years or over",26.7,
2019,"EL","Y_GE65","M","PC_GE140","PC","MED","Median","Percentage","140 percent or over","Males","65 years or over",26.4,
2020,"EL","Y_GE65","M","PC_GE140","PC","MED","Median","Percentage","140 percent or over","Males","65 years or over",26.9,
2021,"EL","Y_GE65","M","PC_GE140","PC","MED","Median","Percentage","140 percent or over","Males","65 years or over",28.4,
2022,"EL","Y_GE65","M","PC_GE140","PC","MED","Median","Percentage","140 percent or over","Males","65 years or over",28,
2023,"EL","Y_GE65","M","PC_GE140","PC","MED","Median","Percentage","140 percent or over","Males","65 years or over",25.6,
2024,"EL","Y_GE65","M","PC_GE140","PC","MED","Median","Percentage","140 percent or over","Males","65 years or over",23.8,
2025,"EL","Y_GE65","M","PC_GE140","PC","MED","Median","Percentage","140 percent or over","Males","65 years or over",21.1,
2003,"EL","TOTAL","F","PC_GE140","PC","MED","Median","Percentage","140 percent or over","Females","Total",26.8,
2004,"EL","TOTAL","F","PC_GE140","PC","MED","Median","Percentage","140 percent or over","Females","Total",27.4,
2005,"EL","TOTAL","F","PC_GE140","PC","MED","Median","Percentage","140 percent or over","Females","Total",27.1,
2006,"EL","TOTAL","F","PC_GE140","PC","MED","Median","Percentage","140 percent or over","Females","Total",26.7,
2007,"EL","TOTAL","F","PC_GE140","PC","MED","Median","Percentage","140 percent or over","Females","Total",26.7,
2008,"EL","TOTAL","F","PC_GE140","PC","MED","Median","Percentage","140 percent or over","Females","Total",26.3,
2009,"EL","TOTAL","F","PC_GE140","PC","MED","Median","Percentage","140 percent or over","Females","Total",25.9,
2010,"EL","TOTAL","F","PC_GE140","PC","MED","Median","Percentage","140 percent or over","Females","Total",25.3,
2011,"EL","TOTAL","F","PC_GE140","PC","MED","Median","Percentage","140 percent or over","Females","Total",25.4,
2012,"EL","TOTAL","F","PC_GE140","PC","MED","Median","Percentage","140 percent or over","Females","Total",24.5,
2014,"EL","TOTAL","F","PC_GE140","PC","MED","Median","Percentage","140 percent or over","Females","Total",25.7,
2015,"EL","TOTAL","F","PC_GE140","PC","MED","Median","Percentage","140 percent or over","Females","Total",26.7,
2016,"EL","TOTAL","F","PC_GE140","PC","MED","Median","Percentage","140 percent or over","Females","Total",27.2,
2017,"EL","TOTAL","F","PC_GE140","PC","MED","Median","Percentage","140 percent or over","Females","Total",26.5,
2018,"EL","TOTAL","F","PC_GE140","PC","MED","Median","Percentage","140 percent or over","Females","Total",25.3,
2019,"EL","TOTAL","F","PC_GE140","PC","MED","Median","Percentage","140 percent or over","Females","Total",25.1,
2020,"EL","TOTAL","F","PC_GE140","PC","MED","Median","Percentage","140 percent or over","Females","Total",24.9,
2021,"EL","TOTAL","F","PC_GE140","PC","MED","Median","Percentage","140 percent or over","Females","Total",24.2,
2022,"EL","TOTAL","F","PC_GE140","PC","MED","Median","Percentage","140 percent or over","Females","Total",24.6,
2023,"EL","TOTAL","F","PC_GE140","PC","MED","Median","Percentage","140 percent or over","Females","Total",23.1,
2024,"EL","TOTAL","F","PC_GE140","PC","MED","Median","Percentage","140 percent or over","Females","Total",22.2,
2025,"EL","TOTAL","F","PC_GE140","PC","MED","Median","Percentage","140 percent or over","Females","Total",21.9,
2003,"EL","Y_LT18","F","PC_GE140","PC","MED","Median","Percentage","140 percent or over","Females","Less than 18 years",25.4,
2004,"EL","Y_LT18","F","PC_GE140","PC","MED","Median","Percentage","140 percent or over","Females","Less than 18 years",29.1,
2005,"EL","Y_LT18","F","PC_GE140","PC","MED","Median","Percentage","140 percent or over","Females","Less than 18 years",27.7,
2006,"EL","Y_LT18","F","PC_GE140","PC","MED","Median","Percentage","140 percent or over","Females","Less than 18 years",27.1,
2007,"EL","Y_LT18","F","PC_GE140","PC","MED","Median","Percentage","140 percent or over","Females","Less than 18 years",26.2,
2008,"EL","Y_LT18","F","PC_GE140","PC","MED","Median","Percentage","140 percent or over","Females","Less than 18 years",24.9,
2009,"EL","Y_LT18","F","PC_GE140","PC","MED","Median","Percentage","140 percent or over","Females","Less than 18 years",22.6,
2010,"EL","Y_LT18","F","PC_GE140","PC","MED","Median","Percentage","140 percent or over","Females","Less than 18 years",25.1,
2011,"EL","Y_LT18","F","PC_GE140","PC","MED","Median","Percentage","140 percent or over","Females","Less than 18 years",24.9,
2012,"EL","Y_LT18","F","PC_GE140","PC","MED","Median","Percentage","140 percent or over","Females","Less than 18 years",23.3,
2014,"EL","Y_LT18","F","PC_GE140","PC","MED","Median","Percentage","140 percent or over","Females","Less than 18 years",24.5,
2015,"EL","Y_LT18","F","PC_GE140","PC","MED","Median","Percentage","140 percent or over","Females","Less than 18 years",24.8,
2016,"EL","Y_LT18","F","PC_GE140","PC","MED","Median","Percentage","140 percent or over","Females","Less than 18 years",24.6,
2017,"EL","Y_LT18","F","PC_GE140","PC","MED","Median","Percentage","140 percent or over","Females","Less than 18 years",23.6,
2018,"EL","Y_LT18","F","PC_GE140","PC","MED","Median","Percentage","140 percent or over","Females","Less than 18 years",22.3,
2019,"EL","Y_LT18","F","PC_GE140","PC","MED","Median","Percentage","140 percent or over","Females","Less than 18 years",21.5,
2020,"EL","Y_LT18","F","PC_GE140","PC","MED","Median","Percentage","140 percent or over","Females","Less than 18 years",21.5,
2021,"EL","Y_LT18","F","PC_GE140","PC","MED","Median","Percentage","140 percent or over","Females","Less than 18 years",20.6,
2022,"EL","Y_LT18","F","PC_GE140","PC","MED","Median","Percentage","140 percent or over","Females","Less than 18 years",22.2,
2023,"EL","Y_LT18","F","PC_GE140","PC","MED","Median","Percentage","140 percent or over","Females","Less than 18 years",18.2,
2024,"EL","Y_LT18","F","PC_GE140","PC","MED","Median","Percentage","140 percent or over","Females","Less than 18 years",15.8,
2025,"EL","Y_LT18","F","PC_GE140","PC","MED","Median","Percentage","140 percent or over","Females","Less than 18 years",15.8,
2003,"EL","Y18-64","F","PC_GE140","PC","MED","Median","Percentage","140 percent or over","Females","From 18 to 64 years",30.1,
2004,"EL","Y18-64","F","PC_GE140","PC","MED","Median","Percentage","140 percent or over","Females","From 18 to 64 years",30.4,
2005,"EL","Y18-64","F","PC_GE140","PC","MED","Median","Percentage","140 percent or over","Females","From 18 to 64 years",30.4,
2006,"EL","Y18-64","F","PC_GE140","PC","MED","Median","Percentage","140 percent or over","Females","From 18 to 64 years",30.7,
2007,"EL","Y18-64","F","PC_GE140","PC","MED","Median","Percentage","140 percent or over","Females","From 18 to 64 years",30.3,
2008,"EL","Y18-64","F","PC_GE140","PC","MED","Median","Percentage","140 percent or over","Females","From 18 to 64 years",30,
2009,"EL","Y18-64","F","PC_GE140","PC","MED","Median","Percentage","140 percent or over","Females","From 18 to 64 years",29.8,
2010,"EL","Y18-64","F","PC_GE140","PC","MED","Median","Percentage","140 percent or over","Females","From 18 to 64 years",29.1,
2011,"EL","Y18-64","F","PC_GE140","PC","MED","Median","Percentage","140 percent or over","Females","From 18 to 64 years",28.7,
2012,"EL","Y18-64","F","PC_GE140","PC","MED","Median","Percentage","140 percent or over","Females","From 18 to 64 years",26,
2014,"EL","Y18-64","F","PC_GE140","PC","MED","Median","Percentage","140 percent or over","Females","From 18 to 64 years",27.8,
2015,"EL","Y18-64","F","PC_GE140","PC","MED","Median","Percentage","140 percent or over","Females","From 18 to 64 years",28.9,
2016,"EL","Y18-64","F","PC_GE140","PC","MED","Median","Percentage","140 percent or over","Females","From 18 to 64 years",29.7,
2017,"EL","Y18-64","F","PC_GE140","PC","MED","Median","Percentage","140 percent or over","Females","From 18 to 64 years",28.7,
2018,"EL","Y18-64","F","PC_GE140","PC","MED","Median","Percentage","140 percent or over","Females","From 18 to 64 years",27.6,
2019,"EL","Y18-64","F","PC_GE140","PC","MED","Median","Percentage","140 percent or over","Females","From 18 to 64 years",27.6,
2020,"EL","Y18-64","F","PC_GE140","PC","MED","Median","Percentage","140 percent or over","Females","From 18 to 64 years",26.9,
2021,"EL","Y18-64","F","PC_GE140","PC","MED","Median","Percentage","140 percent or over","Females","From 18 to 64 years",26.4,
2022,"EL","Y18-64","F","PC_GE140","PC","MED","Median","Percentage","140 percent or over","Females","From 18 to 64 years",26.6,
2023,"EL","Y18-64","F","PC_GE140","PC","MED","Median","Percentage","140 percent or over","Females","From 18 to 64 years",25.8,
2024,"EL","Y18-64","F","PC_GE140","PC","MED","Median","Percentage","140 percent or over","Females","From 18 to 64 years",25.8,
2025,"EL","Y18-64","F","PC_GE140","PC","MED","Median","Percentage","140 percent or over","Females","From 18 to 64 years",26.5,
2003,"EL","Y_GE65","F","PC_GE140","PC","MED","Median","Percentage","140 percent or over","Females","65 years or over",17.2,
2004,"EL","Y_GE65","F","PC_GE140","PC","MED","Median","Percentage","140 percent or over","Females","65 years or over",15.9,
2005,"EL","Y_GE65","F","PC_GE140","PC","MED","Median","Percentage","140 percent or over","Females","65 years or over",15.9,
2006,"EL","Y_GE65","F","PC_GE140","PC","MED","Median","Percentage","140 percent or over","Females","65 years or over",13.3,
2007,"EL","Y_GE65","F","PC_GE140","PC","MED","Median","Percentage","140 percent or over","Females","65 years or over",15.2,
2008,"EL","Y_GE65","F","PC_GE140","PC","MED","Median","Percentage","140 percent or over","Females","65 years or over",15.4,
2009,"EL","Y_GE65","F","PC_GE140","PC","MED","Median","Percentage","140 percent or over","Females","65 years or over",15.6,
2010,"EL","Y_GE65","F","PC_GE140","PC","MED","Median","Percentage","140 percent or over","Females","65 years or over",13.6,
2011,"EL","Y_GE65","F","PC_GE140","PC","MED","Median","Percentage","140 percent or over","Females","65 years or over",15.3,
2012,"EL","Y_GE65","F","PC_GE140","PC","MED","Median","Percentage","140 percent or over","Females","65 years or over",20.7,
2014,"EL","Y_GE65","F","PC_GE140","PC","MED","Median","Percentage","140 percent or over","Females","65 years or over",20.5,
2015,"EL","Y_GE65","F","PC_GE140","PC","MED","Median","Percentage","140 percent or over","Females","65 years or over",21.8,
2016,"EL","Y_GE65","F","PC_GE140","PC","MED","Median","Percentage","140 percent or over","Females","65 years or over",22.5,
2017,"EL","Y_GE65","F","PC_GE140","PC","MED","Median","Percentage","140 percent or over","Females","65 years or over",22.4,
2018,"EL","Y_GE65","F","PC_GE140","PC","MED","Median","Percentage","140 percent or over","Females","65 years or over",21.1,
2019,"EL","Y_GE65","F","PC_GE140","PC","MED","Median","Percentage","140 percent or over","Females","65 years or over",20.9,
2020,"EL","Y_GE65","F","PC_GE140","PC","MED","Median","Percentage","140 percent or over","Females","65 years or over",22,
2021,"EL","Y_GE65","F","PC_GE140","PC","MED","Median","Percentage","140 percent or over","Females","65 years or over",21.3,
2022,"EL","Y_GE65","F","PC_GE140","PC","MED","Median","Percentage","140 percent or over","Females","65 years or over",20.9,
2023,"EL","Y_GE65","F","PC_GE140","PC","MED","Median","Percentage","140 percent or over","Females","65 years or over",19.3,
2024,"EL","Y_GE65","F","PC_GE140","PC","MED","Median","Percentage","140 percent or over","Females","65 years or over",17.7,
2025,"EL","Y_GE65","F","PC_GE140","PC","MED","Median","Percentage","140 percent or over","Females","65 years or over",14.9,
2003,"EL","TOTAL","T","PC_GE150","PC","MED","Median","Percentage","150 percent or over","Total","Total",23.9,
2004,"EL","TOTAL","T","PC_GE150","PC","MED","Median","Percentage","150 percent or over","Total","Total",24.3,
2005,"EL","TOTAL","T","PC_GE150","PC","MED","Median","Percentage","150 percent or over","Total","Total",24.2,
2006,"EL","TOTAL","T","PC_GE150","PC","MED","Median","Percentage","150 percent or over","Total","Total",23.6,
2007,"EL","TOTAL","T","PC_GE150","PC","MED","Median","Percentage","150 percent or over","Total","Total",23.8,
2008,"EL","TOTAL","T","PC_GE150","PC","MED","Median","Percentage","150 percent or over","Total","Total",23.5,
2009,"EL","TOTAL","T","PC_GE150","PC","MED","Median","Percentage","150 percent or over","Total","Total",22.8,
2010,"EL","TOTAL","T","PC_GE150","PC","MED","Median","Percentage","150 percent or over","Total","Total",22.5,
2011,"EL","TOTAL","T","PC_GE150","PC","MED","Median","Percentage","150 percent or over","Total","Total",22.3,
2012,"EL","TOTAL","T","PC_GE150","PC","MED","Median","Percentage","150 percent or over","Total","Total",21.4,
2014,"EL","TOTAL","T","PC_GE150","PC","MED","Median","Percentage","150 percent or over","Total","Total",22.7,
2015,"EL","TOTAL","T","PC_GE150","PC","MED","Median","Percentage","150 percent or over","Total","Total",22.8,
2016,"EL","TOTAL","T","PC_GE150","PC","MED","Median","Percentage","150 percent or over","Total","Total",23.7,
2017,"EL","TOTAL","T","PC_GE150","PC","MED","Median","Percentage","150 percent or over","Total","Total",22.7,
2018,"EL","TOTAL","T","PC_GE150","PC","MED","Median","Percentage","150 percent or over","Total","Total",21.5,
2019,"EL","TOTAL","T","PC_GE150","PC","MED","Median","Percentage","150 percent or over","Total","Total",21.4,
2020,"EL","TOTAL","T","PC_GE150","PC","MED","Median","Percentage","150 percent or over","Total","Total",21.4,
2021,"EL","TOTAL","T","PC_GE150","PC","MED","Median","Percentage","150 percent or over","Total","Total",21.5,
2022,"EL","TOTAL","T","PC_GE150","PC","MED","Median","Percentage","150 percent or over","Total","Total",20.7,
2023,"EL","TOTAL","T","PC_GE150","PC","MED","Median","Percentage","150 percent or over","Total","Total",19.6,
2024,"EL","TOTAL","T","PC_GE150","PC","MED","Median","Percentage","150 percent or over","Total","Total",18.9,
2025,"EL","TOTAL","T","PC_GE150","PC","MED","Median","Percentage","150 percent or over","Total","Total",17.9,
2003,"EL","Y_LT18","T","PC_GE150","PC","MED","Median","Percentage","150 percent or over","Total","Less than 18 years",22.5,
2004,"EL","Y_LT18","T","PC_GE150","PC","MED","Median","Percentage","150 percent or over","Total","Less than 18 years",24.9,
2005,"EL","Y_LT18","T","PC_GE150","PC","MED","Median","Percentage","150 percent or over","Total","Less than 18 years",24.6,
2006,"EL","Y_LT18","T","PC_GE150","PC","MED","Median","Percentage","150 percent or over","Total","Less than 18 years",23.9,
2007,"EL","Y_LT18","T","PC_GE150","PC","MED","Median","Percentage","150 percent or over","Total","Less than 18 years",22.3,
2008,"EL","Y_LT18","T","PC_GE150","PC","MED","Median","Percentage","150 percent or over","Total","Less than 18 years",21.4,
2009,"EL","Y_LT18","T","PC_GE150","PC","MED","Median","Percentage","150 percent or over","Total","Less than 18 years",20.1,
2010,"EL","Y_LT18","T","PC_GE150","PC","MED","Median","Percentage","150 percent or over","Total","Less than 18 years",20.7,
2011,"EL","Y_LT18","T","PC_GE150","PC","MED","Median","Percentage","150 percent or over","Total","Less than 18 years",20.1,
2012,"EL","Y_LT18","T","PC_GE150","PC","MED","Median","Percentage","150 percent or over","Total","Less than 18 years",19,
2014,"EL","Y_LT18","T","PC_GE150","PC","MED","Median","Percentage","150 percent or over","Total","Less than 18 years",21,
2015,"EL","Y_LT18","T","PC_GE150","PC","MED","Median","Percentage","150 percent or over","Total","Less than 18 years",19.1,
2016,"EL","Y_LT18","T","PC_GE150","PC","MED","Median","Percentage","150 percent or over","Total","Less than 18 years",20.4,
2017,"EL","Y_LT18","T","PC_GE150","PC","MED","Median","Percentage","150 percent or over","Total","Less than 18 years",19.2,
2018,"EL","Y_LT18","T","PC_GE150","PC","MED","Median","Percentage","150 percent or over","Total","Less than 18 years",17.3,
2019,"EL","Y_LT18","T","PC_GE150","PC","MED","Median","Percentage","150 percent or over","Total","Less than 18 years",16.6,
2020,"EL","Y_LT18","T","PC_GE150","PC","MED","Median","Percentage","150 percent or over","Total","Less than 18 years",16.6,
2021,"EL","Y_LT18","T","PC_GE150","PC","MED","Median","Percentage","150 percent or over","Total","Less than 18 years",16.3,
2022,"EL","Y_LT18","T","PC_GE150","PC","MED","Median","Percentage","150 percent or over","Total","Less than 18 years",16.1,
2023,"EL","Y_LT18","T","PC_GE150","PC","MED","Median","Percentage","150 percent or over","Total","Less than 18 years",14.4,
2024,"EL","Y_LT18","T","PC_GE150","PC","MED","Median","Percentage","150 percent or over","Total","Less than 18 years",13.5,
2025,"EL","Y_LT18","T","PC_GE150","PC","MED","Median","Percentage","150 percent or over","Total","Less than 18 years",12.6,
2003,"EL","Y18-64","T","PC_GE150","PC","MED","Median","Percentage","150 percent or over","Total","From 18 to 64 years",26.5,
2004,"EL","Y18-64","T","PC_GE150","PC","MED","Median","Percentage","150 percent or over","Total","From 18 to 64 years",26.8,
2005,"EL","Y18-64","T","PC_GE150","PC","MED","Median","Percentage","150 percent or over","Total","From 18 to 64 years",26.6,
2006,"EL","Y18-64","T","PC_GE150","PC","MED","Median","Percentage","150 percent or over","Total","From 18 to 64 years",26.6,
2007,"EL","Y18-64","T","PC_GE150","PC","MED","Median","Percentage","150 percent or over","Total","From 18 to 64 years",26.7,
2008,"EL","Y18-64","T","PC_GE150","PC","MED","Median","Percentage","150 percent or over","Total","From 18 to 64 years",26.1,
2009,"EL","Y18-64","T","PC_GE150","PC","MED","Median","Percentage","150 percent or over","Total","From 18 to 64 years",25.7,
2010,"EL","Y18-64","T","PC_GE150","PC","MED","Median","Percentage","150 percent or over","Total","From 18 to 64 years",25.7,
2011,"EL","Y18-64","T","PC_GE150","PC","MED","Median","Percentage","150 percent or over","Total","From 18 to 64 years",25,
2012,"EL","Y18-64","T","PC_GE150","PC","MED","Median","Percentage","150 percent or over","Total","From 18 to 64 years",22.6,
2014,"EL","Y18-64","T","PC_GE150","PC","MED","Median","Percentage","150 percent or over","Total","From 18 to 64 years",24.4,
2015,"EL","Y18-64","T","PC_GE150","PC","MED","Median","Percentage","150 percent or over","Total","From 18 to 64 years",24.8,
2016,"EL","Y18-64","T","PC_GE150","PC","MED","Median","Percentage","150 percent or over","Total","From 18 to 64 years",25.5,
2017,"EL","Y18-64","T","PC_GE150","PC","MED","Median","Percentage","150 percent or over","Total","From 18 to 64 years",24.4,
2018,"EL","Y18-64","T","PC_GE150","PC","MED","Median","Percentage","150 percent or over","Total","From 18 to 64 years",23.6,
2019,"EL","Y18-64","T","PC_GE150","PC","MED","Median","Percentage","150 percent or over","Total","From 18 to 64 years",23.7,
2020,"EL","Y18-64","T","PC_GE150","PC","MED","Median","Percentage","150 percent or over","Total","From 18 to 64 years",23.1,
2021,"EL","Y18-64","T","PC_GE150","PC","MED","Median","Percentage","150 percent or over","Total","From 18 to 64 years",23.2,
2022,"EL","Y18-64","T","PC_GE150","PC","MED","Median","Percentage","150 percent or over","Total","From 18 to 64 years",22.3,
2023,"EL","Y18-64","T","PC_GE150","PC","MED","Median","Percentage","150 percent or over","Total","From 18 to 64 years",21.5,
2024,"EL","Y18-64","T","PC_GE150","PC","MED","Median","Percentage","150 percent or over","Total","From 18 to 64 years",21.3,
2025,"EL","Y18-64","T","PC_GE150","PC","MED","Median","Percentage","150 percent or over","Total","From 18 to 64 years",20.8,
2003,"EL","Y_GE65","T","PC_GE150","PC","MED","Median","Percentage","150 percent or over","Total","65 years or over",15.7,
2004,"EL","Y_GE65","T","PC_GE150","PC","MED","Median","Percentage","150 percent or over","Total","65 years or over",14.6,
2005,"EL","Y_GE65","T","PC_GE150","PC","MED","Median","Percentage","150 percent or over","Total","65 years or over",15,
2006,"EL","Y_GE65","T","PC_GE150","PC","MED","Median","Percentage","150 percent or over","Total","65 years or over",12.8,
2007,"EL","Y_GE65","T","PC_GE150","PC","MED","Median","Percentage","150 percent or over","Total","65 years or over",14.9,
2008,"EL","Y_GE65","T","PC_GE150","PC","MED","Median","Percentage","150 percent or over","Total","65 years or over",15.7,
2009,"EL","Y_GE65","T","PC_GE150","PC","MED","Median","Percentage","150 percent or over","Total","65 years or over",14.6,
2010,"EL","Y_GE65","T","PC_GE150","PC","MED","Median","Percentage","150 percent or over","Total","65 years or over",13,
2011,"EL","Y_GE65","T","PC_GE150","PC","MED","Median","Percentage","150 percent or over","Total","65 years or over",15.2,
2012,"EL","Y_GE65","T","PC_GE150","PC","MED","Median","Percentage","150 percent or over","Total","65 years or over",19.2,
2014,"EL","Y_GE65","T","PC_GE150","PC","MED","Median","Percentage","150 percent or over","Total","65 years or over",18.4,
2015,"EL","Y_GE65","T","PC_GE150","PC","MED","Median","Percentage","150 percent or over","Total","65 years or over",19.8,
2016,"EL","Y_GE65","T","PC_GE150","PC","MED","Median","Percentage","150 percent or over","Total","65 years or over",20.7,
2017,"EL","Y_GE65","T","PC_GE150","PC","MED","Median","Percentage","150 percent or over","Total","65 years or over",20.1,
2018,"EL","Y_GE65","T","PC_GE150","PC","MED","Median","Percentage","150 percent or over","Total","65 years or over",19,
2019,"EL","Y_GE65","T","PC_GE150","PC","MED","Median","Percentage","150 percent or over","Total","65 years or over",19.2,
2020,"EL","Y_GE65","T","PC_GE150","PC","MED","Median","Percentage","150 percent or over","Total","65 years or over",20.1,
2021,"EL","Y_GE65","T","PC_GE150","PC","MED","Median","Percentage","150 percent or over","Total","65 years or over",20.9,
2022,"EL","Y_GE65","T","PC_GE150","PC","MED","Median","Percentage","150 percent or over","Total","65 years or over",19.7,
2023,"EL","Y_GE65","T","PC_GE150","PC","MED","Median","Percentage","150 percent or over","Total","65 years or over",18.2,
2024,"EL","Y_GE65","T","PC_GE150","PC","MED","Median","Percentage","150 percent or over","Total","65 years or over",16.3,
2025,"EL","Y_GE65","T","PC_GE150","PC","MED","Median","Percentage","150 percent or over","Total","65 years or over",13.9,
2003,"EL","TOTAL","M","PC_GE150","PC","MED","Median","Percentage","150 percent or over","Males","Total",24.6,
2004,"EL","TOTAL","M","PC_GE150","PC","MED","Median","Percentage","150 percent or over","Males","Total",25.1,
2005,"EL","TOTAL","M","PC_GE150","PC","MED","Median","Percentage","150 percent or over","Males","Total",25.3,
2006,"EL","TOTAL","M","PC_GE150","PC","MED","Median","Percentage","150 percent or over","Males","Total",24.5,
2007,"EL","TOTAL","M","PC_GE150","PC","MED","Median","Percentage","150 percent or over","Males","Total",24.4,
2008,"EL","TOTAL","M","PC_GE150","PC","MED","Median","Percentage","150 percent or over","Males","Total",24.1,
2009,"EL","TOTAL","M","PC_GE150","PC","MED","Median","Percentage","150 percent or over","Males","Total",23.6,
2010,"EL","TOTAL","M","PC_GE150","PC","MED","Median","Percentage","150 percent or over","Males","Total",23,
2011,"EL","TOTAL","M","PC_GE150","PC","MED","Median","Percentage","150 percent or over","Males","Total",23.7,
2012,"EL","TOTAL","M","PC_GE150","PC","MED","Median","Percentage","150 percent or over","Males","Total",22.4,
2014,"EL","TOTAL","M","PC_GE150","PC","MED","Median","Percentage","150 percent or over","Males","Total",23.5,
2015,"EL","TOTAL","M","PC_GE150","PC","MED","Median","Percentage","150 percent or over","Males","Total",23.5,
2016,"EL","TOTAL","M","PC_GE150","PC","MED","Median","Percentage","150 percent or over","Males","Total",24.5,
2017,"EL","TOTAL","M","PC_GE150","PC","MED","Median","Percentage","150 percent or over","Males","Total",23.3,
2018,"EL","TOTAL","M","PC_GE150","PC","MED","Median","Percentage","150 percent or over","Males","Total",22.2,
2019,"EL","TOTAL","M","PC_GE150","PC","MED","Median","Percentage","150 percent or over","Males","Total",22.2,
2020,"EL","TOTAL","M","PC_GE150","PC","MED","Median","Percentage","150 percent or over","Males","Total",22,
2021,"EL","TOTAL","M","PC_GE150","PC","MED","Median","Percentage","150 percent or over","Males","Total",22.5,
2022,"EL","TOTAL","M","PC_GE150","PC","MED","Median","Percentage","150 percent or over","Males","Total",21.3,
2023,"EL","TOTAL","M","PC_GE150","PC","MED","Median","Percentage","150 percent or over","Males","Total",20.1,
2024,"EL","TOTAL","M","PC_GE150","PC","MED","Median","Percentage","150 percent or over","Males","Total",19.5,
2025,"EL","TOTAL","M","PC_GE150","PC","MED","Median","Percentage","150 percent or over","Males","Total",18.6,
2003,"EL","Y_LT18","M","PC_GE150","PC","MED","Median","Percentage","150 percent or over","Males","Less than 18 years",23,
2004,"EL","Y_LT18","M","PC_GE150","PC","MED","Median","Percentage","150 percent or over","Males","Less than 18 years",24.5,
2005,"EL","Y_LT18","M","PC_GE150","PC","MED","Median","Percentage","150 percent or over","Males","Less than 18 years",25.3,
2006,"EL","Y_LT18","M","PC_GE150","PC","MED","Median","Percentage","150 percent or over","Males","Less than 18 years",24,
2007,"EL","Y_LT18","M","PC_GE150","PC","MED","Median","Percentage","150 percent or over","Males","Less than 18 years",21.8,
2008,"EL","Y_LT18","M","PC_GE150","PC","MED","Median","Percentage","150 percent or over","Males","Less than 18 years",20.8,
2009,"EL","Y_LT18","M","PC_GE150","PC","MED","Median","Percentage","150 percent or over","Males","Less than 18 years",21.1,
2010,"EL","Y_LT18","M","PC_GE150","PC","MED","Median","Percentage","150 percent or over","Males","Less than 18 years",19.6,
2011,"EL","Y_LT18","M","PC_GE150","PC","MED","Median","Percentage","150 percent or over","Males","Less than 18 years",19.8,
2012,"EL","Y_LT18","M","PC_GE150","PC","MED","Median","Percentage","150 percent or over","Males","Less than 18 years",18.7,
2014,"EL","Y_LT18","M","PC_GE150","PC","MED","Median","Percentage","150 percent or over","Males","Less than 18 years",20.7,
2015,"EL","Y_LT18","M","PC_GE150","PC","MED","Median","Percentage","150 percent or over","Males","Less than 18 years",18.6,
2016,"EL","Y_LT18","M","PC_GE150","PC","MED","Median","Percentage","150 percent or over","Males","Less than 18 years",19.9,
2017,"EL","Y_LT18","M","PC_GE150","PC","MED","Median","Percentage","150 percent or over","Males","Less than 18 years",18.7,
2018,"EL","Y_LT18","M","PC_GE150","PC","MED","Median","Percentage","150 percent or over","Males","Less than 18 years",15.8,
2019,"EL","Y_LT18","M","PC_GE150","PC","MED","Median","Percentage","150 percent or over","Males","Less than 18 years",16,
2020,"EL","Y_LT18","M","PC_GE150","PC","MED","Median","Percentage","150 percent or over","Males","Less than 18 years",15.3,
2021,"EL","Y_LT18","M","PC_GE150","PC","MED","Median","Percentage","150 percent or over","Males","Less than 18 years",15.4,
2022,"EL","Y_LT18","M","PC_GE150","PC","MED","Median","Percentage","150 percent or over","Males","Less than 18 years",15.4,
2023,"EL","Y_LT18","M","PC_GE150","PC","MED","Median","Percentage","150 percent or over","Males","Less than 18 years",13.7,
2024,"EL","Y_LT18","M","PC_GE150","PC","MED","Median","Percentage","150 percent or over","Males","Less than 18 years",14,
2025,"EL","Y_LT18","M","PC_GE150","PC","MED","Median","Percentage","150 percent or over","Males","Less than 18 years",12.2,
2003,"EL","Y18-64","M","PC_GE150","PC","MED","Median","Percentage","150 percent or over","Males","From 18 to 64 years",26.8,
2004,"EL","Y18-64","M","PC_GE150","PC","MED","Median","Percentage","150 percent or over","Males","From 18 to 64 years",27.3,
2005,"EL","Y18-64","M","PC_GE150","PC","MED","Median","Percentage","150 percent or over","Males","From 18 to 64 years",27.3,
2006,"EL","Y18-64","M","PC_GE150","PC","MED","Median","Percentage","150 percent or over","Males","From 18 to 64 years",27,
2007,"EL","Y18-64","M","PC_GE150","PC","MED","Median","Percentage","150 percent or over","Males","From 18 to 64 years",26.8,
2008,"EL","Y18-64","M","PC_GE150","PC","MED","Median","Percentage","150 percent or over","Males","From 18 to 64 years",26.2,
2009,"EL","Y18-64","M","PC_GE150","PC","MED","Median","Percentage","150 percent or over","Males","From 18 to 64 years",26.1,
2010,"EL","Y18-64","M","PC_GE150","PC","MED","Median","Percentage","150 percent or over","Males","From 18 to 64 years",25.9,
2011,"EL","Y18-64","M","PC_GE150","PC","MED","Median","Percentage","150 percent or over","Males","From 18 to 64 years",26.3,
2012,"EL","Y18-64","M","PC_GE150","PC","MED","Median","Percentage","150 percent or over","Males","From 18 to 64 years",23.4,
2014,"EL","Y18-64","M","PC_GE150","PC","MED","Median","Percentage","150 percent or over","Males","From 18 to 64 years",25.3,
2015,"EL","Y18-64","M","PC_GE150","PC","MED","Median","Percentage","150 percent or over","Males","From 18 to 64 years",25.3,
2016,"EL","Y18-64","M","PC_GE150","PC","MED","Median","Percentage","150 percent or over","Males","From 18 to 64 years",25.8,
2017,"EL","Y18-64","M","PC_GE150","PC","MED","Median","Percentage","150 percent or over","Males","From 18 to 64 years",24.7,
2018,"EL","Y18-64","M","PC_GE150","PC","MED","Median","Percentage","150 percent or over","Males","From 18 to 64 years",24.2,
2019,"EL","Y18-64","M","PC_GE150","PC","MED","Median","Percentage","150 percent or over","Males","From 18 to 64 years",24.2,
2020,"EL","Y18-64","M","PC_GE150","PC","MED","Median","Percentage","150 percent or over","Males","From 18 to 64 years",23.7,
2021,"EL","Y18-64","M","PC_GE150","PC","MED","Median","Percentage","150 percent or over","Males","From 18 to 64 years",23.9,
2022,"EL","Y18-64","M","PC_GE150","PC","MED","Median","Percentage","150 percent or over","Males","From 18 to 64 years",22.3,
2023,"EL","Y18-64","M","PC_GE150","PC","MED","Median","Percentage","150 percent or over","Males","From 18 to 64 years",21.6,
2024,"EL","Y18-64","M","PC_GE150","PC","MED","Median","Percentage","150 percent or over","Males","From 18 to 64 years",20.9,
2025,"EL","Y18-64","M","PC_GE150","PC","MED","Median","Percentage","150 percent or over","Males","From 18 to 64 years",20.9,
2003,"EL","Y_GE65","M","PC_GE150","PC","MED","Median","Percentage","150 percent or over","Males","65 years or over",17.1,
2004,"EL","Y_GE65","M","PC_GE150","PC","MED","Median","Percentage","150 percent or over","Males","65 years or over",16.8,
2005,"EL","Y_GE65","M","PC_GE150","PC","MED","Median","Percentage","150 percent or over","Males","65 years or over",16.6,
2006,"EL","Y_GE65","M","PC_GE150","PC","MED","Median","Percentage","150 percent or over","Males","65 years or over",15.2,
2007,"EL","Y_GE65","M","PC_GE150","PC","MED","Median","Percentage","150 percent or over","Males","65 years or over",17.4,
2008,"EL","Y_GE65","M","PC_GE150","PC","MED","Median","Percentage","150 percent or over","Males","65 years or over",18.7,
2009,"EL","Y_GE65","M","PC_GE150","PC","MED","Median","Percentage","150 percent or over","Males","65 years or over",16,
2010,"EL","Y_GE65","M","PC_GE150","PC","MED","Median","Percentage","150 percent or over","Males","65 years or over",15.3,
2011,"EL","Y_GE65","M","PC_GE150","PC","MED","Median","Percentage","150 percent or over","Males","65 years or over",18.5,
2012,"EL","Y_GE65","M","PC_GE150","PC","MED","Median","Percentage","150 percent or over","Males","65 years or over",22.1,
2014,"EL","Y_GE65","M","PC_GE150","PC","MED","Median","Percentage","150 percent or over","Males","65 years or over",20,
2015,"EL","Y_GE65","M","PC_GE150","PC","MED","Median","Percentage","150 percent or over","Males","65 years or over",22.1,
2016,"EL","Y_GE65","M","PC_GE150","PC","MED","Median","Percentage","150 percent or over","Males","65 years or over",23.9,
2017,"EL","Y_GE65","M","PC_GE150","PC","MED","Median","Percentage","150 percent or over","Males","65 years or over",22.4,
2018,"EL","Y_GE65","M","PC_GE150","PC","MED","Median","Percentage","150 percent or over","Males","65 years or over",21.6,
2019,"EL","Y_GE65","M","PC_GE150","PC","MED","Median","Percentage","150 percent or over","Males","65 years or over",22.2,
2020,"EL","Y_GE65","M","PC_GE150","PC","MED","Median","Percentage","150 percent or over","Males","65 years or over",22.6,
2021,"EL","Y_GE65","M","PC_GE150","PC","MED","Median","Percentage","150 percent or over","Males","65 years or over",24.6,
2022,"EL","Y_GE65","M","PC_GE150","PC","MED","Median","Percentage","150 percent or over","Males","65 years or over",23.1,
2023,"EL","Y_GE65","M","PC_GE150","PC","MED","Median","Percentage","150 percent or over","Males","65 years or over",21.4,
2024,"EL","Y_GE65","M","PC_GE150","PC","MED","Median","Percentage","150 percent or over","Males","65 years or over",19.5,
2025,"EL","Y_GE65","M","PC_GE150","PC","MED","Median","Percentage","150 percent or over","Males","65 years or over",17,
2003,"EL","TOTAL","F","PC_GE150","PC","MED","Median","Percentage","150 percent or over","Females","Total",23.2,
2004,"EL","TOTAL","F","PC_GE150","PC","MED","Median","Percentage","150 percent or over","Females","Total",23.5,
2005,"EL","TOTAL","F","PC_GE150","PC","MED","Median","Percentage","150 percent or over","Females","Total",23.2,
2006,"EL","TOTAL","F","PC_GE150","PC","MED","Median","Percentage","150 percent or over","Females","Total",22.7,
2007,"EL","TOTAL","F","PC_GE150","PC","MED","Median","Percentage","150 percent or over","Females","Total",23.3,
2008,"EL","TOTAL","F","PC_GE150","PC","MED","Median","Percentage","150 percent or over","Females","Total",22.9,
2009,"EL","TOTAL","F","PC_GE150","PC","MED","Median","Percentage","150 percent or over","Females","Total",22,
2010,"EL","TOTAL","F","PC_GE150","PC","MED","Median","Percentage","150 percent or over","Females","Total",22,
2011,"EL","TOTAL","F","PC_GE150","PC","MED","Median","Percentage","150 percent or over","Females","Total",21,
2012,"EL","TOTAL","F","PC_GE150","PC","MED","Median","Percentage","150 percent or over","Females","Total",20.4,
2014,"EL","TOTAL","F","PC_GE150","PC","MED","Median","Percentage","150 percent or over","Females","Total",21.9,
2015,"EL","TOTAL","F","PC_GE150","PC","MED","Median","Percentage","150 percent or over","Females","Total",22.2,
2016,"EL","TOTAL","F","PC_GE150","PC","MED","Median","Percentage","150 percent or over","Females","Total",23,
2017,"EL","TOTAL","F","PC_GE150","PC","MED","Median","Percentage","150 percent or over","Females","Total",22.1,
2018,"EL","TOTAL","F","PC_GE150","PC","MED","Median","Percentage","150 percent or over","Females","Total",20.9,
2019,"EL","TOTAL","F","PC_GE150","PC","MED","Median","Percentage","150 percent or over","Females","Total",20.7,
2020,"EL","TOTAL","F","PC_GE150","PC","MED","Median","Percentage","150 percent or over","Females","Total",20.8,
2021,"EL","TOTAL","F","PC_GE150","PC","MED","Median","Percentage","150 percent or over","Females","Total",20.6,
2022,"EL","TOTAL","F","PC_GE150","PC","MED","Median","Percentage","150 percent or over","Females","Total",20.2,
2023,"EL","TOTAL","F","PC_GE150","PC","MED","Median","Percentage","150 percent or over","Females","Total",19.1,
2024,"EL","TOTAL","F","PC_GE150","PC","MED","Median","Percentage","150 percent or over","Females","Total",18.3,
2025,"EL","TOTAL","F","PC_GE150","PC","MED","Median","Percentage","150 percent or over","Females","Total",17.2,
2003,"EL","Y_LT18","F","PC_GE150","PC","MED","Median","Percentage","150 percent or over","Females","Less than 18 years",22.1,
2004,"EL","Y_LT18","F","PC_GE150","PC","MED","Median","Percentage","150 percent or over","Females","Less than 18 years",25.3,
2005,"EL","Y_LT18","F","PC_GE150","PC","MED","Median","Percentage","150 percent or over","Females","Less than 18 years",23.8,
2006,"EL","Y_LT18","F","PC_GE150","PC","MED","Median","Percentage","150 percent or over","Females","Less than 18 years",23.8,
2007,"EL","Y_LT18","F","PC_GE150","PC","MED","Median","Percentage","150 percent or over","Females","Less than 18 years",22.9,
2008,"EL","Y_LT18","F","PC_GE150","PC","MED","Median","Percentage","150 percent or over","Females","Less than 18 years",22,
2009,"EL","Y_LT18","F","PC_GE150","PC","MED","Median","Percentage","150 percent or over","Females","Less than 18 years",19.1,
2010,"EL","Y_LT18","F","PC_GE150","PC","MED","Median","Percentage","150 percent or over","Females","Less than 18 years",21.7,
2011,"EL","Y_LT18","F","PC_GE150","PC","MED","Median","Percentage","150 percent or over","Females","Less than 18 years",20.3,
2012,"EL","Y_LT18","F","PC_GE150","PC","MED","Median","Percentage","150 percent or over","Females","Less than 18 years",19.4,
2014,"EL","Y_LT18","F","PC_GE150","PC","MED","Median","Percentage","150 percent or over","Females","Less than 18 years",21.3,
2015,"EL","Y_LT18","F","PC_GE150","PC","MED","Median","Percentage","150 percent or over","Females","Less than 18 years",19.7,
2016,"EL","Y_LT18","F","PC_GE150","PC","MED","Median","Percentage","150 percent or over","Females","Less than 18 years",21,
2017,"EL","Y_LT18","F","PC_GE150","PC","MED","Median","Percentage","150 percent or over","Females","Less than 18 years",19.8,
2018,"EL","Y_LT18","F","PC_GE150","PC","MED","Median","Percentage","150 percent or over","Females","Less than 18 years",18.9,
2019,"EL","Y_LT18","F","PC_GE150","PC","MED","Median","Percentage","150 percent or over","Females","Less than 18 years",17.3,
2020,"EL","Y_LT18","F","PC_GE150","PC","MED","Median","Percentage","150 percent or over","Females","Less than 18 years",18,
2021,"EL","Y_LT18","F","PC_GE150","PC","MED","Median","Percentage","150 percent or over","Females","Less than 18 years",17.2,
2022,"EL","Y_LT18","F","PC_GE150","PC","MED","Median","Percentage","150 percent or over","Females","Less than 18 years",16.8,
2023,"EL","Y_LT18","F","PC_GE150","PC","MED","Median","Percentage","150 percent or over","Females","Less than 18 years",15.1,
2024,"EL","Y_LT18","F","PC_GE150","PC","MED","Median","Percentage","150 percent or over","Females","Less than 18 years",13.1,
2025,"EL","Y_LT18","F","PC_GE150","PC","MED","Median","Percentage","150 percent or over","Females","Less than 18 years",13.1,
2003,"EL","Y18-64","F","PC_GE150","PC","MED","Median","Percentage","150 percent or over","Females","From 18 to 64 years",26.2,
2004,"EL","Y18-64","F","PC_GE150","PC","MED","Median","Percentage","150 percent or over","Females","From 18 to 64 years",26.3,
2005,"EL","Y18-64","F","PC_GE150","PC","MED","Median","Percentage","150 percent or over","Females","From 18 to 64 years",26,
2006,"EL","Y18-64","F","PC_GE150","PC","MED","Median","Percentage","150 percent or over","Females","From 18 to 64 years",26.1,
2007,"EL","Y18-64","F","PC_GE150","PC","MED","Median","Percentage","150 percent or over","Females","From 18 to 64 years",26.5,
2008,"EL","Y18-64","F","PC_GE150","PC","MED","Median","Percentage","150 percent or over","Females","From 18 to 64 years",26.1,
2009,"EL","Y18-64","F","PC_GE150","PC","MED","Median","Percentage","150 percent or over","Females","From 18 to 64 years",25.3,
2010,"EL","Y18-64","F","PC_GE150","PC","MED","Median","Percentage","150 percent or over","Females","From 18 to 64 years",25.5,
2011,"EL","Y18-64","F","PC_GE150","PC","MED","Median","Percentage","150 percent or over","Females","From 18 to 64 years",23.8,
2012,"EL","Y18-64","F","PC_GE150","PC","MED","Median","Percentage","150 percent or over","Females","From 18 to 64 years",21.8,
2014,"EL","Y18-64","F","PC_GE150","PC","MED","Median","Percentage","150 percent or over","Females","From 18 to 64 years",23.6,
2015,"EL","Y18-64","F","PC_GE150","PC","MED","Median","Percentage","150 percent or over","Females","From 18 to 64 years",24.3,
2016,"EL","Y18-64","F","PC_GE150","PC","MED","Median","Percentage","150 percent or over","Females","From 18 to 64 years",25.2,
2017,"EL","Y18-64","F","PC_GE150","PC","MED","Median","Percentage","150 percent or over","Females","From 18 to 64 years",24.1,
2018,"EL","Y18-64","F","PC_GE150","PC","MED","Median","Percentage","150 percent or over","Females","From 18 to 64 years",23,
2019,"EL","Y18-64","F","PC_GE150","PC","MED","Median","Percentage","150 percent or over","Females","From 18 to 64 years",23.1,
2020,"EL","Y18-64","F","PC_GE150","PC","MED","Median","Percentage","150 percent or over","Females","From 18 to 64 years",22.5,
2021,"EL","Y18-64","F","PC_GE150","PC","MED","Median","Percentage","150 percent or over","Females","From 18 to 64 years",22.6,
2022,"EL","Y18-64","F","PC_GE150","PC","MED","Median","Percentage","150 percent or over","Females","From 18 to 64 years",22.2,
2023,"EL","Y18-64","F","PC_GE150","PC","MED","Median","Percentage","150 percent or over","Females","From 18 to 64 years",21.4,
2024,"EL","Y18-64","F","PC_GE150","PC","MED","Median","Percentage","150 percent or over","Females","From 18 to 64 years",21.6,
2025,"EL","Y18-64","F","PC_GE150","PC","MED","Median","Percentage","150 percent or over","Females","From 18 to 64 years",20.7,
2003,"EL","Y_GE65","F","PC_GE150","PC","MED","Median","Percentage","150 percent or over","Females","65 years or over",14.5,
2004,"EL","Y_GE65","F","PC_GE150","PC","MED","Median","Percentage","150 percent or over","Females","65 years or over",12.9,
2005,"EL","Y_GE65","F","PC_GE150","PC","MED","Median","Percentage","150 percent or over","Females","65 years or over",13.7,
2006,"EL","Y_GE65","F","PC_GE150","PC","MED","Median","Percentage","150 percent or over","Females","65 years or over",10.8,
2007,"EL","Y_GE65","F","PC_GE150","PC","MED","Median","Percentage","150 percent or over","Females","65 years or over",12.9,
2008,"EL","Y_GE65","F","PC_GE150","PC","MED","Median","Percentage","150 percent or over","Females","65 years or over",13.3,
2009,"EL","Y_GE65","F","PC_GE150","PC","MED","Median","Percentage","150 percent or over","Females","65 years or over",13.5,
2010,"EL","Y_GE65","F","PC_GE150","PC","MED","Median","Percentage","150 percent or over","Females","65 years or over",11.2,
2011,"EL","Y_GE65","F","PC_GE150","PC","MED","Median","Percentage","150 percent or over","Females","65 years or over",12.4,
2012,"EL","Y_GE65","F","PC_GE150","PC","MED","Median","Percentage","150 percent or over","Females","65 years or over",16.8,
2014,"EL","Y_GE65","F","PC_GE150","PC","MED","Median","Percentage","150 percent or over","Females","65 years or over",17.2,
2015,"EL","Y_GE65","F","PC_GE150","PC","MED","Median","Percentage","150 percent or over","Females","65 years or over",17.9,
2016,"EL","Y_GE65","F","PC_GE150","PC","MED","Median","Percentage","150 percent or over","Females","65 years or over",18.1,
2017,"EL","Y_GE65","F","PC_GE150","PC","MED","Median","Percentage","150 percent or over","Females","65 years or over",18.1,
2018,"EL","Y_GE65","F","PC_GE150","PC","MED","Median","Percentage","150 percent or over","Females","65 years or over",16.9,
2019,"EL","Y_GE65","F","PC_GE150","PC","MED","Median","Percentage","150 percent or over","Females","65 years or over",16.8,
2020,"EL","Y_GE65","F","PC_GE150","PC","MED","Median","Percentage","150 percent or over","Females","65 years or over",18,
2021,"EL","Y_GE65","F","PC_GE150","PC","MED","Median","Percentage","150 percent or over","Females","65 years or over",18,
2022,"EL","Y_GE65","F","PC_GE150","PC","MED","Median","Percentage","150 percent or over","Females","65 years or over",17,
2023,"EL","Y_GE65","F","PC_GE150","PC","MED","Median","Percentage","150 percent or over","Females","65 years or over",15.8,
2024,"EL","Y_GE65","F","PC_GE150","PC","MED","Median","Percentage","150 percent or over","Females","65 years or over",13.8,
2025,"EL","Y_GE65","F","PC_GE150","PC","MED","Median","Percentage","150 percent or over","Females","65 years or over",11.4,
2003,"EL","TOTAL","T","PC_GE160","PC","MED","Median","Percentage","160 percent or over","Total","Total",20.3,
2004,"EL","TOTAL","T","PC_GE160","PC","MED","Median","Percentage","160 percent or over","Total","Total",20.4,
2005,"EL","TOTAL","T","PC_GE160","PC","MED","Median","Percentage","160 percent or over","Total","Total",21,
2006,"EL","TOTAL","T","PC_GE160","PC","MED","Median","Percentage","160 percent or over","Total","Total",20.3,
2007,"EL","TOTAL","T","PC_GE160","PC","MED","Median","Percentage","160 percent or over","Total","Total",20.8,
2008,"EL","TOTAL","T","PC_GE160","PC","MED","Median","Percentage","160 percent or over","Total","Total",20,
2009,"EL","TOTAL","T","PC_GE160","PC","MED","Median","Percentage","160 percent or over","Total","Total",19.5,
2010,"EL","TOTAL","T","PC_GE160","PC","MED","Median","Percentage","160 percent or over","Total","Total",18.8,
2011,"EL","TOTAL","T","PC_GE160","PC","MED","Median","Percentage","160 percent or over","Total","Total",19,
2012,"EL","TOTAL","T","PC_GE160","PC","MED","Median","Percentage","160 percent or over","Total","Total",17.8,
2014,"EL","TOTAL","T","PC_GE160","PC","MED","Median","Percentage","160 percent or over","Total","Total",19.5,
2015,"EL","TOTAL","T","PC_GE160","PC","MED","Median","Percentage","160 percent or over","Total","Total",19.4,
2016,"EL","TOTAL","T","PC_GE160","PC","MED","Median","Percentage","160 percent or over","Total","Total",20.1,
2017,"EL","TOTAL","T","PC_GE160","PC","MED","Median","Percentage","160 percent or over","Total","Total",19.2,
2018,"EL","TOTAL","T","PC_GE160","PC","MED","Median","Percentage","160 percent or over","Total","Total",17.8,
2019,"EL","TOTAL","T","PC_GE160","PC","MED","Median","Percentage","160 percent or over","Total","Total",17.8,
2020,"EL","TOTAL","T","PC_GE160","PC","MED","Median","Percentage","160 percent or over","Total","Total",17.6,
2021,"EL","TOTAL","T","PC_GE160","PC","MED","Median","Percentage","160 percent or over","Total","Total",17.5,
2022,"EL","TOTAL","T","PC_GE160","PC","MED","Median","Percentage","160 percent or over","Total","Total",17.3,
2023,"EL","TOTAL","T","PC_GE160","PC","MED","Median","Percentage","160 percent or over","Total","Total",16.3,
2024,"EL","TOTAL","T","PC_GE160","PC","MED","Median","Percentage","160 percent or over","Total","Total",15,
2025,"EL","TOTAL","T","PC_GE160","PC","MED","Median","Percentage","160 percent or over","Total","Total",14.4,
2003,"EL","Y_LT18","T","PC_GE160","PC","MED","Median","Percentage","160 percent or over","Total","Less than 18 years",19,
2004,"EL","Y_LT18","T","PC_GE160","PC","MED","Median","Percentage","160 percent or over","Total","Less than 18 years",21,
2005,"EL","Y_LT18","T","PC_GE160","PC","MED","Median","Percentage","160 percent or over","Total","Less than 18 years",20.6,
2006,"EL","Y_LT18","T","PC_GE160","PC","MED","Median","Percentage","160 percent or over","Total","Less than 18 years",20.9,
2007,"EL","Y_LT18","T","PC_GE160","PC","MED","Median","Percentage","160 percent or over","Total","Less than 18 years",19.4,
2008,"EL","Y_LT18","T","PC_GE160","PC","MED","Median","Percentage","160 percent or over","Total","Less than 18 years",18.1,
2009,"EL","Y_LT18","T","PC_GE160","PC","MED","Median","Percentage","160 percent or over","Total","Less than 18 years",17.5,
2010,"EL","Y_LT18","T","PC_GE160","PC","MED","Median","Percentage","160 percent or over","Total","Less than 18 years",17.2,
2011,"EL","Y_LT18","T","PC_GE160","PC","MED","Median","Percentage","160 percent or over","Total","Less than 18 years",17.1,
2012,"EL","Y_LT18","T","PC_GE160","PC","MED","Median","Percentage","160 percent or over","Total","Less than 18 years",15.5,
2014,"EL","Y_LT18","T","PC_GE160","PC","MED","Median","Percentage","160 percent or over","Total","Less than 18 years",18.2,
2015,"EL","Y_LT18","T","PC_GE160","PC","MED","Median","Percentage","160 percent or over","Total","Less than 18 years",16.1,
2016,"EL","Y_LT18","T","PC_GE160","PC","MED","Median","Percentage","160 percent or over","Total","Less than 18 years",17.3,
2017,"EL","Y_LT18","T","PC_GE160","PC","MED","Median","Percentage","160 percent or over","Total","Less than 18 years",16.2,
2018,"EL","Y_LT18","T","PC_GE160","PC","MED","Median","Percentage","160 percent or over","Total","Less than 18 years",13.8,
2019,"EL","Y_LT18","T","PC_GE160","PC","MED","Median","Percentage","160 percent or over","Total","Less than 18 years",13.7,
2020,"EL","Y_LT18","T","PC_GE160","PC","MED","Median","Percentage","160 percent or over","Total","Less than 18 years",13.4,
2021,"EL","Y_LT18","T","PC_GE160","PC","MED","Median","Percentage","160 percent or over","Total","Less than 18 years",12.5,
2022,"EL","Y_LT18","T","PC_GE160","PC","MED","Median","Percentage","160 percent or over","Total","Less than 18 years",12.7,
2023,"EL","Y_LT18","T","PC_GE160","PC","MED","Median","Percentage","160 percent or over","Total","Less than 18 years",12.5,
2024,"EL","Y_LT18","T","PC_GE160","PC","MED","Median","Percentage","160 percent or over","Total","Less than 18 years",10.7,
2025,"EL","Y_LT18","T","PC_GE160","PC","MED","Median","Percentage","160 percent or over","Total","Less than 18 years",10.2,
2003,"EL","Y18-64","T","PC_GE160","PC","MED","Median","Percentage","160 percent or over","Total","From 18 to 64 years",22.8,
2004,"EL","Y18-64","T","PC_GE160","PC","MED","Median","Percentage","160 percent or over","Total","From 18 to 64 years",22.5,
2005,"EL","Y18-64","T","PC_GE160","PC","MED","Median","Percentage","160 percent or over","Total","From 18 to 64 years",23,
2006,"EL","Y18-64","T","PC_GE160","PC","MED","Median","Percentage","160 percent or over","Total","From 18 to 64 years",22.8,
2007,"EL","Y18-64","T","PC_GE160","PC","MED","Median","Percentage","160 percent or over","Total","From 18 to 64 years",23.3,
2008,"EL","Y18-64","T","PC_GE160","PC","MED","Median","Percentage","160 percent or over","Total","From 18 to 64 years",22.2,
2009,"EL","Y18-64","T","PC_GE160","PC","MED","Median","Percentage","160 percent or over","Total","From 18 to 64 years",22,
2010,"EL","Y18-64","T","PC_GE160","PC","MED","Median","Percentage","160 percent or over","Total","From 18 to 64 years",21.4,
2011,"EL","Y18-64","T","PC_GE160","PC","MED","Median","Percentage","160 percent or over","Total","From 18 to 64 years",21.3,
2012,"EL","Y18-64","T","PC_GE160","PC","MED","Median","Percentage","160 percent or over","Total","From 18 to 64 years",18.8,
2014,"EL","Y18-64","T","PC_GE160","PC","MED","Median","Percentage","160 percent or over","Total","From 18 to 64 years",20.9,
2015,"EL","Y18-64","T","PC_GE160","PC","MED","Median","Percentage","160 percent or over","Total","From 18 to 64 years",21.4,
2016,"EL","Y18-64","T","PC_GE160","PC","MED","Median","Percentage","160 percent or over","Total","From 18 to 64 years",21.8,
2017,"EL","Y18-64","T","PC_GE160","PC","MED","Median","Percentage","160 percent or over","Total","From 18 to 64 years",20.8,
2018,"EL","Y18-64","T","PC_GE160","PC","MED","Median","Percentage","160 percent or over","Total","From 18 to 64 years",19.6,
2019,"EL","Y18-64","T","PC_GE160","PC","MED","Median","Percentage","160 percent or over","Total","From 18 to 64 years",19.7,
2020,"EL","Y18-64","T","PC_GE160","PC","MED","Median","Percentage","160 percent or over","Total","From 18 to 64 years",18.9,
2021,"EL","Y18-64","T","PC_GE160","PC","MED","Median","Percentage","160 percent or over","Total","From 18 to 64 years",19,
2022,"EL","Y18-64","T","PC_GE160","PC","MED","Median","Percentage","160 percent or over","Total","From 18 to 64 years",18.6,
2023,"EL","Y18-64","T","PC_GE160","PC","MED","Median","Percentage","160 percent or over","Total","From 18 to 64 years",17.9,
2024,"EL","Y18-64","T","PC_GE160","PC","MED","Median","Percentage","160 percent or over","Total","From 18 to 64 years",16.8,
2025,"EL","Y18-64","T","PC_GE160","PC","MED","Median","Percentage","160 percent or over","Total","From 18 to 64 years",17,
2003,"EL","Y_GE65","T","PC_GE160","PC","MED","Median","Percentage","160 percent or over","Total","65 years or over",12.7,
2004,"EL","Y_GE65","T","PC_GE160","PC","MED","Median","Percentage","160 percent or over","Total","65 years or over",12.3,
2005,"EL","Y_GE65","T","PC_GE160","PC","MED","Median","Percentage","160 percent or over","Total","65 years or over",13.8,
2006,"EL","Y_GE65","T","PC_GE160","PC","MED","Median","Percentage","160 percent or over","Total","65 years or over",10.8,
2007,"EL","Y_GE65","T","PC_GE160","PC","MED","Median","Percentage","160 percent or over","Total","65 years or over",13.1,
2008,"EL","Y_GE65","T","PC_GE160","PC","MED","Median","Percentage","160 percent or over","Total","65 years or over",13.6,
2009,"EL","Y_GE65","T","PC_GE160","PC","MED","Median","Percentage","160 percent or over","Total","65 years or over",12.2,
2010,"EL","Y_GE65","T","PC_GE160","PC","MED","Median","Percentage","160 percent or over","Total","65 years or over",11.2,
2011,"EL","Y_GE65","T","PC_GE160","PC","MED","Median","Percentage","160 percent or over","Total","65 years or over",12.8,
2012,"EL","Y_GE65","T","PC_GE160","PC","MED","Median","Percentage","160 percent or over","Total","65 years or over",16.4,
2014,"EL","Y_GE65","T","PC_GE160","PC","MED","Median","Percentage","160 percent or over","Total","65 years or over",16.1,
2015,"EL","Y_GE65","T","PC_GE160","PC","MED","Median","Percentage","160 percent or over","Total","65 years or over",16.1,
2016,"EL","Y_GE65","T","PC_GE160","PC","MED","Median","Percentage","160 percent or over","Total","65 years or over",17.1,
2017,"EL","Y_GE65","T","PC_GE160","PC","MED","Median","Percentage","160 percent or over","Total","65 years or over",16.6,
2018,"EL","Y_GE65","T","PC_GE160","PC","MED","Median","Percentage","160 percent or over","Total","65 years or over",15.7,
2019,"EL","Y_GE65","T","PC_GE160","PC","MED","Median","Percentage","160 percent or over","Total","65 years or over",15.8,
2020,"EL","Y_GE65","T","PC_GE160","PC","MED","Median","Percentage","160 percent or over","Total","65 years or over",16.9,
2021,"EL","Y_GE65","T","PC_GE160","PC","MED","Median","Percentage","160 percent or over","Total","65 years or over",17.3,
2022,"EL","Y_GE65","T","PC_GE160","PC","MED","Median","Percentage","160 percent or over","Total","65 years or over",16.9,
2023,"EL","Y_GE65","T","PC_GE160","PC","MED","Median","Percentage","160 percent or over","Total","65 years or over",14.6,
2024,"EL","Y_GE65","T","PC_GE160","PC","MED","Median","Percentage","160 percent or over","Total","65 years or over",12.9,
2025,"EL","Y_GE65","T","PC_GE160","PC","MED","Median","Percentage","160 percent or over","Total","65 years or over",10.9,
2003,"EL","TOTAL","M","PC_GE160","PC","MED","Median","Percentage","160 percent or over","Males","Total",20.9,
2004,"EL","TOTAL","M","PC_GE160","PC","MED","Median","Percentage","160 percent or over","Males","Total",20.8,
2005,"EL","TOTAL","M","PC_GE160","PC","MED","Median","Percentage","160 percent or over","Males","Total",21.9,
2006,"EL","TOTAL","M","PC_GE160","PC","MED","Median","Percentage","160 percent or over","Males","Total",21.2,
2007,"EL","TOTAL","M","PC_GE160","PC","MED","Median","Percentage","160 percent or over","Males","Total",21.4,
2008,"EL","TOTAL","M","PC_GE160","PC","MED","Median","Percentage","160 percent or over","Males","Total",20.5,
2009,"EL","TOTAL","M","PC_GE160","PC","MED","Median","Percentage","160 percent or over","Males","Total",20.2,
2010,"EL","TOTAL","M","PC_GE160","PC","MED","Median","Percentage","160 percent or over","Males","Total",19.2,
2011,"EL","TOTAL","M","PC_GE160","PC","MED","Median","Percentage","160 percent or over","Males","Total",20.2,
2012,"EL","TOTAL","M","PC_GE160","PC","MED","Median","Percentage","160 percent or over","Males","Total",18.8,
2014,"EL","TOTAL","M","PC_GE160","PC","MED","Median","Percentage","160 percent or over","Males","Total",20.1,
2015,"EL","TOTAL","M","PC_GE160","PC","MED","Median","Percentage","160 percent or over","Males","Total",20.1,
2016,"EL","TOTAL","M","PC_GE160","PC","MED","Median","Percentage","160 percent or over","Males","Total",20.9,
2017,"EL","TOTAL","M","PC_GE160","PC","MED","Median","Percentage","160 percent or over","Males","Total",19.7,
2018,"EL","TOTAL","M","PC_GE160","PC","MED","Median","Percentage","160 percent or over","Males","Total",18.4,
2019,"EL","TOTAL","M","PC_GE160","PC","MED","Median","Percentage","160 percent or over","Males","Total",18.5,
2020,"EL","TOTAL","M","PC_GE160","PC","MED","Median","Percentage","160 percent or over","Males","Total",18.1,
2021,"EL","TOTAL","M","PC_GE160","PC","MED","Median","Percentage","160 percent or over","Males","Total",18.2,
2022,"EL","TOTAL","M","PC_GE160","PC","MED","Median","Percentage","160 percent or over","Males","Total",17.7,
2023,"EL","TOTAL","M","PC_GE160","PC","MED","Median","Percentage","160 percent or over","Males","Total",16.7,
2024,"EL","TOTAL","M","PC_GE160","PC","MED","Median","Percentage","160 percent or over","Males","Total",15.6,
2025,"EL","TOTAL","M","PC_GE160","PC","MED","Median","Percentage","160 percent or over","Males","Total",15,
2003,"EL","Y_LT18","M","PC_GE160","PC","MED","Median","Percentage","160 percent or over","Males","Less than 18 years",19.2,
2004,"EL","Y_LT18","M","PC_GE160","PC","MED","Median","Percentage","160 percent or over","Males","Less than 18 years",19.9,
2005,"EL","Y_LT18","M","PC_GE160","PC","MED","Median","Percentage","160 percent or over","Males","Less than 18 years",21.2,
2006,"EL","Y_LT18","M","PC_GE160","PC","MED","Median","Percentage","160 percent or over","Males","Less than 18 years",21.3,
2007,"EL","Y_LT18","M","PC_GE160","PC","MED","Median","Percentage","160 percent or over","Males","Less than 18 years",18.8,
2008,"EL","Y_LT18","M","PC_GE160","PC","MED","Median","Percentage","160 percent or over","Males","Less than 18 years",17.5,
2009,"EL","Y_LT18","M","PC_GE160","PC","MED","Median","Percentage","160 percent or over","Males","Less than 18 years",18.2,
2010,"EL","Y_LT18","M","PC_GE160","PC","MED","Median","Percentage","160 percent or over","Males","Less than 18 years",16.1,
2011,"EL","Y_LT18","M","PC_GE160","PC","MED","Median","Percentage","160 percent or over","Males","Less than 18 years",16.6,
2012,"EL","Y_LT18","M","PC_GE160","PC","MED","Median","Percentage","160 percent or over","Males","Less than 18 years",16.2,
2014,"EL","Y_LT18","M","PC_GE160","PC","MED","Median","Percentage","160 percent or over","Males","Less than 18 years",17.6,
2015,"EL","Y_LT18","M","PC_GE160","PC","MED","Median","Percentage","160 percent or over","Males","Less than 18 years",15.7,
2016,"EL","Y_LT18","M","PC_GE160","PC","MED","Median","Percentage","160 percent or over","Males","Less than 18 years",16.7,
2017,"EL","Y_LT18","M","PC_GE160","PC","MED","Median","Percentage","160 percent or over","Males","Less than 18 years",15.1,
2018,"EL","Y_LT18","M","PC_GE160","PC","MED","Median","Percentage","160 percent or over","Males","Less than 18 years",12.9,
2019,"EL","Y_LT18","M","PC_GE160","PC","MED","Median","Percentage","160 percent or over","Males","Less than 18 years",13.6,
2020,"EL","Y_LT18","M","PC_GE160","PC","MED","Median","Percentage","160 percent or over","Males","Less than 18 years",12.3,
2021,"EL","Y_LT18","M","PC_GE160","PC","MED","Median","Percentage","160 percent or over","Males","Less than 18 years",11.8,
2022,"EL","Y_LT18","M","PC_GE160","PC","MED","Median","Percentage","160 percent or over","Males","Less than 18 years",12.1,
2023,"EL","Y_LT18","M","PC_GE160","PC","MED","Median","Percentage","160 percent or over","Males","Less than 18 years",11.9,
2024,"EL","Y_LT18","M","PC_GE160","PC","MED","Median","Percentage","160 percent or over","Males","Less than 18 years",11.6,
2025,"EL","Y_LT18","M","PC_GE160","PC","MED","Median","Percentage","160 percent or over","Males","Less than 18 years",9.7,
2003,"EL","Y18-64","M","PC_GE160","PC","MED","Median","Percentage","160 percent or over","Males","From 18 to 64 years",23,
2004,"EL","Y18-64","M","PC_GE160","PC","MED","Median","Percentage","160 percent or over","Males","From 18 to 64 years",22.7,
2005,"EL","Y18-64","M","PC_GE160","PC","MED","Median","Percentage","160 percent or over","Males","From 18 to 64 years",23.5,
2006,"EL","Y18-64","M","PC_GE160","PC","MED","Median","Percentage","160 percent or over","Males","From 18 to 64 years",23.3,
2007,"EL","Y18-64","M","PC_GE160","PC","MED","Median","Percentage","160 percent or over","Males","From 18 to 64 years",23.6,
2008,"EL","Y18-64","M","PC_GE160","PC","MED","Median","Percentage","160 percent or over","Males","From 18 to 64 years",22.3,
2009,"EL","Y18-64","M","PC_GE160","PC","MED","Median","Percentage","160 percent or over","Males","From 18 to 64 years",22.3,
2010,"EL","Y18-64","M","PC_GE160","PC","MED","Median","Percentage","160 percent or over","Males","From 18 to 64 years",21.5,
2011,"EL","Y18-64","M","PC_GE160","PC","MED","Median","Percentage","160 percent or over","Males","From 18 to 64 years",22.3,
2012,"EL","Y18-64","M","PC_GE160","PC","MED","Median","Percentage","160 percent or over","Males","From 18 to 64 years",19.6,
2014,"EL","Y18-64","M","PC_GE160","PC","MED","Median","Percentage","160 percent or over","Males","From 18 to 64 years",21.6,
2015,"EL","Y18-64","M","PC_GE160","PC","MED","Median","Percentage","160 percent or over","Males","From 18 to 64 years",21.9,
2016,"EL","Y18-64","M","PC_GE160","PC","MED","Median","Percentage","160 percent or over","Males","From 18 to 64 years",22.2,
2017,"EL","Y18-64","M","PC_GE160","PC","MED","Median","Percentage","160 percent or over","Males","From 18 to 64 years",21.1,
2018,"EL","Y18-64","M","PC_GE160","PC","MED","Median","Percentage","160 percent or over","Males","From 18 to 64 years",20.1,
2019,"EL","Y18-64","M","PC_GE160","PC","MED","Median","Percentage","160 percent or over","Males","From 18 to 64 years",20.3,
2020,"EL","Y18-64","M","PC_GE160","PC","MED","Median","Percentage","160 percent or over","Males","From 18 to 64 years",19.4,
2021,"EL","Y18-64","M","PC_GE160","PC","MED","Median","Percentage","160 percent or over","Males","From 18 to 64 years",19.3,
2022,"EL","Y18-64","M","PC_GE160","PC","MED","Median","Percentage","160 percent or over","Males","From 18 to 64 years",18.4,
2023,"EL","Y18-64","M","PC_GE160","PC","MED","Median","Percentage","160 percent or over","Males","From 18 to 64 years",17.9,
2024,"EL","Y18-64","M","PC_GE160","PC","MED","Median","Percentage","160 percent or over","Males","From 18 to 64 years",16.6,
2025,"EL","Y18-64","M","PC_GE160","PC","MED","Median","Percentage","160 percent or over","Males","From 18 to 64 years",17,
2003,"EL","Y_GE65","M","PC_GE160","PC","MED","Median","Percentage","160 percent or over","Males","65 years or over",14.3,
2004,"EL","Y_GE65","M","PC_GE160","PC","MED","Median","Percentage","160 percent or over","Males","65 years or over",14.2,
2005,"EL","Y_GE65","M","PC_GE160","PC","MED","Median","Percentage","160 percent or over","Males","65 years or over",15.3,
2006,"EL","Y_GE65","M","PC_GE160","PC","MED","Median","Percentage","160 percent or over","Males","65 years or over",12.8,
2007,"EL","Y_GE65","M","PC_GE160","PC","MED","Median","Percentage","160 percent or over","Males","65 years or over",15.5,
2008,"EL","Y_GE65","M","PC_GE160","PC","MED","Median","Percentage","160 percent or over","Males","65 years or over",16.1,
2009,"EL","Y_GE65","M","PC_GE160","PC","MED","Median","Percentage","160 percent or over","Males","65 years or over",13.7,
2010,"EL","Y_GE65","M","PC_GE160","PC","MED","Median","Percentage","160 percent or over","Males","65 years or over",13.5,
2011,"EL","Y_GE65","M","PC_GE160","PC","MED","Median","Percentage","160 percent or over","Males","65 years or over",15.8,
2012,"EL","Y_GE65","M","PC_GE160","PC","MED","Median","Percentage","160 percent or over","Males","65 years or over",18.6,
2014,"EL","Y_GE65","M","PC_GE160","PC","MED","Median","Percentage","160 percent or over","Males","65 years or over",17.4,
2015,"EL","Y_GE65","M","PC_GE160","PC","MED","Median","Percentage","160 percent or over","Males","65 years or over",18.2,
2016,"EL","Y_GE65","M","PC_GE160","PC","MED","Median","Percentage","160 percent or over","Males","65 years or over",20,
2017,"EL","Y_GE65","M","PC_GE160","PC","MED","Median","Percentage","160 percent or over","Males","65 years or over",18.8,
2018,"EL","Y_GE65","M","PC_GE160","PC","MED","Median","Percentage","160 percent or over","Males","65 years or over",18,
2019,"EL","Y_GE65","M","PC_GE160","PC","MED","Median","Percentage","160 percent or over","Males","65 years or over",18.2,
2020,"EL","Y_GE65","M","PC_GE160","PC","MED","Median","Percentage","160 percent or over","Males","65 years or over",19.2,
2021,"EL","Y_GE65","M","PC_GE160","PC","MED","Median","Percentage","160 percent or over","Males","65 years or over",20.7,
2022,"EL","Y_GE65","M","PC_GE160","PC","MED","Median","Percentage","160 percent or over","Males","65 years or over",19.9,
2023,"EL","Y_GE65","M","PC_GE160","PC","MED","Median","Percentage","160 percent or over","Males","65 years or over",17.2,
2024,"EL","Y_GE65","M","PC_GE160","PC","MED","Median","Percentage","160 percent or over","Males","65 years or over",15.5,
2025,"EL","Y_GE65","M","PC_GE160","PC","MED","Median","Percentage","160 percent or over","Males","65 years or over",13.4,
2003,"EL","TOTAL","F","PC_GE160","PC","MED","Median","Percentage","160 percent or over","Females","Total",19.8,
2004,"EL","TOTAL","F","PC_GE160","PC","MED","Median","Percentage","160 percent or over","Females","Total",20.1,
2005,"EL","TOTAL","F","PC_GE160","PC","MED","Median","Percentage","160 percent or over","Females","Total",20.2,
2006,"EL","TOTAL","F","PC_GE160","PC","MED","Median","Percentage","160 percent or over","Females","Total",19.5,
2007,"EL","TOTAL","F","PC_GE160","PC","MED","Median","Percentage","160 percent or over","Females","Total",20.3,
2008,"EL","TOTAL","F","PC_GE160","PC","MED","Median","Percentage","160 percent or over","Females","Total",19.4,
2009,"EL","TOTAL","F","PC_GE160","PC","MED","Median","Percentage","160 percent or over","Females","Total",18.8,
2010,"EL","TOTAL","F","PC_GE160","PC","MED","Median","Percentage","160 percent or over","Females","Total",18.4,
2011,"EL","TOTAL","F","PC_GE160","PC","MED","Median","Percentage","160 percent or over","Females","Total",17.8,
2012,"EL","TOTAL","F","PC_GE160","PC","MED","Median","Percentage","160 percent or over","Females","Total",16.9,
2014,"EL","TOTAL","F","PC_GE160","PC","MED","Median","Percentage","160 percent or over","Females","Total",18.9,
2015,"EL","TOTAL","F","PC_GE160","PC","MED","Median","Percentage","160 percent or over","Females","Total",18.7,
2016,"EL","TOTAL","F","PC_GE160","PC","MED","Median","Percentage","160 percent or over","Females","Total",19.3,
2017,"EL","TOTAL","F","PC_GE160","PC","MED","Median","Percentage","160 percent or over","Females","Total",18.7,
2018,"EL","TOTAL","F","PC_GE160","PC","MED","Median","Percentage","160 percent or over","Females","Total",17.2,
2019,"EL","TOTAL","F","PC_GE160","PC","MED","Median","Percentage","160 percent or over","Females","Total",17.1,
2020,"EL","TOTAL","F","PC_GE160","PC","MED","Median","Percentage","160 percent or over","Females","Total",17.1,
2021,"EL","TOTAL","F","PC_GE160","PC","MED","Median","Percentage","160 percent or over","Females","Total",16.8,
2022,"EL","TOTAL","F","PC_GE160","PC","MED","Median","Percentage","160 percent or over","Females","Total",16.9,
2023,"EL","TOTAL","F","PC_GE160","PC","MED","Median","Percentage","160 percent or over","Females","Total",15.8,
2024,"EL","TOTAL","F","PC_GE160","PC","MED","Median","Percentage","160 percent or over","Females","Total",14.4,
2025,"EL","TOTAL","F","PC_GE160","PC","MED","Median","Percentage","160 percent or over","Females","Total",13.9,
2003,"EL","Y_LT18","F","PC_GE160","PC","MED","Median","Percentage","160 percent or over","Females","Less than 18 years",18.8,
2004,"EL","Y_LT18","F","PC_GE160","PC","MED","Median","Percentage","160 percent or over","Females","Less than 18 years",22,
2005,"EL","Y_LT18","F","PC_GE160","PC","MED","Median","Percentage","160 percent or over","Females","Less than 18 years",20,
2006,"EL","Y_LT18","F","PC_GE160","PC","MED","Median","Percentage","160 percent or over","Females","Less than 18 years",20.5,
2007,"EL","Y_LT18","F","PC_GE160","PC","MED","Median","Percentage","160 percent or over","Females","Less than 18 years",20,
2008,"EL","Y_LT18","F","PC_GE160","PC","MED","Median","Percentage","160 percent or over","Females","Less than 18 years",18.7,
2009,"EL","Y_LT18","F","PC_GE160","PC","MED","Median","Percentage","160 percent or over","Females","Less than 18 years",16.6,
2010,"EL","Y_LT18","F","PC_GE160","PC","MED","Median","Percentage","160 percent or over","Females","Less than 18 years",18.5,
2011,"EL","Y_LT18","F","PC_GE160","PC","MED","Median","Percentage","160 percent or over","Females","Less than 18 years",17.6,
2012,"EL","Y_LT18","F","PC_GE160","PC","MED","Median","Percentage","160 percent or over","Females","Less than 18 years",14.8,
2014,"EL","Y_LT18","F","PC_GE160","PC","MED","Median","Percentage","160 percent or over","Females","Less than 18 years",18.7,
2015,"EL","Y_LT18","F","PC_GE160","PC","MED","Median","Percentage","160 percent or over","Females","Less than 18 years",16.6,
2016,"EL","Y_LT18","F","PC_GE160","PC","MED","Median","Percentage","160 percent or over","Females","Less than 18 years",17.8,
2017,"EL","Y_LT18","F","PC_GE160","PC","MED","Median","Percentage","160 percent or over","Females","Less than 18 years",17.3,
2018,"EL","Y_LT18","F","PC_GE160","PC","MED","Median","Percentage","160 percent or over","Females","Less than 18 years",14.7,
2019,"EL","Y_LT18","F","PC_GE160","PC","MED","Median","Percentage","160 percent or over","Females","Less than 18 years",13.9,
2020,"EL","Y_LT18","F","PC_GE160","PC","MED","Median","Percentage","160 percent or over","Females","Less than 18 years",14.6,
2021,"EL","Y_LT18","F","PC_GE160","PC","MED","Median","Percentage","160 percent or over","Females","Less than 18 years",13.1,
2022,"EL","Y_LT18","F","PC_GE160","PC","MED","Median","Percentage","160 percent or over","Females","Less than 18 years",13.3,
2023,"EL","Y_LT18","F","PC_GE160","PC","MED","Median","Percentage","160 percent or over","Females","Less than 18 years",13,
2024,"EL","Y_LT18","F","PC_GE160","PC","MED","Median","Percentage","160 percent or over","Females","Less than 18 years",9.8,
2025,"EL","Y_LT18","F","PC_GE160","PC","MED","Median","Percentage","160 percent or over","Females","Less than 18 years",10.7,
2003,"EL","Y18-64","F","PC_GE160","PC","MED","Median","Percentage","160 percent or over","Females","From 18 to 64 years",22.5,
2004,"EL","Y18-64","F","PC_GE160","PC","MED","Median","Percentage","160 percent or over","Females","From 18 to 64 years",22.3,
2005,"EL","Y18-64","F","PC_GE160","PC","MED","Median","Percentage","160 percent or over","Females","From 18 to 64 years",22.6,
2006,"EL","Y18-64","F","PC_GE160","PC","MED","Median","Percentage","160 percent or over","Females","From 18 to 64 years",22.3,
2007,"EL","Y18-64","F","PC_GE160","PC","MED","Median","Percentage","160 percent or over","Females","From 18 to 64 years",23.1,
2008,"EL","Y18-64","F","PC_GE160","PC","MED","Median","Percentage","160 percent or over","Females","From 18 to 64 years",22.1,
2009,"EL","Y18-64","F","PC_GE160","PC","MED","Median","Percentage","160 percent or over","Females","From 18 to 64 years",21.8,
2010,"EL","Y18-64","F","PC_GE160","PC","MED","Median","Percentage","160 percent or over","Females","From 18 to 64 years",21.2,
2011,"EL","Y18-64","F","PC_GE160","PC","MED","Median","Percentage","160 percent or over","Females","From 18 to 64 years",20.2,
2012,"EL","Y18-64","F","PC_GE160","PC","MED","Median","Percentage","160 percent or over","Females","From 18 to 64 years",18.1,
2014,"EL","Y18-64","F","PC_GE160","PC","MED","Median","Percentage","160 percent or over","Females","From 18 to 64 years",20.2,
2015,"EL","Y18-64","F","PC_GE160","PC","MED","Median","Percentage","160 percent or over","Females","From 18 to 64 years",20.8,
2016,"EL","Y18-64","F","PC_GE160","PC","MED","Median","Percentage","160 percent or over","Females","From 18 to 64 years",21.3,
2017,"EL","Y18-64","F","PC_GE160","PC","MED","Median","Percentage","160 percent or over","Females","From 18 to 64 years",20.5,
2018,"EL","Y18-64","F","PC_GE160","PC","MED","Median","Percentage","160 percent or over","Females","From 18 to 64 years",19.1,
2019,"EL","Y18-64","F","PC_GE160","PC","MED","Median","Percentage","160 percent or over","Females","From 18 to 64 years",19.2,
2020,"EL","Y18-64","F","PC_GE160","PC","MED","Median","Percentage","160 percent or over","Females","From 18 to 64 years",18.5,
2021,"EL","Y18-64","F","PC_GE160","PC","MED","Median","Percentage","160 percent or over","Females","From 18 to 64 years",18.7,
2022,"EL","Y18-64","F","PC_GE160","PC","MED","Median","Percentage","160 percent or over","Females","From 18 to 64 years",18.7,
2023,"EL","Y18-64","F","PC_GE160","PC","MED","Median","Percentage","160 percent or over","Females","From 18 to 64 years",17.9,
2024,"EL","Y18-64","F","PC_GE160","PC","MED","Median","Percentage","160 percent or over","Females","From 18 to 64 years",17.1,
2025,"EL","Y18-64","F","PC_GE160","PC","MED","Median","Percentage","160 percent or over","Females","From 18 to 64 years",17,
2003,"EL","Y_GE65","F","PC_GE160","PC","MED","Median","Percentage","160 percent or over","Females","65 years or over",11.4,
2004,"EL","Y_GE65","F","PC_GE160","PC","MED","Median","Percentage","160 percent or over","Females","65 years or over",10.8,
2005,"EL","Y_GE65","F","PC_GE160","PC","MED","Median","Percentage","160 percent or over","Females","65 years or over",12.6,
2006,"EL","Y_GE65","F","PC_GE160","PC","MED","Median","Percentage","160 percent or over","Females","65 years or over",9.2,
2007,"EL","Y_GE65","F","PC_GE160","PC","MED","Median","Percentage","160 percent or over","Females","65 years or over",11.1,
2008,"EL","Y_GE65","F","PC_GE160","PC","MED","Median","Percentage","160 percent or over","Females","65 years or over",11.5,
2009,"EL","Y_GE65","F","PC_GE160","PC","MED","Median","Percentage","160 percent or over","Females","65 years or over",11,
2010,"EL","Y_GE65","F","PC_GE160","PC","MED","Median","Percentage","160 percent or over","Females","65 years or over",9.3,
2011,"EL","Y_GE65","F","PC_GE160","PC","MED","Median","Percentage","160 percent or over","Females","65 years or over",10.4,
2012,"EL","Y_GE65","F","PC_GE160","PC","MED","Median","Percentage","160 percent or over","Females","65 years or over",14.6,
2014,"EL","Y_GE65","F","PC_GE160","PC","MED","Median","Percentage","160 percent or over","Females","65 years or over",15,
2015,"EL","Y_GE65","F","PC_GE160","PC","MED","Median","Percentage","160 percent or over","Females","65 years or over",14.4,
2016,"EL","Y_GE65","F","PC_GE160","PC","MED","Median","Percentage","160 percent or over","Females","65 years or over",14.8,
2017,"EL","Y_GE65","F","PC_GE160","PC","MED","Median","Percentage","160 percent or over","Females","65 years or over",14.8,
2018,"EL","Y_GE65","F","PC_GE160","PC","MED","Median","Percentage","160 percent or over","Females","65 years or over",13.9,
2019,"EL","Y_GE65","F","PC_GE160","PC","MED","Median","Percentage","160 percent or over","Females","65 years or over",13.8,
2020,"EL","Y_GE65","F","PC_GE160","PC","MED","Median","Percentage","160 percent or over","Females","65 years or over",15,
2021,"EL","Y_GE65","F","PC_GE160","PC","MED","Median","Percentage","160 percent or over","Females","65 years or over",14.5,
2022,"EL","Y_GE65","F","PC_GE160","PC","MED","Median","Percentage","160 percent or over","Females","65 years or over",14.6,
2023,"EL","Y_GE65","F","PC_GE160","PC","MED","Median","Percentage","160 percent or over","Females","65 years or over",12.5,
2024,"EL","Y_GE65","F","PC_GE160","PC","MED","Median","Percentage","160 percent or over","Females","65 years or over",10.9,
2025,"EL","Y_GE65","F","PC_GE160","PC","MED","Median","Percentage","160 percent or over","Females","65 years or over",8.9,
