"time","geo","unit","hhcomp","rskpovth","statinfo","statinfo_label","rskpovth_label","hhcomp_label","unit_label","value","flag"
2015,"EL","THS_PER","TOTAL","B_40","MEAN_EI","Mean equivalised income","Below 40%","Total","Thousand persons",1364,
2016,"EL","THS_PER","TOTAL","B_40","MEAN_EI","Mean equivalised income","Below 40%","Total","Thousand persons",1392,
2017,"EL","THS_PER","TOTAL","B_40","MEAN_EI","Mean equivalised income","Below 40%","Total","Thousand persons",1295,
2018,"EL","THS_PER","TOTAL","B_40","MEAN_EI","Mean equivalised income","Below 40%","Total","Thousand persons",1139,
2019,"EL","THS_PER","TOTAL","B_40","MEAN_EI","Mean equivalised income","Below 40%","Total","Thousand persons",1042,
2020,"EL","THS_PER","TOTAL","B_40","MEAN_EI","Mean equivalised income","Below 40%","Total","Thousand persons",1014,
2021,"EL","THS_PER","TOTAL","B_40","MEAN_EI","Mean equivalised income","Below 40%","Total","Thousand persons",1108,
2022,"EL","THS_PER","TOTAL","B_40","MEAN_EI","Mean equivalised income","Below 40%","Total","Thousand persons",960,
2023,"EL","THS_PER","TOTAL","B_40","MEAN_EI","Mean equivalised income","Below 40%","Total","Thousand persons",923,
2024,"EL","THS_PER","TOTAL","B_40","MEAN_EI","Mean equivalised income","Below 40%","Total","Thousand persons",956,
2025,"EL","THS_PER","TOTAL","B_40","MEAN_EI","Mean equivalised income","Below 40%","Total","Thousand persons",943,
1995,"EL","PC","TOTAL","B_40","MEAN_EI","Mean equivalised income","Below 40%","Total","Percentage",14,
1996,"EL","PC","TOTAL","B_40","MEAN_EI","Mean equivalised income","Below 40%","Total","Percentage",13,
1997,"EL","PC","TOTAL","B_40","MEAN_EI","Mean equivalised income","Below 40%","Total","Percentage",15,
1998,"EL","PC","TOTAL","B_40","MEAN_EI","Mean equivalised income","Below 40%","Total","Percentage",14,
1999,"EL","PC","TOTAL","B_40","MEAN_EI","Mean equivalised income","Below 40%","Total","Percentage",13,
2000,"EL","PC","TOTAL","B_40","MEAN_EI","Mean equivalised income","Below 40%","Total","Percentage",12,
2001,"EL","PC","TOTAL","B_40","MEAN_EI","Mean equivalised income","Below 40%","Total","Percentage",12,
2003,"EL","PC","TOTAL","B_40","MEAN_EI","Mean equivalised income","Below 40%","Total","Percentage",12.6,"b"
2004,"EL","PC","TOTAL","B_40","MEAN_EI","Mean equivalised income","Below 40%","Total","Percentage",10.4,
2005,"EL","PC","TOTAL","B_40","MEAN_EI","Mean equivalised income","Below 40%","Total","Percentage",10.7,
2006,"EL","PC","TOTAL","B_40","MEAN_EI","Mean equivalised income","Below 40%","Total","Percentage",11.7,
2007,"EL","PC","TOTAL","B_40","MEAN_EI","Mean equivalised income","Below 40%","Total","Percentage",11.5,
2008,"EL","PC","TOTAL","B_40","MEAN_EI","Mean equivalised income","Below 40%","Total","Percentage",11.2,
2009,"EL","PC","TOTAL","B_40","MEAN_EI","Mean equivalised income","Below 40%","Total","Percentage",10.4,
2010,"EL","PC","TOTAL","B_40","MEAN_EI","Mean equivalised income","Below 40%","Total","Percentage",10.4,
2011,"EL","PC","TOTAL","B_40","MEAN_EI","Mean equivalised income","Below 40%","Total","Percentage",11.4,
2012,"EL","PC","TOTAL","B_40","MEAN_EI","Mean equivalised income","Below 40%","Total","Percentage",13,
2013,"EL","PC","TOTAL","B_40","MEAN_EI","Mean equivalised income","Below 40%","Total","Percentage",13.7,
2014,"EL","PC","TOTAL","B_40","MEAN_EI","Mean equivalised income","Below 40%","Total","Percentage",13.5,
2015,"EL","PC","TOTAL","B_40","MEAN_EI","Mean equivalised income","Below 40%","Total","Percentage",12.8,
2016,"EL","PC","TOTAL","B_40","MEAN_EI","Mean equivalised income","Below 40%","Total","Percentage",13.1,
2017,"EL","PC","TOTAL","B_40","MEAN_EI","Mean equivalised income","Below 40%","Total","Percentage",12.2,
2018,"EL","PC","TOTAL","B_40","MEAN_EI","Mean equivalised income","Below 40%","Total","Percentage",10.8,
2019,"EL","PC","TOTAL","B_40","MEAN_EI","Mean equivalised income","Below 40%","Total","Percentage",9.9,
2020,"EL","PC","TOTAL","B_40","MEAN_EI","Mean equivalised income","Below 40%","Total","Percentage",9.7,
2021,"EL","PC","TOTAL","B_40","MEAN_EI","Mean equivalised income","Below 40%","Total","Percentage",10.6,
2022,"EL","PC","TOTAL","B_40","MEAN_EI","Mean equivalised income","Below 40%","Total","Percentage",9.3,
2023,"EL","PC","TOTAL","B_40","MEAN_EI","Mean equivalised income","Below 40%","Total","Percentage",9,
2024,"EL","PC","TOTAL","B_40","MEAN_EI","Mean equivalised income","Below 40%","Total","Percentage",9.4,
2025,"EL","PC","TOTAL","B_40","MEAN_EI","Mean equivalised income","Below 40%","Total","Percentage",9.3,
2015,"EL","THS_PER","M1","B_40","MEAN_EI","Mean equivalised income","Below 40%","One single male","Thousand persons",56,
2016,"EL","THS_PER","M1","B_40","MEAN_EI","Mean equivalised income","Below 40%","One single male","Thousand persons",52,
2017,"EL","THS_PER","M1","B_40","MEAN_EI","Mean equivalised income","Below 40%","One single male","Thousand persons",48,
2018,"EL","THS_PER","M1","B_40","MEAN_EI","Mean equivalised income","Below 40%","One single male","Thousand persons",46,
2019,"EL","THS_PER","M1","B_40","MEAN_EI","Mean equivalised income","Below 40%","One single male","Thousand persons",41,
2020,"EL","THS_PER","M1","B_40","MEAN_EI","Mean equivalised income","Below 40%","One single male","Thousand persons",44,
2021,"EL","THS_PER","M1","B_40","MEAN_EI","Mean equivalised income","Below 40%","One single male","Thousand persons",54,
2022,"EL","THS_PER","M1","B_40","MEAN_EI","Mean equivalised income","Below 40%","One single male","Thousand persons",48,
2023,"EL","THS_PER","M1","B_40","MEAN_EI","Mean equivalised income","Below 40%","One single male","Thousand persons",70,
2024,"EL","THS_PER","M1","B_40","MEAN_EI","Mean equivalised income","Below 40%","One single male","Thousand persons",74,
2025,"EL","THS_PER","M1","B_40","MEAN_EI","Mean equivalised income","Below 40%","One single male","Thousand persons",78,
1995,"EL","PC","M1","B_40","MEAN_EI","Mean equivalised income","Below 40%","One single male","Percentage",19,
1996,"EL","PC","M1","B_40","MEAN_EI","Mean equivalised income","Below 40%","One single male","Percentage",15,
1997,"EL","PC","M1","B_40","MEAN_EI","Mean equivalised income","Below 40%","One single male","Percentage",14,
1998,"EL","PC","M1","B_40","MEAN_EI","Mean equivalised income","Below 40%","One single male","Percentage",18,
1999,"EL","PC","M1","B_40","MEAN_EI","Mean equivalised income","Below 40%","One single male","Percentage",15,
2000,"EL","PC","M1","B_40","MEAN_EI","Mean equivalised income","Below 40%","One single male","Percentage",17,
2001,"EL","PC","M1","B_40","MEAN_EI","Mean equivalised income","Below 40%","One single male","Percentage",14,
2003,"EL","PC","M1","B_40","MEAN_EI","Mean equivalised income","Below 40%","One single male","Percentage",16.4,"b"
2004,"EL","PC","M1","B_40","MEAN_EI","Mean equivalised income","Below 40%","One single male","Percentage",13.5,
2005,"EL","PC","M1","B_40","MEAN_EI","Mean equivalised income","Below 40%","One single male","Percentage",12.8,
2006,"EL","PC","M1","B_40","MEAN_EI","Mean equivalised income","Below 40%","One single male","Percentage",13.5,
2007,"EL","PC","M1","B_40","MEAN_EI","Mean equivalised income","Below 40%","One single male","Percentage",14.3,
2008,"EL","PC","M1","B_40","MEAN_EI","Mean equivalised income","Below 40%","One single male","Percentage",13.9,
2009,"EL","PC","M1","B_40","MEAN_EI","Mean equivalised income","Below 40%","One single male","Percentage",14.9,
2010,"EL","PC","M1","B_40","MEAN_EI","Mean equivalised income","Below 40%","One single male","Percentage",13.6,
2011,"EL","PC","M1","B_40","MEAN_EI","Mean equivalised income","Below 40%","One single male","Percentage",15.5,
2012,"EL","PC","M1","B_40","MEAN_EI","Mean equivalised income","Below 40%","One single male","Percentage",10.3,
2013,"EL","PC","M1","B_40","MEAN_EI","Mean equivalised income","Below 40%","One single male","Percentage",10.6,
2014,"EL","PC","M1","B_40","MEAN_EI","Mean equivalised income","Below 40%","One single male","Percentage",10.4,
2015,"EL","PC","M1","B_40","MEAN_EI","Mean equivalised income","Below 40%","One single male","Percentage",13.6,
2016,"EL","PC","M1","B_40","MEAN_EI","Mean equivalised income","Below 40%","One single male","Percentage",12.7,
2017,"EL","PC","M1","B_40","MEAN_EI","Mean equivalised income","Below 40%","One single male","Percentage",11.8,
2018,"EL","PC","M1","B_40","MEAN_EI","Mean equivalised income","Below 40%","One single male","Percentage",11.8,
2019,"EL","PC","M1","B_40","MEAN_EI","Mean equivalised income","Below 40%","One single male","Percentage",10.9,
2020,"EL","PC","M1","B_40","MEAN_EI","Mean equivalised income","Below 40%","One single male","Percentage",11.6,
2021,"EL","PC","M1","B_40","MEAN_EI","Mean equivalised income","Below 40%","One single male","Percentage",13.9,
2022,"EL","PC","M1","B_40","MEAN_EI","Mean equivalised income","Below 40%","One single male","Percentage",12.9,
2023,"EL","PC","M1","B_40","MEAN_EI","Mean equivalised income","Below 40%","One single male","Percentage",12.6,
2024,"EL","PC","M1","B_40","MEAN_EI","Mean equivalised income","Below 40%","One single male","Percentage",13.1,
2025,"EL","PC","M1","B_40","MEAN_EI","Mean equivalised income","Below 40%","One single male","Percentage",13.8,
2015,"EL","THS_PER","F1","B_40","MEAN_EI","Mean equivalised income","Below 40%","One single female","Thousand persons",53,
2016,"EL","THS_PER","F1","B_40","MEAN_EI","Mean equivalised income","Below 40%","One single female","Thousand persons",59,
2017,"EL","THS_PER","F1","B_40","MEAN_EI","Mean equivalised income","Below 40%","One single female","Thousand persons",64,
2018,"EL","THS_PER","F1","B_40","MEAN_EI","Mean equivalised income","Below 40%","One single female","Thousand persons",56,
2019,"EL","THS_PER","F1","B_40","MEAN_EI","Mean equivalised income","Below 40%","One single female","Thousand persons",48,
2020,"EL","THS_PER","F1","B_40","MEAN_EI","Mean equivalised income","Below 40%","One single female","Thousand persons",51,
2021,"EL","THS_PER","F1","B_40","MEAN_EI","Mean equivalised income","Below 40%","One single female","Thousand persons",60,
2022,"EL","THS_PER","F1","B_40","MEAN_EI","Mean equivalised income","Below 40%","One single female","Thousand persons",62,
2023,"EL","THS_PER","F1","B_40","MEAN_EI","Mean equivalised income","Below 40%","One single female","Thousand persons",89,
2024,"EL","THS_PER","F1","B_40","MEAN_EI","Mean equivalised income","Below 40%","One single female","Thousand persons",107,
2025,"EL","THS_PER","F1","B_40","MEAN_EI","Mean equivalised income","Below 40%","One single female","Thousand persons",118,
1995,"EL","PC","F1","B_40","MEAN_EI","Mean equivalised income","Below 40%","One single female","Percentage",29,
1996,"EL","PC","F1","B_40","MEAN_EI","Mean equivalised income","Below 40%","One single female","Percentage",25,
1997,"EL","PC","F1","B_40","MEAN_EI","Mean equivalised income","Below 40%","One single female","Percentage",26,
1998,"EL","PC","F1","B_40","MEAN_EI","Mean equivalised income","Below 40%","One single female","Percentage",32,
1999,"EL","PC","F1","B_40","MEAN_EI","Mean equivalised income","Below 40%","One single female","Percentage",28,
2000,"EL","PC","F1","B_40","MEAN_EI","Mean equivalised income","Below 40%","One single female","Percentage",25,
2001,"EL","PC","F1","B_40","MEAN_EI","Mean equivalised income","Below 40%","One single female","Percentage",29,
2003,"EL","PC","F1","B_40","MEAN_EI","Mean equivalised income","Below 40%","One single female","Percentage",20.1,"b"
2004,"EL","PC","F1","B_40","MEAN_EI","Mean equivalised income","Below 40%","One single female","Percentage",23.7,
2005,"EL","PC","F1","B_40","MEAN_EI","Mean equivalised income","Below 40%","One single female","Percentage",21.6,
2006,"EL","PC","F1","B_40","MEAN_EI","Mean equivalised income","Below 40%","One single female","Percentage",18.2,
2007,"EL","PC","F1","B_40","MEAN_EI","Mean equivalised income","Below 40%","One single female","Percentage",19.1,
2008,"EL","PC","F1","B_40","MEAN_EI","Mean equivalised income","Below 40%","One single female","Percentage",16.2,
2009,"EL","PC","F1","B_40","MEAN_EI","Mean equivalised income","Below 40%","One single female","Percentage",15,
2010,"EL","PC","F1","B_40","MEAN_EI","Mean equivalised income","Below 40%","One single female","Percentage",12.4,
2011,"EL","PC","F1","B_40","MEAN_EI","Mean equivalised income","Below 40%","One single female","Percentage",15.1,
2012,"EL","PC","F1","B_40","MEAN_EI","Mean equivalised income","Below 40%","One single female","Percentage",8,
2013,"EL","PC","F1","B_40","MEAN_EI","Mean equivalised income","Below 40%","One single female","Percentage",8.6,
2014,"EL","PC","F1","B_40","MEAN_EI","Mean equivalised income","Below 40%","One single female","Percentage",7.3,
2015,"EL","PC","F1","B_40","MEAN_EI","Mean equivalised income","Below 40%","One single female","Percentage",8,
2016,"EL","PC","F1","B_40","MEAN_EI","Mean equivalised income","Below 40%","One single female","Percentage",8.9,
2017,"EL","PC","F1","B_40","MEAN_EI","Mean equivalised income","Below 40%","One single female","Percentage",9.7,
2018,"EL","PC","F1","B_40","MEAN_EI","Mean equivalised income","Below 40%","One single female","Percentage",8.4,
2019,"EL","PC","F1","B_40","MEAN_EI","Mean equivalised income","Below 40%","One single female","Percentage",7.1,
2020,"EL","PC","F1","B_40","MEAN_EI","Mean equivalised income","Below 40%","One single female","Percentage",7.5,
2021,"EL","PC","F1","B_40","MEAN_EI","Mean equivalised income","Below 40%","One single female","Percentage",8.9,
2022,"EL","PC","F1","B_40","MEAN_EI","Mean equivalised income","Below 40%","One single female","Percentage",9.4,
2023,"EL","PC","F1","B_40","MEAN_EI","Mean equivalised income","Below 40%","One single female","Percentage",10.6,
2024,"EL","PC","F1","B_40","MEAN_EI","Mean equivalised income","Below 40%","One single female","Percentage",12.9,
2025,"EL","PC","F1","B_40","MEAN_EI","Mean equivalised income","Below 40%","One single female","Percentage",14.4,
2015,"EL","THS_PER","A1","B_40","MEAN_EI","Mean equivalised income","Below 40%","One adult","Thousand persons",110,
2016,"EL","THS_PER","A1","B_40","MEAN_EI","Mean equivalised income","Below 40%","One adult","Thousand persons",111,
2017,"EL","THS_PER","A1","B_40","MEAN_EI","Mean equivalised income","Below 40%","One adult","Thousand persons",112,
2018,"EL","THS_PER","A1","B_40","MEAN_EI","Mean equivalised income","Below 40%","One adult","Thousand persons",102,
2019,"EL","THS_PER","A1","B_40","MEAN_EI","Mean equivalised income","Below 40%","One adult","Thousand persons",90,
2020,"EL","THS_PER","A1","B_40","MEAN_EI","Mean equivalised income","Below 40%","One adult","Thousand persons",94,
2021,"EL","THS_PER","A1","B_40","MEAN_EI","Mean equivalised income","Below 40%","One adult","Thousand persons",113,
2022,"EL","THS_PER","A1","B_40","MEAN_EI","Mean equivalised income","Below 40%","One adult","Thousand persons",110,
2023,"EL","THS_PER","A1","B_40","MEAN_EI","Mean equivalised income","Below 40%","One adult","Thousand persons",159,
2024,"EL","THS_PER","A1","B_40","MEAN_EI","Mean equivalised income","Below 40%","One adult","Thousand persons",181,
2025,"EL","THS_PER","A1","B_40","MEAN_EI","Mean equivalised income","Below 40%","One adult","Thousand persons",196,
1995,"EL","PC","A1","B_40","MEAN_EI","Mean equivalised income","Below 40%","One adult","Percentage",26,
1996,"EL","PC","A1","B_40","MEAN_EI","Mean equivalised income","Below 40%","One adult","Percentage",22,
1997,"EL","PC","A1","B_40","MEAN_EI","Mean equivalised income","Below 40%","One adult","Percentage",23,
1998,"EL","PC","A1","B_40","MEAN_EI","Mean equivalised income","Below 40%","One adult","Percentage",28,
1999,"EL","PC","A1","B_40","MEAN_EI","Mean equivalised income","Below 40%","One adult","Percentage",24,
2000,"EL","PC","A1","B_40","MEAN_EI","Mean equivalised income","Below 40%","One adult","Percentage",23,
2001,"EL","PC","A1","B_40","MEAN_EI","Mean equivalised income","Below 40%","One adult","Percentage",24,
2003,"EL","PC","A1","B_40","MEAN_EI","Mean equivalised income","Below 40%","One adult","Percentage",18.8,"b"
2004,"EL","PC","A1","B_40","MEAN_EI","Mean equivalised income","Below 40%","One adult","Percentage",20.2,
2005,"EL","PC","A1","B_40","MEAN_EI","Mean equivalised income","Below 40%","One adult","Percentage",18.8,
2006,"EL","PC","A1","B_40","MEAN_EI","Mean equivalised income","Below 40%","One adult","Percentage",16.6,
2007,"EL","PC","A1","B_40","MEAN_EI","Mean equivalised income","Below 40%","One adult","Percentage",17.4,
2008,"EL","PC","A1","B_40","MEAN_EI","Mean equivalised income","Below 40%","One adult","Percentage",15.4,
2009,"EL","PC","A1","B_40","MEAN_EI","Mean equivalised income","Below 40%","One adult","Percentage",15,
2010,"EL","PC","A1","B_40","MEAN_EI","Mean equivalised income","Below 40%","One adult","Percentage",12.8,
2011,"EL","PC","A1","B_40","MEAN_EI","Mean equivalised income","Below 40%","One adult","Percentage",15.3,
2012,"EL","PC","A1","B_40","MEAN_EI","Mean equivalised income","Below 40%","One adult","Percentage",8.9,
2013,"EL","PC","A1","B_40","MEAN_EI","Mean equivalised income","Below 40%","One adult","Percentage",9.4,
2014,"EL","PC","A1","B_40","MEAN_EI","Mean equivalised income","Below 40%","One adult","Percentage",8.5,
2015,"EL","PC","A1","B_40","MEAN_EI","Mean equivalised income","Below 40%","One adult","Percentage",10.2,
2016,"EL","PC","A1","B_40","MEAN_EI","Mean equivalised income","Below 40%","One adult","Percentage",10.4,
2017,"EL","PC","A1","B_40","MEAN_EI","Mean equivalised income","Below 40%","One adult","Percentage",10.5,
2018,"EL","PC","A1","B_40","MEAN_EI","Mean equivalised income","Below 40%","One adult","Percentage",9.6,
2019,"EL","PC","A1","B_40","MEAN_EI","Mean equivalised income","Below 40%","One adult","Percentage",8.5,
2020,"EL","PC","A1","B_40","MEAN_EI","Mean equivalised income","Below 40%","One adult","Percentage",8.9,
2021,"EL","PC","A1","B_40","MEAN_EI","Mean equivalised income","Below 40%","One adult","Percentage",10.7,
2022,"EL","PC","A1","B_40","MEAN_EI","Mean equivalised income","Below 40%","One adult","Percentage",10.6,
2023,"EL","PC","A1","B_40","MEAN_EI","Mean equivalised income","Below 40%","One adult","Percentage",11.4,
2024,"EL","PC","A1","B_40","MEAN_EI","Mean equivalised income","Below 40%","One adult","Percentage",13,
2025,"EL","PC","A1","B_40","MEAN_EI","Mean equivalised income","Below 40%","One adult","Percentage",14.1,
2015,"EL","THS_PER","A1_DCH","B_40","MEAN_EI","Mean equivalised income","Below 40%","One adult with dependent children","Thousand persons",40,
2016,"EL","THS_PER","A1_DCH","B_40","MEAN_EI","Mean equivalised income","Below 40%","One adult with dependent children","Thousand persons",35,
2017,"EL","THS_PER","A1_DCH","B_40","MEAN_EI","Mean equivalised income","Below 40%","One adult with dependent children","Thousand persons",35,
2018,"EL","THS_PER","A1_DCH","B_40","MEAN_EI","Mean equivalised income","Below 40%","One adult with dependent children","Thousand persons",33,
2019,"EL","THS_PER","A1_DCH","B_40","MEAN_EI","Mean equivalised income","Below 40%","One adult with dependent children","Thousand persons",18,
2020,"EL","THS_PER","A1_DCH","B_40","MEAN_EI","Mean equivalised income","Below 40%","One adult with dependent children","Thousand persons",20,
2021,"EL","THS_PER","A1_DCH","B_40","MEAN_EI","Mean equivalised income","Below 40%","One adult with dependent children","Thousand persons",26,
2022,"EL","THS_PER","A1_DCH","B_40","MEAN_EI","Mean equivalised income","Below 40%","One adult with dependent children","Thousand persons",34,
2023,"EL","THS_PER","A1_DCH","B_40","MEAN_EI","Mean equivalised income","Below 40%","One adult with dependent children","Thousand persons",45,
2024,"EL","THS_PER","A1_DCH","B_40","MEAN_EI","Mean equivalised income","Below 40%","One adult with dependent children","Thousand persons",32,
2025,"EL","THS_PER","A1_DCH","B_40","MEAN_EI","Mean equivalised income","Below 40%","One adult with dependent children","Thousand persons",24,
1995,"EL","PC","A1_DCH","B_40","MEAN_EI","Mean equivalised income","Below 40%","One adult with dependent children","Percentage",23,
1996,"EL","PC","A1_DCH","B_40","MEAN_EI","Mean equivalised income","Below 40%","One adult with dependent children","Percentage",21,
1997,"EL","PC","A1_DCH","B_40","MEAN_EI","Mean equivalised income","Below 40%","One adult with dependent children","Percentage",18,
1998,"EL","PC","A1_DCH","B_40","MEAN_EI","Mean equivalised income","Below 40%","One adult with dependent children","Percentage",13,
1999,"EL","PC","A1_DCH","B_40","MEAN_EI","Mean equivalised income","Below 40%","One adult with dependent children","Percentage",19,"u"
2000,"EL","PC","A1_DCH","B_40","MEAN_EI","Mean equivalised income","Below 40%","One adult with dependent children","Percentage",18,"u"
2001,"EL","PC","A1_DCH","B_40","MEAN_EI","Mean equivalised income","Below 40%","One adult with dependent children","Percentage",26,
2003,"EL","PC","A1_DCH","B_40","MEAN_EI","Mean equivalised income","Below 40%","One adult with dependent children","Percentage",25.1,"b"
2004,"EL","PC","A1_DCH","B_40","MEAN_EI","Mean equivalised income","Below 40%","One adult with dependent children","Percentage",16.5,
2005,"EL","PC","A1_DCH","B_40","MEAN_EI","Mean equivalised income","Below 40%","One adult with dependent children","Percentage",28,
2006,"EL","PC","A1_DCH","B_40","MEAN_EI","Mean equivalised income","Below 40%","One adult with dependent children","Percentage",19.7,
2007,"EL","PC","A1_DCH","B_40","MEAN_EI","Mean equivalised income","Below 40%","One adult with dependent children","Percentage",23.5,
2008,"EL","PC","A1_DCH","B_40","MEAN_EI","Mean equivalised income","Below 40%","One adult with dependent children","Percentage",14.8,
2009,"EL","PC","A1_DCH","B_40","MEAN_EI","Mean equivalised income","Below 40%","One adult with dependent children","Percentage",12.8,
2010,"EL","PC","A1_DCH","B_40","MEAN_EI","Mean equivalised income","Below 40%","One adult with dependent children","Percentage",21.7,
2011,"EL","PC","A1_DCH","B_40","MEAN_EI","Mean equivalised income","Below 40%","One adult with dependent children","Percentage",28.2,
2012,"EL","PC","A1_DCH","B_40","MEAN_EI","Mean equivalised income","Below 40%","One adult with dependent children","Percentage",43.6,
2013,"EL","PC","A1_DCH","B_40","MEAN_EI","Mean equivalised income","Below 40%","One adult with dependent children","Percentage",26.3,
2014,"EL","PC","A1_DCH","B_40","MEAN_EI","Mean equivalised income","Below 40%","One adult with dependent children","Percentage",22.5,
2015,"EL","PC","A1_DCH","B_40","MEAN_EI","Mean equivalised income","Below 40%","One adult with dependent children","Percentage",22.2,
2016,"EL","PC","A1_DCH","B_40","MEAN_EI","Mean equivalised income","Below 40%","One adult with dependent children","Percentage",20.4,
2017,"EL","PC","A1_DCH","B_40","MEAN_EI","Mean equivalised income","Below 40%","One adult with dependent children","Percentage",20.8,
2018,"EL","PC","A1_DCH","B_40","MEAN_EI","Mean equivalised income","Below 40%","One adult with dependent children","Percentage",20.1,
2019,"EL","PC","A1_DCH","B_40","MEAN_EI","Mean equivalised income","Below 40%","One adult with dependent children","Percentage",14,
2020,"EL","PC","A1_DCH","B_40","MEAN_EI","Mean equivalised income","Below 40%","One adult with dependent children","Percentage",14.3,
2021,"EL","PC","A1_DCH","B_40","MEAN_EI","Mean equivalised income","Below 40%","One adult with dependent children","Percentage",18.1,
2022,"EL","PC","A1_DCH","B_40","MEAN_EI","Mean equivalised income","Below 40%","One adult with dependent children","Percentage",23.1,
2023,"EL","PC","A1_DCH","B_40","MEAN_EI","Mean equivalised income","Below 40%","One adult with dependent children","Percentage",23.2,
2024,"EL","PC","A1_DCH","B_40","MEAN_EI","Mean equivalised income","Below 40%","One adult with dependent children","Percentage",18.6,
2025,"EL","PC","A1_DCH","B_40","MEAN_EI","Mean equivalised income","Below 40%","One adult with dependent children","Percentage",14.5,
2015,"EL","THS_PER","A2","B_40","MEAN_EI","Mean equivalised income","Below 40%","Two adults","Thousand persons",203,
2016,"EL","THS_PER","A2","B_40","MEAN_EI","Mean equivalised income","Below 40%","Two adults","Thousand persons",207,
2017,"EL","THS_PER","A2","B_40","MEAN_EI","Mean equivalised income","Below 40%","Two adults","Thousand persons",195,
2018,"EL","THS_PER","A2","B_40","MEAN_EI","Mean equivalised income","Below 40%","Two adults","Thousand persons",153,
2019,"EL","THS_PER","A2","B_40","MEAN_EI","Mean equivalised income","Below 40%","Two adults","Thousand persons",161,
2020,"EL","THS_PER","A2","B_40","MEAN_EI","Mean equivalised income","Below 40%","Two adults","Thousand persons",137,
2021,"EL","THS_PER","A2","B_40","MEAN_EI","Mean equivalised income","Below 40%","Two adults","Thousand persons",173,
2022,"EL","THS_PER","A2","B_40","MEAN_EI","Mean equivalised income","Below 40%","Two adults","Thousand persons",162,
2023,"EL","THS_PER","A2","B_40","MEAN_EI","Mean equivalised income","Below 40%","Two adults","Thousand persons",153,
2024,"EL","THS_PER","A2","B_40","MEAN_EI","Mean equivalised income","Below 40%","Two adults","Thousand persons",165,
2025,"EL","THS_PER","A2","B_40","MEAN_EI","Mean equivalised income","Below 40%","Two adults","Thousand persons",155,
2003,"EL","PC","A2","B_40","MEAN_EI","Mean equivalised income","Below 40%","Two adults","Percentage",13.6,"b"
2004,"EL","PC","A2","B_40","MEAN_EI","Mean equivalised income","Below 40%","Two adults","Percentage",11.2,
2005,"EL","PC","A2","B_40","MEAN_EI","Mean equivalised income","Below 40%","Two adults","Percentage",11.7,
2006,"EL","PC","A2","B_40","MEAN_EI","Mean equivalised income","Below 40%","Two adults","Percentage",10.6,
2007,"EL","PC","A2","B_40","MEAN_EI","Mean equivalised income","Below 40%","Two adults","Percentage",9.8,
2008,"EL","PC","A2","B_40","MEAN_EI","Mean equivalised income","Below 40%","Two adults","Percentage",8.1,
2009,"EL","PC","A2","B_40","MEAN_EI","Mean equivalised income","Below 40%","Two adults","Percentage",7.5,
2010,"EL","PC","A2","B_40","MEAN_EI","Mean equivalised income","Below 40%","Two adults","Percentage",8,
2011,"EL","PC","A2","B_40","MEAN_EI","Mean equivalised income","Below 40%","Two adults","Percentage",8.7,
2012,"EL","PC","A2","B_40","MEAN_EI","Mean equivalised income","Below 40%","Two adults","Percentage",5.6,
2013,"EL","PC","A2","B_40","MEAN_EI","Mean equivalised income","Below 40%","Two adults","Percentage",7,
2014,"EL","PC","A2","B_40","MEAN_EI","Mean equivalised income","Below 40%","Two adults","Percentage",9.1,
2015,"EL","PC","A2","B_40","MEAN_EI","Mean equivalised income","Below 40%","Two adults","Percentage",8.5,
2016,"EL","PC","A2","B_40","MEAN_EI","Mean equivalised income","Below 40%","Two adults","Percentage",8.7,
2017,"EL","PC","A2","B_40","MEAN_EI","Mean equivalised income","Below 40%","Two adults","Percentage",8.2,
2018,"EL","PC","A2","B_40","MEAN_EI","Mean equivalised income","Below 40%","Two adults","Percentage",6.5,
2019,"EL","PC","A2","B_40","MEAN_EI","Mean equivalised income","Below 40%","Two adults","Percentage",6.8,
2020,"EL","PC","A2","B_40","MEAN_EI","Mean equivalised income","Below 40%","Two adults","Percentage",5.8,
2021,"EL","PC","A2","B_40","MEAN_EI","Mean equivalised income","Below 40%","Two adults","Percentage",7.4,
2022,"EL","PC","A2","B_40","MEAN_EI","Mean equivalised income","Below 40%","Two adults","Percentage",7,
2023,"EL","PC","A2","B_40","MEAN_EI","Mean equivalised income","Below 40%","Two adults","Percentage",6.5,
2024,"EL","PC","A2","B_40","MEAN_EI","Mean equivalised income","Below 40%","Two adults","Percentage",7,
2025,"EL","PC","A2","B_40","MEAN_EI","Mean equivalised income","Below 40%","Two adults","Percentage",6.5,
2015,"EL","THS_PER","A2_DCH1","B_40","MEAN_EI","Mean equivalised income","Below 40%","Two adults with one dependent child","Thousand persons",148,
2016,"EL","THS_PER","A2_DCH1","B_40","MEAN_EI","Mean equivalised income","Below 40%","Two adults with one dependent child","Thousand persons",151,
2017,"EL","THS_PER","A2_DCH1","B_40","MEAN_EI","Mean equivalised income","Below 40%","Two adults with one dependent child","Thousand persons",126,
2018,"EL","THS_PER","A2_DCH1","B_40","MEAN_EI","Mean equivalised income","Below 40%","Two adults with one dependent child","Thousand persons",135,
2019,"EL","THS_PER","A2_DCH1","B_40","MEAN_EI","Mean equivalised income","Below 40%","Two adults with one dependent child","Thousand persons",115,
2020,"EL","THS_PER","A2_DCH1","B_40","MEAN_EI","Mean equivalised income","Below 40%","Two adults with one dependent child","Thousand persons",109,
2021,"EL","THS_PER","A2_DCH1","B_40","MEAN_EI","Mean equivalised income","Below 40%","Two adults with one dependent child","Thousand persons",114,
2022,"EL","THS_PER","A2_DCH1","B_40","MEAN_EI","Mean equivalised income","Below 40%","Two adults with one dependent child","Thousand persons",87,
2023,"EL","THS_PER","A2_DCH1","B_40","MEAN_EI","Mean equivalised income","Below 40%","Two adults with one dependent child","Thousand persons",99,
2024,"EL","THS_PER","A2_DCH1","B_40","MEAN_EI","Mean equivalised income","Below 40%","Two adults with one dependent child","Thousand persons",103,
2025,"EL","THS_PER","A2_DCH1","B_40","MEAN_EI","Mean equivalised income","Below 40%","Two adults with one dependent child","Thousand persons",105,
1995,"EL","PC","A2_DCH1","B_40","MEAN_EI","Mean equivalised income","Below 40%","Two adults with one dependent child","Percentage",6,
1996,"EL","PC","A2_DCH1","B_40","MEAN_EI","Mean equivalised income","Below 40%","Two adults with one dependent child","Percentage",6,
1997,"EL","PC","A2_DCH1","B_40","MEAN_EI","Mean equivalised income","Below 40%","Two adults with one dependent child","Percentage",8,
1998,"EL","PC","A2_DCH1","B_40","MEAN_EI","Mean equivalised income","Below 40%","Two adults with one dependent child","Percentage",6,
1999,"EL","PC","A2_DCH1","B_40","MEAN_EI","Mean equivalised income","Below 40%","Two adults with one dependent child","Percentage",7,
2000,"EL","PC","A2_DCH1","B_40","MEAN_EI","Mean equivalised income","Below 40%","Two adults with one dependent child","Percentage",5,
2001,"EL","PC","A2_DCH1","B_40","MEAN_EI","Mean equivalised income","Below 40%","Two adults with one dependent child","Percentage",5,
2003,"EL","PC","A2_DCH1","B_40","MEAN_EI","Mean equivalised income","Below 40%","Two adults with one dependent child","Percentage",8.6,"b"
2004,"EL","PC","A2_DCH1","B_40","MEAN_EI","Mean equivalised income","Below 40%","Two adults with one dependent child","Percentage",7.7,
2005,"EL","PC","A2_DCH1","B_40","MEAN_EI","Mean equivalised income","Below 40%","Two adults with one dependent child","Percentage",8.7,
2006,"EL","PC","A2_DCH1","B_40","MEAN_EI","Mean equivalised income","Below 40%","Two adults with one dependent child","Percentage",8,
2007,"EL","PC","A2_DCH1","B_40","MEAN_EI","Mean equivalised income","Below 40%","Two adults with one dependent child","Percentage",11.5,
2008,"EL","PC","A2_DCH1","B_40","MEAN_EI","Mean equivalised income","Below 40%","Two adults with one dependent child","Percentage",9.6,
2009,"EL","PC","A2_DCH1","B_40","MEAN_EI","Mean equivalised income","Below 40%","Two adults with one dependent child","Percentage",12.7,
2010,"EL","PC","A2_DCH1","B_40","MEAN_EI","Mean equivalised income","Below 40%","Two adults with one dependent child","Percentage",12.8,
2011,"EL","PC","A2_DCH1","B_40","MEAN_EI","Mean equivalised income","Below 40%","Two adults with one dependent child","Percentage",11.8,
2012,"EL","PC","A2_DCH1","B_40","MEAN_EI","Mean equivalised income","Below 40%","Two adults with one dependent child","Percentage",15.4,
2013,"EL","PC","A2_DCH1","B_40","MEAN_EI","Mean equivalised income","Below 40%","Two adults with one dependent child","Percentage",12.8,
2014,"EL","PC","A2_DCH1","B_40","MEAN_EI","Mean equivalised income","Below 40%","Two adults with one dependent child","Percentage",14.8,
2015,"EL","PC","A2_DCH1","B_40","MEAN_EI","Mean equivalised income","Below 40%","Two adults with one dependent child","Percentage",13,
2016,"EL","PC","A2_DCH1","B_40","MEAN_EI","Mean equivalised income","Below 40%","Two adults with one dependent child","Percentage",12.8,
2017,"EL","PC","A2_DCH1","B_40","MEAN_EI","Mean equivalised income","Below 40%","Two adults with one dependent child","Percentage",10.9,
2018,"EL","PC","A2_DCH1","B_40","MEAN_EI","Mean equivalised income","Below 40%","Two adults with one dependent child","Percentage",11.2,
2019,"EL","PC","A2_DCH1","B_40","MEAN_EI","Mean equivalised income","Below 40%","Two adults with one dependent child","Percentage",10.2,
2020,"EL","PC","A2_DCH1","B_40","MEAN_EI","Mean equivalised income","Below 40%","Two adults with one dependent child","Percentage",9.6,
2021,"EL","PC","A2_DCH1","B_40","MEAN_EI","Mean equivalised income","Below 40%","Two adults with one dependent child","Percentage",10.1,
2022,"EL","PC","A2_DCH1","B_40","MEAN_EI","Mean equivalised income","Below 40%","Two adults with one dependent child","Percentage",9.2,
2023,"EL","PC","A2_DCH1","B_40","MEAN_EI","Mean equivalised income","Below 40%","Two adults with one dependent child","Percentage",8.7,
2024,"EL","PC","A2_DCH1","B_40","MEAN_EI","Mean equivalised income","Below 40%","Two adults with one dependent child","Percentage",8.8,
2025,"EL","PC","A2_DCH1","B_40","MEAN_EI","Mean equivalised income","Below 40%","Two adults with one dependent child","Percentage",8.9,
2015,"EL","THS_PER","A2_DCH2","B_40","MEAN_EI","Mean equivalised income","Below 40%","Two adults with two dependent children","Thousand persons",260,
2016,"EL","THS_PER","A2_DCH2","B_40","MEAN_EI","Mean equivalised income","Below 40%","Two adults with two dependent children","Thousand persons",244,
2017,"EL","THS_PER","A2_DCH2","B_40","MEAN_EI","Mean equivalised income","Below 40%","Two adults with two dependent children","Thousand persons",226,
2018,"EL","THS_PER","A2_DCH2","B_40","MEAN_EI","Mean equivalised income","Below 40%","Two adults with two dependent children","Thousand persons",202,
2019,"EL","THS_PER","A2_DCH2","B_40","MEAN_EI","Mean equivalised income","Below 40%","Two adults with two dependent children","Thousand persons",157,
2020,"EL","THS_PER","A2_DCH2","B_40","MEAN_EI","Mean equivalised income","Below 40%","Two adults with two dependent children","Thousand persons",164,
2021,"EL","THS_PER","A2_DCH2","B_40","MEAN_EI","Mean equivalised income","Below 40%","Two adults with two dependent children","Thousand persons",193,
2022,"EL","THS_PER","A2_DCH2","B_40","MEAN_EI","Mean equivalised income","Below 40%","Two adults with two dependent children","Thousand persons",140,
2023,"EL","THS_PER","A2_DCH2","B_40","MEAN_EI","Mean equivalised income","Below 40%","Two adults with two dependent children","Thousand persons",126,
2024,"EL","THS_PER","A2_DCH2","B_40","MEAN_EI","Mean equivalised income","Below 40%","Two adults with two dependent children","Thousand persons",135,
2025,"EL","THS_PER","A2_DCH2","B_40","MEAN_EI","Mean equivalised income","Below 40%","Two adults with two dependent children","Thousand persons",147,
1995,"EL","PC","A2_DCH2","B_40","MEAN_EI","Mean equivalised income","Below 40%","Two adults with two dependent children","Percentage",11,
1996,"EL","PC","A2_DCH2","B_40","MEAN_EI","Mean equivalised income","Below 40%","Two adults with two dependent children","Percentage",10,
1997,"EL","PC","A2_DCH2","B_40","MEAN_EI","Mean equivalised income","Below 40%","Two adults with two dependent children","Percentage",10,
1998,"EL","PC","A2_DCH2","B_40","MEAN_EI","Mean equivalised income","Below 40%","Two adults with two dependent children","Percentage",8,
1999,"EL","PC","A2_DCH2","B_40","MEAN_EI","Mean equivalised income","Below 40%","Two adults with two dependent children","Percentage",9,
2000,"EL","PC","A2_DCH2","B_40","MEAN_EI","Mean equivalised income","Below 40%","Two adults with two dependent children","Percentage",9,
2001,"EL","PC","A2_DCH2","B_40","MEAN_EI","Mean equivalised income","Below 40%","Two adults with two dependent children","Percentage",7,
2003,"EL","PC","A2_DCH2","B_40","MEAN_EI","Mean equivalised income","Below 40%","Two adults with two dependent children","Percentage",10.3,"b"
2004,"EL","PC","A2_DCH2","B_40","MEAN_EI","Mean equivalised income","Below 40%","Two adults with two dependent children","Percentage",8.2,
2005,"EL","PC","A2_DCH2","B_40","MEAN_EI","Mean equivalised income","Below 40%","Two adults with two dependent children","Percentage",9.5,
2006,"EL","PC","A2_DCH2","B_40","MEAN_EI","Mean equivalised income","Below 40%","Two adults with two dependent children","Percentage",12.9,
2007,"EL","PC","A2_DCH2","B_40","MEAN_EI","Mean equivalised income","Below 40%","Two adults with two dependent children","Percentage",12.2,
2008,"EL","PC","A2_DCH2","B_40","MEAN_EI","Mean equivalised income","Below 40%","Two adults with two dependent children","Percentage",12.1,
2009,"EL","PC","A2_DCH2","B_40","MEAN_EI","Mean equivalised income","Below 40%","Two adults with two dependent children","Percentage",13.8,
2010,"EL","PC","A2_DCH2","B_40","MEAN_EI","Mean equivalised income","Below 40%","Two adults with two dependent children","Percentage",11.3,
2011,"EL","PC","A2_DCH2","B_40","MEAN_EI","Mean equivalised income","Below 40%","Two adults with two dependent children","Percentage",12,
2012,"EL","PC","A2_DCH2","B_40","MEAN_EI","Mean equivalised income","Below 40%","Two adults with two dependent children","Percentage",17.5,
2013,"EL","PC","A2_DCH2","B_40","MEAN_EI","Mean equivalised income","Below 40%","Two adults with two dependent children","Percentage",18,
2014,"EL","PC","A2_DCH2","B_40","MEAN_EI","Mean equivalised income","Below 40%","Two adults with two dependent children","Percentage",14.9,
2015,"EL","PC","A2_DCH2","B_40","MEAN_EI","Mean equivalised income","Below 40%","Two adults with two dependent children","Percentage",14.1,
2016,"EL","PC","A2_DCH2","B_40","MEAN_EI","Mean equivalised income","Below 40%","Two adults with two dependent children","Percentage",13.4,
2017,"EL","PC","A2_DCH2","B_40","MEAN_EI","Mean equivalised income","Below 40%","Two adults with two dependent children","Percentage",12.8,
2018,"EL","PC","A2_DCH2","B_40","MEAN_EI","Mean equivalised income","Below 40%","Two adults with two dependent children","Percentage",11.6,
2019,"EL","PC","A2_DCH2","B_40","MEAN_EI","Mean equivalised income","Below 40%","Two adults with two dependent children","Percentage",9.8,
2020,"EL","PC","A2_DCH2","B_40","MEAN_EI","Mean equivalised income","Below 40%","Two adults with two dependent children","Percentage",9.6,
2021,"EL","PC","A2_DCH2","B_40","MEAN_EI","Mean equivalised income","Below 40%","Two adults with two dependent children","Percentage",11.6,
2022,"EL","PC","A2_DCH2","B_40","MEAN_EI","Mean equivalised income","Below 40%","Two adults with two dependent children","Percentage",8.6,
2023,"EL","PC","A2_DCH2","B_40","MEAN_EI","Mean equivalised income","Below 40%","Two adults with two dependent children","Percentage",8,
2024,"EL","PC","A2_DCH2","B_40","MEAN_EI","Mean equivalised income","Below 40%","Two adults with two dependent children","Percentage",8.7,
2025,"EL","PC","A2_DCH2","B_40","MEAN_EI","Mean equivalised income","Below 40%","Two adults with two dependent children","Percentage",9.7,
2015,"EL","THS_PER","A2_DCH_GE3","B_40","MEAN_EI","Mean equivalised income","Below 40%","Two adults with three or more dependent children","Thousand persons",120,
2016,"EL","THS_PER","A2_DCH_GE3","B_40","MEAN_EI","Mean equivalised income","Below 40%","Two adults with three or more dependent children","Thousand persons",120,
2017,"EL","THS_PER","A2_DCH_GE3","B_40","MEAN_EI","Mean equivalised income","Below 40%","Two adults with three or more dependent children","Thousand persons",91,
2018,"EL","THS_PER","A2_DCH_GE3","B_40","MEAN_EI","Mean equivalised income","Below 40%","Two adults with three or more dependent children","Thousand persons",96,
2019,"EL","THS_PER","A2_DCH_GE3","B_40","MEAN_EI","Mean equivalised income","Below 40%","Two adults with three or more dependent children","Thousand persons",113,
2020,"EL","THS_PER","A2_DCH_GE3","B_40","MEAN_EI","Mean equivalised income","Below 40%","Two adults with three or more dependent children","Thousand persons",103,
2021,"EL","THS_PER","A2_DCH_GE3","B_40","MEAN_EI","Mean equivalised income","Below 40%","Two adults with three or more dependent children","Thousand persons",173,
2022,"EL","THS_PER","A2_DCH_GE3","B_40","MEAN_EI","Mean equivalised income","Below 40%","Two adults with three or more dependent children","Thousand persons",163,
2023,"EL","THS_PER","A2_DCH_GE3","B_40","MEAN_EI","Mean equivalised income","Below 40%","Two adults with three or more dependent children","Thousand persons",126,
2024,"EL","THS_PER","A2_DCH_GE3","B_40","MEAN_EI","Mean equivalised income","Below 40%","Two adults with three or more dependent children","Thousand persons",118,
2025,"EL","THS_PER","A2_DCH_GE3","B_40","MEAN_EI","Mean equivalised income","Below 40%","Two adults with three or more dependent children","Thousand persons",145,
1995,"EL","PC","A2_DCH_GE3","B_40","MEAN_EI","Mean equivalised income","Below 40%","Two adults with three or more dependent children","Percentage",9,
1996,"EL","PC","A2_DCH_GE3","B_40","MEAN_EI","Mean equivalised income","Below 40%","Two adults with three or more dependent children","Percentage",12,
1997,"EL","PC","A2_DCH_GE3","B_40","MEAN_EI","Mean equivalised income","Below 40%","Two adults with three or more dependent children","Percentage",14,
1998,"EL","PC","A2_DCH_GE3","B_40","MEAN_EI","Mean equivalised income","Below 40%","Two adults with three or more dependent children","Percentage",16,
1999,"EL","PC","A2_DCH_GE3","B_40","MEAN_EI","Mean equivalised income","Below 40%","Two adults with three or more dependent children","Percentage",12,
2000,"EL","PC","A2_DCH_GE3","B_40","MEAN_EI","Mean equivalised income","Below 40%","Two adults with three or more dependent children","Percentage",14,
2001,"EL","PC","A2_DCH_GE3","B_40","MEAN_EI","Mean equivalised income","Below 40%","Two adults with three or more dependent children","Percentage",17,
2003,"EL","PC","A2_DCH_GE3","B_40","MEAN_EI","Mean equivalised income","Below 40%","Two adults with three or more dependent children","Percentage",21.3,"b"
2004,"EL","PC","A2_DCH_GE3","B_40","MEAN_EI","Mean equivalised income","Below 40%","Two adults with three or more dependent children","Percentage",18.3,
2005,"EL","PC","A2_DCH_GE3","B_40","MEAN_EI","Mean equivalised income","Below 40%","Two adults with three or more dependent children","Percentage",14.9,
2006,"EL","PC","A2_DCH_GE3","B_40","MEAN_EI","Mean equivalised income","Below 40%","Two adults with three or more dependent children","Percentage",22.6,
2007,"EL","PC","A2_DCH_GE3","B_40","MEAN_EI","Mean equivalised income","Below 40%","Two adults with three or more dependent children","Percentage",21.8,
2008,"EL","PC","A2_DCH_GE3","B_40","MEAN_EI","Mean equivalised income","Below 40%","Two adults with three or more dependent children","Percentage",16.1,
2009,"EL","PC","A2_DCH_GE3","B_40","MEAN_EI","Mean equivalised income","Below 40%","Two adults with three or more dependent children","Percentage",14.5,
2010,"EL","PC","A2_DCH_GE3","B_40","MEAN_EI","Mean equivalised income","Below 40%","Two adults with three or more dependent children","Percentage",16.6,
2011,"EL","PC","A2_DCH_GE3","B_40","MEAN_EI","Mean equivalised income","Below 40%","Two adults with three or more dependent children","Percentage",13.6,
2012,"EL","PC","A2_DCH_GE3","B_40","MEAN_EI","Mean equivalised income","Below 40%","Two adults with three or more dependent children","Percentage",23.7,
2013,"EL","PC","A2_DCH_GE3","B_40","MEAN_EI","Mean equivalised income","Below 40%","Two adults with three or more dependent children","Percentage",20.6,
2014,"EL","PC","A2_DCH_GE3","B_40","MEAN_EI","Mean equivalised income","Below 40%","Two adults with three or more dependent children","Percentage",20.1,
2015,"EL","PC","A2_DCH_GE3","B_40","MEAN_EI","Mean equivalised income","Below 40%","Two adults with three or more dependent children","Percentage",18.7,
2016,"EL","PC","A2_DCH_GE3","B_40","MEAN_EI","Mean equivalised income","Below 40%","Two adults with three or more dependent children","Percentage",19.7,
2017,"EL","PC","A2_DCH_GE3","B_40","MEAN_EI","Mean equivalised income","Below 40%","Two adults with three or more dependent children","Percentage",14.6,
2018,"EL","PC","A2_DCH_GE3","B_40","MEAN_EI","Mean equivalised income","Below 40%","Two adults with three or more dependent children","Percentage",14.7,
2019,"EL","PC","A2_DCH_GE3","B_40","MEAN_EI","Mean equivalised income","Below 40%","Two adults with three or more dependent children","Percentage",13.2,
2020,"EL","PC","A2_DCH_GE3","B_40","MEAN_EI","Mean equivalised income","Below 40%","Two adults with three or more dependent children","Percentage",13.6,
2021,"EL","PC","A2_DCH_GE3","B_40","MEAN_EI","Mean equivalised income","Below 40%","Two adults with three or more dependent children","Percentage",16.8,
2022,"EL","PC","A2_DCH_GE3","B_40","MEAN_EI","Mean equivalised income","Below 40%","Two adults with three or more dependent children","Percentage",15.4,
2023,"EL","PC","A2_DCH_GE3","B_40","MEAN_EI","Mean equivalised income","Below 40%","Two adults with three or more dependent children","Percentage",14.4,
2024,"EL","PC","A2_DCH_GE3","B_40","MEAN_EI","Mean equivalised income","Below 40%","Two adults with three or more dependent children","Percentage",13.5,
2025,"EL","PC","A2_DCH_GE3","B_40","MEAN_EI","Mean equivalised income","Below 40%","Two adults with three or more dependent children","Percentage",16.9,
2015,"EL","THS_PER","A_GE2_DCH","B_40","MEAN_EI","Mean equivalised income","Below 40%","Two or more adults with dependent children","Thousand persons",792,
2016,"EL","THS_PER","A_GE2_DCH","B_40","MEAN_EI","Mean equivalised income","Below 40%","Two or more adults with dependent children","Thousand persons",776,
2017,"EL","THS_PER","A_GE2_DCH","B_40","MEAN_EI","Mean equivalised income","Below 40%","Two or more adults with dependent children","Thousand persons",698,
2018,"EL","THS_PER","A_GE2_DCH","B_40","MEAN_EI","Mean equivalised income","Below 40%","Two or more adults with dependent children","Thousand persons",648,
2019,"EL","THS_PER","A_GE2_DCH","B_40","MEAN_EI","Mean equivalised income","Below 40%","Two or more adults with dependent children","Thousand persons",588,
2020,"EL","THS_PER","A_GE2_DCH","B_40","MEAN_EI","Mean equivalised income","Below 40%","Two or more adults with dependent children","Thousand persons",591,
2021,"EL","THS_PER","A_GE2_DCH","B_40","MEAN_EI","Mean equivalised income","Below 40%","Two or more adults with dependent children","Thousand persons",640,
2022,"EL","THS_PER","A_GE2_DCH","B_40","MEAN_EI","Mean equivalised income","Below 40%","Two or more adults with dependent children","Thousand persons",519,
2023,"EL","THS_PER","A_GE2_DCH","B_40","MEAN_EI","Mean equivalised income","Below 40%","Two or more adults with dependent children","Thousand persons",455,
2024,"EL","THS_PER","A_GE2_DCH","B_40","MEAN_EI","Mean equivalised income","Below 40%","Two or more adults with dependent children","Thousand persons",440,
2025,"EL","THS_PER","A_GE2_DCH","B_40","MEAN_EI","Mean equivalised income","Below 40%","Two or more adults with dependent children","Thousand persons",456,
2003,"EL","PC","A_GE2_DCH","B_40","MEAN_EI","Mean equivalised income","Below 40%","Two or more adults with dependent children","Percentage",12.8,"b"
2004,"EL","PC","A_GE2_DCH","B_40","MEAN_EI","Mean equivalised income","Below 40%","Two or more adults with dependent children","Percentage",9.2,
2005,"EL","PC","A_GE2_DCH","B_40","MEAN_EI","Mean equivalised income","Below 40%","Two or more adults with dependent children","Percentage",10.1,
2006,"EL","PC","A_GE2_DCH","B_40","MEAN_EI","Mean equivalised income","Below 40%","Two or more adults with dependent children","Percentage",12.7,
2007,"EL","PC","A_GE2_DCH","B_40","MEAN_EI","Mean equivalised income","Below 40%","Two or more adults with dependent children","Percentage",12.9,
2008,"EL","PC","A_GE2_DCH","B_40","MEAN_EI","Mean equivalised income","Below 40%","Two or more adults with dependent children","Percentage",12.7,
2009,"EL","PC","A_GE2_DCH","B_40","MEAN_EI","Mean equivalised income","Below 40%","Two or more adults with dependent children","Percentage",13,
2010,"EL","PC","A_GE2_DCH","B_40","MEAN_EI","Mean equivalised income","Below 40%","Two or more adults with dependent children","Percentage",12.7,
2011,"EL","PC","A_GE2_DCH","B_40","MEAN_EI","Mean equivalised income","Below 40%","Two or more adults with dependent children","Percentage",12.4,
2012,"EL","PC","A_GE2_DCH","B_40","MEAN_EI","Mean equivalised income","Below 40%","Two or more adults with dependent children","Percentage",17.5,
2013,"EL","PC","A_GE2_DCH","B_40","MEAN_EI","Mean equivalised income","Below 40%","Two or more adults with dependent children","Percentage",19.1,
2014,"EL","PC","A_GE2_DCH","B_40","MEAN_EI","Mean equivalised income","Below 40%","Two or more adults with dependent children","Percentage",17.3,
2015,"EL","PC","A_GE2_DCH","B_40","MEAN_EI","Mean equivalised income","Below 40%","Two or more adults with dependent children","Percentage",16.1,
2016,"EL","PC","A_GE2_DCH","B_40","MEAN_EI","Mean equivalised income","Below 40%","Two or more adults with dependent children","Percentage",16,
2017,"EL","PC","A_GE2_DCH","B_40","MEAN_EI","Mean equivalised income","Below 40%","Two or more adults with dependent children","Percentage",14.5,
2018,"EL","PC","A_GE2_DCH","B_40","MEAN_EI","Mean equivalised income","Below 40%","Two or more adults with dependent children","Percentage",13.4,
2019,"EL","PC","A_GE2_DCH","B_40","MEAN_EI","Mean equivalised income","Below 40%","Two or more adults with dependent children","Percentage",12.1,
2020,"EL","PC","A_GE2_DCH","B_40","MEAN_EI","Mean equivalised income","Below 40%","Two or more adults with dependent children","Percentage",12.2,
2021,"EL","PC","A_GE2_DCH","B_40","MEAN_EI","Mean equivalised income","Below 40%","Two or more adults with dependent children","Percentage",12.8,
2022,"EL","PC","A_GE2_DCH","B_40","MEAN_EI","Mean equivalised income","Below 40%","Two or more adults with dependent children","Percentage",10.9,
2023,"EL","PC","A_GE2_DCH","B_40","MEAN_EI","Mean equivalised income","Below 40%","Two or more adults with dependent children","Percentage",10,
2024,"EL","PC","A_GE2_DCH","B_40","MEAN_EI","Mean equivalised income","Below 40%","Two or more adults with dependent children","Percentage",9.7,
2025,"EL","PC","A_GE2_DCH","B_40","MEAN_EI","Mean equivalised income","Below 40%","Two or more adults with dependent children","Percentage",10.1,
2015,"EL","THS_PER","A_GE2_NDCH","B_40","MEAN_EI","Mean equivalised income","Below 40%","Two or more adults without dependent children","Thousand persons",423,
2016,"EL","THS_PER","A_GE2_NDCH","B_40","MEAN_EI","Mean equivalised income","Below 40%","Two or more adults without dependent children","Thousand persons",471,
2017,"EL","THS_PER","A_GE2_NDCH","B_40","MEAN_EI","Mean equivalised income","Below 40%","Two or more adults without dependent children","Thousand persons",450,
2018,"EL","THS_PER","A_GE2_NDCH","B_40","MEAN_EI","Mean equivalised income","Below 40%","Two or more adults without dependent children","Thousand persons",356,
2019,"EL","THS_PER","A_GE2_NDCH","B_40","MEAN_EI","Mean equivalised income","Below 40%","Two or more adults without dependent children","Thousand persons",346,
2020,"EL","THS_PER","A_GE2_NDCH","B_40","MEAN_EI","Mean equivalised income","Below 40%","Two or more adults without dependent children","Thousand persons",309,
2021,"EL","THS_PER","A_GE2_NDCH","B_40","MEAN_EI","Mean equivalised income","Below 40%","Two or more adults without dependent children","Thousand persons",329,
2022,"EL","THS_PER","A_GE2_NDCH","B_40","MEAN_EI","Mean equivalised income","Below 40%","Two or more adults without dependent children","Thousand persons",296,
2023,"EL","THS_PER","A_GE2_NDCH","B_40","MEAN_EI","Mean equivalised income","Below 40%","Two or more adults without dependent children","Thousand persons",264,
2024,"EL","THS_PER","A_GE2_NDCH","B_40","MEAN_EI","Mean equivalised income","Below 40%","Two or more adults without dependent children","Thousand persons",303,
2025,"EL","THS_PER","A_GE2_NDCH","B_40","MEAN_EI","Mean equivalised income","Below 40%","Two or more adults without dependent children","Thousand persons",267,
2003,"EL","PC","A_GE2_NDCH","B_40","MEAN_EI","Mean equivalised income","Below 40%","Two or more adults without dependent children","Percentage",10.9,"b"
2004,"EL","PC","A_GE2_NDCH","B_40","MEAN_EI","Mean equivalised income","Below 40%","Two or more adults without dependent children","Percentage",9.7,
2005,"EL","PC","A_GE2_NDCH","B_40","MEAN_EI","Mean equivalised income","Below 40%","Two or more adults without dependent children","Percentage",9.2,
2006,"EL","PC","A_GE2_NDCH","B_40","MEAN_EI","Mean equivalised income","Below 40%","Two or more adults without dependent children","Percentage",9.5,
2007,"EL","PC","A_GE2_NDCH","B_40","MEAN_EI","Mean equivalised income","Below 40%","Two or more adults without dependent children","Percentage",8.5,
2008,"EL","PC","A_GE2_NDCH","B_40","MEAN_EI","Mean equivalised income","Below 40%","Two or more adults without dependent children","Percentage",8.8,
2009,"EL","PC","A_GE2_NDCH","B_40","MEAN_EI","Mean equivalised income","Below 40%","Two or more adults without dependent children","Percentage",6.8,
2010,"EL","PC","A_GE2_NDCH","B_40","MEAN_EI","Mean equivalised income","Below 40%","Two or more adults without dependent children","Percentage",7.4,
2011,"EL","PC","A_GE2_NDCH","B_40","MEAN_EI","Mean equivalised income","Below 40%","Two or more adults without dependent children","Percentage",9.1,
2012,"EL","PC","A_GE2_NDCH","B_40","MEAN_EI","Mean equivalised income","Below 40%","Two or more adults without dependent children","Percentage",8.2,
2013,"EL","PC","A_GE2_NDCH","B_40","MEAN_EI","Mean equivalised income","Below 40%","Two or more adults without dependent children","Percentage",8.5,
2014,"EL","PC","A_GE2_NDCH","B_40","MEAN_EI","Mean equivalised income","Below 40%","Two or more adults without dependent children","Percentage",10.2,
2015,"EL","PC","A_GE2_NDCH","B_40","MEAN_EI","Mean equivalised income","Below 40%","Two or more adults without dependent children","Percentage",9.3,
2016,"EL","PC","A_GE2_NDCH","B_40","MEAN_EI","Mean equivalised income","Below 40%","Two or more adults without dependent children","Percentage",10.4,
2017,"EL","PC","A_GE2_NDCH","B_40","MEAN_EI","Mean equivalised income","Below 40%","Two or more adults without dependent children","Percentage",9.9,
2018,"EL","PC","A_GE2_NDCH","B_40","MEAN_EI","Mean equivalised income","Below 40%","Two or more adults without dependent children","Percentage",8,
2019,"EL","PC","A_GE2_NDCH","B_40","MEAN_EI","Mean equivalised income","Below 40%","Two or more adults without dependent children","Percentage",7.8,
2020,"EL","PC","A_GE2_NDCH","B_40","MEAN_EI","Mean equivalised income","Below 40%","Two or more adults without dependent children","Percentage",6.9,
2021,"EL","PC","A_GE2_NDCH","B_40","MEAN_EI","Mean equivalised income","Below 40%","Two or more adults without dependent children","Percentage",7.6,
2022,"EL","PC","A_GE2_NDCH","B_40","MEAN_EI","Mean equivalised income","Below 40%","Two or more adults without dependent children","Percentage",6.7,
2023,"EL","PC","A_GE2_NDCH","B_40","MEAN_EI","Mean equivalised income","Below 40%","Two or more adults without dependent children","Percentage",6.5,
2024,"EL","PC","A_GE2_NDCH","B_40","MEAN_EI","Mean equivalised income","Below 40%","Two or more adults without dependent children","Percentage",7.5,
2025,"EL","PC","A_GE2_NDCH","B_40","MEAN_EI","Mean equivalised income","Below 40%","Two or more adults without dependent children","Percentage",6.6,
2015,"EL","THS_PER","A_GE3","B_40","MEAN_EI","Mean equivalised income","Below 40%","Three or more adults","Thousand persons",219,
2016,"EL","THS_PER","A_GE3","B_40","MEAN_EI","Mean equivalised income","Below 40%","Three or more adults","Thousand persons",264,
2017,"EL","THS_PER","A_GE3","B_40","MEAN_EI","Mean equivalised income","Below 40%","Three or more adults","Thousand persons",255,
2018,"EL","THS_PER","A_GE3","B_40","MEAN_EI","Mean equivalised income","Below 40%","Three or more adults","Thousand persons",203,
2019,"EL","THS_PER","A_GE3","B_40","MEAN_EI","Mean equivalised income","Below 40%","Three or more adults","Thousand persons",185,
2020,"EL","THS_PER","A_GE3","B_40","MEAN_EI","Mean equivalised income","Below 40%","Three or more adults","Thousand persons",171,
2021,"EL","THS_PER","A_GE3","B_40","MEAN_EI","Mean equivalised income","Below 40%","Three or more adults","Thousand persons",156,
2022,"EL","THS_PER","A_GE3","B_40","MEAN_EI","Mean equivalised income","Below 40%","Three or more adults","Thousand persons",134,
2023,"EL","THS_PER","A_GE3","B_40","MEAN_EI","Mean equivalised income","Below 40%","Three or more adults","Thousand persons",111,
2024,"EL","THS_PER","A_GE3","B_40","MEAN_EI","Mean equivalised income","Below 40%","Three or more adults","Thousand persons",138,
2025,"EL","THS_PER","A_GE3","B_40","MEAN_EI","Mean equivalised income","Below 40%","Three or more adults","Thousand persons",112,
1995,"EL","PC","A_GE3","B_40","MEAN_EI","Mean equivalised income","Below 40%","Three or more adults","Percentage",12,
1996,"EL","PC","A_GE3","B_40","MEAN_EI","Mean equivalised income","Below 40%","Three or more adults","Percentage",11,
1997,"EL","PC","A_GE3","B_40","MEAN_EI","Mean equivalised income","Below 40%","Three or more adults","Percentage",12,
1998,"EL","PC","A_GE3","B_40","MEAN_EI","Mean equivalised income","Below 40%","Three or more adults","Percentage",13,
1999,"EL","PC","A_GE3","B_40","MEAN_EI","Mean equivalised income","Below 40%","Three or more adults","Percentage",11,
2000,"EL","PC","A_GE3","B_40","MEAN_EI","Mean equivalised income","Below 40%","Three or more adults","Percentage",11,
2001,"EL","PC","A_GE3","B_40","MEAN_EI","Mean equivalised income","Below 40%","Three or more adults","Percentage",10,
2003,"EL","PC","A_GE3","B_40","MEAN_EI","Mean equivalised income","Below 40%","Three or more adults","Percentage",8.4,"b"
2004,"EL","PC","A_GE3","B_40","MEAN_EI","Mean equivalised income","Below 40%","Three or more adults","Percentage",8.4,
2005,"EL","PC","A_GE3","B_40","MEAN_EI","Mean equivalised income","Below 40%","Three or more adults","Percentage",6.8,
2006,"EL","PC","A_GE3","B_40","MEAN_EI","Mean equivalised income","Below 40%","Three or more adults","Percentage",8.6,
2007,"EL","PC","A_GE3","B_40","MEAN_EI","Mean equivalised income","Below 40%","Three or more adults","Percentage",7.4,
2008,"EL","PC","A_GE3","B_40","MEAN_EI","Mean equivalised income","Below 40%","Three or more adults","Percentage",9.5,
2009,"EL","PC","A_GE3","B_40","MEAN_EI","Mean equivalised income","Below 40%","Three or more adults","Percentage",6.2,
2010,"EL","PC","A_GE3","B_40","MEAN_EI","Mean equivalised income","Below 40%","Three or more adults","Percentage",6.8,
2011,"EL","PC","A_GE3","B_40","MEAN_EI","Mean equivalised income","Below 40%","Three or more adults","Percentage",9.5,
2012,"EL","PC","A_GE3","B_40","MEAN_EI","Mean equivalised income","Below 40%","Three or more adults","Percentage",10.4,
2013,"EL","PC","A_GE3","B_40","MEAN_EI","Mean equivalised income","Below 40%","Three or more adults","Percentage",10.2,
2014,"EL","PC","A_GE3","B_40","MEAN_EI","Mean equivalised income","Below 40%","Three or more adults","Percentage",11.4,
2015,"EL","PC","A_GE3","B_40","MEAN_EI","Mean equivalised income","Below 40%","Three or more adults","Percentage",10.2,
2016,"EL","PC","A_GE3","B_40","MEAN_EI","Mean equivalised income","Below 40%","Three or more adults","Percentage",12.2,
2017,"EL","PC","A_GE3","B_40","MEAN_EI","Mean equivalised income","Below 40%","Three or more adults","Percentage",11.7,
2018,"EL","PC","A_GE3","B_40","MEAN_EI","Mean equivalised income","Below 40%","Three or more adults","Percentage",9.7,
2019,"EL","PC","A_GE3","B_40","MEAN_EI","Mean equivalised income","Below 40%","Three or more adults","Percentage",8.8,
2020,"EL","PC","A_GE3","B_40","MEAN_EI","Mean equivalised income","Below 40%","Three or more adults","Percentage",8.1,
2021,"EL","PC","A_GE3","B_40","MEAN_EI","Mean equivalised income","Below 40%","Three or more adults","Percentage",8,
2022,"EL","PC","A_GE3","B_40","MEAN_EI","Mean equivalised income","Below 40%","Three or more adults","Percentage",6.4,
2023,"EL","PC","A_GE3","B_40","MEAN_EI","Mean equivalised income","Below 40%","Three or more adults","Percentage",6.5,
2024,"EL","PC","A_GE3","B_40","MEAN_EI","Mean equivalised income","Below 40%","Three or more adults","Percentage",8.1,
2025,"EL","PC","A_GE3","B_40","MEAN_EI","Mean equivalised income","Below 40%","Three or more adults","Percentage",6.6,
2015,"EL","THS_PER","A_GE3_DCH","B_40","MEAN_EI","Mean equivalised income","Below 40%","Three or more adults with dependent children","Thousand persons",264,
2016,"EL","THS_PER","A_GE3_DCH","B_40","MEAN_EI","Mean equivalised income","Below 40%","Three or more adults with dependent children","Thousand persons",262,
2017,"EL","THS_PER","A_GE3_DCH","B_40","MEAN_EI","Mean equivalised income","Below 40%","Three or more adults with dependent children","Thousand persons",255,
2018,"EL","THS_PER","A_GE3_DCH","B_40","MEAN_EI","Mean equivalised income","Below 40%","Three or more adults with dependent children","Thousand persons",216,
2019,"EL","THS_PER","A_GE3_DCH","B_40","MEAN_EI","Mean equivalised income","Below 40%","Three or more adults with dependent children","Thousand persons",203,
2020,"EL","THS_PER","A_GE3_DCH","B_40","MEAN_EI","Mean equivalised income","Below 40%","Three or more adults with dependent children","Thousand persons",214,
2021,"EL","THS_PER","A_GE3_DCH","B_40","MEAN_EI","Mean equivalised income","Below 40%","Three or more adults with dependent children","Thousand persons",159,
2022,"EL","THS_PER","A_GE3_DCH","B_40","MEAN_EI","Mean equivalised income","Below 40%","Three or more adults with dependent children","Thousand persons",128,
2023,"EL","THS_PER","A_GE3_DCH","B_40","MEAN_EI","Mean equivalised income","Below 40%","Three or more adults with dependent children","Thousand persons",103,
2024,"EL","THS_PER","A_GE3_DCH","B_40","MEAN_EI","Mean equivalised income","Below 40%","Three or more adults with dependent children","Thousand persons",85,
2025,"EL","THS_PER","A_GE3_DCH","B_40","MEAN_EI","Mean equivalised income","Below 40%","Three or more adults with dependent children","Thousand persons",59,
1995,"EL","PC","A_GE3_DCH","B_40","MEAN_EI","Mean equivalised income","Below 40%","Three or more adults with dependent children","Percentage",17,
1996,"EL","PC","A_GE3_DCH","B_40","MEAN_EI","Mean equivalised income","Below 40%","Three or more adults with dependent children","Percentage",17,
1997,"EL","PC","A_GE3_DCH","B_40","MEAN_EI","Mean equivalised income","Below 40%","Three or more adults with dependent children","Percentage",19,
1998,"EL","PC","A_GE3_DCH","B_40","MEAN_EI","Mean equivalised income","Below 40%","Three or more adults with dependent children","Percentage",16,
1999,"EL","PC","A_GE3_DCH","B_40","MEAN_EI","Mean equivalised income","Below 40%","Three or more adults with dependent children","Percentage",16,
2000,"EL","PC","A_GE3_DCH","B_40","MEAN_EI","Mean equivalised income","Below 40%","Three or more adults with dependent children","Percentage",13,
2001,"EL","PC","A_GE3_DCH","B_40","MEAN_EI","Mean equivalised income","Below 40%","Three or more adults with dependent children","Percentage",16,
2003,"EL","PC","A_GE3_DCH","B_40","MEAN_EI","Mean equivalised income","Below 40%","Three or more adults with dependent children","Percentage",17.8,"b"
2004,"EL","PC","A_GE3_DCH","B_40","MEAN_EI","Mean equivalised income","Below 40%","Three or more adults with dependent children","Percentage",12.7,
2005,"EL","PC","A_GE3_DCH","B_40","MEAN_EI","Mean equivalised income","Below 40%","Three or more adults with dependent children","Percentage",12.8,
2006,"EL","PC","A_GE3_DCH","B_40","MEAN_EI","Mean equivalised income","Below 40%","Three or more adults with dependent children","Percentage",14,
2007,"EL","PC","A_GE3_DCH","B_40","MEAN_EI","Mean equivalised income","Below 40%","Three or more adults with dependent children","Percentage",13.2,
2008,"EL","PC","A_GE3_DCH","B_40","MEAN_EI","Mean equivalised income","Below 40%","Three or more adults with dependent children","Percentage",16.4,
2009,"EL","PC","A_GE3_DCH","B_40","MEAN_EI","Mean equivalised income","Below 40%","Three or more adults with dependent children","Percentage",10.5,
2010,"EL","PC","A_GE3_DCH","B_40","MEAN_EI","Mean equivalised income","Below 40%","Three or more adults with dependent children","Percentage",15.5,
2011,"EL","PC","A_GE3_DCH","B_40","MEAN_EI","Mean equivalised income","Below 40%","Three or more adults with dependent children","Percentage",14.1,
2012,"EL","PC","A_GE3_DCH","B_40","MEAN_EI","Mean equivalised income","Below 40%","Three or more adults with dependent children","Percentage",19.3,
2013,"EL","PC","A_GE3_DCH","B_40","MEAN_EI","Mean equivalised income","Below 40%","Three or more adults with dependent children","Percentage",25.5,
2014,"EL","PC","A_GE3_DCH","B_40","MEAN_EI","Mean equivalised income","Below 40%","Three or more adults with dependent children","Percentage",22.5,
2015,"EL","PC","A_GE3_DCH","B_40","MEAN_EI","Mean equivalised income","Below 40%","Three or more adults with dependent children","Percentage",20.6,
2016,"EL","PC","A_GE3_DCH","B_40","MEAN_EI","Mean equivalised income","Below 40%","Three or more adults with dependent children","Percentage",21,
2017,"EL","PC","A_GE3_DCH","B_40","MEAN_EI","Mean equivalised income","Below 40%","Three or more adults with dependent children","Percentage",20.3,
2018,"EL","PC","A_GE3_DCH","B_40","MEAN_EI","Mean equivalised income","Below 40%","Three or more adults with dependent children","Percentage",17.5,
2019,"EL","PC","A_GE3_DCH","B_40","MEAN_EI","Mean equivalised income","Below 40%","Three or more adults with dependent children","Percentage",16.1,
2020,"EL","PC","A_GE3_DCH","B_40","MEAN_EI","Mean equivalised income","Below 40%","Three or more adults with dependent children","Percentage",17.2,
2021,"EL","PC","A_GE3_DCH","B_40","MEAN_EI","Mean equivalised income","Below 40%","Three or more adults with dependent children","Percentage",14,
2022,"EL","PC","A_GE3_DCH","B_40","MEAN_EI","Mean equivalised income","Below 40%","Three or more adults with dependent children","Percentage",11.7,
2023,"EL","PC","A_GE3_DCH","B_40","MEAN_EI","Mean equivalised income","Below 40%","Three or more adults with dependent children","Percentage",10.7,
2024,"EL","PC","A_GE3_DCH","B_40","MEAN_EI","Mean equivalised income","Below 40%","Three or more adults with dependent children","Percentage",9,
2025,"EL","PC","A_GE3_DCH","B_40","MEAN_EI","Mean equivalised income","Below 40%","Three or more adults with dependent children","Percentage",6.1,
2015,"EL","THS_PER","DCH","B_40","MEAN_EI","Mean equivalised income","Below 40%","Household with dependent children","Thousand persons",832,
2016,"EL","THS_PER","DCH","B_40","MEAN_EI","Mean equivalised income","Below 40%","Household with dependent children","Thousand persons",811,
2017,"EL","THS_PER","DCH","B_40","MEAN_EI","Mean equivalised income","Below 40%","Household with dependent children","Thousand persons",733,
2018,"EL","THS_PER","DCH","B_40","MEAN_EI","Mean equivalised income","Below 40%","Household with dependent children","Thousand persons",681,
2019,"EL","THS_PER","DCH","B_40","MEAN_EI","Mean equivalised income","Below 40%","Household with dependent children","Thousand persons",606,
2020,"EL","THS_PER","DCH","B_40","MEAN_EI","Mean equivalised income","Below 40%","Household with dependent children","Thousand persons",611,
2021,"EL","THS_PER","DCH","B_40","MEAN_EI","Mean equivalised income","Below 40%","Household with dependent children","Thousand persons",666,
2022,"EL","THS_PER","DCH","B_40","MEAN_EI","Mean equivalised income","Below 40%","Household with dependent children","Thousand persons",553,
2023,"EL","THS_PER","DCH","B_40","MEAN_EI","Mean equivalised income","Below 40%","Household with dependent children","Thousand persons",499,
2024,"EL","THS_PER","DCH","B_40","MEAN_EI","Mean equivalised income","Below 40%","Household with dependent children","Thousand persons",472,
2025,"EL","THS_PER","DCH","B_40","MEAN_EI","Mean equivalised income","Below 40%","Household with dependent children","Thousand persons",481,
1995,"EL","PC","DCH","B_40","MEAN_EI","Mean equivalised income","Below 40%","Household with dependent children","Percentage",12,
1996,"EL","PC","DCH","B_40","MEAN_EI","Mean equivalised income","Below 40%","Household with dependent children","Percentage",12,
1997,"EL","PC","DCH","B_40","MEAN_EI","Mean equivalised income","Below 40%","Household with dependent children","Percentage",13,
1998,"EL","PC","DCH","B_40","MEAN_EI","Mean equivalised income","Below 40%","Household with dependent children","Percentage",11,
1999,"EL","PC","DCH","B_40","MEAN_EI","Mean equivalised income","Below 40%","Household with dependent children","Percentage",11,
2000,"EL","PC","DCH","B_40","MEAN_EI","Mean equivalised income","Below 40%","Household with dependent children","Percentage",10,
2001,"EL","PC","DCH","B_40","MEAN_EI","Mean equivalised income","Below 40%","Household with dependent children","Percentage",10,
2003,"EL","PC","DCH","B_40","MEAN_EI","Mean equivalised income","Below 40%","Household with dependent children","Percentage",13.1,"b"
2004,"EL","PC","DCH","B_40","MEAN_EI","Mean equivalised income","Below 40%","Household with dependent children","Percentage",9.5,
2005,"EL","PC","DCH","B_40","MEAN_EI","Mean equivalised income","Below 40%","Household with dependent children","Percentage",10.8,
2006,"EL","PC","DCH","B_40","MEAN_EI","Mean equivalised income","Below 40%","Household with dependent children","Percentage",12.9,
2007,"EL","PC","DCH","B_40","MEAN_EI","Mean equivalised income","Below 40%","Household with dependent children","Percentage",13.3,
2008,"EL","PC","DCH","B_40","MEAN_EI","Mean equivalised income","Below 40%","Household with dependent children","Percentage",12.8,
2009,"EL","PC","DCH","B_40","MEAN_EI","Mean equivalised income","Below 40%","Household with dependent children","Percentage",13,
2010,"EL","PC","DCH","B_40","MEAN_EI","Mean equivalised income","Below 40%","Household with dependent children","Percentage",12.9,
2011,"EL","PC","DCH","B_40","MEAN_EI","Mean equivalised income","Below 40%","Household with dependent children","Percentage",12.8,
2012,"EL","PC","DCH","B_40","MEAN_EI","Mean equivalised income","Below 40%","Household with dependent children","Percentage",18.3,
2013,"EL","PC","DCH","B_40","MEAN_EI","Mean equivalised income","Below 40%","Household with dependent children","Percentage",19.4,
2014,"EL","PC","DCH","B_40","MEAN_EI","Mean equivalised income","Below 40%","Household with dependent children","Percentage",17.4,
2015,"EL","PC","DCH","B_40","MEAN_EI","Mean equivalised income","Below 40%","Household with dependent children","Percentage",16.4,
2016,"EL","PC","DCH","B_40","MEAN_EI","Mean equivalised income","Below 40%","Household with dependent children","Percentage",16.2,
2017,"EL","PC","DCH","B_40","MEAN_EI","Mean equivalised income","Below 40%","Household with dependent children","Percentage",14.7,
2018,"EL","PC","DCH","B_40","MEAN_EI","Mean equivalised income","Below 40%","Household with dependent children","Percentage",13.7,
2019,"EL","PC","DCH","B_40","MEAN_EI","Mean equivalised income","Below 40%","Household with dependent children","Percentage",12.2,
2020,"EL","PC","DCH","B_40","MEAN_EI","Mean equivalised income","Below 40%","Household with dependent children","Percentage",12.2,
2021,"EL","PC","DCH","B_40","MEAN_EI","Mean equivalised income","Below 40%","Household with dependent children","Percentage",13,
2022,"EL","PC","DCH","B_40","MEAN_EI","Mean equivalised income","Below 40%","Household with dependent children","Percentage",11.3,
2023,"EL","PC","DCH","B_40","MEAN_EI","Mean equivalised income","Below 40%","Household with dependent children","Percentage",10.5,
2024,"EL","PC","DCH","B_40","MEAN_EI","Mean equivalised income","Below 40%","Household with dependent children","Percentage",10.1,
2025,"EL","PC","DCH","B_40","MEAN_EI","Mean equivalised income","Below 40%","Household with dependent children","Percentage",10.3,
2015,"EL","THS_PER","NDCH","B_40","MEAN_EI","Mean equivalised income","Below 40%","Household without dependent children","Thousand persons",533,
2016,"EL","THS_PER","NDCH","B_40","MEAN_EI","Mean equivalised income","Below 40%","Household without dependent children","Thousand persons",582,
2017,"EL","THS_PER","NDCH","B_40","MEAN_EI","Mean equivalised income","Below 40%","Household without dependent children","Thousand persons",562,
2018,"EL","THS_PER","NDCH","B_40","MEAN_EI","Mean equivalised income","Below 40%","Household without dependent children","Thousand persons",458,
2019,"EL","THS_PER","NDCH","B_40","MEAN_EI","Mean equivalised income","Below 40%","Household without dependent children","Thousand persons",436,
2020,"EL","THS_PER","NDCH","B_40","MEAN_EI","Mean equivalised income","Below 40%","Household without dependent children","Thousand persons",403,
2021,"EL","THS_PER","NDCH","B_40","MEAN_EI","Mean equivalised income","Below 40%","Household without dependent children","Thousand persons",442,
2022,"EL","THS_PER","NDCH","B_40","MEAN_EI","Mean equivalised income","Below 40%","Household without dependent children","Thousand persons",407,
2023,"EL","THS_PER","NDCH","B_40","MEAN_EI","Mean equivalised income","Below 40%","Household without dependent children","Thousand persons",423,
2024,"EL","THS_PER","NDCH","B_40","MEAN_EI","Mean equivalised income","Below 40%","Household without dependent children","Thousand persons",484,
2025,"EL","THS_PER","NDCH","B_40","MEAN_EI","Mean equivalised income","Below 40%","Household without dependent children","Thousand persons",462,
1995,"EL","PC","NDCH","B_40","MEAN_EI","Mean equivalised income","Below 40%","Household without dependent children","Percentage",18,
1996,"EL","PC","NDCH","B_40","MEAN_EI","Mean equivalised income","Below 40%","Household without dependent children","Percentage",15,
1997,"EL","PC","NDCH","B_40","MEAN_EI","Mean equivalised income","Below 40%","Household without dependent children","Percentage",17,
1998,"EL","PC","NDCH","B_40","MEAN_EI","Mean equivalised income","Below 40%","Household without dependent children","Percentage",18,
1999,"EL","PC","NDCH","B_40","MEAN_EI","Mean equivalised income","Below 40%","Household without dependent children","Percentage",16,
2000,"EL","PC","NDCH","B_40","MEAN_EI","Mean equivalised income","Below 40%","Household without dependent children","Percentage",15,
2001,"EL","PC","NDCH","B_40","MEAN_EI","Mean equivalised income","Below 40%","Household without dependent children","Percentage",14,
2003,"EL","PC","NDCH","B_40","MEAN_EI","Mean equivalised income","Below 40%","Household without dependent children","Percentage",12.1,"b"
2004,"EL","PC","NDCH","B_40","MEAN_EI","Mean equivalised income","Below 40%","Household without dependent children","Percentage",11.3,
2005,"EL","PC","NDCH","B_40","MEAN_EI","Mean equivalised income","Below 40%","Household without dependent children","Percentage",10.6,
2006,"EL","PC","NDCH","B_40","MEAN_EI","Mean equivalised income","Below 40%","Household without dependent children","Percentage",10.6,
2007,"EL","PC","NDCH","B_40","MEAN_EI","Mean equivalised income","Below 40%","Household without dependent children","Percentage",9.8,
2008,"EL","PC","NDCH","B_40","MEAN_EI","Mean equivalised income","Below 40%","Household without dependent children","Percentage",9.8,
2009,"EL","PC","NDCH","B_40","MEAN_EI","Mean equivalised income","Below 40%","Household without dependent children","Percentage",8,
2010,"EL","PC","NDCH","B_40","MEAN_EI","Mean equivalised income","Below 40%","Household without dependent children","Percentage",8.2,
2011,"EL","PC","NDCH","B_40","MEAN_EI","Mean equivalised income","Below 40%","Household without dependent children","Percentage",10,
2012,"EL","PC","NDCH","B_40","MEAN_EI","Mean equivalised income","Below 40%","Household without dependent children","Percentage",8.3,
2013,"EL","PC","NDCH","B_40","MEAN_EI","Mean equivalised income","Below 40%","Household without dependent children","Percentage",8.7,
2014,"EL","PC","NDCH","B_40","MEAN_EI","Mean equivalised income","Below 40%","Household without dependent children","Percentage",9.8,
2015,"EL","PC","NDCH","B_40","MEAN_EI","Mean equivalised income","Below 40%","Household without dependent children","Percentage",9.5,
2016,"EL","PC","NDCH","B_40","MEAN_EI","Mean equivalised income","Below 40%","Household without dependent children","Percentage",10.4,
2017,"EL","PC","NDCH","B_40","MEAN_EI","Mean equivalised income","Below 40%","Household without dependent children","Percentage",10,
2018,"EL","PC","NDCH","B_40","MEAN_EI","Mean equivalised income","Below 40%","Household without dependent children","Percentage",8.3,
2019,"EL","PC","NDCH","B_40","MEAN_EI","Mean equivalised income","Below 40%","Household without dependent children","Percentage",7.9,
2020,"EL","PC","NDCH","B_40","MEAN_EI","Mean equivalised income","Below 40%","Household without dependent children","Percentage",7.3,
2021,"EL","PC","NDCH","B_40","MEAN_EI","Mean equivalised income","Below 40%","Household without dependent children","Percentage",8.3,
2022,"EL","PC","NDCH","B_40","MEAN_EI","Mean equivalised income","Below 40%","Household without dependent children","Percentage",7.5,
2023,"EL","PC","NDCH","B_40","MEAN_EI","Mean equivalised income","Below 40%","Household without dependent children","Percentage",7.8,
2024,"EL","PC","NDCH","B_40","MEAN_EI","Mean equivalised income","Below 40%","Household without dependent children","Percentage",8.9,
2025,"EL","PC","NDCH","B_40","MEAN_EI","Mean equivalised income","Below 40%","Household without dependent children","Percentage",8.5,
1995,"EL","PC","A1_LT64","B_40","MEAN_EI","Mean equivalised income","Below 40%","One adult younger than 64 years","Percentage",17,
1996,"EL","PC","A1_LT64","B_40","MEAN_EI","Mean equivalised income","Below 40%","One adult younger than 64 years","Percentage",13,
1997,"EL","PC","A1_LT64","B_40","MEAN_EI","Mean equivalised income","Below 40%","One adult younger than 64 years","Percentage",14,
1998,"EL","PC","A1_LT64","B_40","MEAN_EI","Mean equivalised income","Below 40%","One adult younger than 64 years","Percentage",18,
1999,"EL","PC","A1_LT64","B_40","MEAN_EI","Mean equivalised income","Below 40%","One adult younger than 64 years","Percentage",17,
2000,"EL","PC","A1_LT64","B_40","MEAN_EI","Mean equivalised income","Below 40%","One adult younger than 64 years","Percentage",16,
2001,"EL","PC","A1_LT64","B_40","MEAN_EI","Mean equivalised income","Below 40%","One adult younger than 64 years","Percentage",15,
2015,"EL","THS_PER","A1_LT65","B_40","MEAN_EI","Mean equivalised income","Below 40%","One adult younger than 65 years","Thousand persons",93,
2016,"EL","THS_PER","A1_LT65","B_40","MEAN_EI","Mean equivalised income","Below 40%","One adult younger than 65 years","Thousand persons",88,
2017,"EL","THS_PER","A1_LT65","B_40","MEAN_EI","Mean equivalised income","Below 40%","One adult younger than 65 years","Thousand persons",81,
2018,"EL","THS_PER","A1_LT65","B_40","MEAN_EI","Mean equivalised income","Below 40%","One adult younger than 65 years","Thousand persons",81,
2019,"EL","THS_PER","A1_LT65","B_40","MEAN_EI","Mean equivalised income","Below 40%","One adult younger than 65 years","Thousand persons",68,
2020,"EL","THS_PER","A1_LT65","B_40","MEAN_EI","Mean equivalised income","Below 40%","One adult younger than 65 years","Thousand persons",78,
2021,"EL","THS_PER","A1_LT65","B_40","MEAN_EI","Mean equivalised income","Below 40%","One adult younger than 65 years","Thousand persons",87,
2022,"EL","THS_PER","A1_LT65","B_40","MEAN_EI","Mean equivalised income","Below 40%","One adult younger than 65 years","Thousand persons",76,
2023,"EL","THS_PER","A1_LT65","B_40","MEAN_EI","Mean equivalised income","Below 40%","One adult younger than 65 years","Thousand persons",109,
2024,"EL","THS_PER","A1_LT65","B_40","MEAN_EI","Mean equivalised income","Below 40%","One adult younger than 65 years","Thousand persons",113,
2025,"EL","THS_PER","A1_LT65","B_40","MEAN_EI","Mean equivalised income","Below 40%","One adult younger than 65 years","Thousand persons",114,
2003,"EL","PC","A1_LT65","B_40","MEAN_EI","Mean equivalised income","Below 40%","One adult younger than 65 years","Percentage",12.1,"b"
2004,"EL","PC","A1_LT65","B_40","MEAN_EI","Mean equivalised income","Below 40%","One adult younger than 65 years","Percentage",15.1,
2005,"EL","PC","A1_LT65","B_40","MEAN_EI","Mean equivalised income","Below 40%","One adult younger than 65 years","Percentage",11.8,
2006,"EL","PC","A1_LT65","B_40","MEAN_EI","Mean equivalised income","Below 40%","One adult younger than 65 years","Percentage",9,
2007,"EL","PC","A1_LT65","B_40","MEAN_EI","Mean equivalised income","Below 40%","One adult younger than 65 years","Percentage",10.1,
2008,"EL","PC","A1_LT65","B_40","MEAN_EI","Mean equivalised income","Below 40%","One adult younger than 65 years","Percentage",11.2,
2009,"EL","PC","A1_LT65","B_40","MEAN_EI","Mean equivalised income","Below 40%","One adult younger than 65 years","Percentage",13.5,
2010,"EL","PC","A1_LT65","B_40","MEAN_EI","Mean equivalised income","Below 40%","One adult younger than 65 years","Percentage",11.4,
2011,"EL","PC","A1_LT65","B_40","MEAN_EI","Mean equivalised income","Below 40%","One adult younger than 65 years","Percentage",14.1,
2012,"EL","PC","A1_LT65","B_40","MEAN_EI","Mean equivalised income","Below 40%","One adult younger than 65 years","Percentage",13.7,
2013,"EL","PC","A1_LT65","B_40","MEAN_EI","Mean equivalised income","Below 40%","One adult younger than 65 years","Percentage",14.7,
2014,"EL","PC","A1_LT65","B_40","MEAN_EI","Mean equivalised income","Below 40%","One adult younger than 65 years","Percentage",12.9,
2015,"EL","PC","A1_LT65","B_40","MEAN_EI","Mean equivalised income","Below 40%","One adult younger than 65 years","Percentage",17,
2016,"EL","PC","A1_LT65","B_40","MEAN_EI","Mean equivalised income","Below 40%","One adult younger than 65 years","Percentage",16.6,
2017,"EL","PC","A1_LT65","B_40","MEAN_EI","Mean equivalised income","Below 40%","One adult younger than 65 years","Percentage",16,
2018,"EL","PC","A1_LT65","B_40","MEAN_EI","Mean equivalised income","Below 40%","One adult younger than 65 years","Percentage",16.2,
2019,"EL","PC","A1_LT65","B_40","MEAN_EI","Mean equivalised income","Below 40%","One adult younger than 65 years","Percentage",13.5,
2020,"EL","PC","A1_LT65","B_40","MEAN_EI","Mean equivalised income","Below 40%","One adult younger than 65 years","Percentage",15.7,
2021,"EL","PC","A1_LT65","B_40","MEAN_EI","Mean equivalised income","Below 40%","One adult younger than 65 years","Percentage",17.6,
2022,"EL","PC","A1_LT65","B_40","MEAN_EI","Mean equivalised income","Below 40%","One adult younger than 65 years","Percentage",15.6,
2023,"EL","PC","A1_LT65","B_40","MEAN_EI","Mean equivalised income","Below 40%","One adult younger than 65 years","Percentage",15.5,
2024,"EL","PC","A1_LT65","B_40","MEAN_EI","Mean equivalised income","Below 40%","One adult younger than 65 years","Percentage",16.1,
2025,"EL","PC","A1_LT65","B_40","MEAN_EI","Mean equivalised income","Below 40%","One adult younger than 65 years","Percentage",16.8,
2015,"EL","THS_PER","A1_GE65","B_40","MEAN_EI","Mean equivalised income","Below 40%","One adult 65 years or over","Thousand persons",17,
2016,"EL","THS_PER","A1_GE65","B_40","MEAN_EI","Mean equivalised income","Below 40%","One adult 65 years or over","Thousand persons",23,
2017,"EL","THS_PER","A1_GE65","B_40","MEAN_EI","Mean equivalised income","Below 40%","One adult 65 years or over","Thousand persons",31,
2018,"EL","THS_PER","A1_GE65","B_40","MEAN_EI","Mean equivalised income","Below 40%","One adult 65 years or over","Thousand persons",21,
2019,"EL","THS_PER","A1_GE65","B_40","MEAN_EI","Mean equivalised income","Below 40%","One adult 65 years or over","Thousand persons",22,
2020,"EL","THS_PER","A1_GE65","B_40","MEAN_EI","Mean equivalised income","Below 40%","One adult 65 years or over","Thousand persons",17,
2021,"EL","THS_PER","A1_GE65","B_40","MEAN_EI","Mean equivalised income","Below 40%","One adult 65 years or over","Thousand persons",26,
2022,"EL","THS_PER","A1_GE65","B_40","MEAN_EI","Mean equivalised income","Below 40%","One adult 65 years or over","Thousand persons",35,
2023,"EL","THS_PER","A1_GE65","B_40","MEAN_EI","Mean equivalised income","Below 40%","One adult 65 years or over","Thousand persons",50,
2024,"EL","THS_PER","A1_GE65","B_40","MEAN_EI","Mean equivalised income","Below 40%","One adult 65 years or over","Thousand persons",68,
2025,"EL","THS_PER","A1_GE65","B_40","MEAN_EI","Mean equivalised income","Below 40%","One adult 65 years or over","Thousand persons",82,
1995,"EL","PC","A1_GE65","B_40","MEAN_EI","Mean equivalised income","Below 40%","One adult 65 years or over","Percentage",34,
1996,"EL","PC","A1_GE65","B_40","MEAN_EI","Mean equivalised income","Below 40%","One adult 65 years or over","Percentage",28,
1997,"EL","PC","A1_GE65","B_40","MEAN_EI","Mean equivalised income","Below 40%","One adult 65 years or over","Percentage",28,
1998,"EL","PC","A1_GE65","B_40","MEAN_EI","Mean equivalised income","Below 40%","One adult 65 years or over","Percentage",33,
1999,"EL","PC","A1_GE65","B_40","MEAN_EI","Mean equivalised income","Below 40%","One adult 65 years or over","Percentage",28,
2000,"EL","PC","A1_GE65","B_40","MEAN_EI","Mean equivalised income","Below 40%","One adult 65 years or over","Percentage",26,
2001,"EL","PC","A1_GE65","B_40","MEAN_EI","Mean equivalised income","Below 40%","One adult 65 years or over","Percentage",29,
2003,"EL","PC","A1_GE65","B_40","MEAN_EI","Mean equivalised income","Below 40%","One adult 65 years or over","Percentage",25.5,"b"
2004,"EL","PC","A1_GE65","B_40","MEAN_EI","Mean equivalised income","Below 40%","One adult 65 years or over","Percentage",24.4,
2005,"EL","PC","A1_GE65","B_40","MEAN_EI","Mean equivalised income","Below 40%","One adult 65 years or over","Percentage",24.6,
2006,"EL","PC","A1_GE65","B_40","MEAN_EI","Mean equivalised income","Below 40%","One adult 65 years or over","Percentage",24.1,
2007,"EL","PC","A1_GE65","B_40","MEAN_EI","Mean equivalised income","Below 40%","One adult 65 years or over","Percentage",25.1,
2008,"EL","PC","A1_GE65","B_40","MEAN_EI","Mean equivalised income","Below 40%","One adult 65 years or over","Percentage",20.2,
2009,"EL","PC","A1_GE65","B_40","MEAN_EI","Mean equivalised income","Below 40%","One adult 65 years or over","Percentage",16.7,
2010,"EL","PC","A1_GE65","B_40","MEAN_EI","Mean equivalised income","Below 40%","One adult 65 years or over","Percentage",14.6,
2011,"EL","PC","A1_GE65","B_40","MEAN_EI","Mean equivalised income","Below 40%","One adult 65 years or over","Percentage",16.8,
2012,"EL","PC","A1_GE65","B_40","MEAN_EI","Mean equivalised income","Below 40%","One adult 65 years or over","Percentage",3.7,
2013,"EL","PC","A1_GE65","B_40","MEAN_EI","Mean equivalised income","Below 40%","One adult 65 years or over","Percentage",3.3,
2014,"EL","PC","A1_GE65","B_40","MEAN_EI","Mean equivalised income","Below 40%","One adult 65 years or over","Percentage",3.8,
2015,"EL","PC","A1_GE65","B_40","MEAN_EI","Mean equivalised income","Below 40%","One adult 65 years or over","Percentage",3.2,
2016,"EL","PC","A1_GE65","B_40","MEAN_EI","Mean equivalised income","Below 40%","One adult 65 years or over","Percentage",4.3,
2017,"EL","PC","A1_GE65","B_40","MEAN_EI","Mean equivalised income","Below 40%","One adult 65 years or over","Percentage",5.5,
2018,"EL","PC","A1_GE65","B_40","MEAN_EI","Mean equivalised income","Below 40%","One adult 65 years or over","Percentage",3.7,
2019,"EL","PC","A1_GE65","B_40","MEAN_EI","Mean equivalised income","Below 40%","One adult 65 years or over","Percentage",4,
2020,"EL","PC","A1_GE65","B_40","MEAN_EI","Mean equivalised income","Below 40%","One adult 65 years or over","Percentage",3,
2021,"EL","PC","A1_GE65","B_40","MEAN_EI","Mean equivalised income","Below 40%","One adult 65 years or over","Percentage",4.7,
2022,"EL","PC","A1_GE65","B_40","MEAN_EI","Mean equivalised income","Below 40%","One adult 65 years or over","Percentage",6.3,
2023,"EL","PC","A1_GE65","B_40","MEAN_EI","Mean equivalised income","Below 40%","One adult 65 years or over","Percentage",7.3,
2024,"EL","PC","A1_GE65","B_40","MEAN_EI","Mean equivalised income","Below 40%","One adult 65 years or over","Percentage",9.9,
2025,"EL","PC","A1_GE65","B_40","MEAN_EI","Mean equivalised income","Below 40%","One adult 65 years or over","Percentage",11.6,
2015,"EL","THS_PER","A2_2LT65","B_40","MEAN_EI","Mean equivalised income","Below 40%","Two adults younger than 65 years","Thousand persons",126,
2016,"EL","THS_PER","A2_2LT65","B_40","MEAN_EI","Mean equivalised income","Below 40%","Two adults younger than 65 years","Thousand persons",147,
2017,"EL","THS_PER","A2_2LT65","B_40","MEAN_EI","Mean equivalised income","Below 40%","Two adults younger than 65 years","Thousand persons",127,
2018,"EL","THS_PER","A2_2LT65","B_40","MEAN_EI","Mean equivalised income","Below 40%","Two adults younger than 65 years","Thousand persons",98,
2019,"EL","THS_PER","A2_2LT65","B_40","MEAN_EI","Mean equivalised income","Below 40%","Two adults younger than 65 years","Thousand persons",97,
2020,"EL","THS_PER","A2_2LT65","B_40","MEAN_EI","Mean equivalised income","Below 40%","Two adults younger than 65 years","Thousand persons",89,
2021,"EL","THS_PER","A2_2LT65","B_40","MEAN_EI","Mean equivalised income","Below 40%","Two adults younger than 65 years","Thousand persons",97,
2022,"EL","THS_PER","A2_2LT65","B_40","MEAN_EI","Mean equivalised income","Below 40%","Two adults younger than 65 years","Thousand persons",85,
2023,"EL","THS_PER","A2_2LT65","B_40","MEAN_EI","Mean equivalised income","Below 40%","Two adults younger than 65 years","Thousand persons",74,
2024,"EL","THS_PER","A2_2LT65","B_40","MEAN_EI","Mean equivalised income","Below 40%","Two adults younger than 65 years","Thousand persons",73,
2025,"EL","THS_PER","A2_2LT65","B_40","MEAN_EI","Mean equivalised income","Below 40%","Two adults younger than 65 years","Thousand persons",68,
1995,"EL","PC","A2_2LT65","B_40","MEAN_EI","Mean equivalised income","Below 40%","Two adults younger than 65 years","Percentage",11,
1996,"EL","PC","A2_2LT65","B_40","MEAN_EI","Mean equivalised income","Below 40%","Two adults younger than 65 years","Percentage",7,
1997,"EL","PC","A2_2LT65","B_40","MEAN_EI","Mean equivalised income","Below 40%","Two adults younger than 65 years","Percentage",11,
1998,"EL","PC","A2_2LT65","B_40","MEAN_EI","Mean equivalised income","Below 40%","Two adults younger than 65 years","Percentage",12,
1999,"EL","PC","A2_2LT65","B_40","MEAN_EI","Mean equivalised income","Below 40%","Two adults younger than 65 years","Percentage",10,
2000,"EL","PC","A2_2LT65","B_40","MEAN_EI","Mean equivalised income","Below 40%","Two adults younger than 65 years","Percentage",12,
2001,"EL","PC","A2_2LT65","B_40","MEAN_EI","Mean equivalised income","Below 40%","Two adults younger than 65 years","Percentage",9,
2003,"EL","PC","A2_2LT65","B_40","MEAN_EI","Mean equivalised income","Below 40%","Two adults younger than 65 years","Percentage",10.1,"b"
2004,"EL","PC","A2_2LT65","B_40","MEAN_EI","Mean equivalised income","Below 40%","Two adults younger than 65 years","Percentage",8.6,
2005,"EL","PC","A2_2LT65","B_40","MEAN_EI","Mean equivalised income","Below 40%","Two adults younger than 65 years","Percentage",9.2,
2006,"EL","PC","A2_2LT65","B_40","MEAN_EI","Mean equivalised income","Below 40%","Two adults younger than 65 years","Percentage",9.2,
2007,"EL","PC","A2_2LT65","B_40","MEAN_EI","Mean equivalised income","Below 40%","Two adults younger than 65 years","Percentage",8.9,
2008,"EL","PC","A2_2LT65","B_40","MEAN_EI","Mean equivalised income","Below 40%","Two adults younger than 65 years","Percentage",8.6,
2009,"EL","PC","A2_2LT65","B_40","MEAN_EI","Mean equivalised income","Below 40%","Two adults younger than 65 years","Percentage",10.4,
2010,"EL","PC","A2_2LT65","B_40","MEAN_EI","Mean equivalised income","Below 40%","Two adults younger than 65 years","Percentage",11,
2011,"EL","PC","A2_2LT65","B_40","MEAN_EI","Mean equivalised income","Below 40%","Two adults younger than 65 years","Percentage",9.6,
2012,"EL","PC","A2_2LT65","B_40","MEAN_EI","Mean equivalised income","Below 40%","Two adults younger than 65 years","Percentage",7.3,
2013,"EL","PC","A2_2LT65","B_40","MEAN_EI","Mean equivalised income","Below 40%","Two adults younger than 65 years","Percentage",10.1,
2014,"EL","PC","A2_2LT65","B_40","MEAN_EI","Mean equivalised income","Below 40%","Two adults younger than 65 years","Percentage",13.1,
2015,"EL","PC","A2_2LT65","B_40","MEAN_EI","Mean equivalised income","Below 40%","Two adults younger than 65 years","Percentage",12.3,
2016,"EL","PC","A2_2LT65","B_40","MEAN_EI","Mean equivalised income","Below 40%","Two adults younger than 65 years","Percentage",15,
2017,"EL","PC","A2_2LT65","B_40","MEAN_EI","Mean equivalised income","Below 40%","Two adults younger than 65 years","Percentage",13.1,
2018,"EL","PC","A2_2LT65","B_40","MEAN_EI","Mean equivalised income","Below 40%","Two adults younger than 65 years","Percentage",10.4,
2019,"EL","PC","A2_2LT65","B_40","MEAN_EI","Mean equivalised income","Below 40%","Two adults younger than 65 years","Percentage",10.4,
2020,"EL","PC","A2_2LT65","B_40","MEAN_EI","Mean equivalised income","Below 40%","Two adults younger than 65 years","Percentage",9.6,
2021,"EL","PC","A2_2LT65","B_40","MEAN_EI","Mean equivalised income","Below 40%","Two adults younger than 65 years","Percentage",11,
2022,"EL","PC","A2_2LT65","B_40","MEAN_EI","Mean equivalised income","Below 40%","Two adults younger than 65 years","Percentage",9.6,
2023,"EL","PC","A2_2LT65","B_40","MEAN_EI","Mean equivalised income","Below 40%","Two adults younger than 65 years","Percentage",7.9,
2024,"EL","PC","A2_2LT65","B_40","MEAN_EI","Mean equivalised income","Below 40%","Two adults younger than 65 years","Percentage",8,
2025,"EL","PC","A2_2LT65","B_40","MEAN_EI","Mean equivalised income","Below 40%","Two adults younger than 65 years","Percentage",7.4,
2015,"EL","THS_PER","A2_GE1_GE65","B_40","MEAN_EI","Mean equivalised income","Below 40%","Two adults, at least one aged 65 years or over","Thousand persons",77,
2016,"EL","THS_PER","A2_GE1_GE65","B_40","MEAN_EI","Mean equivalised income","Below 40%","Two adults, at least one aged 65 years or over","Thousand persons",60,
2017,"EL","THS_PER","A2_GE1_GE65","B_40","MEAN_EI","Mean equivalised income","Below 40%","Two adults, at least one aged 65 years or over","Thousand persons",68,
2018,"EL","THS_PER","A2_GE1_GE65","B_40","MEAN_EI","Mean equivalised income","Below 40%","Two adults, at least one aged 65 years or over","Thousand persons",54,
2019,"EL","THS_PER","A2_GE1_GE65","B_40","MEAN_EI","Mean equivalised income","Below 40%","Two adults, at least one aged 65 years or over","Thousand persons",64,
2020,"EL","THS_PER","A2_GE1_GE65","B_40","MEAN_EI","Mean equivalised income","Below 40%","Two adults, at least one aged 65 years or over","Thousand persons",48,
2021,"EL","THS_PER","A2_GE1_GE65","B_40","MEAN_EI","Mean equivalised income","Below 40%","Two adults, at least one aged 65 years or over","Thousand persons",75,
2022,"EL","THS_PER","A2_GE1_GE65","B_40","MEAN_EI","Mean equivalised income","Below 40%","Two adults, at least one aged 65 years or over","Thousand persons",77,
2023,"EL","THS_PER","A2_GE1_GE65","B_40","MEAN_EI","Mean equivalised income","Below 40%","Two adults, at least one aged 65 years or over","Thousand persons",79,
2024,"EL","THS_PER","A2_GE1_GE65","B_40","MEAN_EI","Mean equivalised income","Below 40%","Two adults, at least one aged 65 years or over","Thousand persons",92,
2025,"EL","THS_PER","A2_GE1_GE65","B_40","MEAN_EI","Mean equivalised income","Below 40%","Two adults, at least one aged 65 years or over","Thousand persons",87,
1995,"EL","PC","A2_GE1_GE65","B_40","MEAN_EI","Mean equivalised income","Below 40%","Two adults, at least one aged 65 years or over","Percentage",26,
1996,"EL","PC","A2_GE1_GE65","B_40","MEAN_EI","Mean equivalised income","Below 40%","Two adults, at least one aged 65 years or over","Percentage",22,
1997,"EL","PC","A2_GE1_GE65","B_40","MEAN_EI","Mean equivalised income","Below 40%","Two adults, at least one aged 65 years or over","Percentage",25,
1998,"EL","PC","A2_GE1_GE65","B_40","MEAN_EI","Mean equivalised income","Below 40%","Two adults, at least one aged 65 years or over","Percentage",26,
1999,"EL","PC","A2_GE1_GE65","B_40","MEAN_EI","Mean equivalised income","Below 40%","Two adults, at least one aged 65 years or over","Percentage",25,
2000,"EL","PC","A2_GE1_GE65","B_40","MEAN_EI","Mean equivalised income","Below 40%","Two adults, at least one aged 65 years or over","Percentage",21,
2001,"EL","PC","A2_GE1_GE65","B_40","MEAN_EI","Mean equivalised income","Below 40%","Two adults, at least one aged 65 years or over","Percentage",20,
2003,"EL","PC","A2_GE1_GE65","B_40","MEAN_EI","Mean equivalised income","Below 40%","Two adults, at least one aged 65 years or over","Percentage",16.7,"b"
2004,"EL","PC","A2_GE1_GE65","B_40","MEAN_EI","Mean equivalised income","Below 40%","Two adults, at least one aged 65 years or over","Percentage",13.1,
2005,"EL","PC","A2_GE1_GE65","B_40","MEAN_EI","Mean equivalised income","Below 40%","Two adults, at least one aged 65 years or over","Percentage",13.6,
2006,"EL","PC","A2_GE1_GE65","B_40","MEAN_EI","Mean equivalised income","Below 40%","Two adults, at least one aged 65 years or over","Percentage",11.7,
2007,"EL","PC","A2_GE1_GE65","B_40","MEAN_EI","Mean equivalised income","Below 40%","Two adults, at least one aged 65 years or over","Percentage",10.4,
2008,"EL","PC","A2_GE1_GE65","B_40","MEAN_EI","Mean equivalised income","Below 40%","Two adults, at least one aged 65 years or over","Percentage",7.7,
2009,"EL","PC","A2_GE1_GE65","B_40","MEAN_EI","Mean equivalised income","Below 40%","Two adults, at least one aged 65 years or over","Percentage",5.6,
2010,"EL","PC","A2_GE1_GE65","B_40","MEAN_EI","Mean equivalised income","Below 40%","Two adults, at least one aged 65 years or over","Percentage",6.1,
2011,"EL","PC","A2_GE1_GE65","B_40","MEAN_EI","Mean equivalised income","Below 40%","Two adults, at least one aged 65 years or over","Percentage",8.1,
2012,"EL","PC","A2_GE1_GE65","B_40","MEAN_EI","Mean equivalised income","Below 40%","Two adults, at least one aged 65 years or over","Percentage",4.6,
2013,"EL","PC","A2_GE1_GE65","B_40","MEAN_EI","Mean equivalised income","Below 40%","Two adults, at least one aged 65 years or over","Percentage",4.7,
2014,"EL","PC","A2_GE1_GE65","B_40","MEAN_EI","Mean equivalised income","Below 40%","Two adults, at least one aged 65 years or over","Percentage",6.1,
2015,"EL","PC","A2_GE1_GE65","B_40","MEAN_EI","Mean equivalised income","Below 40%","Two adults, at least one aged 65 years or over","Percentage",5.7,
2016,"EL","PC","A2_GE1_GE65","B_40","MEAN_EI","Mean equivalised income","Below 40%","Two adults, at least one aged 65 years or over","Percentage",4.3,
2017,"EL","PC","A2_GE1_GE65","B_40","MEAN_EI","Mean equivalised income","Below 40%","Two adults, at least one aged 65 years or over","Percentage",4.9,
2018,"EL","PC","A2_GE1_GE65","B_40","MEAN_EI","Mean equivalised income","Below 40%","Two adults, at least one aged 65 years or over","Percentage",3.9,
2019,"EL","PC","A2_GE1_GE65","B_40","MEAN_EI","Mean equivalised income","Below 40%","Two adults, at least one aged 65 years or over","Percentage",4.5,
2020,"EL","PC","A2_GE1_GE65","B_40","MEAN_EI","Mean equivalised income","Below 40%","Two adults, at least one aged 65 years or over","Percentage",3.4,
2021,"EL","PC","A2_GE1_GE65","B_40","MEAN_EI","Mean equivalised income","Below 40%","Two adults, at least one aged 65 years or over","Percentage",5.1,
2022,"EL","PC","A2_GE1_GE65","B_40","MEAN_EI","Mean equivalised income","Below 40%","Two adults, at least one aged 65 years or over","Percentage",5.4,
2023,"EL","PC","A2_GE1_GE65","B_40","MEAN_EI","Mean equivalised income","Below 40%","Two adults, at least one aged 65 years or over","Percentage",5.6,
2024,"EL","PC","A2_GE1_GE65","B_40","MEAN_EI","Mean equivalised income","Below 40%","Two adults, at least one aged 65 years or over","Percentage",6.4,
2025,"EL","PC","A2_GE1_GE65","B_40","MEAN_EI","Mean equivalised income","Below 40%","Two adults, at least one aged 65 years or over","Percentage",6,
2015,"EL","THS_PER","TOTAL","B_50","MEAN_EI","Mean equivalised income","Below 50%","Total","Thousand persons",2096,
2016,"EL","THS_PER","TOTAL","B_50","MEAN_EI","Mean equivalised income","Below 50%","Total","Thousand persons",2129,
2017,"EL","THS_PER","TOTAL","B_50","MEAN_EI","Mean equivalised income","Below 50%","Total","Thousand persons",2020,
2018,"EL","THS_PER","TOTAL","B_50","MEAN_EI","Mean equivalised income","Below 50%","Total","Thousand persons",1783,
2019,"EL","THS_PER","TOTAL","B_50","MEAN_EI","Mean equivalised income","Below 50%","Total","Thousand persons",1705,
2020,"EL","THS_PER","TOTAL","B_50","MEAN_EI","Mean equivalised income","Below 50%","Total","Thousand persons",1671,
2021,"EL","THS_PER","TOTAL","B_50","MEAN_EI","Mean equivalised income","Below 50%","Total","Thousand persons",1829,
2022,"EL","THS_PER","TOTAL","B_50","MEAN_EI","Mean equivalised income","Below 50%","Total","Thousand persons",1703,
2023,"EL","THS_PER","TOTAL","B_50","MEAN_EI","Mean equivalised income","Below 50%","Total","Thousand persons",1673,
2024,"EL","THS_PER","TOTAL","B_50","MEAN_EI","Mean equivalised income","Below 50%","Total","Thousand persons",1706,
2025,"EL","THS_PER","TOTAL","B_50","MEAN_EI","Mean equivalised income","Below 50%","Total","Thousand persons",1716,
1995,"EL","PC","TOTAL","B_50","MEAN_EI","Mean equivalised income","Below 50%","Total","Percentage",21,
1996,"EL","PC","TOTAL","B_50","MEAN_EI","Mean equivalised income","Below 50%","Total","Percentage",21,
1997,"EL","PC","TOTAL","B_50","MEAN_EI","Mean equivalised income","Below 50%","Total","Percentage",21,
1998,"EL","PC","TOTAL","B_50","MEAN_EI","Mean equivalised income","Below 50%","Total","Percentage",21,
1999,"EL","PC","TOTAL","B_50","MEAN_EI","Mean equivalised income","Below 50%","Total","Percentage",20,
2000,"EL","PC","TOTAL","B_50","MEAN_EI","Mean equivalised income","Below 50%","Total","Percentage",19,
2001,"EL","PC","TOTAL","B_50","MEAN_EI","Mean equivalised income","Below 50%","Total","Percentage",19,
2003,"EL","PC","TOTAL","B_50","MEAN_EI","Mean equivalised income","Below 50%","Total","Percentage",19.9,"b"
2004,"EL","PC","TOTAL","B_50","MEAN_EI","Mean equivalised income","Below 50%","Total","Percentage",18.2,
2005,"EL","PC","TOTAL","B_50","MEAN_EI","Mean equivalised income","Below 50%","Total","Percentage",19.2,
2006,"EL","PC","TOTAL","B_50","MEAN_EI","Mean equivalised income","Below 50%","Total","Percentage",20.2,
2007,"EL","PC","TOTAL","B_50","MEAN_EI","Mean equivalised income","Below 50%","Total","Percentage",19.9,
2008,"EL","PC","TOTAL","B_50","MEAN_EI","Mean equivalised income","Below 50%","Total","Percentage",19.3,
2009,"EL","PC","TOTAL","B_50","MEAN_EI","Mean equivalised income","Below 50%","Total","Percentage",19,
2010,"EL","PC","TOTAL","B_50","MEAN_EI","Mean equivalised income","Below 50%","Total","Percentage",19.1,
2011,"EL","PC","TOTAL","B_50","MEAN_EI","Mean equivalised income","Below 50%","Total","Percentage",19.6,
2012,"EL","PC","TOTAL","B_50","MEAN_EI","Mean equivalised income","Below 50%","Total","Percentage",20.3,
2013,"EL","PC","TOTAL","B_50","MEAN_EI","Mean equivalised income","Below 50%","Total","Percentage",19.8,
2014,"EL","PC","TOTAL","B_50","MEAN_EI","Mean equivalised income","Below 50%","Total","Percentage",20.7,
2015,"EL","PC","TOTAL","B_50","MEAN_EI","Mean equivalised income","Below 50%","Total","Percentage",19.6,
2016,"EL","PC","TOTAL","B_50","MEAN_EI","Mean equivalised income","Below 50%","Total","Percentage",20.1,
2017,"EL","PC","TOTAL","B_50","MEAN_EI","Mean equivalised income","Below 50%","Total","Percentage",19,
2018,"EL","PC","TOTAL","B_50","MEAN_EI","Mean equivalised income","Below 50%","Total","Percentage",17,
2019,"EL","PC","TOTAL","B_50","MEAN_EI","Mean equivalised income","Below 50%","Total","Percentage",16.2,
2020,"EL","PC","TOTAL","B_50","MEAN_EI","Mean equivalised income","Below 50%","Total","Percentage",15.9,
2021,"EL","PC","TOTAL","B_50","MEAN_EI","Mean equivalised income","Below 50%","Total","Percentage",17.5,
2022,"EL","PC","TOTAL","B_50","MEAN_EI","Mean equivalised income","Below 50%","Total","Percentage",16.5,
2023,"EL","PC","TOTAL","B_50","MEAN_EI","Mean equivalised income","Below 50%","Total","Percentage",16.4,
2024,"EL","PC","TOTAL","B_50","MEAN_EI","Mean equivalised income","Below 50%","Total","Percentage",16.8,
2025,"EL","PC","TOTAL","B_50","MEAN_EI","Mean equivalised income","Below 50%","Total","Percentage",16.9,
2015,"EL","THS_PER","M1","B_50","MEAN_EI","Mean equivalised income","Below 50%","One single male","Thousand persons",90,
2016,"EL","THS_PER","M1","B_50","MEAN_EI","Mean equivalised income","Below 50%","One single male","Thousand persons",85,
2017,"EL","THS_PER","M1","B_50","MEAN_EI","Mean equivalised income","Below 50%","One single male","Thousand persons",74,
2018,"EL","THS_PER","M1","B_50","MEAN_EI","Mean equivalised income","Below 50%","One single male","Thousand persons",65,
2019,"EL","THS_PER","M1","B_50","MEAN_EI","Mean equivalised income","Below 50%","One single male","Thousand persons",66,
2020,"EL","THS_PER","M1","B_50","MEAN_EI","Mean equivalised income","Below 50%","One single male","Thousand persons",67,
2021,"EL","THS_PER","M1","B_50","MEAN_EI","Mean equivalised income","Below 50%","One single male","Thousand persons",78,
2022,"EL","THS_PER","M1","B_50","MEAN_EI","Mean equivalised income","Below 50%","One single male","Thousand persons",70,
2023,"EL","THS_PER","M1","B_50","MEAN_EI","Mean equivalised income","Below 50%","One single male","Thousand persons",94,
2024,"EL","THS_PER","M1","B_50","MEAN_EI","Mean equivalised income","Below 50%","One single male","Thousand persons",107,
2025,"EL","THS_PER","M1","B_50","MEAN_EI","Mean equivalised income","Below 50%","One single male","Thousand persons",113,
1995,"EL","PC","M1","B_50","MEAN_EI","Mean equivalised income","Below 50%","One single male","Percentage",21,
1996,"EL","PC","M1","B_50","MEAN_EI","Mean equivalised income","Below 50%","One single male","Percentage",18,
1997,"EL","PC","M1","B_50","MEAN_EI","Mean equivalised income","Below 50%","One single male","Percentage",16,
1998,"EL","PC","M1","B_50","MEAN_EI","Mean equivalised income","Below 50%","One single male","Percentage",23,
1999,"EL","PC","M1","B_50","MEAN_EI","Mean equivalised income","Below 50%","One single male","Percentage",21,
2000,"EL","PC","M1","B_50","MEAN_EI","Mean equivalised income","Below 50%","One single male","Percentage",22,
2001,"EL","PC","M1","B_50","MEAN_EI","Mean equivalised income","Below 50%","One single male","Percentage",16,
2003,"EL","PC","M1","B_50","MEAN_EI","Mean equivalised income","Below 50%","One single male","Percentage",21,"b"
2004,"EL","PC","M1","B_50","MEAN_EI","Mean equivalised income","Below 50%","One single male","Percentage",18.2,
2005,"EL","PC","M1","B_50","MEAN_EI","Mean equivalised income","Below 50%","One single male","Percentage",18,
2006,"EL","PC","M1","B_50","MEAN_EI","Mean equivalised income","Below 50%","One single male","Percentage",18,
2007,"EL","PC","M1","B_50","MEAN_EI","Mean equivalised income","Below 50%","One single male","Percentage",24.6,
2008,"EL","PC","M1","B_50","MEAN_EI","Mean equivalised income","Below 50%","One single male","Percentage",21.7,
2009,"EL","PC","M1","B_50","MEAN_EI","Mean equivalised income","Below 50%","One single male","Percentage",22.7,
2010,"EL","PC","M1","B_50","MEAN_EI","Mean equivalised income","Below 50%","One single male","Percentage",21.7,
2011,"EL","PC","M1","B_50","MEAN_EI","Mean equivalised income","Below 50%","One single male","Percentage",22.4,
2012,"EL","PC","M1","B_50","MEAN_EI","Mean equivalised income","Below 50%","One single male","Percentage",18.2,
2013,"EL","PC","M1","B_50","MEAN_EI","Mean equivalised income","Below 50%","One single male","Percentage",18.1,
2014,"EL","PC","M1","B_50","MEAN_EI","Mean equivalised income","Below 50%","One single male","Percentage",20.8,
2015,"EL","PC","M1","B_50","MEAN_EI","Mean equivalised income","Below 50%","One single male","Percentage",21.8,
2016,"EL","PC","M1","B_50","MEAN_EI","Mean equivalised income","Below 50%","One single male","Percentage",20.9,
2017,"EL","PC","M1","B_50","MEAN_EI","Mean equivalised income","Below 50%","One single male","Percentage",18.1,
2018,"EL","PC","M1","B_50","MEAN_EI","Mean equivalised income","Below 50%","One single male","Percentage",16.5,
2019,"EL","PC","M1","B_50","MEAN_EI","Mean equivalised income","Below 50%","One single male","Percentage",17.3,
2020,"EL","PC","M1","B_50","MEAN_EI","Mean equivalised income","Below 50%","One single male","Percentage",17.7,
2021,"EL","PC","M1","B_50","MEAN_EI","Mean equivalised income","Below 50%","One single male","Percentage",20.2,
2022,"EL","PC","M1","B_50","MEAN_EI","Mean equivalised income","Below 50%","One single male","Percentage",18.7,
2023,"EL","PC","M1","B_50","MEAN_EI","Mean equivalised income","Below 50%","One single male","Percentage",17.1,
2024,"EL","PC","M1","B_50","MEAN_EI","Mean equivalised income","Below 50%","One single male","Percentage",19.1,
2025,"EL","PC","M1","B_50","MEAN_EI","Mean equivalised income","Below 50%","One single male","Percentage",20.1,
2015,"EL","THS_PER","F1","B_50","MEAN_EI","Mean equivalised income","Below 50%","One single female","Thousand persons",136,
2016,"EL","THS_PER","F1","B_50","MEAN_EI","Mean equivalised income","Below 50%","One single female","Thousand persons",129,
2017,"EL","THS_PER","F1","B_50","MEAN_EI","Mean equivalised income","Below 50%","One single female","Thousand persons",122,
2018,"EL","THS_PER","F1","B_50","MEAN_EI","Mean equivalised income","Below 50%","One single female","Thousand persons",114,
2019,"EL","THS_PER","F1","B_50","MEAN_EI","Mean equivalised income","Below 50%","One single female","Thousand persons",112,
2020,"EL","THS_PER","F1","B_50","MEAN_EI","Mean equivalised income","Below 50%","One single female","Thousand persons",124,
2021,"EL","THS_PER","F1","B_50","MEAN_EI","Mean equivalised income","Below 50%","One single female","Thousand persons",132,
2022,"EL","THS_PER","F1","B_50","MEAN_EI","Mean equivalised income","Below 50%","One single female","Thousand persons",132,
2023,"EL","THS_PER","F1","B_50","MEAN_EI","Mean equivalised income","Below 50%","One single female","Thousand persons",187,
2024,"EL","THS_PER","F1","B_50","MEAN_EI","Mean equivalised income","Below 50%","One single female","Thousand persons",201,
2025,"EL","THS_PER","F1","B_50","MEAN_EI","Mean equivalised income","Below 50%","One single female","Thousand persons",236,
1995,"EL","PC","F1","B_50","MEAN_EI","Mean equivalised income","Below 50%","One single female","Percentage",36,
1996,"EL","PC","F1","B_50","MEAN_EI","Mean equivalised income","Below 50%","One single female","Percentage",33,
1997,"EL","PC","F1","B_50","MEAN_EI","Mean equivalised income","Below 50%","One single female","Percentage",36,
1998,"EL","PC","F1","B_50","MEAN_EI","Mean equivalised income","Below 50%","One single female","Percentage",42,
1999,"EL","PC","F1","B_50","MEAN_EI","Mean equivalised income","Below 50%","One single female","Percentage",34,
2000,"EL","PC","F1","B_50","MEAN_EI","Mean equivalised income","Below 50%","One single female","Percentage",32,
2001,"EL","PC","F1","B_50","MEAN_EI","Mean equivalised income","Below 50%","One single female","Percentage",37,
2003,"EL","PC","F1","B_50","MEAN_EI","Mean equivalised income","Below 50%","One single female","Percentage",29,"b"
2004,"EL","PC","F1","B_50","MEAN_EI","Mean equivalised income","Below 50%","One single female","Percentage",32.5,
2005,"EL","PC","F1","B_50","MEAN_EI","Mean equivalised income","Below 50%","One single female","Percentage",31.2,
2006,"EL","PC","F1","B_50","MEAN_EI","Mean equivalised income","Below 50%","One single female","Percentage",27.4,
2007,"EL","PC","F1","B_50","MEAN_EI","Mean equivalised income","Below 50%","One single female","Percentage",28.7,
2008,"EL","PC","F1","B_50","MEAN_EI","Mean equivalised income","Below 50%","One single female","Percentage",25.9,
2009,"EL","PC","F1","B_50","MEAN_EI","Mean equivalised income","Below 50%","One single female","Percentage",27.6,
2010,"EL","PC","F1","B_50","MEAN_EI","Mean equivalised income","Below 50%","One single female","Percentage",24.1,
2011,"EL","PC","F1","B_50","MEAN_EI","Mean equivalised income","Below 50%","One single female","Percentage",24.1,
2012,"EL","PC","F1","B_50","MEAN_EI","Mean equivalised income","Below 50%","One single female","Percentage",18.7,
2013,"EL","PC","F1","B_50","MEAN_EI","Mean equivalised income","Below 50%","One single female","Percentage",18,
2014,"EL","PC","F1","B_50","MEAN_EI","Mean equivalised income","Below 50%","One single female","Percentage",20.6,
2015,"EL","PC","F1","B_50","MEAN_EI","Mean equivalised income","Below 50%","One single female","Percentage",20.5,
2016,"EL","PC","F1","B_50","MEAN_EI","Mean equivalised income","Below 50%","One single female","Percentage",19.5,
2017,"EL","PC","F1","B_50","MEAN_EI","Mean equivalised income","Below 50%","One single female","Percentage",18.6,
2018,"EL","PC","F1","B_50","MEAN_EI","Mean equivalised income","Below 50%","One single female","Percentage",17.2,
2019,"EL","PC","F1","B_50","MEAN_EI","Mean equivalised income","Below 50%","One single female","Percentage",16.4,
2020,"EL","PC","F1","B_50","MEAN_EI","Mean equivalised income","Below 50%","One single female","Percentage",18.2,
2021,"EL","PC","F1","B_50","MEAN_EI","Mean equivalised income","Below 50%","One single female","Percentage",19.7,
2022,"EL","PC","F1","B_50","MEAN_EI","Mean equivalised income","Below 50%","One single female","Percentage",19.8,
2023,"EL","PC","F1","B_50","MEAN_EI","Mean equivalised income","Below 50%","One single female","Percentage",22.2,
2024,"EL","PC","F1","B_50","MEAN_EI","Mean equivalised income","Below 50%","One single female","Percentage",24.2,
2025,"EL","PC","F1","B_50","MEAN_EI","Mean equivalised income","Below 50%","One single female","Percentage",28.7,
2015,"EL","THS_PER","A1","B_50","MEAN_EI","Mean equivalised income","Below 50%","One adult","Thousand persons",226,
2016,"EL","THS_PER","A1","B_50","MEAN_EI","Mean equivalised income","Below 50%","One adult","Thousand persons",215,
2017,"EL","THS_PER","A1","B_50","MEAN_EI","Mean equivalised income","Below 50%","One adult","Thousand persons",196,
2018,"EL","THS_PER","A1","B_50","MEAN_EI","Mean equivalised income","Below 50%","One adult","Thousand persons",179,
2019,"EL","THS_PER","A1","B_50","MEAN_EI","Mean equivalised income","Below 50%","One adult","Thousand persons",177,
2020,"EL","THS_PER","A1","B_50","MEAN_EI","Mean equivalised income","Below 50%","One adult","Thousand persons",191,
2021,"EL","THS_PER","A1","B_50","MEAN_EI","Mean equivalised income","Below 50%","One adult","Thousand persons",210,
2022,"EL","THS_PER","A1","B_50","MEAN_EI","Mean equivalised income","Below 50%","One adult","Thousand persons",202,
2023,"EL","THS_PER","A1","B_50","MEAN_EI","Mean equivalised income","Below 50%","One adult","Thousand persons",281,
2024,"EL","THS_PER","A1","B_50","MEAN_EI","Mean equivalised income","Below 50%","One adult","Thousand persons",308,
2025,"EL","THS_PER","A1","B_50","MEAN_EI","Mean equivalised income","Below 50%","One adult","Thousand persons",349,
1995,"EL","PC","A1","B_50","MEAN_EI","Mean equivalised income","Below 50%","One adult","Percentage",31,
1996,"EL","PC","A1","B_50","MEAN_EI","Mean equivalised income","Below 50%","One adult","Percentage",29,
1997,"EL","PC","A1","B_50","MEAN_EI","Mean equivalised income","Below 50%","One adult","Percentage",30,
1998,"EL","PC","A1","B_50","MEAN_EI","Mean equivalised income","Below 50%","One adult","Percentage",35,
1999,"EL","PC","A1","B_50","MEAN_EI","Mean equivalised income","Below 50%","One adult","Percentage",30,
2000,"EL","PC","A1","B_50","MEAN_EI","Mean equivalised income","Below 50%","One adult","Percentage",29,
2001,"EL","PC","A1","B_50","MEAN_EI","Mean equivalised income","Below 50%","One adult","Percentage",31,
2003,"EL","PC","A1","B_50","MEAN_EI","Mean equivalised income","Below 50%","One adult","Percentage",26.3,"b"
2004,"EL","PC","A1","B_50","MEAN_EI","Mean equivalised income","Below 50%","One adult","Percentage",27.6,
2005,"EL","PC","A1","B_50","MEAN_EI","Mean equivalised income","Below 50%","One adult","Percentage",27,
2006,"EL","PC","A1","B_50","MEAN_EI","Mean equivalised income","Below 50%","One adult","Percentage",24.3,
2007,"EL","PC","A1","B_50","MEAN_EI","Mean equivalised income","Below 50%","One adult","Percentage",27.2,
2008,"EL","PC","A1","B_50","MEAN_EI","Mean equivalised income","Below 50%","One adult","Percentage",24.4,
2009,"EL","PC","A1","B_50","MEAN_EI","Mean equivalised income","Below 50%","One adult","Percentage",25.9,
2010,"EL","PC","A1","B_50","MEAN_EI","Mean equivalised income","Below 50%","One adult","Percentage",23.2,
2011,"EL","PC","A1","B_50","MEAN_EI","Mean equivalised income","Below 50%","One adult","Percentage",23.5,
2012,"EL","PC","A1","B_50","MEAN_EI","Mean equivalised income","Below 50%","One adult","Percentage",18.5,
2013,"EL","PC","A1","B_50","MEAN_EI","Mean equivalised income","Below 50%","One adult","Percentage",18,
2014,"EL","PC","A1","B_50","MEAN_EI","Mean equivalised income","Below 50%","One adult","Percentage",20.7,
2015,"EL","PC","A1","B_50","MEAN_EI","Mean equivalised income","Below 50%","One adult","Percentage",21,
2016,"EL","PC","A1","B_50","MEAN_EI","Mean equivalised income","Below 50%","One adult","Percentage",20.1,
2017,"EL","PC","A1","B_50","MEAN_EI","Mean equivalised income","Below 50%","One adult","Percentage",18.4,
2018,"EL","PC","A1","B_50","MEAN_EI","Mean equivalised income","Below 50%","One adult","Percentage",16.9,
2019,"EL","PC","A1","B_50","MEAN_EI","Mean equivalised income","Below 50%","One adult","Percentage",16.7,
2020,"EL","PC","A1","B_50","MEAN_EI","Mean equivalised income","Below 50%","One adult","Percentage",18,
2021,"EL","PC","A1","B_50","MEAN_EI","Mean equivalised income","Below 50%","One adult","Percentage",19.9,
2022,"EL","PC","A1","B_50","MEAN_EI","Mean equivalised income","Below 50%","One adult","Percentage",19.4,
2023,"EL","PC","A1","B_50","MEAN_EI","Mean equivalised income","Below 50%","One adult","Percentage",20.2,
2024,"EL","PC","A1","B_50","MEAN_EI","Mean equivalised income","Below 50%","One adult","Percentage",22.1,
2025,"EL","PC","A1","B_50","MEAN_EI","Mean equivalised income","Below 50%","One adult","Percentage",25.2,
2015,"EL","THS_PER","A1_DCH","B_50","MEAN_EI","Mean equivalised income","Below 50%","One adult with dependent children","Thousand persons",57,
2016,"EL","THS_PER","A1_DCH","B_50","MEAN_EI","Mean equivalised income","Below 50%","One adult with dependent children","Thousand persons",49,
2017,"EL","THS_PER","A1_DCH","B_50","MEAN_EI","Mean equivalised income","Below 50%","One adult with dependent children","Thousand persons",50,
2018,"EL","THS_PER","A1_DCH","B_50","MEAN_EI","Mean equivalised income","Below 50%","One adult with dependent children","Thousand persons",47,
2019,"EL","THS_PER","A1_DCH","B_50","MEAN_EI","Mean equivalised income","Below 50%","One adult with dependent children","Thousand persons",42,
2020,"EL","THS_PER","A1_DCH","B_50","MEAN_EI","Mean equivalised income","Below 50%","One adult with dependent children","Thousand persons",32,
2021,"EL","THS_PER","A1_DCH","B_50","MEAN_EI","Mean equivalised income","Below 50%","One adult with dependent children","Thousand persons",45,
2022,"EL","THS_PER","A1_DCH","B_50","MEAN_EI","Mean equivalised income","Below 50%","One adult with dependent children","Thousand persons",50,
2023,"EL","THS_PER","A1_DCH","B_50","MEAN_EI","Mean equivalised income","Below 50%","One adult with dependent children","Thousand persons",66,
2024,"EL","THS_PER","A1_DCH","B_50","MEAN_EI","Mean equivalised income","Below 50%","One adult with dependent children","Thousand persons",58,
2025,"EL","THS_PER","A1_DCH","B_50","MEAN_EI","Mean equivalised income","Below 50%","One adult with dependent children","Thousand persons",40,
1995,"EL","PC","A1_DCH","B_50","MEAN_EI","Mean equivalised income","Below 50%","One adult with dependent children","Percentage",31,
1996,"EL","PC","A1_DCH","B_50","MEAN_EI","Mean equivalised income","Below 50%","One adult with dependent children","Percentage",27,
1997,"EL","PC","A1_DCH","B_50","MEAN_EI","Mean equivalised income","Below 50%","One adult with dependent children","Percentage",23,
1998,"EL","PC","A1_DCH","B_50","MEAN_EI","Mean equivalised income","Below 50%","One adult with dependent children","Percentage",18,
1999,"EL","PC","A1_DCH","B_50","MEAN_EI","Mean equivalised income","Below 50%","One adult with dependent children","Percentage",30,"u"
2000,"EL","PC","A1_DCH","B_50","MEAN_EI","Mean equivalised income","Below 50%","One adult with dependent children","Percentage",23,"u"
2001,"EL","PC","A1_DCH","B_50","MEAN_EI","Mean equivalised income","Below 50%","One adult with dependent children","Percentage",35,
2003,"EL","PC","A1_DCH","B_50","MEAN_EI","Mean equivalised income","Below 50%","One adult with dependent children","Percentage",34.3,"b"
2004,"EL","PC","A1_DCH","B_50","MEAN_EI","Mean equivalised income","Below 50%","One adult with dependent children","Percentage",30.9,
2005,"EL","PC","A1_DCH","B_50","MEAN_EI","Mean equivalised income","Below 50%","One adult with dependent children","Percentage",42.3,
2006,"EL","PC","A1_DCH","B_50","MEAN_EI","Mean equivalised income","Below 50%","One adult with dependent children","Percentage",29.6,
2007,"EL","PC","A1_DCH","B_50","MEAN_EI","Mean equivalised income","Below 50%","One adult with dependent children","Percentage",34.2,
2008,"EL","PC","A1_DCH","B_50","MEAN_EI","Mean equivalised income","Below 50%","One adult with dependent children","Percentage",24.9,
2009,"EL","PC","A1_DCH","B_50","MEAN_EI","Mean equivalised income","Below 50%","One adult with dependent children","Percentage",32.1,
2010,"EL","PC","A1_DCH","B_50","MEAN_EI","Mean equivalised income","Below 50%","One adult with dependent children","Percentage",32.9,
2011,"EL","PC","A1_DCH","B_50","MEAN_EI","Mean equivalised income","Below 50%","One adult with dependent children","Percentage",40.6,
2012,"EL","PC","A1_DCH","B_50","MEAN_EI","Mean equivalised income","Below 50%","One adult with dependent children","Percentage",61.9,
2013,"EL","PC","A1_DCH","B_50","MEAN_EI","Mean equivalised income","Below 50%","One adult with dependent children","Percentage",34.9,
2014,"EL","PC","A1_DCH","B_50","MEAN_EI","Mean equivalised income","Below 50%","One adult with dependent children","Percentage",27.6,
2015,"EL","PC","A1_DCH","B_50","MEAN_EI","Mean equivalised income","Below 50%","One adult with dependent children","Percentage",31.3,
2016,"EL","PC","A1_DCH","B_50","MEAN_EI","Mean equivalised income","Below 50%","One adult with dependent children","Percentage",28.8,
2017,"EL","PC","A1_DCH","B_50","MEAN_EI","Mean equivalised income","Below 50%","One adult with dependent children","Percentage",29.9,
2018,"EL","PC","A1_DCH","B_50","MEAN_EI","Mean equivalised income","Below 50%","One adult with dependent children","Percentage",29.1,
2019,"EL","PC","A1_DCH","B_50","MEAN_EI","Mean equivalised income","Below 50%","One adult with dependent children","Percentage",32,
2020,"EL","PC","A1_DCH","B_50","MEAN_EI","Mean equivalised income","Below 50%","One adult with dependent children","Percentage",23,
2021,"EL","PC","A1_DCH","B_50","MEAN_EI","Mean equivalised income","Below 50%","One adult with dependent children","Percentage",31.8,
2022,"EL","PC","A1_DCH","B_50","MEAN_EI","Mean equivalised income","Below 50%","One adult with dependent children","Percentage",33.7,
2023,"EL","PC","A1_DCH","B_50","MEAN_EI","Mean equivalised income","Below 50%","One adult with dependent children","Percentage",34,
2024,"EL","PC","A1_DCH","B_50","MEAN_EI","Mean equivalised income","Below 50%","One adult with dependent children","Percentage",34.2,
2025,"EL","PC","A1_DCH","B_50","MEAN_EI","Mean equivalised income","Below 50%","One adult with dependent children","Percentage",23.7,
2015,"EL","THS_PER","A2","B_50","MEAN_EI","Mean equivalised income","Below 50%","Two adults","Thousand persons",296,
2016,"EL","THS_PER","A2","B_50","MEAN_EI","Mean equivalised income","Below 50%","Two adults","Thousand persons",307,
2017,"EL","THS_PER","A2","B_50","MEAN_EI","Mean equivalised income","Below 50%","Two adults","Thousand persons",289,
2018,"EL","THS_PER","A2","B_50","MEAN_EI","Mean equivalised income","Below 50%","Two adults","Thousand persons",243,
2019,"EL","THS_PER","A2","B_50","MEAN_EI","Mean equivalised income","Below 50%","Two adults","Thousand persons",266,
2020,"EL","THS_PER","A2","B_50","MEAN_EI","Mean equivalised income","Below 50%","Two adults","Thousand persons",232,
2021,"EL","THS_PER","A2","B_50","MEAN_EI","Mean equivalised income","Below 50%","Two adults","Thousand persons",272,
2022,"EL","THS_PER","A2","B_50","MEAN_EI","Mean equivalised income","Below 50%","Two adults","Thousand persons",277,
2023,"EL","THS_PER","A2","B_50","MEAN_EI","Mean equivalised income","Below 50%","Two adults","Thousand persons",281,
2024,"EL","THS_PER","A2","B_50","MEAN_EI","Mean equivalised income","Below 50%","Two adults","Thousand persons",309,
2025,"EL","THS_PER","A2","B_50","MEAN_EI","Mean equivalised income","Below 50%","Two adults","Thousand persons",318,
2003,"EL","PC","A2","B_50","MEAN_EI","Mean equivalised income","Below 50%","Two adults","Percentage",22.7,"b"
2004,"EL","PC","A2","B_50","MEAN_EI","Mean equivalised income","Below 50%","Two adults","Percentage",20.3,
2005,"EL","PC","A2","B_50","MEAN_EI","Mean equivalised income","Below 50%","Two adults","Percentage",21.1,
2006,"EL","PC","A2","B_50","MEAN_EI","Mean equivalised income","Below 50%","Two adults","Percentage",19.6,
2007,"EL","PC","A2","B_50","MEAN_EI","Mean equivalised income","Below 50%","Two adults","Percentage",18.2,
2008,"EL","PC","A2","B_50","MEAN_EI","Mean equivalised income","Below 50%","Two adults","Percentage",17.8,
2009,"EL","PC","A2","B_50","MEAN_EI","Mean equivalised income","Below 50%","Two adults","Percentage",19,
2010,"EL","PC","A2","B_50","MEAN_EI","Mean equivalised income","Below 50%","Two adults","Percentage",19.1,
2011,"EL","PC","A2","B_50","MEAN_EI","Mean equivalised income","Below 50%","Two adults","Percentage",17.2,
2012,"EL","PC","A2","B_50","MEAN_EI","Mean equivalised income","Below 50%","Two adults","Percentage",11.3,
2013,"EL","PC","A2","B_50","MEAN_EI","Mean equivalised income","Below 50%","Two adults","Percentage",10.9,
2014,"EL","PC","A2","B_50","MEAN_EI","Mean equivalised income","Below 50%","Two adults","Percentage",13.5,
2015,"EL","PC","A2","B_50","MEAN_EI","Mean equivalised income","Below 50%","Two adults","Percentage",12.4,
2016,"EL","PC","A2","B_50","MEAN_EI","Mean equivalised income","Below 50%","Two adults","Percentage",12.9,
2017,"EL","PC","A2","B_50","MEAN_EI","Mean equivalised income","Below 50%","Two adults","Percentage",12.2,
2018,"EL","PC","A2","B_50","MEAN_EI","Mean equivalised income","Below 50%","Two adults","Percentage",10.4,
2019,"EL","PC","A2","B_50","MEAN_EI","Mean equivalised income","Below 50%","Two adults","Percentage",11.2,
2020,"EL","PC","A2","B_50","MEAN_EI","Mean equivalised income","Below 50%","Two adults","Percentage",9.8,
2021,"EL","PC","A2","B_50","MEAN_EI","Mean equivalised income","Below 50%","Two adults","Percentage",11.6,
2022,"EL","PC","A2","B_50","MEAN_EI","Mean equivalised income","Below 50%","Two adults","Percentage",12,
2023,"EL","PC","A2","B_50","MEAN_EI","Mean equivalised income","Below 50%","Two adults","Percentage",12,
2024,"EL","PC","A2","B_50","MEAN_EI","Mean equivalised income","Below 50%","Two adults","Percentage",13.1,
2025,"EL","PC","A2","B_50","MEAN_EI","Mean equivalised income","Below 50%","Two adults","Percentage",13.4,
2015,"EL","THS_PER","A2_DCH1","B_50","MEAN_EI","Mean equivalised income","Below 50%","Two adults with one dependent child","Thousand persons",203,
2016,"EL","THS_PER","A2_DCH1","B_50","MEAN_EI","Mean equivalised income","Below 50%","Two adults with one dependent child","Thousand persons",224,
2017,"EL","THS_PER","A2_DCH1","B_50","MEAN_EI","Mean equivalised income","Below 50%","Two adults with one dependent child","Thousand persons",207,
2018,"EL","THS_PER","A2_DCH1","B_50","MEAN_EI","Mean equivalised income","Below 50%","Two adults with one dependent child","Thousand persons",196,
2019,"EL","THS_PER","A2_DCH1","B_50","MEAN_EI","Mean equivalised income","Below 50%","Two adults with one dependent child","Thousand persons",161,
2020,"EL","THS_PER","A2_DCH1","B_50","MEAN_EI","Mean equivalised income","Below 50%","Two adults with one dependent child","Thousand persons",157,
2021,"EL","THS_PER","A2_DCH1","B_50","MEAN_EI","Mean equivalised income","Below 50%","Two adults with one dependent child","Thousand persons",172,
2022,"EL","THS_PER","A2_DCH1","B_50","MEAN_EI","Mean equivalised income","Below 50%","Two adults with one dependent child","Thousand persons",149,
2023,"EL","THS_PER","A2_DCH1","B_50","MEAN_EI","Mean equivalised income","Below 50%","Two adults with one dependent child","Thousand persons",178,
2024,"EL","THS_PER","A2_DCH1","B_50","MEAN_EI","Mean equivalised income","Below 50%","Two adults with one dependent child","Thousand persons",196,
2025,"EL","THS_PER","A2_DCH1","B_50","MEAN_EI","Mean equivalised income","Below 50%","Two adults with one dependent child","Thousand persons",175,
1995,"EL","PC","A2_DCH1","B_50","MEAN_EI","Mean equivalised income","Below 50%","Two adults with one dependent child","Percentage",11,
1996,"EL","PC","A2_DCH1","B_50","MEAN_EI","Mean equivalised income","Below 50%","Two adults with one dependent child","Percentage",11,
1997,"EL","PC","A2_DCH1","B_50","MEAN_EI","Mean equivalised income","Below 50%","Two adults with one dependent child","Percentage",13,
1998,"EL","PC","A2_DCH1","B_50","MEAN_EI","Mean equivalised income","Below 50%","Two adults with one dependent child","Percentage",11,
1999,"EL","PC","A2_DCH1","B_50","MEAN_EI","Mean equivalised income","Below 50%","Two adults with one dependent child","Percentage",10,
2000,"EL","PC","A2_DCH1","B_50","MEAN_EI","Mean equivalised income","Below 50%","Two adults with one dependent child","Percentage",8,
2001,"EL","PC","A2_DCH1","B_50","MEAN_EI","Mean equivalised income","Below 50%","Two adults with one dependent child","Percentage",8,
2003,"EL","PC","A2_DCH1","B_50","MEAN_EI","Mean equivalised income","Below 50%","Two adults with one dependent child","Percentage",14,"b"
2004,"EL","PC","A2_DCH1","B_50","MEAN_EI","Mean equivalised income","Below 50%","Two adults with one dependent child","Percentage",14.2,
2005,"EL","PC","A2_DCH1","B_50","MEAN_EI","Mean equivalised income","Below 50%","Two adults with one dependent child","Percentage",13.3,
2006,"EL","PC","A2_DCH1","B_50","MEAN_EI","Mean equivalised income","Below 50%","Two adults with one dependent child","Percentage",14.2,
2007,"EL","PC","A2_DCH1","B_50","MEAN_EI","Mean equivalised income","Below 50%","Two adults with one dependent child","Percentage",18.9,
2008,"EL","PC","A2_DCH1","B_50","MEAN_EI","Mean equivalised income","Below 50%","Two adults with one dependent child","Percentage",16.5,
2009,"EL","PC","A2_DCH1","B_50","MEAN_EI","Mean equivalised income","Below 50%","Two adults with one dependent child","Percentage",21.4,
2010,"EL","PC","A2_DCH1","B_50","MEAN_EI","Mean equivalised income","Below 50%","Two adults with one dependent child","Percentage",20.9,
2011,"EL","PC","A2_DCH1","B_50","MEAN_EI","Mean equivalised income","Below 50%","Two adults with one dependent child","Percentage",16.9,
2012,"EL","PC","A2_DCH1","B_50","MEAN_EI","Mean equivalised income","Below 50%","Two adults with one dependent child","Percentage",24.4,
2013,"EL","PC","A2_DCH1","B_50","MEAN_EI","Mean equivalised income","Below 50%","Two adults with one dependent child","Percentage",16.2,
2014,"EL","PC","A2_DCH1","B_50","MEAN_EI","Mean equivalised income","Below 50%","Two adults with one dependent child","Percentage",21.3,
2015,"EL","PC","A2_DCH1","B_50","MEAN_EI","Mean equivalised income","Below 50%","Two adults with one dependent child","Percentage",17.9,
2016,"EL","PC","A2_DCH1","B_50","MEAN_EI","Mean equivalised income","Below 50%","Two adults with one dependent child","Percentage",19.1,
2017,"EL","PC","A2_DCH1","B_50","MEAN_EI","Mean equivalised income","Below 50%","Two adults with one dependent child","Percentage",17.8,
2018,"EL","PC","A2_DCH1","B_50","MEAN_EI","Mean equivalised income","Below 50%","Two adults with one dependent child","Percentage",16.2,
2019,"EL","PC","A2_DCH1","B_50","MEAN_EI","Mean equivalised income","Below 50%","Two adults with one dependent child","Percentage",14.3,
2020,"EL","PC","A2_DCH1","B_50","MEAN_EI","Mean equivalised income","Below 50%","Two adults with one dependent child","Percentage",13.7,
2021,"EL","PC","A2_DCH1","B_50","MEAN_EI","Mean equivalised income","Below 50%","Two adults with one dependent child","Percentage",15.1,
2022,"EL","PC","A2_DCH1","B_50","MEAN_EI","Mean equivalised income","Below 50%","Two adults with one dependent child","Percentage",15.8,
2023,"EL","PC","A2_DCH1","B_50","MEAN_EI","Mean equivalised income","Below 50%","Two adults with one dependent child","Percentage",15.5,
2024,"EL","PC","A2_DCH1","B_50","MEAN_EI","Mean equivalised income","Below 50%","Two adults with one dependent child","Percentage",16.9,
2025,"EL","PC","A2_DCH1","B_50","MEAN_EI","Mean equivalised income","Below 50%","Two adults with one dependent child","Percentage",14.9,
2015,"EL","THS_PER","A2_DCH2","B_50","MEAN_EI","Mean equivalised income","Below 50%","Two adults with two dependent children","Thousand persons",401,
2016,"EL","THS_PER","A2_DCH2","B_50","MEAN_EI","Mean equivalised income","Below 50%","Two adults with two dependent children","Thousand persons",389,
2017,"EL","THS_PER","A2_DCH2","B_50","MEAN_EI","Mean equivalised income","Below 50%","Two adults with two dependent children","Thousand persons",383,
2018,"EL","THS_PER","A2_DCH2","B_50","MEAN_EI","Mean equivalised income","Below 50%","Two adults with two dependent children","Thousand persons",333,
2019,"EL","THS_PER","A2_DCH2","B_50","MEAN_EI","Mean equivalised income","Below 50%","Two adults with two dependent children","Thousand persons",259,
2020,"EL","THS_PER","A2_DCH2","B_50","MEAN_EI","Mean equivalised income","Below 50%","Two adults with two dependent children","Thousand persons",275,
2021,"EL","THS_PER","A2_DCH2","B_50","MEAN_EI","Mean equivalised income","Below 50%","Two adults with two dependent children","Thousand persons",302,
2022,"EL","THS_PER","A2_DCH2","B_50","MEAN_EI","Mean equivalised income","Below 50%","Two adults with two dependent children","Thousand persons",259,
2023,"EL","THS_PER","A2_DCH2","B_50","MEAN_EI","Mean equivalised income","Below 50%","Two adults with two dependent children","Thousand persons",260,
2024,"EL","THS_PER","A2_DCH2","B_50","MEAN_EI","Mean equivalised income","Below 50%","Two adults with two dependent children","Thousand persons",253,
2025,"EL","THS_PER","A2_DCH2","B_50","MEAN_EI","Mean equivalised income","Below 50%","Two adults with two dependent children","Thousand persons",269,
1995,"EL","PC","A2_DCH2","B_50","MEAN_EI","Mean equivalised income","Below 50%","Two adults with two dependent children","Percentage",16,
1996,"EL","PC","A2_DCH2","B_50","MEAN_EI","Mean equivalised income","Below 50%","Two adults with two dependent children","Percentage",17,
1997,"EL","PC","A2_DCH2","B_50","MEAN_EI","Mean equivalised income","Below 50%","Two adults with two dependent children","Percentage",14,
1998,"EL","PC","A2_DCH2","B_50","MEAN_EI","Mean equivalised income","Below 50%","Two adults with two dependent children","Percentage",15,
1999,"EL","PC","A2_DCH2","B_50","MEAN_EI","Mean equivalised income","Below 50%","Two adults with two dependent children","Percentage",14,
2000,"EL","PC","A2_DCH2","B_50","MEAN_EI","Mean equivalised income","Below 50%","Two adults with two dependent children","Percentage",15,
2001,"EL","PC","A2_DCH2","B_50","MEAN_EI","Mean equivalised income","Below 50%","Two adults with two dependent children","Percentage",13,
2003,"EL","PC","A2_DCH2","B_50","MEAN_EI","Mean equivalised income","Below 50%","Two adults with two dependent children","Percentage",16.3,"b"
2004,"EL","PC","A2_DCH2","B_50","MEAN_EI","Mean equivalised income","Below 50%","Two adults with two dependent children","Percentage",17.5,
2005,"EL","PC","A2_DCH2","B_50","MEAN_EI","Mean equivalised income","Below 50%","Two adults with two dependent children","Percentage",18.1,
2006,"EL","PC","A2_DCH2","B_50","MEAN_EI","Mean equivalised income","Below 50%","Two adults with two dependent children","Percentage",20.6,
2007,"EL","PC","A2_DCH2","B_50","MEAN_EI","Mean equivalised income","Below 50%","Two adults with two dependent children","Percentage",21.6,
2008,"EL","PC","A2_DCH2","B_50","MEAN_EI","Mean equivalised income","Below 50%","Two adults with two dependent children","Percentage",21.5,
2009,"EL","PC","A2_DCH2","B_50","MEAN_EI","Mean equivalised income","Below 50%","Two adults with two dependent children","Percentage",21.1,
2010,"EL","PC","A2_DCH2","B_50","MEAN_EI","Mean equivalised income","Below 50%","Two adults with two dependent children","Percentage",20,
2011,"EL","PC","A2_DCH2","B_50","MEAN_EI","Mean equivalised income","Below 50%","Two adults with two dependent children","Percentage",22.3,
2012,"EL","PC","A2_DCH2","B_50","MEAN_EI","Mean equivalised income","Below 50%","Two adults with two dependent children","Percentage",23.4,
2013,"EL","PC","A2_DCH2","B_50","MEAN_EI","Mean equivalised income","Below 50%","Two adults with two dependent children","Percentage",23.1,
2014,"EL","PC","A2_DCH2","B_50","MEAN_EI","Mean equivalised income","Below 50%","Two adults with two dependent children","Percentage",21,
2015,"EL","PC","A2_DCH2","B_50","MEAN_EI","Mean equivalised income","Below 50%","Two adults with two dependent children","Percentage",21.8,
2016,"EL","PC","A2_DCH2","B_50","MEAN_EI","Mean equivalised income","Below 50%","Two adults with two dependent children","Percentage",21.4,
2017,"EL","PC","A2_DCH2","B_50","MEAN_EI","Mean equivalised income","Below 50%","Two adults with two dependent children","Percentage",21.6,
2018,"EL","PC","A2_DCH2","B_50","MEAN_EI","Mean equivalised income","Below 50%","Two adults with two dependent children","Percentage",19.1,
2019,"EL","PC","A2_DCH2","B_50","MEAN_EI","Mean equivalised income","Below 50%","Two adults with two dependent children","Percentage",16.1,
2020,"EL","PC","A2_DCH2","B_50","MEAN_EI","Mean equivalised income","Below 50%","Two adults with two dependent children","Percentage",16.2,
2021,"EL","PC","A2_DCH2","B_50","MEAN_EI","Mean equivalised income","Below 50%","Two adults with two dependent children","Percentage",18.1,
2022,"EL","PC","A2_DCH2","B_50","MEAN_EI","Mean equivalised income","Below 50%","Two adults with two dependent children","Percentage",15.8,
2023,"EL","PC","A2_DCH2","B_50","MEAN_EI","Mean equivalised income","Below 50%","Two adults with two dependent children","Percentage",16.6,
2024,"EL","PC","A2_DCH2","B_50","MEAN_EI","Mean equivalised income","Below 50%","Two adults with two dependent children","Percentage",16.3,
2025,"EL","PC","A2_DCH2","B_50","MEAN_EI","Mean equivalised income","Below 50%","Two adults with two dependent children","Percentage",17.7,
2015,"EL","THS_PER","A2_DCH_GE3","B_50","MEAN_EI","Mean equivalised income","Below 50%","Two adults with three or more dependent children","Thousand persons",172,
2016,"EL","THS_PER","A2_DCH_GE3","B_50","MEAN_EI","Mean equivalised income","Below 50%","Two adults with three or more dependent children","Thousand persons",188,
2017,"EL","THS_PER","A2_DCH_GE3","B_50","MEAN_EI","Mean equivalised income","Below 50%","Two adults with three or more dependent children","Thousand persons",143,
2018,"EL","THS_PER","A2_DCH_GE3","B_50","MEAN_EI","Mean equivalised income","Below 50%","Two adults with three or more dependent children","Thousand persons",146,
2019,"EL","THS_PER","A2_DCH_GE3","B_50","MEAN_EI","Mean equivalised income","Below 50%","Two adults with three or more dependent children","Thousand persons",208,
2020,"EL","THS_PER","A2_DCH_GE3","B_50","MEAN_EI","Mean equivalised income","Below 50%","Two adults with three or more dependent children","Thousand persons",190,
2021,"EL","THS_PER","A2_DCH_GE3","B_50","MEAN_EI","Mean equivalised income","Below 50%","Two adults with three or more dependent children","Thousand persons",284,
2022,"EL","THS_PER","A2_DCH_GE3","B_50","MEAN_EI","Mean equivalised income","Below 50%","Two adults with three or more dependent children","Thousand persons",279,
2023,"EL","THS_PER","A2_DCH_GE3","B_50","MEAN_EI","Mean equivalised income","Below 50%","Two adults with three or more dependent children","Thousand persons",224,
2024,"EL","THS_PER","A2_DCH_GE3","B_50","MEAN_EI","Mean equivalised income","Below 50%","Two adults with three or more dependent children","Thousand persons",221,
2025,"EL","THS_PER","A2_DCH_GE3","B_50","MEAN_EI","Mean equivalised income","Below 50%","Two adults with three or more dependent children","Thousand persons",249,
1995,"EL","PC","A2_DCH_GE3","B_50","MEAN_EI","Mean equivalised income","Below 50%","Two adults with three or more dependent children","Percentage",17,
1996,"EL","PC","A2_DCH_GE3","B_50","MEAN_EI","Mean equivalised income","Below 50%","Two adults with three or more dependent children","Percentage",20,
1997,"EL","PC","A2_DCH_GE3","B_50","MEAN_EI","Mean equivalised income","Below 50%","Two adults with three or more dependent children","Percentage",22,
1998,"EL","PC","A2_DCH_GE3","B_50","MEAN_EI","Mean equivalised income","Below 50%","Two adults with three or more dependent children","Percentage",26,
1999,"EL","PC","A2_DCH_GE3","B_50","MEAN_EI","Mean equivalised income","Below 50%","Two adults with three or more dependent children","Percentage",19,
2000,"EL","PC","A2_DCH_GE3","B_50","MEAN_EI","Mean equivalised income","Below 50%","Two adults with three or more dependent children","Percentage",25,
2001,"EL","PC","A2_DCH_GE3","B_50","MEAN_EI","Mean equivalised income","Below 50%","Two adults with three or more dependent children","Percentage",25,
2003,"EL","PC","A2_DCH_GE3","B_50","MEAN_EI","Mean equivalised income","Below 50%","Two adults with three or more dependent children","Percentage",33.8,"b"
2004,"EL","PC","A2_DCH_GE3","B_50","MEAN_EI","Mean equivalised income","Below 50%","Two adults with three or more dependent children","Percentage",29.8,
2005,"EL","PC","A2_DCH_GE3","B_50","MEAN_EI","Mean equivalised income","Below 50%","Two adults with three or more dependent children","Percentage",32.3,
2006,"EL","PC","A2_DCH_GE3","B_50","MEAN_EI","Mean equivalised income","Below 50%","Two adults with three or more dependent children","Percentage",37.9,
2007,"EL","PC","A2_DCH_GE3","B_50","MEAN_EI","Mean equivalised income","Below 50%","Two adults with three or more dependent children","Percentage",29.7,
2008,"EL","PC","A2_DCH_GE3","B_50","MEAN_EI","Mean equivalised income","Below 50%","Two adults with three or more dependent children","Percentage",24.8,
2009,"EL","PC","A2_DCH_GE3","B_50","MEAN_EI","Mean equivalised income","Below 50%","Two adults with three or more dependent children","Percentage",28.6,
2010,"EL","PC","A2_DCH_GE3","B_50","MEAN_EI","Mean equivalised income","Below 50%","Two adults with three or more dependent children","Percentage",25.9,
2011,"EL","PC","A2_DCH_GE3","B_50","MEAN_EI","Mean equivalised income","Below 50%","Two adults with three or more dependent children","Percentage",20.4,
2012,"EL","PC","A2_DCH_GE3","B_50","MEAN_EI","Mean equivalised income","Below 50%","Two adults with three or more dependent children","Percentage",32.4,
2013,"EL","PC","A2_DCH_GE3","B_50","MEAN_EI","Mean equivalised income","Below 50%","Two adults with three or more dependent children","Percentage",26.7,
2014,"EL","PC","A2_DCH_GE3","B_50","MEAN_EI","Mean equivalised income","Below 50%","Two adults with three or more dependent children","Percentage",30.7,
2015,"EL","PC","A2_DCH_GE3","B_50","MEAN_EI","Mean equivalised income","Below 50%","Two adults with three or more dependent children","Percentage",26.8,
2016,"EL","PC","A2_DCH_GE3","B_50","MEAN_EI","Mean equivalised income","Below 50%","Two adults with three or more dependent children","Percentage",30.8,
2017,"EL","PC","A2_DCH_GE3","B_50","MEAN_EI","Mean equivalised income","Below 50%","Two adults with three or more dependent children","Percentage",23.1,
2018,"EL","PC","A2_DCH_GE3","B_50","MEAN_EI","Mean equivalised income","Below 50%","Two adults with three or more dependent children","Percentage",22.5,
2019,"EL","PC","A2_DCH_GE3","B_50","MEAN_EI","Mean equivalised income","Below 50%","Two adults with three or more dependent children","Percentage",24.4,
2020,"EL","PC","A2_DCH_GE3","B_50","MEAN_EI","Mean equivalised income","Below 50%","Two adults with three or more dependent children","Percentage",25,
2021,"EL","PC","A2_DCH_GE3","B_50","MEAN_EI","Mean equivalised income","Below 50%","Two adults with three or more dependent children","Percentage",27.5,
2022,"EL","PC","A2_DCH_GE3","B_50","MEAN_EI","Mean equivalised income","Below 50%","Two adults with three or more dependent children","Percentage",26.4,
2023,"EL","PC","A2_DCH_GE3","B_50","MEAN_EI","Mean equivalised income","Below 50%","Two adults with three or more dependent children","Percentage",25.6,
2024,"EL","PC","A2_DCH_GE3","B_50","MEAN_EI","Mean equivalised income","Below 50%","Two adults with three or more dependent children","Percentage",25.4,
2025,"EL","PC","A2_DCH_GE3","B_50","MEAN_EI","Mean equivalised income","Below 50%","Two adults with three or more dependent children","Percentage",28.9,
2015,"EL","THS_PER","A_GE2_DCH","B_50","MEAN_EI","Mean equivalised income","Below 50%","Two or more adults with dependent children","Thousand persons",1150,
2016,"EL","THS_PER","A_GE2_DCH","B_50","MEAN_EI","Mean equivalised income","Below 50%","Two or more adults with dependent children","Thousand persons",1167,
2017,"EL","THS_PER","A_GE2_DCH","B_50","MEAN_EI","Mean equivalised income","Below 50%","Two or more adults with dependent children","Thousand persons",1090,
2018,"EL","THS_PER","A_GE2_DCH","B_50","MEAN_EI","Mean equivalised income","Below 50%","Two or more adults with dependent children","Thousand persons",1009,
2019,"EL","THS_PER","A_GE2_DCH","B_50","MEAN_EI","Mean equivalised income","Below 50%","Two or more adults with dependent children","Thousand persons",924,
2020,"EL","THS_PER","A_GE2_DCH","B_50","MEAN_EI","Mean equivalised income","Below 50%","Two or more adults with dependent children","Thousand persons",910,
2021,"EL","THS_PER","A_GE2_DCH","B_50","MEAN_EI","Mean equivalised income","Below 50%","Two or more adults with dependent children","Thousand persons",1024,
2022,"EL","THS_PER","A_GE2_DCH","B_50","MEAN_EI","Mean equivalised income","Below 50%","Two or more adults with dependent children","Thousand persons",913,
2023,"EL","THS_PER","A_GE2_DCH","B_50","MEAN_EI","Mean equivalised income","Below 50%","Two or more adults with dependent children","Thousand persons",854,
2024,"EL","THS_PER","A_GE2_DCH","B_50","MEAN_EI","Mean equivalised income","Below 50%","Two or more adults with dependent children","Thousand persons",809,
2025,"EL","THS_PER","A_GE2_DCH","B_50","MEAN_EI","Mean equivalised income","Below 50%","Two or more adults with dependent children","Thousand persons",817,
2003,"EL","PC","A_GE2_DCH","B_50","MEAN_EI","Mean equivalised income","Below 50%","Two or more adults with dependent children","Percentage",20.2,"b"
2004,"EL","PC","A_GE2_DCH","B_50","MEAN_EI","Mean equivalised income","Below 50%","Two or more adults with dependent children","Percentage",18,
2005,"EL","PC","A_GE2_DCH","B_50","MEAN_EI","Mean equivalised income","Below 50%","Two or more adults with dependent children","Percentage",19.4,
2006,"EL","PC","A_GE2_DCH","B_50","MEAN_EI","Mean equivalised income","Below 50%","Two or more adults with dependent children","Percentage",22.1,
2007,"EL","PC","A_GE2_DCH","B_50","MEAN_EI","Mean equivalised income","Below 50%","Two or more adults with dependent children","Percentage",21.8,
2008,"EL","PC","A_GE2_DCH","B_50","MEAN_EI","Mean equivalised income","Below 50%","Two or more adults with dependent children","Percentage",21.2,
2009,"EL","PC","A_GE2_DCH","B_50","MEAN_EI","Mean equivalised income","Below 50%","Two or more adults with dependent children","Percentage",20.9,
2010,"EL","PC","A_GE2_DCH","B_50","MEAN_EI","Mean equivalised income","Below 50%","Two or more adults with dependent children","Percentage",21.8,
2011,"EL","PC","A_GE2_DCH","B_50","MEAN_EI","Mean equivalised income","Below 50%","Two or more adults with dependent children","Percentage",21.4,
2012,"EL","PC","A_GE2_DCH","B_50","MEAN_EI","Mean equivalised income","Below 50%","Two or more adults with dependent children","Percentage",24.8,
2013,"EL","PC","A_GE2_DCH","B_50","MEAN_EI","Mean equivalised income","Below 50%","Two or more adults with dependent children","Percentage",25.5,
2014,"EL","PC","A_GE2_DCH","B_50","MEAN_EI","Mean equivalised income","Below 50%","Two or more adults with dependent children","Percentage",24.7,
2015,"EL","PC","A_GE2_DCH","B_50","MEAN_EI","Mean equivalised income","Below 50%","Two or more adults with dependent children","Percentage",23.5,
2016,"EL","PC","A_GE2_DCH","B_50","MEAN_EI","Mean equivalised income","Below 50%","Two or more adults with dependent children","Percentage",24.1,
2017,"EL","PC","A_GE2_DCH","B_50","MEAN_EI","Mean equivalised income","Below 50%","Two or more adults with dependent children","Percentage",22.7,
2018,"EL","PC","A_GE2_DCH","B_50","MEAN_EI","Mean equivalised income","Below 50%","Two or more adults with dependent children","Percentage",20.9,
2019,"EL","PC","A_GE2_DCH","B_50","MEAN_EI","Mean equivalised income","Below 50%","Two or more adults with dependent children","Percentage",19,
2020,"EL","PC","A_GE2_DCH","B_50","MEAN_EI","Mean equivalised income","Below 50%","Two or more adults with dependent children","Percentage",18.8,
2021,"EL","PC","A_GE2_DCH","B_50","MEAN_EI","Mean equivalised income","Below 50%","Two or more adults with dependent children","Percentage",20.5,
2022,"EL","PC","A_GE2_DCH","B_50","MEAN_EI","Mean equivalised income","Below 50%","Two or more adults with dependent children","Percentage",19.3,
2023,"EL","PC","A_GE2_DCH","B_50","MEAN_EI","Mean equivalised income","Below 50%","Two or more adults with dependent children","Percentage",18.8,
2024,"EL","PC","A_GE2_DCH","B_50","MEAN_EI","Mean equivalised income","Below 50%","Two or more adults with dependent children","Percentage",17.9,
2025,"EL","PC","A_GE2_DCH","B_50","MEAN_EI","Mean equivalised income","Below 50%","Two or more adults with dependent children","Percentage",18.1,
2015,"EL","THS_PER","A_GE2_NDCH","B_50","MEAN_EI","Mean equivalised income","Below 50%","Two or more adults without dependent children","Thousand persons",664,
2016,"EL","THS_PER","A_GE2_NDCH","B_50","MEAN_EI","Mean equivalised income","Below 50%","Two or more adults without dependent children","Thousand persons",699,
2017,"EL","THS_PER","A_GE2_NDCH","B_50","MEAN_EI","Mean equivalised income","Below 50%","Two or more adults without dependent children","Thousand persons",683,
2018,"EL","THS_PER","A_GE2_NDCH","B_50","MEAN_EI","Mean equivalised income","Below 50%","Two or more adults without dependent children","Thousand persons",548,
2019,"EL","THS_PER","A_GE2_NDCH","B_50","MEAN_EI","Mean equivalised income","Below 50%","Two or more adults without dependent children","Thousand persons",562,
2020,"EL","THS_PER","A_GE2_NDCH","B_50","MEAN_EI","Mean equivalised income","Below 50%","Two or more adults without dependent children","Thousand persons",537,
2021,"EL","THS_PER","A_GE2_NDCH","B_50","MEAN_EI","Mean equivalised income","Below 50%","Two or more adults without dependent children","Thousand persons",550,
2022,"EL","THS_PER","A_GE2_NDCH","B_50","MEAN_EI","Mean equivalised income","Below 50%","Two or more adults without dependent children","Thousand persons",538,
2023,"EL","THS_PER","A_GE2_NDCH","B_50","MEAN_EI","Mean equivalised income","Below 50%","Two or more adults without dependent children","Thousand persons",472,
2024,"EL","THS_PER","A_GE2_NDCH","B_50","MEAN_EI","Mean equivalised income","Below 50%","Two or more adults without dependent children","Thousand persons",530,
2025,"EL","THS_PER","A_GE2_NDCH","B_50","MEAN_EI","Mean equivalised income","Below 50%","Two or more adults without dependent children","Thousand persons",509,
2003,"EL","PC","A_GE2_NDCH","B_50","MEAN_EI","Mean equivalised income","Below 50%","Two or more adults without dependent children","Percentage",18,"b"
2004,"EL","PC","A_GE2_NDCH","B_50","MEAN_EI","Mean equivalised income","Below 50%","Two or more adults without dependent children","Percentage",16.2,
2005,"EL","PC","A_GE2_NDCH","B_50","MEAN_EI","Mean equivalised income","Below 50%","Two or more adults without dependent children","Percentage",16.6,
2006,"EL","PC","A_GE2_NDCH","B_50","MEAN_EI","Mean equivalised income","Below 50%","Two or more adults without dependent children","Percentage",16.9,
2007,"EL","PC","A_GE2_NDCH","B_50","MEAN_EI","Mean equivalised income","Below 50%","Two or more adults without dependent children","Percentage",16,
2008,"EL","PC","A_GE2_NDCH","B_50","MEAN_EI","Mean equivalised income","Below 50%","Two or more adults without dependent children","Percentage",16.4,
2009,"EL","PC","A_GE2_NDCH","B_50","MEAN_EI","Mean equivalised income","Below 50%","Two or more adults without dependent children","Percentage",15.4,
2010,"EL","PC","A_GE2_NDCH","B_50","MEAN_EI","Mean equivalised income","Below 50%","Two or more adults without dependent children","Percentage",15.1,
2011,"EL","PC","A_GE2_NDCH","B_50","MEAN_EI","Mean equivalised income","Below 50%","Two or more adults without dependent children","Percentage",16.5,
2012,"EL","PC","A_GE2_NDCH","B_50","MEAN_EI","Mean equivalised income","Below 50%","Two or more adults without dependent children","Percentage",14.7,
2013,"EL","PC","A_GE2_NDCH","B_50","MEAN_EI","Mean equivalised income","Below 50%","Two or more adults without dependent children","Percentage",13.6,
2014,"EL","PC","A_GE2_NDCH","B_50","MEAN_EI","Mean equivalised income","Below 50%","Two or more adults without dependent children","Percentage",16,
2015,"EL","PC","A_GE2_NDCH","B_50","MEAN_EI","Mean equivalised income","Below 50%","Two or more adults without dependent children","Percentage",14.7,
2016,"EL","PC","A_GE2_NDCH","B_50","MEAN_EI","Mean equivalised income","Below 50%","Two or more adults without dependent children","Percentage",15.4,
2017,"EL","PC","A_GE2_NDCH","B_50","MEAN_EI","Mean equivalised income","Below 50%","Two or more adults without dependent children","Percentage",15,
2018,"EL","PC","A_GE2_NDCH","B_50","MEAN_EI","Mean equivalised income","Below 50%","Two or more adults without dependent children","Percentage",12.3,
2019,"EL","PC","A_GE2_NDCH","B_50","MEAN_EI","Mean equivalised income","Below 50%","Two or more adults without dependent children","Percentage",12.6,
2020,"EL","PC","A_GE2_NDCH","B_50","MEAN_EI","Mean equivalised income","Below 50%","Two or more adults without dependent children","Percentage",12,
2021,"EL","PC","A_GE2_NDCH","B_50","MEAN_EI","Mean equivalised income","Below 50%","Two or more adults without dependent children","Percentage",12.8,
2022,"EL","PC","A_GE2_NDCH","B_50","MEAN_EI","Mean equivalised income","Below 50%","Two or more adults without dependent children","Percentage",12.3,
2023,"EL","PC","A_GE2_NDCH","B_50","MEAN_EI","Mean equivalised income","Below 50%","Two or more adults without dependent children","Percentage",11.6,
2024,"EL","PC","A_GE2_NDCH","B_50","MEAN_EI","Mean equivalised income","Below 50%","Two or more adults without dependent children","Percentage",13.1,
2025,"EL","PC","A_GE2_NDCH","B_50","MEAN_EI","Mean equivalised income","Below 50%","Two or more adults without dependent children","Percentage",12.5,
2015,"EL","THS_PER","A_GE3","B_50","MEAN_EI","Mean equivalised income","Below 50%","Three or more adults","Thousand persons",367,
2016,"EL","THS_PER","A_GE3","B_50","MEAN_EI","Mean equivalised income","Below 50%","Three or more adults","Thousand persons",393,
2017,"EL","THS_PER","A_GE3","B_50","MEAN_EI","Mean equivalised income","Below 50%","Three or more adults","Thousand persons",394,
2018,"EL","THS_PER","A_GE3","B_50","MEAN_EI","Mean equivalised income","Below 50%","Three or more adults","Thousand persons",304,
2019,"EL","THS_PER","A_GE3","B_50","MEAN_EI","Mean equivalised income","Below 50%","Three or more adults","Thousand persons",296,
2020,"EL","THS_PER","A_GE3","B_50","MEAN_EI","Mean equivalised income","Below 50%","Three or more adults","Thousand persons",306,
2021,"EL","THS_PER","A_GE3","B_50","MEAN_EI","Mean equivalised income","Below 50%","Three or more adults","Thousand persons",278,
2022,"EL","THS_PER","A_GE3","B_50","MEAN_EI","Mean equivalised income","Below 50%","Three or more adults","Thousand persons",262,
2023,"EL","THS_PER","A_GE3","B_50","MEAN_EI","Mean equivalised income","Below 50%","Three or more adults","Thousand persons",191,
2024,"EL","THS_PER","A_GE3","B_50","MEAN_EI","Mean equivalised income","Below 50%","Three or more adults","Thousand persons",221,
2025,"EL","THS_PER","A_GE3","B_50","MEAN_EI","Mean equivalised income","Below 50%","Three or more adults","Thousand persons",191,
1995,"EL","PC","A_GE3","B_50","MEAN_EI","Mean equivalised income","Below 50%","Three or more adults","Percentage",18,
1996,"EL","PC","A_GE3","B_50","MEAN_EI","Mean equivalised income","Below 50%","Three or more adults","Percentage",16,
1997,"EL","PC","A_GE3","B_50","MEAN_EI","Mean equivalised income","Below 50%","Three or more adults","Percentage",19,
1998,"EL","PC","A_GE3","B_50","MEAN_EI","Mean equivalised income","Below 50%","Three or more adults","Percentage",18,
1999,"EL","PC","A_GE3","B_50","MEAN_EI","Mean equivalised income","Below 50%","Three or more adults","Percentage",19,
2000,"EL","PC","A_GE3","B_50","MEAN_EI","Mean equivalised income","Below 50%","Three or more adults","Percentage",16,
2001,"EL","PC","A_GE3","B_50","MEAN_EI","Mean equivalised income","Below 50%","Three or more adults","Percentage",17,
2003,"EL","PC","A_GE3","B_50","MEAN_EI","Mean equivalised income","Below 50%","Three or more adults","Percentage",13.7,"b"
2004,"EL","PC","A_GE3","B_50","MEAN_EI","Mean equivalised income","Below 50%","Three or more adults","Percentage",12.5,
2005,"EL","PC","A_GE3","B_50","MEAN_EI","Mean equivalised income","Below 50%","Three or more adults","Percentage",12.4,
2006,"EL","PC","A_GE3","B_50","MEAN_EI","Mean equivalised income","Below 50%","Three or more adults","Percentage",14.6,
2007,"EL","PC","A_GE3","B_50","MEAN_EI","Mean equivalised income","Below 50%","Three or more adults","Percentage",14.2,
2008,"EL","PC","A_GE3","B_50","MEAN_EI","Mean equivalised income","Below 50%","Three or more adults","Percentage",15.2,
2009,"EL","PC","A_GE3","B_50","MEAN_EI","Mean equivalised income","Below 50%","Three or more adults","Percentage",12.2,
2010,"EL","PC","A_GE3","B_50","MEAN_EI","Mean equivalised income","Below 50%","Three or more adults","Percentage",11.6,
2011,"EL","PC","A_GE3","B_50","MEAN_EI","Mean equivalised income","Below 50%","Three or more adults","Percentage",15.9,
2012,"EL","PC","A_GE3","B_50","MEAN_EI","Mean equivalised income","Below 50%","Three or more adults","Percentage",17.7,
2013,"EL","PC","A_GE3","B_50","MEAN_EI","Mean equivalised income","Below 50%","Three or more adults","Percentage",16.6,
2014,"EL","PC","A_GE3","B_50","MEAN_EI","Mean equivalised income","Below 50%","Three or more adults","Percentage",19,
2015,"EL","PC","A_GE3","B_50","MEAN_EI","Mean equivalised income","Below 50%","Three or more adults","Percentage",17.1,
2016,"EL","PC","A_GE3","B_50","MEAN_EI","Mean equivalised income","Below 50%","Three or more adults","Percentage",18.2,
2017,"EL","PC","A_GE3","B_50","MEAN_EI","Mean equivalised income","Below 50%","Three or more adults","Percentage",18,
2018,"EL","PC","A_GE3","B_50","MEAN_EI","Mean equivalised income","Below 50%","Three or more adults","Percentage",14.5,
2019,"EL","PC","A_GE3","B_50","MEAN_EI","Mean equivalised income","Below 50%","Three or more adults","Percentage",14.2,
2020,"EL","PC","A_GE3","B_50","MEAN_EI","Mean equivalised income","Below 50%","Three or more adults","Percentage",14.5,
2021,"EL","PC","A_GE3","B_50","MEAN_EI","Mean equivalised income","Below 50%","Three or more adults","Percentage",14.3,
2022,"EL","PC","A_GE3","B_50","MEAN_EI","Mean equivalised income","Below 50%","Three or more adults","Percentage",12.6,
2023,"EL","PC","A_GE3","B_50","MEAN_EI","Mean equivalised income","Below 50%","Three or more adults","Percentage",11.1,
2024,"EL","PC","A_GE3","B_50","MEAN_EI","Mean equivalised income","Below 50%","Three or more adults","Percentage",13,
2025,"EL","PC","A_GE3","B_50","MEAN_EI","Mean equivalised income","Below 50%","Three or more adults","Percentage",11.3,
2015,"EL","THS_PER","A_GE3_DCH","B_50","MEAN_EI","Mean equivalised income","Below 50%","Three or more adults with dependent children","Thousand persons",373,
2016,"EL","THS_PER","A_GE3_DCH","B_50","MEAN_EI","Mean equivalised income","Below 50%","Three or more adults with dependent children","Thousand persons",366,
2017,"EL","THS_PER","A_GE3_DCH","B_50","MEAN_EI","Mean equivalised income","Below 50%","Three or more adults with dependent children","Thousand persons",357,
2018,"EL","THS_PER","A_GE3_DCH","B_50","MEAN_EI","Mean equivalised income","Below 50%","Three or more adults with dependent children","Thousand persons",334,
2019,"EL","THS_PER","A_GE3_DCH","B_50","MEAN_EI","Mean equivalised income","Below 50%","Three or more adults with dependent children","Thousand persons",296,
2020,"EL","THS_PER","A_GE3_DCH","B_50","MEAN_EI","Mean equivalised income","Below 50%","Three or more adults with dependent children","Thousand persons",289,
2021,"EL","THS_PER","A_GE3_DCH","B_50","MEAN_EI","Mean equivalised income","Below 50%","Three or more adults with dependent children","Thousand persons",265,
2022,"EL","THS_PER","A_GE3_DCH","B_50","MEAN_EI","Mean equivalised income","Below 50%","Three or more adults with dependent children","Thousand persons",226,
2023,"EL","THS_PER","A_GE3_DCH","B_50","MEAN_EI","Mean equivalised income","Below 50%","Three or more adults with dependent children","Thousand persons",191,
2024,"EL","THS_PER","A_GE3_DCH","B_50","MEAN_EI","Mean equivalised income","Below 50%","Three or more adults with dependent children","Thousand persons",139,
2025,"EL","THS_PER","A_GE3_DCH","B_50","MEAN_EI","Mean equivalised income","Below 50%","Three or more adults with dependent children","Thousand persons",125,
1995,"EL","PC","A_GE3_DCH","B_50","MEAN_EI","Mean equivalised income","Below 50%","Three or more adults with dependent children","Percentage",25,
1996,"EL","PC","A_GE3_DCH","B_50","MEAN_EI","Mean equivalised income","Below 50%","Three or more adults with dependent children","Percentage",28,
1997,"EL","PC","A_GE3_DCH","B_50","MEAN_EI","Mean equivalised income","Below 50%","Three or more adults with dependent children","Percentage",27,
1998,"EL","PC","A_GE3_DCH","B_50","MEAN_EI","Mean equivalised income","Below 50%","Three or more adults with dependent children","Percentage",26,
1999,"EL","PC","A_GE3_DCH","B_50","MEAN_EI","Mean equivalised income","Below 50%","Three or more adults with dependent children","Percentage",25,
2000,"EL","PC","A_GE3_DCH","B_50","MEAN_EI","Mean equivalised income","Below 50%","Three or more adults with dependent children","Percentage",22,
2001,"EL","PC","A_GE3_DCH","B_50","MEAN_EI","Mean equivalised income","Below 50%","Three or more adults with dependent children","Percentage",21,
2003,"EL","PC","A_GE3_DCH","B_50","MEAN_EI","Mean equivalised income","Below 50%","Three or more adults with dependent children","Percentage",27.9,"b"
2004,"EL","PC","A_GE3_DCH","B_50","MEAN_EI","Mean equivalised income","Below 50%","Three or more adults with dependent children","Percentage",23,
2005,"EL","PC","A_GE3_DCH","B_50","MEAN_EI","Mean equivalised income","Below 50%","Three or more adults with dependent children","Percentage",28.2,
2006,"EL","PC","A_GE3_DCH","B_50","MEAN_EI","Mean equivalised income","Below 50%","Three or more adults with dependent children","Percentage",29.6,
2007,"EL","PC","A_GE3_DCH","B_50","MEAN_EI","Mean equivalised income","Below 50%","Three or more adults with dependent children","Percentage",22.7,
2008,"EL","PC","A_GE3_DCH","B_50","MEAN_EI","Mean equivalised income","Below 50%","Three or more adults with dependent children","Percentage",24,
2009,"EL","PC","A_GE3_DCH","B_50","MEAN_EI","Mean equivalised income","Below 50%","Three or more adults with dependent children","Percentage",17.7,
2010,"EL","PC","A_GE3_DCH","B_50","MEAN_EI","Mean equivalised income","Below 50%","Three or more adults with dependent children","Percentage",27,
2011,"EL","PC","A_GE3_DCH","B_50","MEAN_EI","Mean equivalised income","Below 50%","Three or more adults with dependent children","Percentage",23.9,
2012,"EL","PC","A_GE3_DCH","B_50","MEAN_EI","Mean equivalised income","Below 50%","Three or more adults with dependent children","Percentage",29.4,
2013,"EL","PC","A_GE3_DCH","B_50","MEAN_EI","Mean equivalised income","Below 50%","Three or more adults with dependent children","Percentage",36.2,
2014,"EL","PC","A_GE3_DCH","B_50","MEAN_EI","Mean equivalised income","Below 50%","Three or more adults with dependent children","Percentage",31.8,
2015,"EL","PC","A_GE3_DCH","B_50","MEAN_EI","Mean equivalised income","Below 50%","Three or more adults with dependent children","Percentage",29.1,
2016,"EL","PC","A_GE3_DCH","B_50","MEAN_EI","Mean equivalised income","Below 50%","Three or more adults with dependent children","Percentage",29.4,
2017,"EL","PC","A_GE3_DCH","B_50","MEAN_EI","Mean equivalised income","Below 50%","Three or more adults with dependent children","Percentage",28.4,
2018,"EL","PC","A_GE3_DCH","B_50","MEAN_EI","Mean equivalised income","Below 50%","Three or more adults with dependent children","Percentage",27.2,
2019,"EL","PC","A_GE3_DCH","B_50","MEAN_EI","Mean equivalised income","Below 50%","Three or more adults with dependent children","Percentage",23.4,
2020,"EL","PC","A_GE3_DCH","B_50","MEAN_EI","Mean equivalised income","Below 50%","Three or more adults with dependent children","Percentage",23.2,
2021,"EL","PC","A_GE3_DCH","B_50","MEAN_EI","Mean equivalised income","Below 50%","Three or more adults with dependent children","Percentage",23.2,
2022,"EL","PC","A_GE3_DCH","B_50","MEAN_EI","Mean equivalised income","Below 50%","Three or more adults with dependent children","Percentage",20.6,
2023,"EL","PC","A_GE3_DCH","B_50","MEAN_EI","Mean equivalised income","Below 50%","Three or more adults with dependent children","Percentage",20,
2024,"EL","PC","A_GE3_DCH","B_50","MEAN_EI","Mean equivalised income","Below 50%","Three or more adults with dependent children","Percentage",14.8,
2025,"EL","PC","A_GE3_DCH","B_50","MEAN_EI","Mean equivalised income","Below 50%","Three or more adults with dependent children","Percentage",12.9,
2015,"EL","THS_PER","DCH","B_50","MEAN_EI","Mean equivalised income","Below 50%","Household with dependent children","Thousand persons",1206,
2016,"EL","THS_PER","DCH","B_50","MEAN_EI","Mean equivalised income","Below 50%","Household with dependent children","Thousand persons",1216,
2017,"EL","THS_PER","DCH","B_50","MEAN_EI","Mean equivalised income","Below 50%","Household with dependent children","Thousand persons",1141,
2018,"EL","THS_PER","DCH","B_50","MEAN_EI","Mean equivalised income","Below 50%","Household with dependent children","Thousand persons",1056,
2019,"EL","THS_PER","DCH","B_50","MEAN_EI","Mean equivalised income","Below 50%","Household with dependent children","Thousand persons",966,
2020,"EL","THS_PER","DCH","B_50","MEAN_EI","Mean equivalised income","Below 50%","Household with dependent children","Thousand persons",943,
2021,"EL","THS_PER","DCH","B_50","MEAN_EI","Mean equivalised income","Below 50%","Household with dependent children","Thousand persons",1069,
2022,"EL","THS_PER","DCH","B_50","MEAN_EI","Mean equivalised income","Below 50%","Household with dependent children","Thousand persons",963,
2023,"EL","THS_PER","DCH","B_50","MEAN_EI","Mean equivalised income","Below 50%","Household with dependent children","Thousand persons",920,
2024,"EL","THS_PER","DCH","B_50","MEAN_EI","Mean equivalised income","Below 50%","Household with dependent children","Thousand persons",867,
2025,"EL","THS_PER","DCH","B_50","MEAN_EI","Mean equivalised income","Below 50%","Household with dependent children","Thousand persons",857,
1995,"EL","PC","DCH","B_50","MEAN_EI","Mean equivalised income","Below 50%","Household with dependent children","Percentage",18,
1996,"EL","PC","DCH","B_50","MEAN_EI","Mean equivalised income","Below 50%","Household with dependent children","Percentage",20,
1997,"EL","PC","DCH","B_50","MEAN_EI","Mean equivalised income","Below 50%","Household with dependent children","Percentage",19,
1998,"EL","PC","DCH","B_50","MEAN_EI","Mean equivalised income","Below 50%","Household with dependent children","Percentage",19,
1999,"EL","PC","DCH","B_50","MEAN_EI","Mean equivalised income","Below 50%","Household with dependent children","Percentage",17,
2000,"EL","PC","DCH","B_50","MEAN_EI","Mean equivalised income","Below 50%","Household with dependent children","Percentage",17,
2001,"EL","PC","DCH","B_50","MEAN_EI","Mean equivalised income","Below 50%","Household with dependent children","Percentage",16,
2003,"EL","PC","DCH","B_50","MEAN_EI","Mean equivalised income","Below 50%","Household with dependent children","Percentage",20.6,"b"
2004,"EL","PC","DCH","B_50","MEAN_EI","Mean equivalised income","Below 50%","Household with dependent children","Percentage",18.5,
2005,"EL","PC","DCH","B_50","MEAN_EI","Mean equivalised income","Below 50%","Household with dependent children","Percentage",20.2,
2006,"EL","PC","DCH","B_50","MEAN_EI","Mean equivalised income","Below 50%","Household with dependent children","Percentage",22.4,
2007,"EL","PC","DCH","B_50","MEAN_EI","Mean equivalised income","Below 50%","Household with dependent children","Percentage",22.2,
2008,"EL","PC","DCH","B_50","MEAN_EI","Mean equivalised income","Below 50%","Household with dependent children","Percentage",21.2,
2009,"EL","PC","DCH","B_50","MEAN_EI","Mean equivalised income","Below 50%","Household with dependent children","Percentage",21.2,
2010,"EL","PC","DCH","B_50","MEAN_EI","Mean equivalised income","Below 50%","Household with dependent children","Percentage",22.1,
2011,"EL","PC","DCH","B_50","MEAN_EI","Mean equivalised income","Below 50%","Household with dependent children","Percentage",21.9,
2012,"EL","PC","DCH","B_50","MEAN_EI","Mean equivalised income","Below 50%","Household with dependent children","Percentage",25.9,
2013,"EL","PC","DCH","B_50","MEAN_EI","Mean equivalised income","Below 50%","Household with dependent children","Percentage",25.8,
2014,"EL","PC","DCH","B_50","MEAN_EI","Mean equivalised income","Below 50%","Household with dependent children","Percentage",24.8,
2015,"EL","PC","DCH","B_50","MEAN_EI","Mean equivalised income","Below 50%","Household with dependent children","Percentage",23.7,
2016,"EL","PC","DCH","B_50","MEAN_EI","Mean equivalised income","Below 50%","Household with dependent children","Percentage",24.2,
2017,"EL","PC","DCH","B_50","MEAN_EI","Mean equivalised income","Below 50%","Household with dependent children","Percentage",22.9,
2018,"EL","PC","DCH","B_50","MEAN_EI","Mean equivalised income","Below 50%","Household with dependent children","Percentage",21.2,
2019,"EL","PC","DCH","B_50","MEAN_EI","Mean equivalised income","Below 50%","Household with dependent children","Percentage",19.4,
2020,"EL","PC","DCH","B_50","MEAN_EI","Mean equivalised income","Below 50%","Household with dependent children","Percentage",18.9,
2021,"EL","PC","DCH","B_50","MEAN_EI","Mean equivalised income","Below 50%","Household with dependent children","Percentage",20.9,
2022,"EL","PC","DCH","B_50","MEAN_EI","Mean equivalised income","Below 50%","Household with dependent children","Percentage",19.7,
2023,"EL","PC","DCH","B_50","MEAN_EI","Mean equivalised income","Below 50%","Household with dependent children","Percentage",19.4,
2024,"EL","PC","DCH","B_50","MEAN_EI","Mean equivalised income","Below 50%","Household with dependent children","Percentage",18.5,
2025,"EL","PC","DCH","B_50","MEAN_EI","Mean equivalised income","Below 50%","Household with dependent children","Percentage",18.3,
2015,"EL","THS_PER","NDCH","B_50","MEAN_EI","Mean equivalised income","Below 50%","Household without dependent children","Thousand persons",889,
2016,"EL","THS_PER","NDCH","B_50","MEAN_EI","Mean equivalised income","Below 50%","Household without dependent children","Thousand persons",914,
2017,"EL","THS_PER","NDCH","B_50","MEAN_EI","Mean equivalised income","Below 50%","Household without dependent children","Thousand persons",879,
2018,"EL","THS_PER","NDCH","B_50","MEAN_EI","Mean equivalised income","Below 50%","Household without dependent children","Thousand persons",727,
2019,"EL","THS_PER","NDCH","B_50","MEAN_EI","Mean equivalised income","Below 50%","Household without dependent children","Thousand persons",740,
2020,"EL","THS_PER","NDCH","B_50","MEAN_EI","Mean equivalised income","Below 50%","Household without dependent children","Thousand persons",728,
2021,"EL","THS_PER","NDCH","B_50","MEAN_EI","Mean equivalised income","Below 50%","Household without dependent children","Thousand persons",760,
2022,"EL","THS_PER","NDCH","B_50","MEAN_EI","Mean equivalised income","Below 50%","Household without dependent children","Thousand persons",740,
2023,"EL","THS_PER","NDCH","B_50","MEAN_EI","Mean equivalised income","Below 50%","Household without dependent children","Thousand persons",753,
2024,"EL","THS_PER","NDCH","B_50","MEAN_EI","Mean equivalised income","Below 50%","Household without dependent children","Thousand persons",838,
2025,"EL","THS_PER","NDCH","B_50","MEAN_EI","Mean equivalised income","Below 50%","Household without dependent children","Thousand persons",859,
1995,"EL","PC","NDCH","B_50","MEAN_EI","Mean equivalised income","Below 50%","Household without dependent children","Percentage",25,
1996,"EL","PC","NDCH","B_50","MEAN_EI","Mean equivalised income","Below 50%","Household without dependent children","Percentage",22,
1997,"EL","PC","NDCH","B_50","MEAN_EI","Mean equivalised income","Below 50%","Household without dependent children","Percentage",25,
1998,"EL","PC","NDCH","B_50","MEAN_EI","Mean equivalised income","Below 50%","Household without dependent children","Percentage",25,
1999,"EL","PC","NDCH","B_50","MEAN_EI","Mean equivalised income","Below 50%","Household without dependent children","Percentage",24,
2000,"EL","PC","NDCH","B_50","MEAN_EI","Mean equivalised income","Below 50%","Household without dependent children","Percentage",22,
2001,"EL","PC","NDCH","B_50","MEAN_EI","Mean equivalised income","Below 50%","Household without dependent children","Percentage",23,
2003,"EL","PC","NDCH","B_50","MEAN_EI","Mean equivalised income","Below 50%","Household without dependent children","Percentage",19.2,"b"
2004,"EL","PC","NDCH","B_50","MEAN_EI","Mean equivalised income","Below 50%","Household without dependent children","Percentage",17.9,
2005,"EL","PC","NDCH","B_50","MEAN_EI","Mean equivalised income","Below 50%","Household without dependent children","Percentage",18.1,
2006,"EL","PC","NDCH","B_50","MEAN_EI","Mean equivalised income","Below 50%","Household without dependent children","Percentage",18,
2007,"EL","PC","NDCH","B_50","MEAN_EI","Mean equivalised income","Below 50%","Household without dependent children","Percentage",17.7,
2008,"EL","PC","NDCH","B_50","MEAN_EI","Mean equivalised income","Below 50%","Household without dependent children","Percentage",17.6,
2009,"EL","PC","NDCH","B_50","MEAN_EI","Mean equivalised income","Below 50%","Household without dependent children","Percentage",16.9,
2010,"EL","PC","NDCH","B_50","MEAN_EI","Mean equivalised income","Below 50%","Household without dependent children","Percentage",16.3,
2011,"EL","PC","NDCH","B_50","MEAN_EI","Mean equivalised income","Below 50%","Household without dependent children","Percentage",17.5,
2012,"EL","PC","NDCH","B_50","MEAN_EI","Mean equivalised income","Below 50%","Household without dependent children","Percentage",15.3,
2013,"EL","PC","NDCH","B_50","MEAN_EI","Mean equivalised income","Below 50%","Household without dependent children","Percentage",14.4,
2014,"EL","PC","NDCH","B_50","MEAN_EI","Mean equivalised income","Below 50%","Household without dependent children","Percentage",16.9,
2015,"EL","PC","NDCH","B_50","MEAN_EI","Mean equivalised income","Below 50%","Household without dependent children","Percentage",15.9,
2016,"EL","PC","NDCH","B_50","MEAN_EI","Mean equivalised income","Below 50%","Household without dependent children","Percentage",16.3,
2017,"EL","PC","NDCH","B_50","MEAN_EI","Mean equivalised income","Below 50%","Household without dependent children","Percentage",15.6,
2018,"EL","PC","NDCH","B_50","MEAN_EI","Mean equivalised income","Below 50%","Household without dependent children","Percentage",13.2,
2019,"EL","PC","NDCH","B_50","MEAN_EI","Mean equivalised income","Below 50%","Household without dependent children","Percentage",13.4,
2020,"EL","PC","NDCH","B_50","MEAN_EI","Mean equivalised income","Below 50%","Household without dependent children","Percentage",13.2,
2021,"EL","PC","NDCH","B_50","MEAN_EI","Mean equivalised income","Below 50%","Household without dependent children","Percentage",14.2,
2022,"EL","PC","NDCH","B_50","MEAN_EI","Mean equivalised income","Below 50%","Household without dependent children","Percentage",13.6,
2023,"EL","PC","NDCH","B_50","MEAN_EI","Mean equivalised income","Below 50%","Household without dependent children","Percentage",13.8,
2024,"EL","PC","NDCH","B_50","MEAN_EI","Mean equivalised income","Below 50%","Household without dependent children","Percentage",15.4,
2025,"EL","PC","NDCH","B_50","MEAN_EI","Mean equivalised income","Below 50%","Household without dependent children","Percentage",15.8,
1995,"EL","PC","A1_LT64","B_50","MEAN_EI","Mean equivalised income","Below 50%","One adult younger than 64 years","Percentage",20,
1996,"EL","PC","A1_LT64","B_50","MEAN_EI","Mean equivalised income","Below 50%","One adult younger than 64 years","Percentage",18,
1997,"EL","PC","A1_LT64","B_50","MEAN_EI","Mean equivalised income","Below 50%","One adult younger than 64 years","Percentage",20,
1998,"EL","PC","A1_LT64","B_50","MEAN_EI","Mean equivalised income","Below 50%","One adult younger than 64 years","Percentage",24,
1999,"EL","PC","A1_LT64","B_50","MEAN_EI","Mean equivalised income","Below 50%","One adult younger than 64 years","Percentage",20,
2000,"EL","PC","A1_LT64","B_50","MEAN_EI","Mean equivalised income","Below 50%","One adult younger than 64 years","Percentage",21,
2001,"EL","PC","A1_LT64","B_50","MEAN_EI","Mean equivalised income","Below 50%","One adult younger than 64 years","Percentage",18,
2015,"EL","THS_PER","A1_LT65","B_50","MEAN_EI","Mean equivalised income","Below 50%","One adult younger than 65 years","Thousand persons",132,
2016,"EL","THS_PER","A1_LT65","B_50","MEAN_EI","Mean equivalised income","Below 50%","One adult younger than 65 years","Thousand persons",123,
2017,"EL","THS_PER","A1_LT65","B_50","MEAN_EI","Mean equivalised income","Below 50%","One adult younger than 65 years","Thousand persons",111,
2018,"EL","THS_PER","A1_LT65","B_50","MEAN_EI","Mean equivalised income","Below 50%","One adult younger than 65 years","Thousand persons",105,
2019,"EL","THS_PER","A1_LT65","B_50","MEAN_EI","Mean equivalised income","Below 50%","One adult younger than 65 years","Thousand persons",102,
2020,"EL","THS_PER","A1_LT65","B_50","MEAN_EI","Mean equivalised income","Below 50%","One adult younger than 65 years","Thousand persons",104,
2021,"EL","THS_PER","A1_LT65","B_50","MEAN_EI","Mean equivalised income","Below 50%","One adult younger than 65 years","Thousand persons",106,
2022,"EL","THS_PER","A1_LT65","B_50","MEAN_EI","Mean equivalised income","Below 50%","One adult younger than 65 years","Thousand persons",100,
2023,"EL","THS_PER","A1_LT65","B_50","MEAN_EI","Mean equivalised income","Below 50%","One adult younger than 65 years","Thousand persons",142,
2024,"EL","THS_PER","A1_LT65","B_50","MEAN_EI","Mean equivalised income","Below 50%","One adult younger than 65 years","Thousand persons",157,
2025,"EL","THS_PER","A1_LT65","B_50","MEAN_EI","Mean equivalised income","Below 50%","One adult younger than 65 years","Thousand persons",157,
2003,"EL","PC","A1_LT65","B_50","MEAN_EI","Mean equivalised income","Below 50%","One adult younger than 65 years","Percentage",17.1,"b"
2004,"EL","PC","A1_LT65","B_50","MEAN_EI","Mean equivalised income","Below 50%","One adult younger than 65 years","Percentage",19.4,
2005,"EL","PC","A1_LT65","B_50","MEAN_EI","Mean equivalised income","Below 50%","One adult younger than 65 years","Percentage",18.4,
2006,"EL","PC","A1_LT65","B_50","MEAN_EI","Mean equivalised income","Below 50%","One adult younger than 65 years","Percentage",14.8,
2007,"EL","PC","A1_LT65","B_50","MEAN_EI","Mean equivalised income","Below 50%","One adult younger than 65 years","Percentage",21.7,
2008,"EL","PC","A1_LT65","B_50","MEAN_EI","Mean equivalised income","Below 50%","One adult younger than 65 years","Percentage",19.9,
2009,"EL","PC","A1_LT65","B_50","MEAN_EI","Mean equivalised income","Below 50%","One adult younger than 65 years","Percentage",22.8,
2010,"EL","PC","A1_LT65","B_50","MEAN_EI","Mean equivalised income","Below 50%","One adult younger than 65 years","Percentage",19.9,
2011,"EL","PC","A1_LT65","B_50","MEAN_EI","Mean equivalised income","Below 50%","One adult younger than 65 years","Percentage",19.8,
2012,"EL","PC","A1_LT65","B_50","MEAN_EI","Mean equivalised income","Below 50%","One adult younger than 65 years","Percentage",18.9,
2013,"EL","PC","A1_LT65","B_50","MEAN_EI","Mean equivalised income","Below 50%","One adult younger than 65 years","Percentage",21.1,
2014,"EL","PC","A1_LT65","B_50","MEAN_EI","Mean equivalised income","Below 50%","One adult younger than 65 years","Percentage",21.5,
2015,"EL","PC","A1_LT65","B_50","MEAN_EI","Mean equivalised income","Below 50%","One adult younger than 65 years","Percentage",24.1,
2016,"EL","PC","A1_LT65","B_50","MEAN_EI","Mean equivalised income","Below 50%","One adult younger than 65 years","Percentage",23.3,
2017,"EL","PC","A1_LT65","B_50","MEAN_EI","Mean equivalised income","Below 50%","One adult younger than 65 years","Percentage",21.8,
2018,"EL","PC","A1_LT65","B_50","MEAN_EI","Mean equivalised income","Below 50%","One adult younger than 65 years","Percentage",21.1,
2019,"EL","PC","A1_LT65","B_50","MEAN_EI","Mean equivalised income","Below 50%","One adult younger than 65 years","Percentage",20.3,
2020,"EL","PC","A1_LT65","B_50","MEAN_EI","Mean equivalised income","Below 50%","One adult younger than 65 years","Percentage",21,
2021,"EL","PC","A1_LT65","B_50","MEAN_EI","Mean equivalised income","Below 50%","One adult younger than 65 years","Percentage",21.3,
2022,"EL","PC","A1_LT65","B_50","MEAN_EI","Mean equivalised income","Below 50%","One adult younger than 65 years","Percentage",20.7,
2023,"EL","PC","A1_LT65","B_50","MEAN_EI","Mean equivalised income","Below 50%","One adult younger than 65 years","Percentage",20.1,
2024,"EL","PC","A1_LT65","B_50","MEAN_EI","Mean equivalised income","Below 50%","One adult younger than 65 years","Percentage",22.4,
2025,"EL","PC","A1_LT65","B_50","MEAN_EI","Mean equivalised income","Below 50%","One adult younger than 65 years","Percentage",23,
2015,"EL","THS_PER","A1_GE65","B_50","MEAN_EI","Mean equivalised income","Below 50%","One adult 65 years or over","Thousand persons",94,
2016,"EL","THS_PER","A1_GE65","B_50","MEAN_EI","Mean equivalised income","Below 50%","One adult 65 years or over","Thousand persons",92,
2017,"EL","THS_PER","A1_GE65","B_50","MEAN_EI","Mean equivalised income","Below 50%","One adult 65 years or over","Thousand persons",85,
2018,"EL","THS_PER","A1_GE65","B_50","MEAN_EI","Mean equivalised income","Below 50%","One adult 65 years or over","Thousand persons",74,
2019,"EL","THS_PER","A1_GE65","B_50","MEAN_EI","Mean equivalised income","Below 50%","One adult 65 years or over","Thousand persons",75,
2020,"EL","THS_PER","A1_GE65","B_50","MEAN_EI","Mean equivalised income","Below 50%","One adult 65 years or over","Thousand persons",87,
2021,"EL","THS_PER","A1_GE65","B_50","MEAN_EI","Mean equivalised income","Below 50%","One adult 65 years or over","Thousand persons",104,
2022,"EL","THS_PER","A1_GE65","B_50","MEAN_EI","Mean equivalised income","Below 50%","One adult 65 years or over","Thousand persons",101,
2023,"EL","THS_PER","A1_GE65","B_50","MEAN_EI","Mean equivalised income","Below 50%","One adult 65 years or over","Thousand persons",139,
2024,"EL","THS_PER","A1_GE65","B_50","MEAN_EI","Mean equivalised income","Below 50%","One adult 65 years or over","Thousand persons",150,
2025,"EL","THS_PER","A1_GE65","B_50","MEAN_EI","Mean equivalised income","Below 50%","One adult 65 years or over","Thousand persons",193,
1995,"EL","PC","A1_GE65","B_50","MEAN_EI","Mean equivalised income","Below 50%","One adult 65 years or over","Percentage",40,
1996,"EL","PC","A1_GE65","B_50","MEAN_EI","Mean equivalised income","Below 50%","One adult 65 years or over","Percentage",36,
1997,"EL","PC","A1_GE65","B_50","MEAN_EI","Mean equivalised income","Below 50%","One adult 65 years or over","Percentage",36,
1998,"EL","PC","A1_GE65","B_50","MEAN_EI","Mean equivalised income","Below 50%","One adult 65 years or over","Percentage",42,
1999,"EL","PC","A1_GE65","B_50","MEAN_EI","Mean equivalised income","Below 50%","One adult 65 years or over","Percentage",35,
2000,"EL","PC","A1_GE65","B_50","MEAN_EI","Mean equivalised income","Below 50%","One adult 65 years or over","Percentage",33,
2001,"EL","PC","A1_GE65","B_50","MEAN_EI","Mean equivalised income","Below 50%","One adult 65 years or over","Percentage",37,
2003,"EL","PC","A1_GE65","B_50","MEAN_EI","Mean equivalised income","Below 50%","One adult 65 years or over","Percentage",35.4,"b"
2004,"EL","PC","A1_GE65","B_50","MEAN_EI","Mean equivalised income","Below 50%","One adult 65 years or over","Percentage",34.4,
2005,"EL","PC","A1_GE65","B_50","MEAN_EI","Mean equivalised income","Below 50%","One adult 65 years or over","Percentage",34.1,
2006,"EL","PC","A1_GE65","B_50","MEAN_EI","Mean equivalised income","Below 50%","One adult 65 years or over","Percentage",33.6,
2007,"EL","PC","A1_GE65","B_50","MEAN_EI","Mean equivalised income","Below 50%","One adult 65 years or over","Percentage",33.1,
2008,"EL","PC","A1_GE65","B_50","MEAN_EI","Mean equivalised income","Below 50%","One adult 65 years or over","Percentage",29.7,
2009,"EL","PC","A1_GE65","B_50","MEAN_EI","Mean equivalised income","Below 50%","One adult 65 years or over","Percentage",29.6,
2010,"EL","PC","A1_GE65","B_50","MEAN_EI","Mean equivalised income","Below 50%","One adult 65 years or over","Percentage",27.2,
2011,"EL","PC","A1_GE65","B_50","MEAN_EI","Mean equivalised income","Below 50%","One adult 65 years or over","Percentage",28.2,
2012,"EL","PC","A1_GE65","B_50","MEAN_EI","Mean equivalised income","Below 50%","One adult 65 years or over","Percentage",18,
2013,"EL","PC","A1_GE65","B_50","MEAN_EI","Mean equivalised income","Below 50%","One adult 65 years or over","Percentage",14.6,
2014,"EL","PC","A1_GE65","B_50","MEAN_EI","Mean equivalised income","Below 50%","One adult 65 years or over","Percentage",19.8,
2015,"EL","PC","A1_GE65","B_50","MEAN_EI","Mean equivalised income","Below 50%","One adult 65 years or over","Percentage",17.7,
2016,"EL","PC","A1_GE65","B_50","MEAN_EI","Mean equivalised income","Below 50%","One adult 65 years or over","Percentage",16.9,
2017,"EL","PC","A1_GE65","B_50","MEAN_EI","Mean equivalised income","Below 50%","One adult 65 years or over","Percentage",15.3,
2018,"EL","PC","A1_GE65","B_50","MEAN_EI","Mean equivalised income","Below 50%","One adult 65 years or over","Percentage",13.2,
2019,"EL","PC","A1_GE65","B_50","MEAN_EI","Mean equivalised income","Below 50%","One adult 65 years or over","Percentage",13.5,
2020,"EL","PC","A1_GE65","B_50","MEAN_EI","Mean equivalised income","Below 50%","One adult 65 years or over","Percentage",15.5,
2021,"EL","PC","A1_GE65","B_50","MEAN_EI","Mean equivalised income","Below 50%","One adult 65 years or over","Percentage",18.7,
2022,"EL","PC","A1_GE65","B_50","MEAN_EI","Mean equivalised income","Below 50%","One adult 65 years or over","Percentage",18.3,
2023,"EL","PC","A1_GE65","B_50","MEAN_EI","Mean equivalised income","Below 50%","One adult 65 years or over","Percentage",20.2,
2024,"EL","PC","A1_GE65","B_50","MEAN_EI","Mean equivalised income","Below 50%","One adult 65 years or over","Percentage",21.9,
2025,"EL","PC","A1_GE65","B_50","MEAN_EI","Mean equivalised income","Below 50%","One adult 65 years or over","Percentage",27.4,
2015,"EL","THS_PER","A2_2LT65","B_50","MEAN_EI","Mean equivalised income","Below 50%","Two adults younger than 65 years","Thousand persons",171,
2016,"EL","THS_PER","A2_2LT65","B_50","MEAN_EI","Mean equivalised income","Below 50%","Two adults younger than 65 years","Thousand persons",193,
2017,"EL","THS_PER","A2_2LT65","B_50","MEAN_EI","Mean equivalised income","Below 50%","Two adults younger than 65 years","Thousand persons",169,
2018,"EL","THS_PER","A2_2LT65","B_50","MEAN_EI","Mean equivalised income","Below 50%","Two adults younger than 65 years","Thousand persons",137,
2019,"EL","THS_PER","A2_2LT65","B_50","MEAN_EI","Mean equivalised income","Below 50%","Two adults younger than 65 years","Thousand persons",134,
2020,"EL","THS_PER","A2_2LT65","B_50","MEAN_EI","Mean equivalised income","Below 50%","Two adults younger than 65 years","Thousand persons",121,
2021,"EL","THS_PER","A2_2LT65","B_50","MEAN_EI","Mean equivalised income","Below 50%","Two adults younger than 65 years","Thousand persons",134,
2022,"EL","THS_PER","A2_2LT65","B_50","MEAN_EI","Mean equivalised income","Below 50%","Two adults younger than 65 years","Thousand persons",123,
2023,"EL","THS_PER","A2_2LT65","B_50","MEAN_EI","Mean equivalised income","Below 50%","Two adults younger than 65 years","Thousand persons",116,
2024,"EL","THS_PER","A2_2LT65","B_50","MEAN_EI","Mean equivalised income","Below 50%","Two adults younger than 65 years","Thousand persons",115,
2025,"EL","THS_PER","A2_2LT65","B_50","MEAN_EI","Mean equivalised income","Below 50%","Two adults younger than 65 years","Thousand persons",104,
1995,"EL","PC","A2_2LT65","B_50","MEAN_EI","Mean equivalised income","Below 50%","Two adults younger than 65 years","Percentage",17,
1996,"EL","PC","A2_2LT65","B_50","MEAN_EI","Mean equivalised income","Below 50%","Two adults younger than 65 years","Percentage",13,
1997,"EL","PC","A2_2LT65","B_50","MEAN_EI","Mean equivalised income","Below 50%","Two adults younger than 65 years","Percentage",18,
1998,"EL","PC","A2_2LT65","B_50","MEAN_EI","Mean equivalised income","Below 50%","Two adults younger than 65 years","Percentage",17,
1999,"EL","PC","A2_2LT65","B_50","MEAN_EI","Mean equivalised income","Below 50%","Two adults younger than 65 years","Percentage",17,
2000,"EL","PC","A2_2LT65","B_50","MEAN_EI","Mean equivalised income","Below 50%","Two adults younger than 65 years","Percentage",17,
2001,"EL","PC","A2_2LT65","B_50","MEAN_EI","Mean equivalised income","Below 50%","Two adults younger than 65 years","Percentage",16,
2003,"EL","PC","A2_2LT65","B_50","MEAN_EI","Mean equivalised income","Below 50%","Two adults younger than 65 years","Percentage",15.4,"b"
2004,"EL","PC","A2_2LT65","B_50","MEAN_EI","Mean equivalised income","Below 50%","Two adults younger than 65 years","Percentage",13.2,
2005,"EL","PC","A2_2LT65","B_50","MEAN_EI","Mean equivalised income","Below 50%","Two adults younger than 65 years","Percentage",13.9,
2006,"EL","PC","A2_2LT65","B_50","MEAN_EI","Mean equivalised income","Below 50%","Two adults younger than 65 years","Percentage",14.7,
2007,"EL","PC","A2_2LT65","B_50","MEAN_EI","Mean equivalised income","Below 50%","Two adults younger than 65 years","Percentage",14.8,
2008,"EL","PC","A2_2LT65","B_50","MEAN_EI","Mean equivalised income","Below 50%","Two adults younger than 65 years","Percentage",15.7,
2009,"EL","PC","A2_2LT65","B_50","MEAN_EI","Mean equivalised income","Below 50%","Two adults younger than 65 years","Percentage",17.2,
2010,"EL","PC","A2_2LT65","B_50","MEAN_EI","Mean equivalised income","Below 50%","Two adults younger than 65 years","Percentage",18.1,
2011,"EL","PC","A2_2LT65","B_50","MEAN_EI","Mean equivalised income","Below 50%","Two adults younger than 65 years","Percentage",14.6,
2012,"EL","PC","A2_2LT65","B_50","MEAN_EI","Mean equivalised income","Below 50%","Two adults younger than 65 years","Percentage",11.7,
2013,"EL","PC","A2_2LT65","B_50","MEAN_EI","Mean equivalised income","Below 50%","Two adults younger than 65 years","Percentage",13.8,
2014,"EL","PC","A2_2LT65","B_50","MEAN_EI","Mean equivalised income","Below 50%","Two adults younger than 65 years","Percentage",17.8,
2015,"EL","PC","A2_2LT65","B_50","MEAN_EI","Mean equivalised income","Below 50%","Two adults younger than 65 years","Percentage",16.7,
2016,"EL","PC","A2_2LT65","B_50","MEAN_EI","Mean equivalised income","Below 50%","Two adults younger than 65 years","Percentage",19.7,
2017,"EL","PC","A2_2LT65","B_50","MEAN_EI","Mean equivalised income","Below 50%","Two adults younger than 65 years","Percentage",17.4,
2018,"EL","PC","A2_2LT65","B_50","MEAN_EI","Mean equivalised income","Below 50%","Two adults younger than 65 years","Percentage",14.5,
2019,"EL","PC","A2_2LT65","B_50","MEAN_EI","Mean equivalised income","Below 50%","Two adults younger than 65 years","Percentage",14.3,
2020,"EL","PC","A2_2LT65","B_50","MEAN_EI","Mean equivalised income","Below 50%","Two adults younger than 65 years","Percentage",13,
2021,"EL","PC","A2_2LT65","B_50","MEAN_EI","Mean equivalised income","Below 50%","Two adults younger than 65 years","Percentage",15.2,
2022,"EL","PC","A2_2LT65","B_50","MEAN_EI","Mean equivalised income","Below 50%","Two adults younger than 65 years","Percentage",13.9,
2023,"EL","PC","A2_2LT65","B_50","MEAN_EI","Mean equivalised income","Below 50%","Two adults younger than 65 years","Percentage",12.3,
2024,"EL","PC","A2_2LT65","B_50","MEAN_EI","Mean equivalised income","Below 50%","Two adults younger than 65 years","Percentage",12.5,
2025,"EL","PC","A2_2LT65","B_50","MEAN_EI","Mean equivalised income","Below 50%","Two adults younger than 65 years","Percentage",11.4,
2015,"EL","THS_PER","A2_GE1_GE65","B_50","MEAN_EI","Mean equivalised income","Below 50%","Two adults, at least one aged 65 years or over","Thousand persons",125,
2016,"EL","THS_PER","A2_GE1_GE65","B_50","MEAN_EI","Mean equivalised income","Below 50%","Two adults, at least one aged 65 years or over","Thousand persons",114,
2017,"EL","THS_PER","A2_GE1_GE65","B_50","MEAN_EI","Mean equivalised income","Below 50%","Two adults, at least one aged 65 years or over","Thousand persons",121,
2018,"EL","THS_PER","A2_GE1_GE65","B_50","MEAN_EI","Mean equivalised income","Below 50%","Two adults, at least one aged 65 years or over","Thousand persons",107,
2019,"EL","THS_PER","A2_GE1_GE65","B_50","MEAN_EI","Mean equivalised income","Below 50%","Two adults, at least one aged 65 years or over","Thousand persons",132,
2020,"EL","THS_PER","A2_GE1_GE65","B_50","MEAN_EI","Mean equivalised income","Below 50%","Two adults, at least one aged 65 years or over","Thousand persons",111,
2021,"EL","THS_PER","A2_GE1_GE65","B_50","MEAN_EI","Mean equivalised income","Below 50%","Two adults, at least one aged 65 years or over","Thousand persons",138,
2022,"EL","THS_PER","A2_GE1_GE65","B_50","MEAN_EI","Mean equivalised income","Below 50%","Two adults, at least one aged 65 years or over","Thousand persons",153,
2023,"EL","THS_PER","A2_GE1_GE65","B_50","MEAN_EI","Mean equivalised income","Below 50%","Two adults, at least one aged 65 years or over","Thousand persons",165,
2024,"EL","THS_PER","A2_GE1_GE65","B_50","MEAN_EI","Mean equivalised income","Below 50%","Two adults, at least one aged 65 years or over","Thousand persons",194,
2025,"EL","THS_PER","A2_GE1_GE65","B_50","MEAN_EI","Mean equivalised income","Below 50%","Two adults, at least one aged 65 years or over","Thousand persons",214,
1995,"EL","PC","A2_GE1_GE65","B_50","MEAN_EI","Mean equivalised income","Below 50%","Two adults, at least one aged 65 years or over","Percentage",38,
1996,"EL","PC","A2_GE1_GE65","B_50","MEAN_EI","Mean equivalised income","Below 50%","Two adults, at least one aged 65 years or over","Percentage",34,
1997,"EL","PC","A2_GE1_GE65","B_50","MEAN_EI","Mean equivalised income","Below 50%","Two adults, at least one aged 65 years or over","Percentage",36,
1998,"EL","PC","A2_GE1_GE65","B_50","MEAN_EI","Mean equivalised income","Below 50%","Two adults, at least one aged 65 years or over","Percentage",37,
1999,"EL","PC","A2_GE1_GE65","B_50","MEAN_EI","Mean equivalised income","Below 50%","Two adults, at least one aged 65 years or over","Percentage",36,
2000,"EL","PC","A2_GE1_GE65","B_50","MEAN_EI","Mean equivalised income","Below 50%","Two adults, at least one aged 65 years or over","Percentage",32,
2001,"EL","PC","A2_GE1_GE65","B_50","MEAN_EI","Mean equivalised income","Below 50%","Two adults, at least one aged 65 years or over","Percentage",33,
2003,"EL","PC","A2_GE1_GE65","B_50","MEAN_EI","Mean equivalised income","Below 50%","Two adults, at least one aged 65 years or over","Percentage",29,"b"
2004,"EL","PC","A2_GE1_GE65","B_50","MEAN_EI","Mean equivalised income","Below 50%","Two adults, at least one aged 65 years or over","Percentage",25.6,
2005,"EL","PC","A2_GE1_GE65","B_50","MEAN_EI","Mean equivalised income","Below 50%","Two adults, at least one aged 65 years or over","Percentage",26.7,
2006,"EL","PC","A2_GE1_GE65","B_50","MEAN_EI","Mean equivalised income","Below 50%","Two adults, at least one aged 65 years or over","Percentage",23.3,
2007,"EL","PC","A2_GE1_GE65","B_50","MEAN_EI","Mean equivalised income","Below 50%","Two adults, at least one aged 65 years or over","Percentage",20.8,
2008,"EL","PC","A2_GE1_GE65","B_50","MEAN_EI","Mean equivalised income","Below 50%","Two adults, at least one aged 65 years or over","Percentage",19.4,
2009,"EL","PC","A2_GE1_GE65","B_50","MEAN_EI","Mean equivalised income","Below 50%","Two adults, at least one aged 65 years or over","Percentage",20.2,
2010,"EL","PC","A2_GE1_GE65","B_50","MEAN_EI","Mean equivalised income","Below 50%","Two adults, at least one aged 65 years or over","Percentage",19.7,
2011,"EL","PC","A2_GE1_GE65","B_50","MEAN_EI","Mean equivalised income","Below 50%","Two adults, at least one aged 65 years or over","Percentage",18.9,
2012,"EL","PC","A2_GE1_GE65","B_50","MEAN_EI","Mean equivalised income","Below 50%","Two adults, at least one aged 65 years or over","Percentage",11,
2013,"EL","PC","A2_GE1_GE65","B_50","MEAN_EI","Mean equivalised income","Below 50%","Two adults, at least one aged 65 years or over","Percentage",8.6,
2014,"EL","PC","A2_GE1_GE65","B_50","MEAN_EI","Mean equivalised income","Below 50%","Two adults, at least one aged 65 years or over","Percentage",10.3,
2015,"EL","PC","A2_GE1_GE65","B_50","MEAN_EI","Mean equivalised income","Below 50%","Two adults, at least one aged 65 years or over","Percentage",9.2,
2016,"EL","PC","A2_GE1_GE65","B_50","MEAN_EI","Mean equivalised income","Below 50%","Two adults, at least one aged 65 years or over","Percentage",8.2,
2017,"EL","PC","A2_GE1_GE65","B_50","MEAN_EI","Mean equivalised income","Below 50%","Two adults, at least one aged 65 years or over","Percentage",8.6,
2018,"EL","PC","A2_GE1_GE65","B_50","MEAN_EI","Mean equivalised income","Below 50%","Two adults, at least one aged 65 years or over","Percentage",7.6,
2019,"EL","PC","A2_GE1_GE65","B_50","MEAN_EI","Mean equivalised income","Below 50%","Two adults, at least one aged 65 years or over","Percentage",9.2,
2020,"EL","PC","A2_GE1_GE65","B_50","MEAN_EI","Mean equivalised income","Below 50%","Two adults, at least one aged 65 years or over","Percentage",7.8,
2021,"EL","PC","A2_GE1_GE65","B_50","MEAN_EI","Mean equivalised income","Below 50%","Two adults, at least one aged 65 years or over","Percentage",9.4,
2022,"EL","PC","A2_GE1_GE65","B_50","MEAN_EI","Mean equivalised income","Below 50%","Two adults, at least one aged 65 years or over","Percentage",10.8,
2023,"EL","PC","A2_GE1_GE65","B_50","MEAN_EI","Mean equivalised income","Below 50%","Two adults, at least one aged 65 years or over","Percentage",11.8,
2024,"EL","PC","A2_GE1_GE65","B_50","MEAN_EI","Mean equivalised income","Below 50%","Two adults, at least one aged 65 years or over","Percentage",13.5,
2025,"EL","PC","A2_GE1_GE65","B_50","MEAN_EI","Mean equivalised income","Below 50%","Two adults, at least one aged 65 years or over","Percentage",14.7,
2015,"EL","THS_PER","TOTAL","B_60","MEAN_EI","Mean equivalised income","Below 60%","Total","Thousand persons",2934,
2016,"EL","THS_PER","TOTAL","B_60","MEAN_EI","Mean equivalised income","Below 60%","Total","Thousand persons",2945,
2017,"EL","THS_PER","TOTAL","B_60","MEAN_EI","Mean equivalised income","Below 60%","Total","Thousand persons",2759,
2018,"EL","THS_PER","TOTAL","B_60","MEAN_EI","Mean equivalised income","Below 60%","Total","Thousand persons",2662,
2019,"EL","THS_PER","TOTAL","B_60","MEAN_EI","Mean equivalised income","Below 60%","Total","Thousand persons",2541,
2020,"EL","THS_PER","TOTAL","B_60","MEAN_EI","Mean equivalised income","Below 60%","Total","Thousand persons",2574,
2021,"EL","THS_PER","TOTAL","B_60","MEAN_EI","Mean equivalised income","Below 60%","Total","Thousand persons",2651,
2022,"EL","THS_PER","TOTAL","B_60","MEAN_EI","Mean equivalised income","Below 60%","Total","Thousand persons",2538,
2023,"EL","THS_PER","TOTAL","B_60","MEAN_EI","Mean equivalised income","Below 60%","Total","Thousand persons",2461,
2024,"EL","THS_PER","TOTAL","B_60","MEAN_EI","Mean equivalised income","Below 60%","Total","Thousand persons",2491,
2025,"EL","THS_PER","TOTAL","B_60","MEAN_EI","Mean equivalised income","Below 60%","Total","Thousand persons",2475,
1995,"EL","PC","TOTAL","B_60","MEAN_EI","Mean equivalised income","Below 60%","Total","Percentage",30,
1996,"EL","PC","TOTAL","B_60","MEAN_EI","Mean equivalised income","Below 60%","Total","Percentage",29,
1997,"EL","PC","TOTAL","B_60","MEAN_EI","Mean equivalised income","Below 60%","Total","Percentage",30,
1998,"EL","PC","TOTAL","B_60","MEAN_EI","Mean equivalised income","Below 60%","Total","Percentage",30,
1999,"EL","PC","TOTAL","B_60","MEAN_EI","Mean equivalised income","Below 60%","Total","Percentage",29,
2000,"EL","PC","TOTAL","B_60","MEAN_EI","Mean equivalised income","Below 60%","Total","Percentage",28,
2001,"EL","PC","TOTAL","B_60","MEAN_EI","Mean equivalised income","Below 60%","Total","Percentage",28,
2003,"EL","PC","TOTAL","B_60","MEAN_EI","Mean equivalised income","Below 60%","Total","Percentage",28.9,"b"
2004,"EL","PC","TOTAL","B_60","MEAN_EI","Mean equivalised income","Below 60%","Total","Percentage",26.8,
2005,"EL","PC","TOTAL","B_60","MEAN_EI","Mean equivalised income","Below 60%","Total","Percentage",27.1,
2006,"EL","PC","TOTAL","B_60","MEAN_EI","Mean equivalised income","Below 60%","Total","Percentage",28.6,
2007,"EL","PC","TOTAL","B_60","MEAN_EI","Mean equivalised income","Below 60%","Total","Percentage",29.1,
2008,"EL","PC","TOTAL","B_60","MEAN_EI","Mean equivalised income","Below 60%","Total","Percentage",27.7,
2009,"EL","PC","TOTAL","B_60","MEAN_EI","Mean equivalised income","Below 60%","Total","Percentage",25.8,
2010,"EL","PC","TOTAL","B_60","MEAN_EI","Mean equivalised income","Below 60%","Total","Percentage",27.3,
2011,"EL","PC","TOTAL","B_60","MEAN_EI","Mean equivalised income","Below 60%","Total","Percentage",27.9,
2012,"EL","PC","TOTAL","B_60","MEAN_EI","Mean equivalised income","Below 60%","Total","Percentage",28.6,
2013,"EL","PC","TOTAL","B_60","MEAN_EI","Mean equivalised income","Below 60%","Total","Percentage",28.9,
2014,"EL","PC","TOTAL","B_60","MEAN_EI","Mean equivalised income","Below 60%","Total","Percentage",28.3,
2015,"EL","PC","TOTAL","B_60","MEAN_EI","Mean equivalised income","Below 60%","Total","Percentage",27.5,
2016,"EL","PC","TOTAL","B_60","MEAN_EI","Mean equivalised income","Below 60%","Total","Percentage",27.7,
2017,"EL","PC","TOTAL","B_60","MEAN_EI","Mean equivalised income","Below 60%","Total","Percentage",26,
2018,"EL","PC","TOTAL","B_60","MEAN_EI","Mean equivalised income","Below 60%","Total","Percentage",25.4,
2019,"EL","PC","TOTAL","B_60","MEAN_EI","Mean equivalised income","Below 60%","Total","Percentage",24.2,
2020,"EL","PC","TOTAL","B_60","MEAN_EI","Mean equivalised income","Below 60%","Total","Percentage",24.5,
2021,"EL","PC","TOTAL","B_60","MEAN_EI","Mean equivalised income","Below 60%","Total","Percentage",25.3,
2022,"EL","PC","TOTAL","B_60","MEAN_EI","Mean equivalised income","Below 60%","Total","Percentage",24.6,
2023,"EL","PC","TOTAL","B_60","MEAN_EI","Mean equivalised income","Below 60%","Total","Percentage",24.1,
2024,"EL","PC","TOTAL","B_60","MEAN_EI","Mean equivalised income","Below 60%","Total","Percentage",24.6,
2025,"EL","PC","TOTAL","B_60","MEAN_EI","Mean equivalised income","Below 60%","Total","Percentage",24.4,
2015,"EL","THS_PER","M1","B_60","MEAN_EI","Mean equivalised income","Below 60%","One single male","Thousand persons",112,
2016,"EL","THS_PER","M1","B_60","MEAN_EI","Mean equivalised income","Below 60%","One single male","Thousand persons",106,
2017,"EL","THS_PER","M1","B_60","MEAN_EI","Mean equivalised income","Below 60%","One single male","Thousand persons",102,
2018,"EL","THS_PER","M1","B_60","MEAN_EI","Mean equivalised income","Below 60%","One single male","Thousand persons",88,
2019,"EL","THS_PER","M1","B_60","MEAN_EI","Mean equivalised income","Below 60%","One single male","Thousand persons",91,
2020,"EL","THS_PER","M1","B_60","MEAN_EI","Mean equivalised income","Below 60%","One single male","Thousand persons",89,
2021,"EL","THS_PER","M1","B_60","MEAN_EI","Mean equivalised income","Below 60%","One single male","Thousand persons",103,
2022,"EL","THS_PER","M1","B_60","MEAN_EI","Mean equivalised income","Below 60%","One single male","Thousand persons",91,
2023,"EL","THS_PER","M1","B_60","MEAN_EI","Mean equivalised income","Below 60%","One single male","Thousand persons",125,
2024,"EL","THS_PER","M1","B_60","MEAN_EI","Mean equivalised income","Below 60%","One single male","Thousand persons",140,
2025,"EL","THS_PER","M1","B_60","MEAN_EI","Mean equivalised income","Below 60%","One single male","Thousand persons",144,
1995,"EL","PC","M1","B_60","MEAN_EI","Mean equivalised income","Below 60%","One single male","Percentage",28,
1996,"EL","PC","M1","B_60","MEAN_EI","Mean equivalised income","Below 60%","One single male","Percentage",26,
1997,"EL","PC","M1","B_60","MEAN_EI","Mean equivalised income","Below 60%","One single male","Percentage",23,
1998,"EL","PC","M1","B_60","MEAN_EI","Mean equivalised income","Below 60%","One single male","Percentage",31,
1999,"EL","PC","M1","B_60","MEAN_EI","Mean equivalised income","Below 60%","One single male","Percentage",26,
2000,"EL","PC","M1","B_60","MEAN_EI","Mean equivalised income","Below 60%","One single male","Percentage",28,
2001,"EL","PC","M1","B_60","MEAN_EI","Mean equivalised income","Below 60%","One single male","Percentage",22,
2003,"EL","PC","M1","B_60","MEAN_EI","Mean equivalised income","Below 60%","One single male","Percentage",27.2,"b"
2004,"EL","PC","M1","B_60","MEAN_EI","Mean equivalised income","Below 60%","One single male","Percentage",24.2,
2005,"EL","PC","M1","B_60","MEAN_EI","Mean equivalised income","Below 60%","One single male","Percentage",25,
2006,"EL","PC","M1","B_60","MEAN_EI","Mean equivalised income","Below 60%","One single male","Percentage",23.9,
2007,"EL","PC","M1","B_60","MEAN_EI","Mean equivalised income","Below 60%","One single male","Percentage",27.9,
2008,"EL","PC","M1","B_60","MEAN_EI","Mean equivalised income","Below 60%","One single male","Percentage",28.3,
2009,"EL","PC","M1","B_60","MEAN_EI","Mean equivalised income","Below 60%","One single male","Percentage",28.6,
2010,"EL","PC","M1","B_60","MEAN_EI","Mean equivalised income","Below 60%","One single male","Percentage",33,
2011,"EL","PC","M1","B_60","MEAN_EI","Mean equivalised income","Below 60%","One single male","Percentage",29.7,
2012,"EL","PC","M1","B_60","MEAN_EI","Mean equivalised income","Below 60%","One single male","Percentage",24,
2013,"EL","PC","M1","B_60","MEAN_EI","Mean equivalised income","Below 60%","One single male","Percentage",24.6,
2014,"EL","PC","M1","B_60","MEAN_EI","Mean equivalised income","Below 60%","One single male","Percentage",27,
2015,"EL","PC","M1","B_60","MEAN_EI","Mean equivalised income","Below 60%","One single male","Percentage",27.2,
2016,"EL","PC","M1","B_60","MEAN_EI","Mean equivalised income","Below 60%","One single male","Percentage",26.1,
2017,"EL","PC","M1","B_60","MEAN_EI","Mean equivalised income","Below 60%","One single male","Percentage",25,
2018,"EL","PC","M1","B_60","MEAN_EI","Mean equivalised income","Below 60%","One single male","Percentage",22.6,
2019,"EL","PC","M1","B_60","MEAN_EI","Mean equivalised income","Below 60%","One single male","Percentage",23.9,
2020,"EL","PC","M1","B_60","MEAN_EI","Mean equivalised income","Below 60%","One single male","Percentage",23.5,
2021,"EL","PC","M1","B_60","MEAN_EI","Mean equivalised income","Below 60%","One single male","Percentage",26.6,
2022,"EL","PC","M1","B_60","MEAN_EI","Mean equivalised income","Below 60%","One single male","Percentage",24.2,
2023,"EL","PC","M1","B_60","MEAN_EI","Mean equivalised income","Below 60%","One single male","Percentage",22.6,
2024,"EL","PC","M1","B_60","MEAN_EI","Mean equivalised income","Below 60%","One single male","Percentage",24.9,
2025,"EL","PC","M1","B_60","MEAN_EI","Mean equivalised income","Below 60%","One single male","Percentage",25.7,
2015,"EL","THS_PER","F1","B_60","MEAN_EI","Mean equivalised income","Below 60%","One single female","Thousand persons",195,
2016,"EL","THS_PER","F1","B_60","MEAN_EI","Mean equivalised income","Below 60%","One single female","Thousand persons",191,
2017,"EL","THS_PER","F1","B_60","MEAN_EI","Mean equivalised income","Below 60%","One single female","Thousand persons",190,
2018,"EL","THS_PER","F1","B_60","MEAN_EI","Mean equivalised income","Below 60%","One single female","Thousand persons",181,
2019,"EL","THS_PER","F1","B_60","MEAN_EI","Mean equivalised income","Below 60%","One single female","Thousand persons",181,
2020,"EL","THS_PER","F1","B_60","MEAN_EI","Mean equivalised income","Below 60%","One single female","Thousand persons",182,
2021,"EL","THS_PER","F1","B_60","MEAN_EI","Mean equivalised income","Below 60%","One single female","Thousand persons",199,
2022,"EL","THS_PER","F1","B_60","MEAN_EI","Mean equivalised income","Below 60%","One single female","Thousand persons",211,
2023,"EL","THS_PER","F1","B_60","MEAN_EI","Mean equivalised income","Below 60%","One single female","Thousand persons",283,
2024,"EL","THS_PER","F1","B_60","MEAN_EI","Mean equivalised income","Below 60%","One single female","Thousand persons",291,
2025,"EL","THS_PER","F1","B_60","MEAN_EI","Mean equivalised income","Below 60%","One single female","Thousand persons",307,
1995,"EL","PC","F1","B_60","MEAN_EI","Mean equivalised income","Below 60%","One single female","Percentage",48,
1996,"EL","PC","F1","B_60","MEAN_EI","Mean equivalised income","Below 60%","One single female","Percentage",42,
1997,"EL","PC","F1","B_60","MEAN_EI","Mean equivalised income","Below 60%","One single female","Percentage",45,
1998,"EL","PC","F1","B_60","MEAN_EI","Mean equivalised income","Below 60%","One single female","Percentage",52,
1999,"EL","PC","F1","B_60","MEAN_EI","Mean equivalised income","Below 60%","One single female","Percentage",48,
2000,"EL","PC","F1","B_60","MEAN_EI","Mean equivalised income","Below 60%","One single female","Percentage",42,
2001,"EL","PC","F1","B_60","MEAN_EI","Mean equivalised income","Below 60%","One single female","Percentage",47,
2003,"EL","PC","F1","B_60","MEAN_EI","Mean equivalised income","Below 60%","One single female","Percentage",40.6,"b"
2004,"EL","PC","F1","B_60","MEAN_EI","Mean equivalised income","Below 60%","One single female","Percentage",42.6,
2005,"EL","PC","F1","B_60","MEAN_EI","Mean equivalised income","Below 60%","One single female","Percentage",38.8,
2006,"EL","PC","F1","B_60","MEAN_EI","Mean equivalised income","Below 60%","One single female","Percentage",37.5,
2007,"EL","PC","F1","B_60","MEAN_EI","Mean equivalised income","Below 60%","One single female","Percentage",40,
2008,"EL","PC","F1","B_60","MEAN_EI","Mean equivalised income","Below 60%","One single female","Percentage",33.9,
2009,"EL","PC","F1","B_60","MEAN_EI","Mean equivalised income","Below 60%","One single female","Percentage",35.2,
2010,"EL","PC","F1","B_60","MEAN_EI","Mean equivalised income","Below 60%","One single female","Percentage",37.4,
2011,"EL","PC","F1","B_60","MEAN_EI","Mean equivalised income","Below 60%","One single female","Percentage",37.3,
2012,"EL","PC","F1","B_60","MEAN_EI","Mean equivalised income","Below 60%","One single female","Percentage",29.4,
2013,"EL","PC","F1","B_60","MEAN_EI","Mean equivalised income","Below 60%","One single female","Percentage",26.1,
2014,"EL","PC","F1","B_60","MEAN_EI","Mean equivalised income","Below 60%","One single female","Percentage",28.9,
2015,"EL","PC","F1","B_60","MEAN_EI","Mean equivalised income","Below 60%","One single female","Percentage",29.3,
2016,"EL","PC","F1","B_60","MEAN_EI","Mean equivalised income","Below 60%","One single female","Percentage",28.8,
2017,"EL","PC","F1","B_60","MEAN_EI","Mean equivalised income","Below 60%","One single female","Percentage",28.9,
2018,"EL","PC","F1","B_60","MEAN_EI","Mean equivalised income","Below 60%","One single female","Percentage",27.2,
2019,"EL","PC","F1","B_60","MEAN_EI","Mean equivalised income","Below 60%","One single female","Percentage",26.6,
2020,"EL","PC","F1","B_60","MEAN_EI","Mean equivalised income","Below 60%","One single female","Percentage",26.7,
2021,"EL","PC","F1","B_60","MEAN_EI","Mean equivalised income","Below 60%","One single female","Percentage",29.7,
2022,"EL","PC","F1","B_60","MEAN_EI","Mean equivalised income","Below 60%","One single female","Percentage",31.8,
2023,"EL","PC","F1","B_60","MEAN_EI","Mean equivalised income","Below 60%","One single female","Percentage",33.7,
2024,"EL","PC","F1","B_60","MEAN_EI","Mean equivalised income","Below 60%","One single female","Percentage",35.1,
2025,"EL","PC","F1","B_60","MEAN_EI","Mean equivalised income","Below 60%","One single female","Percentage",37.4,
2015,"EL","THS_PER","A1","B_60","MEAN_EI","Mean equivalised income","Below 60%","One adult","Thousand persons",307,
2016,"EL","THS_PER","A1","B_60","MEAN_EI","Mean equivalised income","Below 60%","One adult","Thousand persons",297,
2017,"EL","THS_PER","A1","B_60","MEAN_EI","Mean equivalised income","Below 60%","One adult","Thousand persons",292,
2018,"EL","THS_PER","A1","B_60","MEAN_EI","Mean equivalised income","Below 60%","One adult","Thousand persons",270,
2019,"EL","THS_PER","A1","B_60","MEAN_EI","Mean equivalised income","Below 60%","One adult","Thousand persons",272,
2020,"EL","THS_PER","A1","B_60","MEAN_EI","Mean equivalised income","Below 60%","One adult","Thousand persons",270,
2021,"EL","THS_PER","A1","B_60","MEAN_EI","Mean equivalised income","Below 60%","One adult","Thousand persons",301,
2022,"EL","THS_PER","A1","B_60","MEAN_EI","Mean equivalised income","Below 60%","One adult","Thousand persons",302,
2023,"EL","THS_PER","A1","B_60","MEAN_EI","Mean equivalised income","Below 60%","One adult","Thousand persons",408,
2024,"EL","THS_PER","A1","B_60","MEAN_EI","Mean equivalised income","Below 60%","One adult","Thousand persons",431,
2025,"EL","THS_PER","A1","B_60","MEAN_EI","Mean equivalised income","Below 60%","One adult","Thousand persons",452,
1995,"EL","PC","A1","B_60","MEAN_EI","Mean equivalised income","Below 60%","One adult","Percentage",42,
1996,"EL","PC","A1","B_60","MEAN_EI","Mean equivalised income","Below 60%","One adult","Percentage",37,
1997,"EL","PC","A1","B_60","MEAN_EI","Mean equivalised income","Below 60%","One adult","Percentage",39,
1998,"EL","PC","A1","B_60","MEAN_EI","Mean equivalised income","Below 60%","One adult","Percentage",45,
1999,"EL","PC","A1","B_60","MEAN_EI","Mean equivalised income","Below 60%","One adult","Percentage",41,
2000,"EL","PC","A1","B_60","MEAN_EI","Mean equivalised income","Below 60%","One adult","Percentage",37,
2001,"EL","PC","A1","B_60","MEAN_EI","Mean equivalised income","Below 60%","One adult","Percentage",39,
2003,"EL","PC","A1","B_60","MEAN_EI","Mean equivalised income","Below 60%","One adult","Percentage",36.1,"b"
2004,"EL","PC","A1","B_60","MEAN_EI","Mean equivalised income","Below 60%","One adult","Percentage",36.3,
2005,"EL","PC","A1","B_60","MEAN_EI","Mean equivalised income","Below 60%","One adult","Percentage",34.4,
2006,"EL","PC","A1","B_60","MEAN_EI","Mean equivalised income","Below 60%","One adult","Percentage",33,
2007,"EL","PC","A1","B_60","MEAN_EI","Mean equivalised income","Below 60%","One adult","Percentage",35.6,
2008,"EL","PC","A1","B_60","MEAN_EI","Mean equivalised income","Below 60%","One adult","Percentage",31.9,
2009,"EL","PC","A1","B_60","MEAN_EI","Mean equivalised income","Below 60%","One adult","Percentage",32.9,
2010,"EL","PC","A1","B_60","MEAN_EI","Mean equivalised income","Below 60%","One adult","Percentage",35.9,
2011,"EL","PC","A1","B_60","MEAN_EI","Mean equivalised income","Below 60%","One adult","Percentage",34.5,
2012,"EL","PC","A1","B_60","MEAN_EI","Mean equivalised income","Below 60%","One adult","Percentage",27.4,
2013,"EL","PC","A1","B_60","MEAN_EI","Mean equivalised income","Below 60%","One adult","Percentage",25.5,
2014,"EL","PC","A1","B_60","MEAN_EI","Mean equivalised income","Below 60%","One adult","Percentage",28.1,
2015,"EL","PC","A1","B_60","MEAN_EI","Mean equivalised income","Below 60%","One adult","Percentage",28.5,
2016,"EL","PC","A1","B_60","MEAN_EI","Mean equivalised income","Below 60%","One adult","Percentage",27.8,
2017,"EL","PC","A1","B_60","MEAN_EI","Mean equivalised income","Below 60%","One adult","Percentage",27.4,
2018,"EL","PC","A1","B_60","MEAN_EI","Mean equivalised income","Below 60%","One adult","Percentage",25.5,
2019,"EL","PC","A1","B_60","MEAN_EI","Mean equivalised income","Below 60%","One adult","Percentage",25.6,
2020,"EL","PC","A1","B_60","MEAN_EI","Mean equivalised income","Below 60%","One adult","Percentage",25.6,
2021,"EL","PC","A1","B_60","MEAN_EI","Mean equivalised income","Below 60%","One adult","Percentage",28.6,
2022,"EL","PC","A1","B_60","MEAN_EI","Mean equivalised income","Below 60%","One adult","Percentage",29.1,
2023,"EL","PC","A1","B_60","MEAN_EI","Mean equivalised income","Below 60%","One adult","Percentage",29.3,
2024,"EL","PC","A1","B_60","MEAN_EI","Mean equivalised income","Below 60%","One adult","Percentage",31,
2025,"EL","PC","A1","B_60","MEAN_EI","Mean equivalised income","Below 60%","One adult","Percentage",32.6,
2015,"EL","THS_PER","A1_DCH","B_60","MEAN_EI","Mean equivalised income","Below 60%","One adult with dependent children","Thousand persons",71,
2016,"EL","THS_PER","A1_DCH","B_60","MEAN_EI","Mean equivalised income","Below 60%","One adult with dependent children","Thousand persons",72,
2017,"EL","THS_PER","A1_DCH","B_60","MEAN_EI","Mean equivalised income","Below 60%","One adult with dependent children","Thousand persons",67,
2018,"EL","THS_PER","A1_DCH","B_60","MEAN_EI","Mean equivalised income","Below 60%","One adult with dependent children","Thousand persons",71,
2019,"EL","THS_PER","A1_DCH","B_60","MEAN_EI","Mean equivalised income","Below 60%","One adult with dependent children","Thousand persons",54,
2020,"EL","THS_PER","A1_DCH","B_60","MEAN_EI","Mean equivalised income","Below 60%","One adult with dependent children","Thousand persons",47,
2021,"EL","THS_PER","A1_DCH","B_60","MEAN_EI","Mean equivalised income","Below 60%","One adult with dependent children","Thousand persons",65,
2022,"EL","THS_PER","A1_DCH","B_60","MEAN_EI","Mean equivalised income","Below 60%","One adult with dependent children","Thousand persons",64,
2023,"EL","THS_PER","A1_DCH","B_60","MEAN_EI","Mean equivalised income","Below 60%","One adult with dependent children","Thousand persons",89,
2024,"EL","THS_PER","A1_DCH","B_60","MEAN_EI","Mean equivalised income","Below 60%","One adult with dependent children","Thousand persons",67,
2025,"EL","THS_PER","A1_DCH","B_60","MEAN_EI","Mean equivalised income","Below 60%","One adult with dependent children","Thousand persons",65,
1995,"EL","PC","A1_DCH","B_60","MEAN_EI","Mean equivalised income","Below 60%","One adult with dependent children","Percentage",45,
1996,"EL","PC","A1_DCH","B_60","MEAN_EI","Mean equivalised income","Below 60%","One adult with dependent children","Percentage",36,
1997,"EL","PC","A1_DCH","B_60","MEAN_EI","Mean equivalised income","Below 60%","One adult with dependent children","Percentage",38,
1998,"EL","PC","A1_DCH","B_60","MEAN_EI","Mean equivalised income","Below 60%","One adult with dependent children","Percentage",27,
1999,"EL","PC","A1_DCH","B_60","MEAN_EI","Mean equivalised income","Below 60%","One adult with dependent children","Percentage",36,"u"
2000,"EL","PC","A1_DCH","B_60","MEAN_EI","Mean equivalised income","Below 60%","One adult with dependent children","Percentage",37,"u"
2001,"EL","PC","A1_DCH","B_60","MEAN_EI","Mean equivalised income","Below 60%","One adult with dependent children","Percentage",38,
2003,"EL","PC","A1_DCH","B_60","MEAN_EI","Mean equivalised income","Below 60%","One adult with dependent children","Percentage",44.1,"b"
2004,"EL","PC","A1_DCH","B_60","MEAN_EI","Mean equivalised income","Below 60%","One adult with dependent children","Percentage",46.8,
2005,"EL","PC","A1_DCH","B_60","MEAN_EI","Mean equivalised income","Below 60%","One adult with dependent children","Percentage",50.2,
2006,"EL","PC","A1_DCH","B_60","MEAN_EI","Mean equivalised income","Below 60%","One adult with dependent children","Percentage",35.6,
2007,"EL","PC","A1_DCH","B_60","MEAN_EI","Mean equivalised income","Below 60%","One adult with dependent children","Percentage",45.2,
2008,"EL","PC","A1_DCH","B_60","MEAN_EI","Mean equivalised income","Below 60%","One adult with dependent children","Percentage",40.1,
2009,"EL","PC","A1_DCH","B_60","MEAN_EI","Mean equivalised income","Below 60%","One adult with dependent children","Percentage",37.1,
2010,"EL","PC","A1_DCH","B_60","MEAN_EI","Mean equivalised income","Below 60%","One adult with dependent children","Percentage",41,
2011,"EL","PC","A1_DCH","B_60","MEAN_EI","Mean equivalised income","Below 60%","One adult with dependent children","Percentage",55.1,
2012,"EL","PC","A1_DCH","B_60","MEAN_EI","Mean equivalised income","Below 60%","One adult with dependent children","Percentage",71,
2013,"EL","PC","A1_DCH","B_60","MEAN_EI","Mean equivalised income","Below 60%","One adult with dependent children","Percentage",43.2,
2014,"EL","PC","A1_DCH","B_60","MEAN_EI","Mean equivalised income","Below 60%","One adult with dependent children","Percentage",32.7,
2015,"EL","PC","A1_DCH","B_60","MEAN_EI","Mean equivalised income","Below 60%","One adult with dependent children","Percentage",39.3,
2016,"EL","PC","A1_DCH","B_60","MEAN_EI","Mean equivalised income","Below 60%","One adult with dependent children","Percentage",42.2,
2017,"EL","PC","A1_DCH","B_60","MEAN_EI","Mean equivalised income","Below 60%","One adult with dependent children","Percentage",39.6,
2018,"EL","PC","A1_DCH","B_60","MEAN_EI","Mean equivalised income","Below 60%","One adult with dependent children","Percentage",43.6,
2019,"EL","PC","A1_DCH","B_60","MEAN_EI","Mean equivalised income","Below 60%","One adult with dependent children","Percentage",41.7,
2020,"EL","PC","A1_DCH","B_60","MEAN_EI","Mean equivalised income","Below 60%","One adult with dependent children","Percentage",33.8,
2021,"EL","PC","A1_DCH","B_60","MEAN_EI","Mean equivalised income","Below 60%","One adult with dependent children","Percentage",45.5,
2022,"EL","PC","A1_DCH","B_60","MEAN_EI","Mean equivalised income","Below 60%","One adult with dependent children","Percentage",43.3,
2023,"EL","PC","A1_DCH","B_60","MEAN_EI","Mean equivalised income","Below 60%","One adult with dependent children","Percentage",45.9,
2024,"EL","PC","A1_DCH","B_60","MEAN_EI","Mean equivalised income","Below 60%","One adult with dependent children","Percentage",39.4,
2025,"EL","PC","A1_DCH","B_60","MEAN_EI","Mean equivalised income","Below 60%","One adult with dependent children","Percentage",39,
2015,"EL","THS_PER","A2","B_60","MEAN_EI","Mean equivalised income","Below 60%","Two adults","Thousand persons",429,
2016,"EL","THS_PER","A2","B_60","MEAN_EI","Mean equivalised income","Below 60%","Two adults","Thousand persons",417,
2017,"EL","THS_PER","A2","B_60","MEAN_EI","Mean equivalised income","Below 60%","Two adults","Thousand persons",426,
2018,"EL","THS_PER","A2","B_60","MEAN_EI","Mean equivalised income","Below 60%","Two adults","Thousand persons",405,
2019,"EL","THS_PER","A2","B_60","MEAN_EI","Mean equivalised income","Below 60%","Two adults","Thousand persons",411,
2020,"EL","THS_PER","A2","B_60","MEAN_EI","Mean equivalised income","Below 60%","Two adults","Thousand persons",390,
2021,"EL","THS_PER","A2","B_60","MEAN_EI","Mean equivalised income","Below 60%","Two adults","Thousand persons",444,
2022,"EL","THS_PER","A2","B_60","MEAN_EI","Mean equivalised income","Below 60%","Two adults","Thousand persons",465,
2023,"EL","THS_PER","A2","B_60","MEAN_EI","Mean equivalised income","Below 60%","Two adults","Thousand persons",460,
2024,"EL","THS_PER","A2","B_60","MEAN_EI","Mean equivalised income","Below 60%","Two adults","Thousand persons",506,
2025,"EL","THS_PER","A2","B_60","MEAN_EI","Mean equivalised income","Below 60%","Two adults","Thousand persons",537,
2003,"EL","PC","A2","B_60","MEAN_EI","Mean equivalised income","Below 60%","Two adults","Percentage",31.8,"b"
2004,"EL","PC","A2","B_60","MEAN_EI","Mean equivalised income","Below 60%","Two adults","Percentage",30.7,
2005,"EL","PC","A2","B_60","MEAN_EI","Mean equivalised income","Below 60%","Two adults","Percentage",30.7,
2006,"EL","PC","A2","B_60","MEAN_EI","Mean equivalised income","Below 60%","Two adults","Percentage",29.7,
2007,"EL","PC","A2","B_60","MEAN_EI","Mean equivalised income","Below 60%","Two adults","Percentage",28.1,
2008,"EL","PC","A2","B_60","MEAN_EI","Mean equivalised income","Below 60%","Two adults","Percentage",26.1,
2009,"EL","PC","A2","B_60","MEAN_EI","Mean equivalised income","Below 60%","Two adults","Percentage",26.7,
2010,"EL","PC","A2","B_60","MEAN_EI","Mean equivalised income","Below 60%","Two adults","Percentage",28.5,
2011,"EL","PC","A2","B_60","MEAN_EI","Mean equivalised income","Below 60%","Two adults","Percentage",28.1,
2012,"EL","PC","A2","B_60","MEAN_EI","Mean equivalised income","Below 60%","Two adults","Percentage",20.9,
2013,"EL","PC","A2","B_60","MEAN_EI","Mean equivalised income","Below 60%","Two adults","Percentage",16.6,
2014,"EL","PC","A2","B_60","MEAN_EI","Mean equivalised income","Below 60%","Two adults","Percentage",19.4,
2015,"EL","PC","A2","B_60","MEAN_EI","Mean equivalised income","Below 60%","Two adults","Percentage",18,
2016,"EL","PC","A2","B_60","MEAN_EI","Mean equivalised income","Below 60%","Two adults","Percentage",17.5,
2017,"EL","PC","A2","B_60","MEAN_EI","Mean equivalised income","Below 60%","Two adults","Percentage",18,
2018,"EL","PC","A2","B_60","MEAN_EI","Mean equivalised income","Below 60%","Two adults","Percentage",17.2,
2019,"EL","PC","A2","B_60","MEAN_EI","Mean equivalised income","Below 60%","Two adults","Percentage",17.4,
2020,"EL","PC","A2","B_60","MEAN_EI","Mean equivalised income","Below 60%","Two adults","Percentage",16.6,
2021,"EL","PC","A2","B_60","MEAN_EI","Mean equivalised income","Below 60%","Two adults","Percentage",18.9,
2022,"EL","PC","A2","B_60","MEAN_EI","Mean equivalised income","Below 60%","Two adults","Percentage",20.1,
2023,"EL","PC","A2","B_60","MEAN_EI","Mean equivalised income","Below 60%","Two adults","Percentage",19.6,
2024,"EL","PC","A2","B_60","MEAN_EI","Mean equivalised income","Below 60%","Two adults","Percentage",21.4,
2025,"EL","PC","A2","B_60","MEAN_EI","Mean equivalised income","Below 60%","Two adults","Percentage",22.7,
2015,"EL","THS_PER","A2_DCH1","B_60","MEAN_EI","Mean equivalised income","Below 60%","Two adults with one dependent child","Thousand persons",278,
2016,"EL","THS_PER","A2_DCH1","B_60","MEAN_EI","Mean equivalised income","Below 60%","Two adults with one dependent child","Thousand persons",301,
2017,"EL","THS_PER","A2_DCH1","B_60","MEAN_EI","Mean equivalised income","Below 60%","Two adults with one dependent child","Thousand persons",282,
2018,"EL","THS_PER","A2_DCH1","B_60","MEAN_EI","Mean equivalised income","Below 60%","Two adults with one dependent child","Thousand persons",297,
2019,"EL","THS_PER","A2_DCH1","B_60","MEAN_EI","Mean equivalised income","Below 60%","Two adults with one dependent child","Thousand persons",223,
2020,"EL","THS_PER","A2_DCH1","B_60","MEAN_EI","Mean equivalised income","Below 60%","Two adults with one dependent child","Thousand persons",230,
2021,"EL","THS_PER","A2_DCH1","B_60","MEAN_EI","Mean equivalised income","Below 60%","Two adults with one dependent child","Thousand persons",252,
2022,"EL","THS_PER","A2_DCH1","B_60","MEAN_EI","Mean equivalised income","Below 60%","Two adults with one dependent child","Thousand persons",218,
2023,"EL","THS_PER","A2_DCH1","B_60","MEAN_EI","Mean equivalised income","Below 60%","Two adults with one dependent child","Thousand persons",246,
2024,"EL","THS_PER","A2_DCH1","B_60","MEAN_EI","Mean equivalised income","Below 60%","Two adults with one dependent child","Thousand persons",266,
2025,"EL","THS_PER","A2_DCH1","B_60","MEAN_EI","Mean equivalised income","Below 60%","Two adults with one dependent child","Thousand persons",238,
1995,"EL","PC","A2_DCH1","B_60","MEAN_EI","Mean equivalised income","Below 60%","Two adults with one dependent child","Percentage",17,
1996,"EL","PC","A2_DCH1","B_60","MEAN_EI","Mean equivalised income","Below 60%","Two adults with one dependent child","Percentage",17,
1997,"EL","PC","A2_DCH1","B_60","MEAN_EI","Mean equivalised income","Below 60%","Two adults with one dependent child","Percentage",21,
1998,"EL","PC","A2_DCH1","B_60","MEAN_EI","Mean equivalised income","Below 60%","Two adults with one dependent child","Percentage",18,
1999,"EL","PC","A2_DCH1","B_60","MEAN_EI","Mean equivalised income","Below 60%","Two adults with one dependent child","Percentage",16,
2000,"EL","PC","A2_DCH1","B_60","MEAN_EI","Mean equivalised income","Below 60%","Two adults with one dependent child","Percentage",14,
2001,"EL","PC","A2_DCH1","B_60","MEAN_EI","Mean equivalised income","Below 60%","Two adults with one dependent child","Percentage",13,
2003,"EL","PC","A2_DCH1","B_60","MEAN_EI","Mean equivalised income","Below 60%","Two adults with one dependent child","Percentage",21,"b"
2004,"EL","PC","A2_DCH1","B_60","MEAN_EI","Mean equivalised income","Below 60%","Two adults with one dependent child","Percentage",21.9,
2005,"EL","PC","A2_DCH1","B_60","MEAN_EI","Mean equivalised income","Below 60%","Two adults with one dependent child","Percentage",20.8,
2006,"EL","PC","A2_DCH1","B_60","MEAN_EI","Mean equivalised income","Below 60%","Two adults with one dependent child","Percentage",23.8,
2007,"EL","PC","A2_DCH1","B_60","MEAN_EI","Mean equivalised income","Below 60%","Two adults with one dependent child","Percentage",27,
2008,"EL","PC","A2_DCH1","B_60","MEAN_EI","Mean equivalised income","Below 60%","Two adults with one dependent child","Percentage",23.2,
2009,"EL","PC","A2_DCH1","B_60","MEAN_EI","Mean equivalised income","Below 60%","Two adults with one dependent child","Percentage",29.1,
2010,"EL","PC","A2_DCH1","B_60","MEAN_EI","Mean equivalised income","Below 60%","Two adults with one dependent child","Percentage",28.5,
2011,"EL","PC","A2_DCH1","B_60","MEAN_EI","Mean equivalised income","Below 60%","Two adults with one dependent child","Percentage",22.2,
2012,"EL","PC","A2_DCH1","B_60","MEAN_EI","Mean equivalised income","Below 60%","Two adults with one dependent child","Percentage",30.5,
2013,"EL","PC","A2_DCH1","B_60","MEAN_EI","Mean equivalised income","Below 60%","Two adults with one dependent child","Percentage",25.2,
2014,"EL","PC","A2_DCH1","B_60","MEAN_EI","Mean equivalised income","Below 60%","Two adults with one dependent child","Percentage",28.5,
2015,"EL","PC","A2_DCH1","B_60","MEAN_EI","Mean equivalised income","Below 60%","Two adults with one dependent child","Percentage",24.5,
2016,"EL","PC","A2_DCH1","B_60","MEAN_EI","Mean equivalised income","Below 60%","Two adults with one dependent child","Percentage",25.6,
2017,"EL","PC","A2_DCH1","B_60","MEAN_EI","Mean equivalised income","Below 60%","Two adults with one dependent child","Percentage",24.3,
2018,"EL","PC","A2_DCH1","B_60","MEAN_EI","Mean equivalised income","Below 60%","Two adults with one dependent child","Percentage",24.6,
2019,"EL","PC","A2_DCH1","B_60","MEAN_EI","Mean equivalised income","Below 60%","Two adults with one dependent child","Percentage",19.8,
2020,"EL","PC","A2_DCH1","B_60","MEAN_EI","Mean equivalised income","Below 60%","Two adults with one dependent child","Percentage",20.1,
2021,"EL","PC","A2_DCH1","B_60","MEAN_EI","Mean equivalised income","Below 60%","Two adults with one dependent child","Percentage",22.2,
2022,"EL","PC","A2_DCH1","B_60","MEAN_EI","Mean equivalised income","Below 60%","Two adults with one dependent child","Percentage",23.1,
2023,"EL","PC","A2_DCH1","B_60","MEAN_EI","Mean equivalised income","Below 60%","Two adults with one dependent child","Percentage",21.5,
2024,"EL","PC","A2_DCH1","B_60","MEAN_EI","Mean equivalised income","Below 60%","Two adults with one dependent child","Percentage",22.9,
2025,"EL","PC","A2_DCH1","B_60","MEAN_EI","Mean equivalised income","Below 60%","Two adults with one dependent child","Percentage",20.2,
2015,"EL","THS_PER","A2_DCH2","B_60","MEAN_EI","Mean equivalised income","Below 60%","Two adults with two dependent children","Thousand persons",590,
2016,"EL","THS_PER","A2_DCH2","B_60","MEAN_EI","Mean equivalised income","Below 60%","Two adults with two dependent children","Thousand persons",557,
2017,"EL","THS_PER","A2_DCH2","B_60","MEAN_EI","Mean equivalised income","Below 60%","Two adults with two dependent children","Thousand persons",493,
2018,"EL","THS_PER","A2_DCH2","B_60","MEAN_EI","Mean equivalised income","Below 60%","Two adults with two dependent children","Thousand persons",489,
2019,"EL","THS_PER","A2_DCH2","B_60","MEAN_EI","Mean equivalised income","Below 60%","Two adults with two dependent children","Thousand persons",420,
2020,"EL","THS_PER","A2_DCH2","B_60","MEAN_EI","Mean equivalised income","Below 60%","Two adults with two dependent children","Thousand persons",474,
2021,"EL","THS_PER","A2_DCH2","B_60","MEAN_EI","Mean equivalised income","Below 60%","Two adults with two dependent children","Thousand persons",432,
2022,"EL","THS_PER","A2_DCH2","B_60","MEAN_EI","Mean equivalised income","Below 60%","Two adults with two dependent children","Thousand persons",417,
2023,"EL","THS_PER","A2_DCH2","B_60","MEAN_EI","Mean equivalised income","Below 60%","Two adults with two dependent children","Thousand persons",373,
2024,"EL","THS_PER","A2_DCH2","B_60","MEAN_EI","Mean equivalised income","Below 60%","Two adults with two dependent children","Thousand persons",379,
2025,"EL","THS_PER","A2_DCH2","B_60","MEAN_EI","Mean equivalised income","Below 60%","Two adults with two dependent children","Thousand persons",371,
1995,"EL","PC","A2_DCH2","B_60","MEAN_EI","Mean equivalised income","Below 60%","Two adults with two dependent children","Percentage",22,
1996,"EL","PC","A2_DCH2","B_60","MEAN_EI","Mean equivalised income","Below 60%","Two adults with two dependent children","Percentage",24,
1997,"EL","PC","A2_DCH2","B_60","MEAN_EI","Mean equivalised income","Below 60%","Two adults with two dependent children","Percentage",23,
1998,"EL","PC","A2_DCH2","B_60","MEAN_EI","Mean equivalised income","Below 60%","Two adults with two dependent children","Percentage",23,
1999,"EL","PC","A2_DCH2","B_60","MEAN_EI","Mean equivalised income","Below 60%","Two adults with two dependent children","Percentage",23,
2000,"EL","PC","A2_DCH2","B_60","MEAN_EI","Mean equivalised income","Below 60%","Two adults with two dependent children","Percentage",22,
2001,"EL","PC","A2_DCH2","B_60","MEAN_EI","Mean equivalised income","Below 60%","Two adults with two dependent children","Percentage",22,
2003,"EL","PC","A2_DCH2","B_60","MEAN_EI","Mean equivalised income","Below 60%","Two adults with two dependent children","Percentage",25.9,"b"
2004,"EL","PC","A2_DCH2","B_60","MEAN_EI","Mean equivalised income","Below 60%","Two adults with two dependent children","Percentage",25.5,
2005,"EL","PC","A2_DCH2","B_60","MEAN_EI","Mean equivalised income","Below 60%","Two adults with two dependent children","Percentage",27,
2006,"EL","PC","A2_DCH2","B_60","MEAN_EI","Mean equivalised income","Below 60%","Two adults with two dependent children","Percentage",27.8,
2007,"EL","PC","A2_DCH2","B_60","MEAN_EI","Mean equivalised income","Below 60%","Two adults with two dependent children","Percentage",31.2,
2008,"EL","PC","A2_DCH2","B_60","MEAN_EI","Mean equivalised income","Below 60%","Two adults with two dependent children","Percentage",29.8,
2009,"EL","PC","A2_DCH2","B_60","MEAN_EI","Mean equivalised income","Below 60%","Two adults with two dependent children","Percentage",29.6,
2010,"EL","PC","A2_DCH2","B_60","MEAN_EI","Mean equivalised income","Below 60%","Two adults with two dependent children","Percentage",27.9,
2011,"EL","PC","A2_DCH2","B_60","MEAN_EI","Mean equivalised income","Below 60%","Two adults with two dependent children","Percentage",30.8,
2012,"EL","PC","A2_DCH2","B_60","MEAN_EI","Mean equivalised income","Below 60%","Two adults with two dependent children","Percentage",31.9,
2013,"EL","PC","A2_DCH2","B_60","MEAN_EI","Mean equivalised income","Below 60%","Two adults with two dependent children","Percentage",31.2,
2014,"EL","PC","A2_DCH2","B_60","MEAN_EI","Mean equivalised income","Below 60%","Two adults with two dependent children","Percentage",28.5,
2015,"EL","PC","A2_DCH2","B_60","MEAN_EI","Mean equivalised income","Below 60%","Two adults with two dependent children","Percentage",32.1,
2016,"EL","PC","A2_DCH2","B_60","MEAN_EI","Mean equivalised income","Below 60%","Two adults with two dependent children","Percentage",30.6,
2017,"EL","PC","A2_DCH2","B_60","MEAN_EI","Mean equivalised income","Below 60%","Two adults with two dependent children","Percentage",27.8,
2018,"EL","PC","A2_DCH2","B_60","MEAN_EI","Mean equivalised income","Below 60%","Two adults with two dependent children","Percentage",28.1,
2019,"EL","PC","A2_DCH2","B_60","MEAN_EI","Mean equivalised income","Below 60%","Two adults with two dependent children","Percentage",26.1,
2020,"EL","PC","A2_DCH2","B_60","MEAN_EI","Mean equivalised income","Below 60%","Two adults with two dependent children","Percentage",27.9,
2021,"EL","PC","A2_DCH2","B_60","MEAN_EI","Mean equivalised income","Below 60%","Two adults with two dependent children","Percentage",25.9,
2022,"EL","PC","A2_DCH2","B_60","MEAN_EI","Mean equivalised income","Below 60%","Two adults with two dependent children","Percentage",25.4,
2023,"EL","PC","A2_DCH2","B_60","MEAN_EI","Mean equivalised income","Below 60%","Two adults with two dependent children","Percentage",23.7,
2024,"EL","PC","A2_DCH2","B_60","MEAN_EI","Mean equivalised income","Below 60%","Two adults with two dependent children","Percentage",24.4,
2025,"EL","PC","A2_DCH2","B_60","MEAN_EI","Mean equivalised income","Below 60%","Two adults with two dependent children","Percentage",24.5,
2015,"EL","THS_PER","A2_DCH_GE3","B_60","MEAN_EI","Mean equivalised income","Below 60%","Two adults with three or more dependent children","Thousand persons",258,
2016,"EL","THS_PER","A2_DCH_GE3","B_60","MEAN_EI","Mean equivalised income","Below 60%","Two adults with three or more dependent children","Thousand persons",254,
2017,"EL","THS_PER","A2_DCH_GE3","B_60","MEAN_EI","Mean equivalised income","Below 60%","Two adults with three or more dependent children","Thousand persons",215,
2018,"EL","THS_PER","A2_DCH_GE3","B_60","MEAN_EI","Mean equivalised income","Below 60%","Two adults with three or more dependent children","Thousand persons",239,
2019,"EL","THS_PER","A2_DCH_GE3","B_60","MEAN_EI","Mean equivalised income","Below 60%","Two adults with three or more dependent children","Thousand persons",311,
2020,"EL","THS_PER","A2_DCH_GE3","B_60","MEAN_EI","Mean equivalised income","Below 60%","Two adults with three or more dependent children","Thousand persons",301,
2021,"EL","THS_PER","A2_DCH_GE3","B_60","MEAN_EI","Mean equivalised income","Below 60%","Two adults with three or more dependent children","Thousand persons",399,
2022,"EL","THS_PER","A2_DCH_GE3","B_60","MEAN_EI","Mean equivalised income","Below 60%","Two adults with three or more dependent children","Thousand persons",380,
2023,"EL","THS_PER","A2_DCH_GE3","B_60","MEAN_EI","Mean equivalised income","Below 60%","Two adults with three or more dependent children","Thousand persons",315,
2024,"EL","THS_PER","A2_DCH_GE3","B_60","MEAN_EI","Mean equivalised income","Below 60%","Two adults with three or more dependent children","Thousand persons",310,
2025,"EL","THS_PER","A2_DCH_GE3","B_60","MEAN_EI","Mean equivalised income","Below 60%","Two adults with three or more dependent children","Thousand persons",356,
1995,"EL","PC","A2_DCH_GE3","B_60","MEAN_EI","Mean equivalised income","Below 60%","Two adults with three or more dependent children","Percentage",31,
1996,"EL","PC","A2_DCH_GE3","B_60","MEAN_EI","Mean equivalised income","Below 60%","Two adults with three or more dependent children","Percentage",28,
1997,"EL","PC","A2_DCH_GE3","B_60","MEAN_EI","Mean equivalised income","Below 60%","Two adults with three or more dependent children","Percentage",34,
1998,"EL","PC","A2_DCH_GE3","B_60","MEAN_EI","Mean equivalised income","Below 60%","Two adults with three or more dependent children","Percentage",39,
1999,"EL","PC","A2_DCH_GE3","B_60","MEAN_EI","Mean equivalised income","Below 60%","Two adults with three or more dependent children","Percentage",37,
2000,"EL","PC","A2_DCH_GE3","B_60","MEAN_EI","Mean equivalised income","Below 60%","Two adults with three or more dependent children","Percentage",39,
2001,"EL","PC","A2_DCH_GE3","B_60","MEAN_EI","Mean equivalised income","Below 60%","Two adults with three or more dependent children","Percentage",38,
2003,"EL","PC","A2_DCH_GE3","B_60","MEAN_EI","Mean equivalised income","Below 60%","Two adults with three or more dependent children","Percentage",47.1,"b"
2004,"EL","PC","A2_DCH_GE3","B_60","MEAN_EI","Mean equivalised income","Below 60%","Two adults with three or more dependent children","Percentage",43.8,
2005,"EL","PC","A2_DCH_GE3","B_60","MEAN_EI","Mean equivalised income","Below 60%","Two adults with three or more dependent children","Percentage",41.1,
2006,"EL","PC","A2_DCH_GE3","B_60","MEAN_EI","Mean equivalised income","Below 60%","Two adults with three or more dependent children","Percentage",44.8,
2007,"EL","PC","A2_DCH_GE3","B_60","MEAN_EI","Mean equivalised income","Below 60%","Two adults with three or more dependent children","Percentage",41.9,
2008,"EL","PC","A2_DCH_GE3","B_60","MEAN_EI","Mean equivalised income","Below 60%","Two adults with three or more dependent children","Percentage",35.8,
2009,"EL","PC","A2_DCH_GE3","B_60","MEAN_EI","Mean equivalised income","Below 60%","Two adults with three or more dependent children","Percentage",35.4,
2010,"EL","PC","A2_DCH_GE3","B_60","MEAN_EI","Mean equivalised income","Below 60%","Two adults with three or more dependent children","Percentage",35.7,
2011,"EL","PC","A2_DCH_GE3","B_60","MEAN_EI","Mean equivalised income","Below 60%","Two adults with three or more dependent children","Percentage",35.9,
2012,"EL","PC","A2_DCH_GE3","B_60","MEAN_EI","Mean equivalised income","Below 60%","Two adults with three or more dependent children","Percentage",44.1,
2013,"EL","PC","A2_DCH_GE3","B_60","MEAN_EI","Mean equivalised income","Below 60%","Two adults with three or more dependent children","Percentage",43.8,
2014,"EL","PC","A2_DCH_GE3","B_60","MEAN_EI","Mean equivalised income","Below 60%","Two adults with three or more dependent children","Percentage",40,
2015,"EL","PC","A2_DCH_GE3","B_60","MEAN_EI","Mean equivalised income","Below 60%","Two adults with three or more dependent children","Percentage",40.1,
2016,"EL","PC","A2_DCH_GE3","B_60","MEAN_EI","Mean equivalised income","Below 60%","Two adults with three or more dependent children","Percentage",41.6,
2017,"EL","PC","A2_DCH_GE3","B_60","MEAN_EI","Mean equivalised income","Below 60%","Two adults with three or more dependent children","Percentage",34.6,
2018,"EL","PC","A2_DCH_GE3","B_60","MEAN_EI","Mean equivalised income","Below 60%","Two adults with three or more dependent children","Percentage",36.7,
2019,"EL","PC","A2_DCH_GE3","B_60","MEAN_EI","Mean equivalised income","Below 60%","Two adults with three or more dependent children","Percentage",36.4,
2020,"EL","PC","A2_DCH_GE3","B_60","MEAN_EI","Mean equivalised income","Below 60%","Two adults with three or more dependent children","Percentage",39.6,
2021,"EL","PC","A2_DCH_GE3","B_60","MEAN_EI","Mean equivalised income","Below 60%","Two adults with three or more dependent children","Percentage",38.6,
2022,"EL","PC","A2_DCH_GE3","B_60","MEAN_EI","Mean equivalised income","Below 60%","Two adults with three or more dependent children","Percentage",35.9,
2023,"EL","PC","A2_DCH_GE3","B_60","MEAN_EI","Mean equivalised income","Below 60%","Two adults with three or more dependent children","Percentage",36,
2024,"EL","PC","A2_DCH_GE3","B_60","MEAN_EI","Mean equivalised income","Below 60%","Two adults with three or more dependent children","Percentage",35.6,
2025,"EL","PC","A2_DCH_GE3","B_60","MEAN_EI","Mean equivalised income","Below 60%","Two adults with three or more dependent children","Percentage",41.3,
2015,"EL","THS_PER","A_GE2_DCH","B_60","MEAN_EI","Mean equivalised income","Below 60%","Two or more adults with dependent children","Thousand persons",1624,
2016,"EL","THS_PER","A_GE2_DCH","B_60","MEAN_EI","Mean equivalised income","Below 60%","Two or more adults with dependent children","Thousand persons",1622,
2017,"EL","THS_PER","A_GE2_DCH","B_60","MEAN_EI","Mean equivalised income","Below 60%","Two or more adults with dependent children","Thousand persons",1445,
2018,"EL","THS_PER","A_GE2_DCH","B_60","MEAN_EI","Mean equivalised income","Below 60%","Two or more adults with dependent children","Thousand persons",1485,
2019,"EL","THS_PER","A_GE2_DCH","B_60","MEAN_EI","Mean equivalised income","Below 60%","Two or more adults with dependent children","Thousand persons",1396,
2020,"EL","THS_PER","A_GE2_DCH","B_60","MEAN_EI","Mean equivalised income","Below 60%","Two or more adults with dependent children","Thousand persons",1426,
2021,"EL","THS_PER","A_GE2_DCH","B_60","MEAN_EI","Mean equivalised income","Below 60%","Two or more adults with dependent children","Thousand persons",1484,
2022,"EL","THS_PER","A_GE2_DCH","B_60","MEAN_EI","Mean equivalised income","Below 60%","Two or more adults with dependent children","Thousand persons",1331,
2023,"EL","THS_PER","A_GE2_DCH","B_60","MEAN_EI","Mean equivalised income","Below 60%","Two or more adults with dependent children","Thousand persons",1226,
2024,"EL","THS_PER","A_GE2_DCH","B_60","MEAN_EI","Mean equivalised income","Below 60%","Two or more adults with dependent children","Thousand persons",1195,
2025,"EL","THS_PER","A_GE2_DCH","B_60","MEAN_EI","Mean equivalised income","Below 60%","Two or more adults with dependent children","Thousand persons",1174,
2003,"EL","PC","A_GE2_DCH","B_60","MEAN_EI","Mean equivalised income","Below 60%","Two or more adults with dependent children","Percentage",29.7,"b"
2004,"EL","PC","A_GE2_DCH","B_60","MEAN_EI","Mean equivalised income","Below 60%","Two or more adults with dependent children","Percentage",26.6,
2005,"EL","PC","A_GE2_DCH","B_60","MEAN_EI","Mean equivalised income","Below 60%","Two or more adults with dependent children","Percentage",27.8,
2006,"EL","PC","A_GE2_DCH","B_60","MEAN_EI","Mean equivalised income","Below 60%","Two or more adults with dependent children","Percentage",30.1,
2007,"EL","PC","A_GE2_DCH","B_60","MEAN_EI","Mean equivalised income","Below 60%","Two or more adults with dependent children","Percentage",31.4,
2008,"EL","PC","A_GE2_DCH","B_60","MEAN_EI","Mean equivalised income","Below 60%","Two or more adults with dependent children","Percentage",30,
2009,"EL","PC","A_GE2_DCH","B_60","MEAN_EI","Mean equivalised income","Below 60%","Two or more adults with dependent children","Percentage",28.6,
2010,"EL","PC","A_GE2_DCH","B_60","MEAN_EI","Mean equivalised income","Below 60%","Two or more adults with dependent children","Percentage",30.1,
2011,"EL","PC","A_GE2_DCH","B_60","MEAN_EI","Mean equivalised income","Below 60%","Two or more adults with dependent children","Percentage",29,
2012,"EL","PC","A_GE2_DCH","B_60","MEAN_EI","Mean equivalised income","Below 60%","Two or more adults with dependent children","Percentage",33,
2013,"EL","PC","A_GE2_DCH","B_60","MEAN_EI","Mean equivalised income","Below 60%","Two or more adults with dependent children","Percentage",36.3,
2014,"EL","PC","A_GE2_DCH","B_60","MEAN_EI","Mean equivalised income","Below 60%","Two or more adults with dependent children","Percentage",32.8,
2015,"EL","PC","A_GE2_DCH","B_60","MEAN_EI","Mean equivalised income","Below 60%","Two or more adults with dependent children","Percentage",33.1,
2016,"EL","PC","A_GE2_DCH","B_60","MEAN_EI","Mean equivalised income","Below 60%","Two or more adults with dependent children","Percentage",33.5,
2017,"EL","PC","A_GE2_DCH","B_60","MEAN_EI","Mean equivalised income","Below 60%","Two or more adults with dependent children","Percentage",30,
2018,"EL","PC","A_GE2_DCH","B_60","MEAN_EI","Mean equivalised income","Below 60%","Two or more adults with dependent children","Percentage",30.8,
2019,"EL","PC","A_GE2_DCH","B_60","MEAN_EI","Mean equivalised income","Below 60%","Two or more adults with dependent children","Percentage",28.8,
2020,"EL","PC","A_GE2_DCH","B_60","MEAN_EI","Mean equivalised income","Below 60%","Two or more adults with dependent children","Percentage",29.4,
2021,"EL","PC","A_GE2_DCH","B_60","MEAN_EI","Mean equivalised income","Below 60%","Two or more adults with dependent children","Percentage",29.8,
2022,"EL","PC","A_GE2_DCH","B_60","MEAN_EI","Mean equivalised income","Below 60%","Two or more adults with dependent children","Percentage",28.1,
2023,"EL","PC","A_GE2_DCH","B_60","MEAN_EI","Mean equivalised income","Below 60%","Two or more adults with dependent children","Percentage",26.9,
2024,"EL","PC","A_GE2_DCH","B_60","MEAN_EI","Mean equivalised income","Below 60%","Two or more adults with dependent children","Percentage",26.4,
2025,"EL","PC","A_GE2_DCH","B_60","MEAN_EI","Mean equivalised income","Below 60%","Two or more adults with dependent children","Percentage",26,
2015,"EL","THS_PER","A_GE2_NDCH","B_60","MEAN_EI","Mean equivalised income","Below 60%","Two or more adults without dependent children","Thousand persons",932,
2016,"EL","THS_PER","A_GE2_NDCH","B_60","MEAN_EI","Mean equivalised income","Below 60%","Two or more adults without dependent children","Thousand persons",954,
2017,"EL","THS_PER","A_GE2_NDCH","B_60","MEAN_EI","Mean equivalised income","Below 60%","Two or more adults without dependent children","Thousand persons",954,
2018,"EL","THS_PER","A_GE2_NDCH","B_60","MEAN_EI","Mean equivalised income","Below 60%","Two or more adults without dependent children","Thousand persons",836,
2019,"EL","THS_PER","A_GE2_NDCH","B_60","MEAN_EI","Mean equivalised income","Below 60%","Two or more adults without dependent children","Thousand persons",820,
2020,"EL","THS_PER","A_GE2_NDCH","B_60","MEAN_EI","Mean equivalised income","Below 60%","Two or more adults without dependent children","Thousand persons",830,
2021,"EL","THS_PER","A_GE2_NDCH","B_60","MEAN_EI","Mean equivalised income","Below 60%","Two or more adults without dependent children","Thousand persons",801,
2022,"EL","THS_PER","A_GE2_NDCH","B_60","MEAN_EI","Mean equivalised income","Below 60%","Two or more adults without dependent children","Thousand persons",841,
2023,"EL","THS_PER","A_GE2_NDCH","B_60","MEAN_EI","Mean equivalised income","Below 60%","Two or more adults without dependent children","Thousand persons",738,
2024,"EL","THS_PER","A_GE2_NDCH","B_60","MEAN_EI","Mean equivalised income","Below 60%","Two or more adults without dependent children","Thousand persons",799,
2025,"EL","THS_PER","A_GE2_NDCH","B_60","MEAN_EI","Mean equivalised income","Below 60%","Two or more adults without dependent children","Thousand persons",784,
2003,"EL","PC","A_GE2_NDCH","B_60","MEAN_EI","Mean equivalised income","Below 60%","Two or more adults without dependent children","Percentage",26.2,"b"
2004,"EL","PC","A_GE2_NDCH","B_60","MEAN_EI","Mean equivalised income","Below 60%","Two or more adults without dependent children","Percentage",24.4,
2005,"EL","PC","A_GE2_NDCH","B_60","MEAN_EI","Mean equivalised income","Below 60%","Two or more adults without dependent children","Percentage",24.1,
2006,"EL","PC","A_GE2_NDCH","B_60","MEAN_EI","Mean equivalised income","Below 60%","Two or more adults without dependent children","Percentage",25.8,
2007,"EL","PC","A_GE2_NDCH","B_60","MEAN_EI","Mean equivalised income","Below 60%","Two or more adults without dependent children","Percentage",24.8,
2008,"EL","PC","A_GE2_NDCH","B_60","MEAN_EI","Mean equivalised income","Below 60%","Two or more adults without dependent children","Percentage",24.2,
2009,"EL","PC","A_GE2_NDCH","B_60","MEAN_EI","Mean equivalised income","Below 60%","Two or more adults without dependent children","Percentage",21.2,
2010,"EL","PC","A_GE2_NDCH","B_60","MEAN_EI","Mean equivalised income","Below 60%","Two or more adults without dependent children","Percentage",22.7,
2011,"EL","PC","A_GE2_NDCH","B_60","MEAN_EI","Mean equivalised income","Below 60%","Two or more adults without dependent children","Percentage",24.8,
2012,"EL","PC","A_GE2_NDCH","B_60","MEAN_EI","Mean equivalised income","Below 60%","Two or more adults without dependent children","Percentage",22.9,
2013,"EL","PC","A_GE2_NDCH","B_60","MEAN_EI","Mean equivalised income","Below 60%","Two or more adults without dependent children","Percentage",21.5,
2014,"EL","PC","A_GE2_NDCH","B_60","MEAN_EI","Mean equivalised income","Below 60%","Two or more adults without dependent children","Percentage",23.2,
2015,"EL","PC","A_GE2_NDCH","B_60","MEAN_EI","Mean equivalised income","Below 60%","Two or more adults without dependent children","Percentage",20.6,
2016,"EL","PC","A_GE2_NDCH","B_60","MEAN_EI","Mean equivalised income","Below 60%","Two or more adults without dependent children","Percentage",21,
2017,"EL","PC","A_GE2_NDCH","B_60","MEAN_EI","Mean equivalised income","Below 60%","Two or more adults without dependent children","Percentage",20.9,
2018,"EL","PC","A_GE2_NDCH","B_60","MEAN_EI","Mean equivalised income","Below 60%","Two or more adults without dependent children","Percentage",18.8,
2019,"EL","PC","A_GE2_NDCH","B_60","MEAN_EI","Mean equivalised income","Below 60%","Two or more adults without dependent children","Percentage",18.4,
2020,"EL","PC","A_GE2_NDCH","B_60","MEAN_EI","Mean equivalised income","Below 60%","Two or more adults without dependent children","Percentage",18.6,
2021,"EL","PC","A_GE2_NDCH","B_60","MEAN_EI","Mean equivalised income","Below 60%","Two or more adults without dependent children","Percentage",18.6,
2022,"EL","PC","A_GE2_NDCH","B_60","MEAN_EI","Mean equivalised income","Below 60%","Two or more adults without dependent children","Percentage",19.2,
2023,"EL","PC","A_GE2_NDCH","B_60","MEAN_EI","Mean equivalised income","Below 60%","Two or more adults without dependent children","Percentage",18.2,
2024,"EL","PC","A_GE2_NDCH","B_60","MEAN_EI","Mean equivalised income","Below 60%","Two or more adults without dependent children","Percentage",19.7,
2025,"EL","PC","A_GE2_NDCH","B_60","MEAN_EI","Mean equivalised income","Below 60%","Two or more adults without dependent children","Percentage",19.3,
2015,"EL","THS_PER","A_GE3","B_60","MEAN_EI","Mean equivalised income","Below 60%","Three or more adults","Thousand persons",504,
2016,"EL","THS_PER","A_GE3","B_60","MEAN_EI","Mean equivalised income","Below 60%","Three or more adults","Thousand persons",538,
2017,"EL","THS_PER","A_GE3","B_60","MEAN_EI","Mean equivalised income","Below 60%","Three or more adults","Thousand persons",529,
2018,"EL","THS_PER","A_GE3","B_60","MEAN_EI","Mean equivalised income","Below 60%","Three or more adults","Thousand persons",431,
2019,"EL","THS_PER","A_GE3","B_60","MEAN_EI","Mean equivalised income","Below 60%","Three or more adults","Thousand persons",409,
2020,"EL","THS_PER","A_GE3","B_60","MEAN_EI","Mean equivalised income","Below 60%","Three or more adults","Thousand persons",440,
2021,"EL","THS_PER","A_GE3","B_60","MEAN_EI","Mean equivalised income","Below 60%","Three or more adults","Thousand persons",357,
2022,"EL","THS_PER","A_GE3","B_60","MEAN_EI","Mean equivalised income","Below 60%","Three or more adults","Thousand persons",376,
2023,"EL","THS_PER","A_GE3","B_60","MEAN_EI","Mean equivalised income","Below 60%","Three or more adults","Thousand persons",278,
2024,"EL","THS_PER","A_GE3","B_60","MEAN_EI","Mean equivalised income","Below 60%","Three or more adults","Thousand persons",292,
2025,"EL","THS_PER","A_GE3","B_60","MEAN_EI","Mean equivalised income","Below 60%","Three or more adults","Thousand persons",247,
1995,"EL","PC","A_GE3","B_60","MEAN_EI","Mean equivalised income","Below 60%","Three or more adults","Percentage",25,
1996,"EL","PC","A_GE3","B_60","MEAN_EI","Mean equivalised income","Below 60%","Three or more adults","Percentage",21,
1997,"EL","PC","A_GE3","B_60","MEAN_EI","Mean equivalised income","Below 60%","Three or more adults","Percentage",25,
1998,"EL","PC","A_GE3","B_60","MEAN_EI","Mean equivalised income","Below 60%","Three or more adults","Percentage",23,
1999,"EL","PC","A_GE3","B_60","MEAN_EI","Mean equivalised income","Below 60%","Three or more adults","Percentage",26,
2000,"EL","PC","A_GE3","B_60","MEAN_EI","Mean equivalised income","Below 60%","Three or more adults","Percentage",22,
2001,"EL","PC","A_GE3","B_60","MEAN_EI","Mean equivalised income","Below 60%","Three or more adults","Percentage",22,
2003,"EL","PC","A_GE3","B_60","MEAN_EI","Mean equivalised income","Below 60%","Three or more adults","Percentage",21.1,"b"
2004,"EL","PC","A_GE3","B_60","MEAN_EI","Mean equivalised income","Below 60%","Three or more adults","Percentage",18.7,
2005,"EL","PC","A_GE3","B_60","MEAN_EI","Mean equivalised income","Below 60%","Three or more adults","Percentage",17.9,
2006,"EL","PC","A_GE3","B_60","MEAN_EI","Mean equivalised income","Below 60%","Three or more adults","Percentage",22.5,
2007,"EL","PC","A_GE3","B_60","MEAN_EI","Mean equivalised income","Below 60%","Three or more adults","Percentage",22,
2008,"EL","PC","A_GE3","B_60","MEAN_EI","Mean equivalised income","Below 60%","Three or more adults","Percentage",22.5,
2009,"EL","PC","A_GE3","B_60","MEAN_EI","Mean equivalised income","Below 60%","Three or more adults","Percentage",16.5,
2010,"EL","PC","A_GE3","B_60","MEAN_EI","Mean equivalised income","Below 60%","Three or more adults","Percentage",17.7,
2011,"EL","PC","A_GE3","B_60","MEAN_EI","Mean equivalised income","Below 60%","Three or more adults","Percentage",21.8,
2012,"EL","PC","A_GE3","B_60","MEAN_EI","Mean equivalised income","Below 60%","Three or more adults","Percentage",24.6,
2013,"EL","PC","A_GE3","B_60","MEAN_EI","Mean equivalised income","Below 60%","Three or more adults","Percentage",26.7,
2014,"EL","PC","A_GE3","B_60","MEAN_EI","Mean equivalised income","Below 60%","Three or more adults","Percentage",27.7,
2015,"EL","PC","A_GE3","B_60","MEAN_EI","Mean equivalised income","Below 60%","Three or more adults","Percentage",23.5,
2016,"EL","PC","A_GE3","B_60","MEAN_EI","Mean equivalised income","Below 60%","Three or more adults","Percentage",24.9,
2017,"EL","PC","A_GE3","B_60","MEAN_EI","Mean equivalised income","Below 60%","Three or more adults","Percentage",24.1,
2018,"EL","PC","A_GE3","B_60","MEAN_EI","Mean equivalised income","Below 60%","Three or more adults","Percentage",20.5,
2019,"EL","PC","A_GE3","B_60","MEAN_EI","Mean equivalised income","Below 60%","Three or more adults","Percentage",19.5,
2020,"EL","PC","A_GE3","B_60","MEAN_EI","Mean equivalised income","Below 60%","Three or more adults","Percentage",20.9,
2021,"EL","PC","A_GE3","B_60","MEAN_EI","Mean equivalised income","Below 60%","Three or more adults","Percentage",18.3,
2022,"EL","PC","A_GE3","B_60","MEAN_EI","Mean equivalised income","Below 60%","Three or more adults","Percentage",18.1,
2023,"EL","PC","A_GE3","B_60","MEAN_EI","Mean equivalised income","Below 60%","Three or more adults","Percentage",16.2,
2024,"EL","PC","A_GE3","B_60","MEAN_EI","Mean equivalised income","Below 60%","Three or more adults","Percentage",17.2,
2025,"EL","PC","A_GE3","B_60","MEAN_EI","Mean equivalised income","Below 60%","Three or more adults","Percentage",14.5,
2015,"EL","THS_PER","A_GE3_DCH","B_60","MEAN_EI","Mean equivalised income","Below 60%","Three or more adults with dependent children","Thousand persons",498,
2016,"EL","THS_PER","A_GE3_DCH","B_60","MEAN_EI","Mean equivalised income","Below 60%","Three or more adults with dependent children","Thousand persons",510,
2017,"EL","THS_PER","A_GE3_DCH","B_60","MEAN_EI","Mean equivalised income","Below 60%","Three or more adults with dependent children","Thousand persons",456,
2018,"EL","THS_PER","A_GE3_DCH","B_60","MEAN_EI","Mean equivalised income","Below 60%","Three or more adults with dependent children","Thousand persons",461,
2019,"EL","THS_PER","A_GE3_DCH","B_60","MEAN_EI","Mean equivalised income","Below 60%","Three or more adults with dependent children","Thousand persons",441,
2020,"EL","THS_PER","A_GE3_DCH","B_60","MEAN_EI","Mean equivalised income","Below 60%","Three or more adults with dependent children","Thousand persons",421,
2021,"EL","THS_PER","A_GE3_DCH","B_60","MEAN_EI","Mean equivalised income","Below 60%","Three or more adults with dependent children","Thousand persons",401,
2022,"EL","THS_PER","A_GE3_DCH","B_60","MEAN_EI","Mean equivalised income","Below 60%","Three or more adults with dependent children","Thousand persons",316,
2023,"EL","THS_PER","A_GE3_DCH","B_60","MEAN_EI","Mean equivalised income","Below 60%","Three or more adults with dependent children","Thousand persons",292,
2024,"EL","THS_PER","A_GE3_DCH","B_60","MEAN_EI","Mean equivalised income","Below 60%","Three or more adults with dependent children","Thousand persons",239,
2025,"EL","THS_PER","A_GE3_DCH","B_60","MEAN_EI","Mean equivalised income","Below 60%","Three or more adults with dependent children","Thousand persons",209,
1995,"EL","PC","A_GE3_DCH","B_60","MEAN_EI","Mean equivalised income","Below 60%","Three or more adults with dependent children","Percentage",33,
1996,"EL","PC","A_GE3_DCH","B_60","MEAN_EI","Mean equivalised income","Below 60%","Three or more adults with dependent children","Percentage",38,
1997,"EL","PC","A_GE3_DCH","B_60","MEAN_EI","Mean equivalised income","Below 60%","Three or more adults with dependent children","Percentage",36,
1998,"EL","PC","A_GE3_DCH","B_60","MEAN_EI","Mean equivalised income","Below 60%","Three or more adults with dependent children","Percentage",37,
1999,"EL","PC","A_GE3_DCH","B_60","MEAN_EI","Mean equivalised income","Below 60%","Three or more adults with dependent children","Percentage",35,
2000,"EL","PC","A_GE3_DCH","B_60","MEAN_EI","Mean equivalised income","Below 60%","Three or more adults with dependent children","Percentage",32,
2001,"EL","PC","A_GE3_DCH","B_60","MEAN_EI","Mean equivalised income","Below 60%","Three or more adults with dependent children","Percentage",35,
2003,"EL","PC","A_GE3_DCH","B_60","MEAN_EI","Mean equivalised income","Below 60%","Three or more adults with dependent children","Percentage",38,"b"
2004,"EL","PC","A_GE3_DCH","B_60","MEAN_EI","Mean equivalised income","Below 60%","Three or more adults with dependent children","Percentage",33.5,
2005,"EL","PC","A_GE3_DCH","B_60","MEAN_EI","Mean equivalised income","Below 60%","Three or more adults with dependent children","Percentage",35.9,
2006,"EL","PC","A_GE3_DCH","B_60","MEAN_EI","Mean equivalised income","Below 60%","Three or more adults with dependent children","Percentage",38,
2007,"EL","PC","A_GE3_DCH","B_60","MEAN_EI","Mean equivalised income","Below 60%","Three or more adults with dependent children","Percentage",33.1,
2008,"EL","PC","A_GE3_DCH","B_60","MEAN_EI","Mean equivalised income","Below 60%","Three or more adults with dependent children","Percentage",35.6,
2009,"EL","PC","A_GE3_DCH","B_60","MEAN_EI","Mean equivalised income","Below 60%","Three or more adults with dependent children","Percentage",23.7,
2010,"EL","PC","A_GE3_DCH","B_60","MEAN_EI","Mean equivalised income","Below 60%","Three or more adults with dependent children","Percentage",36.3,
2011,"EL","PC","A_GE3_DCH","B_60","MEAN_EI","Mean equivalised income","Below 60%","Three or more adults with dependent children","Percentage",30.1,
2012,"EL","PC","A_GE3_DCH","B_60","MEAN_EI","Mean equivalised income","Below 60%","Three or more adults with dependent children","Percentage",38.7,
2013,"EL","PC","A_GE3_DCH","B_60","MEAN_EI","Mean equivalised income","Below 60%","Three or more adults with dependent children","Percentage",47.5,
2014,"EL","PC","A_GE3_DCH","B_60","MEAN_EI","Mean equivalised income","Below 60%","Three or more adults with dependent children","Percentage",41.1,
2015,"EL","PC","A_GE3_DCH","B_60","MEAN_EI","Mean equivalised income","Below 60%","Three or more adults with dependent children","Percentage",38.8,
2016,"EL","PC","A_GE3_DCH","B_60","MEAN_EI","Mean equivalised income","Below 60%","Three or more adults with dependent children","Percentage",41,
2017,"EL","PC","A_GE3_DCH","B_60","MEAN_EI","Mean equivalised income","Below 60%","Three or more adults with dependent children","Percentage",36.3,
2018,"EL","PC","A_GE3_DCH","B_60","MEAN_EI","Mean equivalised income","Below 60%","Three or more adults with dependent children","Percentage",37.5,
2019,"EL","PC","A_GE3_DCH","B_60","MEAN_EI","Mean equivalised income","Below 60%","Three or more adults with dependent children","Percentage",34.9,
2020,"EL","PC","A_GE3_DCH","B_60","MEAN_EI","Mean equivalised income","Below 60%","Three or more adults with dependent children","Percentage",33.9,
2021,"EL","PC","A_GE3_DCH","B_60","MEAN_EI","Mean equivalised income","Below 60%","Three or more adults with dependent children","Percentage",35.1,
2022,"EL","PC","A_GE3_DCH","B_60","MEAN_EI","Mean equivalised income","Below 60%","Three or more adults with dependent children","Percentage",28.8,
2023,"EL","PC","A_GE3_DCH","B_60","MEAN_EI","Mean equivalised income","Below 60%","Three or more adults with dependent children","Percentage",30.5,
2024,"EL","PC","A_GE3_DCH","B_60","MEAN_EI","Mean equivalised income","Below 60%","Three or more adults with dependent children","Percentage",25.5,
2025,"EL","PC","A_GE3_DCH","B_60","MEAN_EI","Mean equivalised income","Below 60%","Three or more adults with dependent children","Percentage",21.6,
2015,"EL","THS_PER","DCH","B_60","MEAN_EI","Mean equivalised income","Below 60%","Household with dependent children","Thousand persons",1695,
2016,"EL","THS_PER","DCH","B_60","MEAN_EI","Mean equivalised income","Below 60%","Household with dependent children","Thousand persons",1694,
2017,"EL","THS_PER","DCH","B_60","MEAN_EI","Mean equivalised income","Below 60%","Household with dependent children","Thousand persons",1512,
2018,"EL","THS_PER","DCH","B_60","MEAN_EI","Mean equivalised income","Below 60%","Household with dependent children","Thousand persons",1556,
2019,"EL","THS_PER","DCH","B_60","MEAN_EI","Mean equivalised income","Below 60%","Household with dependent children","Thousand persons",1450,
2020,"EL","THS_PER","DCH","B_60","MEAN_EI","Mean equivalised income","Below 60%","Household with dependent children","Thousand persons",1474,
2021,"EL","THS_PER","DCH","B_60","MEAN_EI","Mean equivalised income","Below 60%","Household with dependent children","Thousand persons",1549,
2022,"EL","THS_PER","DCH","B_60","MEAN_EI","Mean equivalised income","Below 60%","Household with dependent children","Thousand persons",1395,
2023,"EL","THS_PER","DCH","B_60","MEAN_EI","Mean equivalised income","Below 60%","Household with dependent children","Thousand persons",1315,
2024,"EL","THS_PER","DCH","B_60","MEAN_EI","Mean equivalised income","Below 60%","Household with dependent children","Thousand persons",1262,
2025,"EL","THS_PER","DCH","B_60","MEAN_EI","Mean equivalised income","Below 60%","Household with dependent children","Thousand persons",1240,
1995,"EL","PC","DCH","B_60","MEAN_EI","Mean equivalised income","Below 60%","Household with dependent children","Percentage",26,
1996,"EL","PC","DCH","B_60","MEAN_EI","Mean equivalised income","Below 60%","Household with dependent children","Percentage",27,
1997,"EL","PC","DCH","B_60","MEAN_EI","Mean equivalised income","Below 60%","Household with dependent children","Percentage",28,
1998,"EL","PC","DCH","B_60","MEAN_EI","Mean equivalised income","Below 60%","Household with dependent children","Percentage",28,
1999,"EL","PC","DCH","B_60","MEAN_EI","Mean equivalised income","Below 60%","Household with dependent children","Percentage",27,
2000,"EL","PC","DCH","B_60","MEAN_EI","Mean equivalised income","Below 60%","Household with dependent children","Percentage",26,
2001,"EL","PC","DCH","B_60","MEAN_EI","Mean equivalised income","Below 60%","Household with dependent children","Percentage",26,
2003,"EL","PC","DCH","B_60","MEAN_EI","Mean equivalised income","Below 60%","Household with dependent children","Percentage",30.1,"b"
2004,"EL","PC","DCH","B_60","MEAN_EI","Mean equivalised income","Below 60%","Household with dependent children","Percentage",27.3,
2005,"EL","PC","DCH","B_60","MEAN_EI","Mean equivalised income","Below 60%","Household with dependent children","Percentage",28.6,
2006,"EL","PC","DCH","B_60","MEAN_EI","Mean equivalised income","Below 60%","Household with dependent children","Percentage",30.3,
2007,"EL","PC","DCH","B_60","MEAN_EI","Mean equivalised income","Below 60%","Household with dependent children","Percentage",31.9,
2008,"EL","PC","DCH","B_60","MEAN_EI","Mean equivalised income","Below 60%","Household with dependent children","Percentage",30.2,
2009,"EL","PC","DCH","B_60","MEAN_EI","Mean equivalised income","Below 60%","Household with dependent children","Percentage",28.9,
2010,"EL","PC","DCH","B_60","MEAN_EI","Mean equivalised income","Below 60%","Household with dependent children","Percentage",30.3,
2011,"EL","PC","DCH","B_60","MEAN_EI","Mean equivalised income","Below 60%","Household with dependent children","Percentage",29.7,
2012,"EL","PC","DCH","B_60","MEAN_EI","Mean equivalised income","Below 60%","Household with dependent children","Percentage",34.1,
2013,"EL","PC","DCH","B_60","MEAN_EI","Mean equivalised income","Below 60%","Household with dependent children","Percentage",36.5,
2014,"EL","PC","DCH","B_60","MEAN_EI","Mean equivalised income","Below 60%","Household with dependent children","Percentage",32.8,
2015,"EL","PC","DCH","B_60","MEAN_EI","Mean equivalised income","Below 60%","Household with dependent children","Percentage",33.3,
2016,"EL","PC","DCH","B_60","MEAN_EI","Mean equivalised income","Below 60%","Household with dependent children","Percentage",33.8,
2017,"EL","PC","DCH","B_60","MEAN_EI","Mean equivalised income","Below 60%","Household with dependent children","Percentage",30.4,
2018,"EL","PC","DCH","B_60","MEAN_EI","Mean equivalised income","Below 60%","Household with dependent children","Percentage",31.2,
2019,"EL","PC","DCH","B_60","MEAN_EI","Mean equivalised income","Below 60%","Household with dependent children","Percentage",29.1,
2020,"EL","PC","DCH","B_60","MEAN_EI","Mean equivalised income","Below 60%","Household with dependent children","Percentage",29.6,
2021,"EL","PC","DCH","B_60","MEAN_EI","Mean equivalised income","Below 60%","Household with dependent children","Percentage",30.2,
2022,"EL","PC","DCH","B_60","MEAN_EI","Mean equivalised income","Below 60%","Household with dependent children","Percentage",28.5,
2023,"EL","PC","DCH","B_60","MEAN_EI","Mean equivalised income","Below 60%","Household with dependent children","Percentage",27.7,
2024,"EL","PC","DCH","B_60","MEAN_EI","Mean equivalised income","Below 60%","Household with dependent children","Percentage",26.9,
2025,"EL","PC","DCH","B_60","MEAN_EI","Mean equivalised income","Below 60%","Household with dependent children","Percentage",26.5,
2015,"EL","THS_PER","NDCH","B_60","MEAN_EI","Mean equivalised income","Below 60%","Household without dependent children","Thousand persons",1239,
2016,"EL","THS_PER","NDCH","B_60","MEAN_EI","Mean equivalised income","Below 60%","Household without dependent children","Thousand persons",1252,
2017,"EL","THS_PER","NDCH","B_60","MEAN_EI","Mean equivalised income","Below 60%","Household without dependent children","Thousand persons",1247,
2018,"EL","THS_PER","NDCH","B_60","MEAN_EI","Mean equivalised income","Below 60%","Household without dependent children","Thousand persons",1106,
2019,"EL","THS_PER","NDCH","B_60","MEAN_EI","Mean equivalised income","Below 60%","Household without dependent children","Thousand persons",1091,
2020,"EL","THS_PER","NDCH","B_60","MEAN_EI","Mean equivalised income","Below 60%","Household without dependent children","Thousand persons",1100,
2021,"EL","THS_PER","NDCH","B_60","MEAN_EI","Mean equivalised income","Below 60%","Household without dependent children","Thousand persons",1102,
2022,"EL","THS_PER","NDCH","B_60","MEAN_EI","Mean equivalised income","Below 60%","Household without dependent children","Thousand persons",1143,
2023,"EL","THS_PER","NDCH","B_60","MEAN_EI","Mean equivalised income","Below 60%","Household without dependent children","Thousand persons",1147,
2024,"EL","THS_PER","NDCH","B_60","MEAN_EI","Mean equivalised income","Below 60%","Household without dependent children","Thousand persons",1229,
2025,"EL","THS_PER","NDCH","B_60","MEAN_EI","Mean equivalised income","Below 60%","Household without dependent children","Thousand persons",1235,
1995,"EL","PC","NDCH","B_60","MEAN_EI","Mean equivalised income","Below 60%","Household without dependent children","Percentage",34,
1996,"EL","PC","NDCH","B_60","MEAN_EI","Mean equivalised income","Below 60%","Household without dependent children","Percentage",30,
1997,"EL","PC","NDCH","B_60","MEAN_EI","Mean equivalised income","Below 60%","Household without dependent children","Percentage",32,
1998,"EL","PC","NDCH","B_60","MEAN_EI","Mean equivalised income","Below 60%","Household without dependent children","Percentage",33,
1999,"EL","PC","NDCH","B_60","MEAN_EI","Mean equivalised income","Below 60%","Household without dependent children","Percentage",32,
2000,"EL","PC","NDCH","B_60","MEAN_EI","Mean equivalised income","Below 60%","Household without dependent children","Percentage",30,
2001,"EL","PC","NDCH","B_60","MEAN_EI","Mean equivalised income","Below 60%","Household without dependent children","Percentage",31,
2003,"EL","PC","NDCH","B_60","MEAN_EI","Mean equivalised income","Below 60%","Household without dependent children","Percentage",27.7,"b"
2004,"EL","PC","NDCH","B_60","MEAN_EI","Mean equivalised income","Below 60%","Household without dependent children","Percentage",26.2,
2005,"EL","PC","NDCH","B_60","MEAN_EI","Mean equivalised income","Below 60%","Household without dependent children","Percentage",25.6,
2006,"EL","PC","NDCH","B_60","MEAN_EI","Mean equivalised income","Below 60%","Household without dependent children","Percentage",26.9,
2007,"EL","PC","NDCH","B_60","MEAN_EI","Mean equivalised income","Below 60%","Household without dependent children","Percentage",26.4,
2008,"EL","PC","NDCH","B_60","MEAN_EI","Mean equivalised income","Below 60%","Household without dependent children","Percentage",25.3,
2009,"EL","PC","NDCH","B_60","MEAN_EI","Mean equivalised income","Below 60%","Household without dependent children","Percentage",22.9,
2010,"EL","PC","NDCH","B_60","MEAN_EI","Mean equivalised income","Below 60%","Household without dependent children","Percentage",24.6,
2011,"EL","PC","NDCH","B_60","MEAN_EI","Mean equivalised income","Below 60%","Household without dependent children","Percentage",26.3,
2012,"EL","PC","NDCH","B_60","MEAN_EI","Mean equivalised income","Below 60%","Household without dependent children","Percentage",23.6,
2013,"EL","PC","NDCH","B_60","MEAN_EI","Mean equivalised income","Below 60%","Household without dependent children","Percentage",22.2,
2014,"EL","PC","NDCH","B_60","MEAN_EI","Mean equivalised income","Below 60%","Household without dependent children","Percentage",24.2,
2015,"EL","PC","NDCH","B_60","MEAN_EI","Mean equivalised income","Below 60%","Household without dependent children","Percentage",22.1,
2016,"EL","PC","NDCH","B_60","MEAN_EI","Mean equivalised income","Below 60%","Household without dependent children","Percentage",22.3,
2017,"EL","PC","NDCH","B_60","MEAN_EI","Mean equivalised income","Below 60%","Household without dependent children","Percentage",22.2,
2018,"EL","PC","NDCH","B_60","MEAN_EI","Mean equivalised income","Below 60%","Household without dependent children","Percentage",20.1,
2019,"EL","PC","NDCH","B_60","MEAN_EI","Mean equivalised income","Below 60%","Household without dependent children","Percentage",19.8,
2020,"EL","PC","NDCH","B_60","MEAN_EI","Mean equivalised income","Below 60%","Household without dependent children","Percentage",19.9,
2021,"EL","PC","NDCH","B_60","MEAN_EI","Mean equivalised income","Below 60%","Household without dependent children","Percentage",20.6,
2022,"EL","PC","NDCH","B_60","MEAN_EI","Mean equivalised income","Below 60%","Household without dependent children","Percentage",21.1,
2023,"EL","PC","NDCH","B_60","MEAN_EI","Mean equivalised income","Below 60%","Household without dependent children","Percentage",21,
2024,"EL","PC","NDCH","B_60","MEAN_EI","Mean equivalised income","Below 60%","Household without dependent children","Percentage",22.6,
2025,"EL","PC","NDCH","B_60","MEAN_EI","Mean equivalised income","Below 60%","Household without dependent children","Percentage",22.7,
1995,"EL","PC","A1_LT64","B_60","MEAN_EI","Mean equivalised income","Below 60%","One adult younger than 64 years","Percentage",28,
1996,"EL","PC","A1_LT64","B_60","MEAN_EI","Mean equivalised income","Below 60%","One adult younger than 64 years","Percentage",23,
1997,"EL","PC","A1_LT64","B_60","MEAN_EI","Mean equivalised income","Below 60%","One adult younger than 64 years","Percentage",26,
1998,"EL","PC","A1_LT64","B_60","MEAN_EI","Mean equivalised income","Below 60%","One adult younger than 64 years","Percentage",30,
1999,"EL","PC","A1_LT64","B_60","MEAN_EI","Mean equivalised income","Below 60%","One adult younger than 64 years","Percentage",26,
2000,"EL","PC","A1_LT64","B_60","MEAN_EI","Mean equivalised income","Below 60%","One adult younger than 64 years","Percentage",25,
2001,"EL","PC","A1_LT64","B_60","MEAN_EI","Mean equivalised income","Below 60%","One adult younger than 64 years","Percentage",23,
2015,"EL","THS_PER","A1_LT65","B_60","MEAN_EI","Mean equivalised income","Below 60%","One adult younger than 65 years","Thousand persons",170,
2016,"EL","THS_PER","A1_LT65","B_60","MEAN_EI","Mean equivalised income","Below 60%","One adult younger than 65 years","Thousand persons",153,
2017,"EL","THS_PER","A1_LT65","B_60","MEAN_EI","Mean equivalised income","Below 60%","One adult younger than 65 years","Thousand persons",140,
2018,"EL","THS_PER","A1_LT65","B_60","MEAN_EI","Mean equivalised income","Below 60%","One adult younger than 65 years","Thousand persons",130,
2019,"EL","THS_PER","A1_LT65","B_60","MEAN_EI","Mean equivalised income","Below 60%","One adult younger than 65 years","Thousand persons",130,
2020,"EL","THS_PER","A1_LT65","B_60","MEAN_EI","Mean equivalised income","Below 60%","One adult younger than 65 years","Thousand persons",125,
2021,"EL","THS_PER","A1_LT65","B_60","MEAN_EI","Mean equivalised income","Below 60%","One adult younger than 65 years","Thousand persons",134,
2022,"EL","THS_PER","A1_LT65","B_60","MEAN_EI","Mean equivalised income","Below 60%","One adult younger than 65 years","Thousand persons",130,
2023,"EL","THS_PER","A1_LT65","B_60","MEAN_EI","Mean equivalised income","Below 60%","One adult younger than 65 years","Thousand persons",177,
2024,"EL","THS_PER","A1_LT65","B_60","MEAN_EI","Mean equivalised income","Below 60%","One adult younger than 65 years","Thousand persons",193,
2025,"EL","THS_PER","A1_LT65","B_60","MEAN_EI","Mean equivalised income","Below 60%","One adult younger than 65 years","Thousand persons",192,
2003,"EL","PC","A1_LT65","B_60","MEAN_EI","Mean equivalised income","Below 60%","One adult younger than 65 years","Percentage",24.5,"b"
2004,"EL","PC","A1_LT65","B_60","MEAN_EI","Mean equivalised income","Below 60%","One adult younger than 65 years","Percentage",26.3,
2005,"EL","PC","A1_LT65","B_60","MEAN_EI","Mean equivalised income","Below 60%","One adult younger than 65 years","Percentage",25.3,
2006,"EL","PC","A1_LT65","B_60","MEAN_EI","Mean equivalised income","Below 60%","One adult younger than 65 years","Percentage",22.7,
2007,"EL","PC","A1_LT65","B_60","MEAN_EI","Mean equivalised income","Below 60%","One adult younger than 65 years","Percentage",26.1,
2008,"EL","PC","A1_LT65","B_60","MEAN_EI","Mean equivalised income","Below 60%","One adult younger than 65 years","Percentage",27,
2009,"EL","PC","A1_LT65","B_60","MEAN_EI","Mean equivalised income","Below 60%","One adult younger than 65 years","Percentage",29.4,
2010,"EL","PC","A1_LT65","B_60","MEAN_EI","Mean equivalised income","Below 60%","One adult younger than 65 years","Percentage",31.6,
2011,"EL","PC","A1_LT65","B_60","MEAN_EI","Mean equivalised income","Below 60%","One adult younger than 65 years","Percentage",30,
2012,"EL","PC","A1_LT65","B_60","MEAN_EI","Mean equivalised income","Below 60%","One adult younger than 65 years","Percentage",27.8,
2013,"EL","PC","A1_LT65","B_60","MEAN_EI","Mean equivalised income","Below 60%","One adult younger than 65 years","Percentage",27.4,
2014,"EL","PC","A1_LT65","B_60","MEAN_EI","Mean equivalised income","Below 60%","One adult younger than 65 years","Percentage",28.3,
2015,"EL","PC","A1_LT65","B_60","MEAN_EI","Mean equivalised income","Below 60%","One adult younger than 65 years","Percentage",31.1,
2016,"EL","PC","A1_LT65","B_60","MEAN_EI","Mean equivalised income","Below 60%","One adult younger than 65 years","Percentage",28.9,
2017,"EL","PC","A1_LT65","B_60","MEAN_EI","Mean equivalised income","Below 60%","One adult younger than 65 years","Percentage",27.4,
2018,"EL","PC","A1_LT65","B_60","MEAN_EI","Mean equivalised income","Below 60%","One adult younger than 65 years","Percentage",25.9,
2019,"EL","PC","A1_LT65","B_60","MEAN_EI","Mean equivalised income","Below 60%","One adult younger than 65 years","Percentage",25.9,
2020,"EL","PC","A1_LT65","B_60","MEAN_EI","Mean equivalised income","Below 60%","One adult younger than 65 years","Percentage",25.3,
2021,"EL","PC","A1_LT65","B_60","MEAN_EI","Mean equivalised income","Below 60%","One adult younger than 65 years","Percentage",27,
2022,"EL","PC","A1_LT65","B_60","MEAN_EI","Mean equivalised income","Below 60%","One adult younger than 65 years","Percentage",26.8,
2023,"EL","PC","A1_LT65","B_60","MEAN_EI","Mean equivalised income","Below 60%","One adult younger than 65 years","Percentage",25.2,
2024,"EL","PC","A1_LT65","B_60","MEAN_EI","Mean equivalised income","Below 60%","One adult younger than 65 years","Percentage",27.4,
2025,"EL","PC","A1_LT65","B_60","MEAN_EI","Mean equivalised income","Below 60%","One adult younger than 65 years","Percentage",28.3,
2015,"EL","THS_PER","A1_GE65","B_60","MEAN_EI","Mean equivalised income","Below 60%","One adult 65 years or over","Thousand persons",137,
2016,"EL","THS_PER","A1_GE65","B_60","MEAN_EI","Mean equivalised income","Below 60%","One adult 65 years or over","Thousand persons",145,
2017,"EL","THS_PER","A1_GE65","B_60","MEAN_EI","Mean equivalised income","Below 60%","One adult 65 years or over","Thousand persons",153,
2018,"EL","THS_PER","A1_GE65","B_60","MEAN_EI","Mean equivalised income","Below 60%","One adult 65 years or over","Thousand persons",140,
2019,"EL","THS_PER","A1_GE65","B_60","MEAN_EI","Mean equivalised income","Below 60%","One adult 65 years or over","Thousand persons",142,
2020,"EL","THS_PER","A1_GE65","B_60","MEAN_EI","Mean equivalised income","Below 60%","One adult 65 years or over","Thousand persons",145,
2021,"EL","THS_PER","A1_GE65","B_60","MEAN_EI","Mean equivalised income","Below 60%","One adult 65 years or over","Thousand persons",167,
2022,"EL","THS_PER","A1_GE65","B_60","MEAN_EI","Mean equivalised income","Below 60%","One adult 65 years or over","Thousand persons",172,
2023,"EL","THS_PER","A1_GE65","B_60","MEAN_EI","Mean equivalised income","Below 60%","One adult 65 years or over","Thousand persons",231,
2024,"EL","THS_PER","A1_GE65","B_60","MEAN_EI","Mean equivalised income","Below 60%","One adult 65 years or over","Thousand persons",237,
2025,"EL","THS_PER","A1_GE65","B_60","MEAN_EI","Mean equivalised income","Below 60%","One adult 65 years or over","Thousand persons",259,
1995,"EL","PC","A1_GE65","B_60","MEAN_EI","Mean equivalised income","Below 60%","One adult 65 years or over","Percentage",54,
1996,"EL","PC","A1_GE65","B_60","MEAN_EI","Mean equivalised income","Below 60%","One adult 65 years or over","Percentage",47,
1997,"EL","PC","A1_GE65","B_60","MEAN_EI","Mean equivalised income","Below 60%","One adult 65 years or over","Percentage",46,
1998,"EL","PC","A1_GE65","B_60","MEAN_EI","Mean equivalised income","Below 60%","One adult 65 years or over","Percentage",54,
1999,"EL","PC","A1_GE65","B_60","MEAN_EI","Mean equivalised income","Below 60%","One adult 65 years or over","Percentage",48,
2000,"EL","PC","A1_GE65","B_60","MEAN_EI","Mean equivalised income","Below 60%","One adult 65 years or over","Percentage",44,
2001,"EL","PC","A1_GE65","B_60","MEAN_EI","Mean equivalised income","Below 60%","One adult 65 years or over","Percentage",47,
2003,"EL","PC","A1_GE65","B_60","MEAN_EI","Mean equivalised income","Below 60%","One adult 65 years or over","Percentage",47.4,"b"
2004,"EL","PC","A1_GE65","B_60","MEAN_EI","Mean equivalised income","Below 60%","One adult 65 years or over","Percentage",44.8,
2005,"EL","PC","A1_GE65","B_60","MEAN_EI","Mean equivalised income","Below 60%","One adult 65 years or over","Percentage",41.9,
2006,"EL","PC","A1_GE65","B_60","MEAN_EI","Mean equivalised income","Below 60%","One adult 65 years or over","Percentage",43,
2007,"EL","PC","A1_GE65","B_60","MEAN_EI","Mean equivalised income","Below 60%","One adult 65 years or over","Percentage",45.8,
2008,"EL","PC","A1_GE65","B_60","MEAN_EI","Mean equivalised income","Below 60%","One adult 65 years or over","Percentage",37.7,
2009,"EL","PC","A1_GE65","B_60","MEAN_EI","Mean equivalised income","Below 60%","One adult 65 years or over","Percentage",37.1,
2010,"EL","PC","A1_GE65","B_60","MEAN_EI","Mean equivalised income","Below 60%","One adult 65 years or over","Percentage",40.9,
2011,"EL","PC","A1_GE65","B_60","MEAN_EI","Mean equivalised income","Below 60%","One adult 65 years or over","Percentage",40.5,
2012,"EL","PC","A1_GE65","B_60","MEAN_EI","Mean equivalised income","Below 60%","One adult 65 years or over","Percentage",27,
2013,"EL","PC","A1_GE65","B_60","MEAN_EI","Mean equivalised income","Below 60%","One adult 65 years or over","Percentage",23.4,
2014,"EL","PC","A1_GE65","B_60","MEAN_EI","Mean equivalised income","Below 60%","One adult 65 years or over","Percentage",28,
2015,"EL","PC","A1_GE65","B_60","MEAN_EI","Mean equivalised income","Below 60%","One adult 65 years or over","Percentage",25.8,
2016,"EL","PC","A1_GE65","B_60","MEAN_EI","Mean equivalised income","Below 60%","One adult 65 years or over","Percentage",26.7,
2017,"EL","PC","A1_GE65","B_60","MEAN_EI","Mean equivalised income","Below 60%","One adult 65 years or over","Percentage",27.3,
2018,"EL","PC","A1_GE65","B_60","MEAN_EI","Mean equivalised income","Below 60%","One adult 65 years or over","Percentage",25.1,
2019,"EL","PC","A1_GE65","B_60","MEAN_EI","Mean equivalised income","Below 60%","One adult 65 years or over","Percentage",25.5,
2020,"EL","PC","A1_GE65","B_60","MEAN_EI","Mean equivalised income","Below 60%","One adult 65 years or over","Percentage",25.8,
2021,"EL","PC","A1_GE65","B_60","MEAN_EI","Mean equivalised income","Below 60%","One adult 65 years or over","Percentage",30,
2022,"EL","PC","A1_GE65","B_60","MEAN_EI","Mean equivalised income","Below 60%","One adult 65 years or over","Percentage",31,
2023,"EL","PC","A1_GE65","B_60","MEAN_EI","Mean equivalised income","Below 60%","One adult 65 years or over","Percentage",33.6,
2024,"EL","PC","A1_GE65","B_60","MEAN_EI","Mean equivalised income","Below 60%","One adult 65 years or over","Percentage",34.6,
2025,"EL","PC","A1_GE65","B_60","MEAN_EI","Mean equivalised income","Below 60%","One adult 65 years or over","Percentage",36.8,
2015,"EL","THS_PER","A2_2LT65","B_60","MEAN_EI","Mean equivalised income","Below 60%","Two adults younger than 65 years","Thousand persons",215,
2016,"EL","THS_PER","A2_2LT65","B_60","MEAN_EI","Mean equivalised income","Below 60%","Two adults younger than 65 years","Thousand persons",224,
2017,"EL","THS_PER","A2_2LT65","B_60","MEAN_EI","Mean equivalised income","Below 60%","Two adults younger than 65 years","Thousand persons",213,
2018,"EL","THS_PER","A2_2LT65","B_60","MEAN_EI","Mean equivalised income","Below 60%","Two adults younger than 65 years","Thousand persons",189,
2019,"EL","THS_PER","A2_2LT65","B_60","MEAN_EI","Mean equivalised income","Below 60%","Two adults younger than 65 years","Thousand persons",177,
2020,"EL","THS_PER","A2_2LT65","B_60","MEAN_EI","Mean equivalised income","Below 60%","Two adults younger than 65 years","Thousand persons",169,
2021,"EL","THS_PER","A2_2LT65","B_60","MEAN_EI","Mean equivalised income","Below 60%","Two adults younger than 65 years","Thousand persons",174,
2022,"EL","THS_PER","A2_2LT65","B_60","MEAN_EI","Mean equivalised income","Below 60%","Two adults younger than 65 years","Thousand persons",170,
2023,"EL","THS_PER","A2_2LT65","B_60","MEAN_EI","Mean equivalised income","Below 60%","Two adults younger than 65 years","Thousand persons",178,
2024,"EL","THS_PER","A2_2LT65","B_60","MEAN_EI","Mean equivalised income","Below 60%","Two adults younger than 65 years","Thousand persons",178,
2025,"EL","THS_PER","A2_2LT65","B_60","MEAN_EI","Mean equivalised income","Below 60%","Two adults younger than 65 years","Thousand persons",157,
1995,"EL","PC","A2_2LT65","B_60","MEAN_EI","Mean equivalised income","Below 60%","Two adults younger than 65 years","Percentage",25,
1996,"EL","PC","A2_2LT65","B_60","MEAN_EI","Mean equivalised income","Below 60%","Two adults younger than 65 years","Percentage",23,
1997,"EL","PC","A2_2LT65","B_60","MEAN_EI","Mean equivalised income","Below 60%","Two adults younger than 65 years","Percentage",25,
1998,"EL","PC","A2_2LT65","B_60","MEAN_EI","Mean equivalised income","Below 60%","Two adults younger than 65 years","Percentage",28,
1999,"EL","PC","A2_2LT65","B_60","MEAN_EI","Mean equivalised income","Below 60%","Two adults younger than 65 years","Percentage",22,
2000,"EL","PC","A2_2LT65","B_60","MEAN_EI","Mean equivalised income","Below 60%","Two adults younger than 65 years","Percentage",26,
2001,"EL","PC","A2_2LT65","B_60","MEAN_EI","Mean equivalised income","Below 60%","Two adults younger than 65 years","Percentage",24,
2003,"EL","PC","A2_2LT65","B_60","MEAN_EI","Mean equivalised income","Below 60%","Two adults younger than 65 years","Percentage",22.1,"b"
2004,"EL","PC","A2_2LT65","B_60","MEAN_EI","Mean equivalised income","Below 60%","Two adults younger than 65 years","Percentage",21.8,
2005,"EL","PC","A2_2LT65","B_60","MEAN_EI","Mean equivalised income","Below 60%","Two adults younger than 65 years","Percentage",22.2,
2006,"EL","PC","A2_2LT65","B_60","MEAN_EI","Mean equivalised income","Below 60%","Two adults younger than 65 years","Percentage",22.1,
2007,"EL","PC","A2_2LT65","B_60","MEAN_EI","Mean equivalised income","Below 60%","Two adults younger than 65 years","Percentage",21.8,
2008,"EL","PC","A2_2LT65","B_60","MEAN_EI","Mean equivalised income","Below 60%","Two adults younger than 65 years","Percentage",20.5,
2009,"EL","PC","A2_2LT65","B_60","MEAN_EI","Mean equivalised income","Below 60%","Two adults younger than 65 years","Percentage",21,
2010,"EL","PC","A2_2LT65","B_60","MEAN_EI","Mean equivalised income","Below 60%","Two adults younger than 65 years","Percentage",26.1,
2011,"EL","PC","A2_2LT65","B_60","MEAN_EI","Mean equivalised income","Below 60%","Two adults younger than 65 years","Percentage",21,
2012,"EL","PC","A2_2LT65","B_60","MEAN_EI","Mean equivalised income","Below 60%","Two adults younger than 65 years","Percentage",20.7,
2013,"EL","PC","A2_2LT65","B_60","MEAN_EI","Mean equivalised income","Below 60%","Two adults younger than 65 years","Percentage",19.6,
2014,"EL","PC","A2_2LT65","B_60","MEAN_EI","Mean equivalised income","Below 60%","Two adults younger than 65 years","Percentage",21.8,
2015,"EL","PC","A2_2LT65","B_60","MEAN_EI","Mean equivalised income","Below 60%","Two adults younger than 65 years","Percentage",21.1,
2016,"EL","PC","A2_2LT65","B_60","MEAN_EI","Mean equivalised income","Below 60%","Two adults younger than 65 years","Percentage",22.8,
2017,"EL","PC","A2_2LT65","B_60","MEAN_EI","Mean equivalised income","Below 60%","Two adults younger than 65 years","Percentage",22,
2018,"EL","PC","A2_2LT65","B_60","MEAN_EI","Mean equivalised income","Below 60%","Two adults younger than 65 years","Percentage",20,
2019,"EL","PC","A2_2LT65","B_60","MEAN_EI","Mean equivalised income","Below 60%","Two adults younger than 65 years","Percentage",19,
2020,"EL","PC","A2_2LT65","B_60","MEAN_EI","Mean equivalised income","Below 60%","Two adults younger than 65 years","Percentage",18.2,
2021,"EL","PC","A2_2LT65","B_60","MEAN_EI","Mean equivalised income","Below 60%","Two adults younger than 65 years","Percentage",19.7,
2022,"EL","PC","A2_2LT65","B_60","MEAN_EI","Mean equivalised income","Below 60%","Two adults younger than 65 years","Percentage",19.1,
2023,"EL","PC","A2_2LT65","B_60","MEAN_EI","Mean equivalised income","Below 60%","Two adults younger than 65 years","Percentage",18.9,
2024,"EL","PC","A2_2LT65","B_60","MEAN_EI","Mean equivalised income","Below 60%","Two adults younger than 65 years","Percentage",19.3,
2025,"EL","PC","A2_2LT65","B_60","MEAN_EI","Mean equivalised income","Below 60%","Two adults younger than 65 years","Percentage",17.2,
2015,"EL","THS_PER","A2_GE1_GE65","B_60","MEAN_EI","Mean equivalised income","Below 60%","Two adults, at least one aged 65 years or over","Thousand persons",214,
2016,"EL","THS_PER","A2_GE1_GE65","B_60","MEAN_EI","Mean equivalised income","Below 60%","Two adults, at least one aged 65 years or over","Thousand persons",193,
2017,"EL","THS_PER","A2_GE1_GE65","B_60","MEAN_EI","Mean equivalised income","Below 60%","Two adults, at least one aged 65 years or over","Thousand persons",213,
2018,"EL","THS_PER","A2_GE1_GE65","B_60","MEAN_EI","Mean equivalised income","Below 60%","Two adults, at least one aged 65 years or over","Thousand persons",216,
2019,"EL","THS_PER","A2_GE1_GE65","B_60","MEAN_EI","Mean equivalised income","Below 60%","Two adults, at least one aged 65 years or over","Thousand persons",233,
2020,"EL","THS_PER","A2_GE1_GE65","B_60","MEAN_EI","Mean equivalised income","Below 60%","Two adults, at least one aged 65 years or over","Thousand persons",221,
2021,"EL","THS_PER","A2_GE1_GE65","B_60","MEAN_EI","Mean equivalised income","Below 60%","Two adults, at least one aged 65 years or over","Thousand persons",270,
2022,"EL","THS_PER","A2_GE1_GE65","B_60","MEAN_EI","Mean equivalised income","Below 60%","Two adults, at least one aged 65 years or over","Thousand persons",295,
2023,"EL","THS_PER","A2_GE1_GE65","B_60","MEAN_EI","Mean equivalised income","Below 60%","Two adults, at least one aged 65 years or over","Thousand persons",282,
2024,"EL","THS_PER","A2_GE1_GE65","B_60","MEAN_EI","Mean equivalised income","Below 60%","Two adults, at least one aged 65 years or over","Thousand persons",328,
2025,"EL","THS_PER","A2_GE1_GE65","B_60","MEAN_EI","Mean equivalised income","Below 60%","Two adults, at least one aged 65 years or over","Thousand persons",380,
1995,"EL","PC","A2_GE1_GE65","B_60","MEAN_EI","Mean equivalised income","Below 60%","Two adults, at least one aged 65 years or over","Percentage",49,
1996,"EL","PC","A2_GE1_GE65","B_60","MEAN_EI","Mean equivalised income","Below 60%","Two adults, at least one aged 65 years or over","Percentage",44,
1997,"EL","PC","A2_GE1_GE65","B_60","MEAN_EI","Mean equivalised income","Below 60%","Two adults, at least one aged 65 years or over","Percentage",45,
1998,"EL","PC","A2_GE1_GE65","B_60","MEAN_EI","Mean equivalised income","Below 60%","Two adults, at least one aged 65 years or over","Percentage",47,
1999,"EL","PC","A2_GE1_GE65","B_60","MEAN_EI","Mean equivalised income","Below 60%","Two adults, at least one aged 65 years or over","Percentage",48,
2000,"EL","PC","A2_GE1_GE65","B_60","MEAN_EI","Mean equivalised income","Below 60%","Two adults, at least one aged 65 years or over","Percentage",43,
2001,"EL","PC","A2_GE1_GE65","B_60","MEAN_EI","Mean equivalised income","Below 60%","Two adults, at least one aged 65 years or over","Percentage",47,
2003,"EL","PC","A2_GE1_GE65","B_60","MEAN_EI","Mean equivalised income","Below 60%","Two adults, at least one aged 65 years or over","Percentage",40.2,"b"
2004,"EL","PC","A2_GE1_GE65","B_60","MEAN_EI","Mean equivalised income","Below 60%","Two adults, at least one aged 65 years or over","Percentage",37.4,
2005,"EL","PC","A2_GE1_GE65","B_60","MEAN_EI","Mean equivalised income","Below 60%","Two adults, at least one aged 65 years or over","Percentage",37.3,
2006,"EL","PC","A2_GE1_GE65","B_60","MEAN_EI","Mean equivalised income","Below 60%","Two adults, at least one aged 65 years or over","Percentage",35.5,
2007,"EL","PC","A2_GE1_GE65","B_60","MEAN_EI","Mean equivalised income","Below 60%","Two adults, at least one aged 65 years or over","Percentage",33,
2008,"EL","PC","A2_GE1_GE65","B_60","MEAN_EI","Mean equivalised income","Below 60%","Two adults, at least one aged 65 years or over","Percentage",30.5,
2009,"EL","PC","A2_GE1_GE65","B_60","MEAN_EI","Mean equivalised income","Below 60%","Two adults, at least one aged 65 years or over","Percentage",30.4,
2010,"EL","PC","A2_GE1_GE65","B_60","MEAN_EI","Mean equivalised income","Below 60%","Two adults, at least one aged 65 years or over","Percentage",30.1,
2011,"EL","PC","A2_GE1_GE65","B_60","MEAN_EI","Mean equivalised income","Below 60%","Two adults, at least one aged 65 years or over","Percentage",32.8,
2012,"EL","PC","A2_GE1_GE65","B_60","MEAN_EI","Mean equivalised income","Below 60%","Two adults, at least one aged 65 years or over","Percentage",21,
2013,"EL","PC","A2_GE1_GE65","B_60","MEAN_EI","Mean equivalised income","Below 60%","Two adults, at least one aged 65 years or over","Percentage",14.4,
2014,"EL","PC","A2_GE1_GE65","B_60","MEAN_EI","Mean equivalised income","Below 60%","Two adults, at least one aged 65 years or over","Percentage",17.6,
2015,"EL","PC","A2_GE1_GE65","B_60","MEAN_EI","Mean equivalised income","Below 60%","Two adults, at least one aged 65 years or over","Percentage",15.7,
2016,"EL","PC","A2_GE1_GE65","B_60","MEAN_EI","Mean equivalised income","Below 60%","Two adults, at least one aged 65 years or over","Percentage",13.8,
2017,"EL","PC","A2_GE1_GE65","B_60","MEAN_EI","Mean equivalised income","Below 60%","Two adults, at least one aged 65 years or over","Percentage",15.2,
2018,"EL","PC","A2_GE1_GE65","B_60","MEAN_EI","Mean equivalised income","Below 60%","Two adults, at least one aged 65 years or over","Percentage",15.4,
2019,"EL","PC","A2_GE1_GE65","B_60","MEAN_EI","Mean equivalised income","Below 60%","Two adults, at least one aged 65 years or over","Percentage",16.3,
2020,"EL","PC","A2_GE1_GE65","B_60","MEAN_EI","Mean equivalised income","Below 60%","Two adults, at least one aged 65 years or over","Percentage",15.5,
2021,"EL","PC","A2_GE1_GE65","B_60","MEAN_EI","Mean equivalised income","Below 60%","Two adults, at least one aged 65 years or over","Percentage",18.5,
2022,"EL","PC","A2_GE1_GE65","B_60","MEAN_EI","Mean equivalised income","Below 60%","Two adults, at least one aged 65 years or over","Percentage",20.8,
2023,"EL","PC","A2_GE1_GE65","B_60","MEAN_EI","Mean equivalised income","Below 60%","Two adults, at least one aged 65 years or over","Percentage",20.1,
2024,"EL","PC","A2_GE1_GE65","B_60","MEAN_EI","Mean equivalised income","Below 60%","Two adults, at least one aged 65 years or over","Percentage",22.8,
2025,"EL","PC","A2_GE1_GE65","B_60","MEAN_EI","Mean equivalised income","Below 60%","Two adults, at least one aged 65 years or over","Percentage",26.1,
1995,"EL","PC","TOTAL","A_40","MED_EI","Median equivalised income","Above 40%","Total","Percentage",10,
1996,"EL","PC","TOTAL","A_40","MED_EI","Median equivalised income","Above 40%","Total","Percentage",10,
1997,"EL","PC","TOTAL","A_40","MED_EI","Median equivalised income","Above 40%","Total","Percentage",10,
1998,"EL","PC","TOTAL","A_40","MED_EI","Median equivalised income","Above 40%","Total","Percentage",9,
1999,"EL","PC","TOTAL","A_40","MED_EI","Median equivalised income","Above 40%","Total","Percentage",9,
2000,"EL","PC","TOTAL","A_40","MED_EI","Median equivalised income","Above 40%","Total","Percentage",9,
2001,"EL","PC","TOTAL","A_40","MED_EI","Median equivalised income","Above 40%","Total","Percentage",8,
1995,"EL","PC","M1","A_40","MED_EI","Median equivalised income","Above 40%","One single male","Percentage",17,
1996,"EL","PC","M1","A_40","MED_EI","Median equivalised income","Above 40%","One single male","Percentage",15,
1997,"EL","PC","M1","A_40","MED_EI","Median equivalised income","Above 40%","One single male","Percentage",13,
1998,"EL","PC","M1","A_40","MED_EI","Median equivalised income","Above 40%","One single male","Percentage",15,
1999,"EL","PC","M1","A_40","MED_EI","Median equivalised income","Above 40%","One single male","Percentage",14,
2000,"EL","PC","M1","A_40","MED_EI","Median equivalised income","Above 40%","One single male","Percentage",15,
2001,"EL","PC","M1","A_40","MED_EI","Median equivalised income","Above 40%","One single male","Percentage",12,
1995,"EL","PC","F1","A_40","MED_EI","Median equivalised income","Above 40%","One single female","Percentage",24,
1996,"EL","PC","F1","A_40","MED_EI","Median equivalised income","Above 40%","One single female","Percentage",22,
1997,"EL","PC","F1","A_40","MED_EI","Median equivalised income","Above 40%","One single female","Percentage",23,
1998,"EL","PC","F1","A_40","MED_EI","Median equivalised income","Above 40%","One single female","Percentage",27,
1999,"EL","PC","F1","A_40","MED_EI","Median equivalised income","Above 40%","One single female","Percentage",24,
2000,"EL","PC","F1","A_40","MED_EI","Median equivalised income","Above 40%","One single female","Percentage",22,
2001,"EL","PC","F1","A_40","MED_EI","Median equivalised income","Above 40%","One single female","Percentage",23,
1995,"EL","PC","A1","A_40","MED_EI","Median equivalised income","Above 40%","One adult","Percentage",22,
1996,"EL","PC","A1","A_40","MED_EI","Median equivalised income","Above 40%","One adult","Percentage",19,
1997,"EL","PC","A1","A_40","MED_EI","Median equivalised income","Above 40%","One adult","Percentage",20,
1998,"EL","PC","A1","A_40","MED_EI","Median equivalised income","Above 40%","One adult","Percentage",23,
1999,"EL","PC","A1","A_40","MED_EI","Median equivalised income","Above 40%","One adult","Percentage",21,
2000,"EL","PC","A1","A_40","MED_EI","Median equivalised income","Above 40%","One adult","Percentage",20,
2001,"EL","PC","A1","A_40","MED_EI","Median equivalised income","Above 40%","One adult","Percentage",20,
1995,"EL","PC","A1_DCH","A_40","MED_EI","Median equivalised income","Above 40%","One adult with dependent children","Percentage",15,
1996,"EL","PC","A1_DCH","A_40","MED_EI","Median equivalised income","Above 40%","One adult with dependent children","Percentage",15,
1997,"EL","PC","A1_DCH","A_40","MED_EI","Median equivalised income","Above 40%","One adult with dependent children","Percentage",15,
1998,"EL","PC","A1_DCH","A_40","MED_EI","Median equivalised income","Above 40%","One adult with dependent children","Percentage",9,
1999,"EL","PC","A1_DCH","A_40","MED_EI","Median equivalised income","Above 40%","One adult with dependent children","Percentage",16,"u"
2000,"EL","PC","A1_DCH","A_40","MED_EI","Median equivalised income","Above 40%","One adult with dependent children","Percentage",13,"u"
2001,"EL","PC","A1_DCH","A_40","MED_EI","Median equivalised income","Above 40%","One adult with dependent children","Percentage",18,
1995,"EL","PC","A2_DCH1","A_40","MED_EI","Median equivalised income","Above 40%","Two adults with one dependent child","Percentage",4,
1996,"EL","PC","A2_DCH1","A_40","MED_EI","Median equivalised income","Above 40%","Two adults with one dependent child","Percentage",4,
1997,"EL","PC","A2_DCH1","A_40","MED_EI","Median equivalised income","Above 40%","Two adults with one dependent child","Percentage",5,
1998,"EL","PC","A2_DCH1","A_40","MED_EI","Median equivalised income","Above 40%","Two adults with one dependent child","Percentage",4,
1999,"EL","PC","A2_DCH1","A_40","MED_EI","Median equivalised income","Above 40%","Two adults with one dependent child","Percentage",5,
2000,"EL","PC","A2_DCH1","A_40","MED_EI","Median equivalised income","Above 40%","Two adults with one dependent child","Percentage",4,
2001,"EL","PC","A2_DCH1","A_40","MED_EI","Median equivalised income","Above 40%","Two adults with one dependent child","Percentage",4,
1995,"EL","PC","A2_DCH2","A_40","MED_EI","Median equivalised income","Above 40%","Two adults with two dependent children","Percentage",7,
1996,"EL","PC","A2_DCH2","A_40","MED_EI","Median equivalised income","Above 40%","Two adults with two dependent children","Percentage",7,
1997,"EL","PC","A2_DCH2","A_40","MED_EI","Median equivalised income","Above 40%","Two adults with two dependent children","Percentage",6,
1998,"EL","PC","A2_DCH2","A_40","MED_EI","Median equivalised income","Above 40%","Two adults with two dependent children","Percentage",5,
1999,"EL","PC","A2_DCH2","A_40","MED_EI","Median equivalised income","Above 40%","Two adults with two dependent children","Percentage",6,
2000,"EL","PC","A2_DCH2","A_40","MED_EI","Median equivalised income","Above 40%","Two adults with two dependent children","Percentage",7,
2001,"EL","PC","A2_DCH2","A_40","MED_EI","Median equivalised income","Above 40%","Two adults with two dependent children","Percentage",4,
1995,"EL","PC","A2_DCH_GE3","A_40","MED_EI","Median equivalised income","Above 40%","Two adults with three or more dependent children","Percentage",6,
1996,"EL","PC","A2_DCH_GE3","A_40","MED_EI","Median equivalised income","Above 40%","Two adults with three or more dependent children","Percentage",8,
1997,"EL","PC","A2_DCH_GE3","A_40","MED_EI","Median equivalised income","Above 40%","Two adults with three or more dependent children","Percentage",9,
1998,"EL","PC","A2_DCH_GE3","A_40","MED_EI","Median equivalised income","Above 40%","Two adults with three or more dependent children","Percentage",10,
1999,"EL","PC","A2_DCH_GE3","A_40","MED_EI","Median equivalised income","Above 40%","Two adults with three or more dependent children","Percentage",5,
2000,"EL","PC","A2_DCH_GE3","A_40","MED_EI","Median equivalised income","Above 40%","Two adults with three or more dependent children","Percentage",12,
2001,"EL","PC","A2_DCH_GE3","A_40","MED_EI","Median equivalised income","Above 40%","Two adults with three or more dependent children","Percentage",10,
1995,"EL","PC","A_GE3","A_40","MED_EI","Median equivalised income","Above 40%","Three or more adults","Percentage",8,
1996,"EL","PC","A_GE3","A_40","MED_EI","Median equivalised income","Above 40%","Three or more adults","Percentage",7,
1997,"EL","PC","A_GE3","A_40","MED_EI","Median equivalised income","Above 40%","Three or more adults","Percentage",8,
1998,"EL","PC","A_GE3","A_40","MED_EI","Median equivalised income","Above 40%","Three or more adults","Percentage",7,
1999,"EL","PC","A_GE3","A_40","MED_EI","Median equivalised income","Above 40%","Three or more adults","Percentage",6,
2000,"EL","PC","A_GE3","A_40","MED_EI","Median equivalised income","Above 40%","Three or more adults","Percentage",7,
2001,"EL","PC","A_GE3","A_40","MED_EI","Median equivalised income","Above 40%","Three or more adults","Percentage",7,
1995,"EL","PC","A_GE3_DCH","A_40","MED_EI","Median equivalised income","Above 40%","Three or more adults with dependent children","Percentage",11,
1996,"EL","PC","A_GE3_DCH","A_40","MED_EI","Median equivalised income","Above 40%","Three or more adults with dependent children","Percentage",11,
1997,"EL","PC","A_GE3_DCH","A_40","MED_EI","Median equivalised income","Above 40%","Three or more adults with dependent children","Percentage",13,
1998,"EL","PC","A_GE3_DCH","A_40","MED_EI","Median equivalised income","Above 40%","Three or more adults with dependent children","Percentage",10,
1999,"EL","PC","A_GE3_DCH","A_40","MED_EI","Median equivalised income","Above 40%","Three or more adults with dependent children","Percentage",10,
2000,"EL","PC","A_GE3_DCH","A_40","MED_EI","Median equivalised income","Above 40%","Three or more adults with dependent children","Percentage",10,
2001,"EL","PC","A_GE3_DCH","A_40","MED_EI","Median equivalised income","Above 40%","Three or more adults with dependent children","Percentage",9,
1995,"EL","PC","DCH","A_40","MED_EI","Median equivalised income","Above 40%","Household with dependent children","Percentage",8,
1996,"EL","PC","DCH","A_40","MED_EI","Median equivalised income","Above 40%","Household with dependent children","Percentage",8,
1997,"EL","PC","DCH","A_40","MED_EI","Median equivalised income","Above 40%","Household with dependent children","Percentage",8,
1998,"EL","PC","DCH","A_40","MED_EI","Median equivalised income","Above 40%","Household with dependent children","Percentage",7,
1999,"EL","PC","DCH","A_40","MED_EI","Median equivalised income","Above 40%","Household with dependent children","Percentage",7,
2000,"EL","PC","DCH","A_40","MED_EI","Median equivalised income","Above 40%","Household with dependent children","Percentage",8,
2001,"EL","PC","DCH","A_40","MED_EI","Median equivalised income","Above 40%","Household with dependent children","Percentage",7,
1995,"EL","PC","NDCH","A_40","MED_EI","Median equivalised income","Above 40%","Household without dependent children","Percentage",13,
1996,"EL","PC","NDCH","A_40","MED_EI","Median equivalised income","Above 40%","Household without dependent children","Percentage",11,
1997,"EL","PC","NDCH","A_40","MED_EI","Median equivalised income","Above 40%","Household without dependent children","Percentage",13,
1998,"EL","PC","NDCH","A_40","MED_EI","Median equivalised income","Above 40%","Household without dependent children","Percentage",12,
1999,"EL","PC","NDCH","A_40","MED_EI","Median equivalised income","Above 40%","Household without dependent children","Percentage",11,
2000,"EL","PC","NDCH","A_40","MED_EI","Median equivalised income","Above 40%","Household without dependent children","Percentage",10,
2001,"EL","PC","NDCH","A_40","MED_EI","Median equivalised income","Above 40%","Household without dependent children","Percentage",11,
1995,"EL","PC","A1_LT64","A_40","MED_EI","Median equivalised income","Above 40%","One adult younger than 64 years","Percentage",13,
1996,"EL","PC","A1_LT64","A_40","MED_EI","Median equivalised income","Above 40%","One adult younger than 64 years","Percentage",11,
1997,"EL","PC","A1_LT64","A_40","MED_EI","Median equivalised income","Above 40%","One adult younger than 64 years","Percentage",13,
1998,"EL","PC","A1_LT64","A_40","MED_EI","Median equivalised income","Above 40%","One adult younger than 64 years","Percentage",15,
1999,"EL","PC","A1_LT64","A_40","MED_EI","Median equivalised income","Above 40%","One adult younger than 64 years","Percentage",14,
2000,"EL","PC","A1_LT64","A_40","MED_EI","Median equivalised income","Above 40%","One adult younger than 64 years","Percentage",14,
2001,"EL","PC","A1_LT64","A_40","MED_EI","Median equivalised income","Above 40%","One adult younger than 64 years","Percentage",13,
1995,"EL","PC","A1_GE65","A_40","MED_EI","Median equivalised income","Above 40%","One adult 65 years or over","Percentage",29,
1996,"EL","PC","A1_GE65","A_40","MED_EI","Median equivalised income","Above 40%","One adult 65 years or over","Percentage",25,
1997,"EL","PC","A1_GE65","A_40","MED_EI","Median equivalised income","Above 40%","One adult 65 years or over","Percentage",24,
1998,"EL","PC","A1_GE65","A_40","MED_EI","Median equivalised income","Above 40%","One adult 65 years or over","Percentage",28,
1999,"EL","PC","A1_GE65","A_40","MED_EI","Median equivalised income","Above 40%","One adult 65 years or over","Percentage",24,
2000,"EL","PC","A1_GE65","A_40","MED_EI","Median equivalised income","Above 40%","One adult 65 years or over","Percentage",23,
2001,"EL","PC","A1_GE65","A_40","MED_EI","Median equivalised income","Above 40%","One adult 65 years or over","Percentage",23,
1995,"EL","PC","A2_2LT65","A_40","MED_EI","Median equivalised income","Above 40%","Two adults younger than 65 years","Percentage",9,
1996,"EL","PC","A2_2LT65","A_40","MED_EI","Median equivalised income","Above 40%","Two adults younger than 65 years","Percentage",6,
1997,"EL","PC","A2_2LT65","A_40","MED_EI","Median equivalised income","Above 40%","Two adults younger than 65 years","Percentage",9,
1998,"EL","PC","A2_2LT65","A_40","MED_EI","Median equivalised income","Above 40%","Two adults younger than 65 years","Percentage",7,
1999,"EL","PC","A2_2LT65","A_40","MED_EI","Median equivalised income","Above 40%","Two adults younger than 65 years","Percentage",6,
2000,"EL","PC","A2_2LT65","A_40","MED_EI","Median equivalised income","Above 40%","Two adults younger than 65 years","Percentage",8,
2001,"EL","PC","A2_2LT65","A_40","MED_EI","Median equivalised income","Above 40%","Two adults younger than 65 years","Percentage",6,
1995,"EL","PC","A2_GE1_GE65","A_40","MED_EI","Median equivalised income","Above 40%","Two adults, at least one aged 65 years or over","Percentage",20,
1996,"EL","PC","A2_GE1_GE65","A_40","MED_EI","Median equivalised income","Above 40%","Two adults, at least one aged 65 years or over","Percentage",17,
1997,"EL","PC","A2_GE1_GE65","A_40","MED_EI","Median equivalised income","Above 40%","Two adults, at least one aged 65 years or over","Percentage",18,
1998,"EL","PC","A2_GE1_GE65","A_40","MED_EI","Median equivalised income","Above 40%","Two adults, at least one aged 65 years or over","Percentage",19,
1999,"EL","PC","A2_GE1_GE65","A_40","MED_EI","Median equivalised income","Above 40%","Two adults, at least one aged 65 years or over","Percentage",17,
2000,"EL","PC","A2_GE1_GE65","A_40","MED_EI","Median equivalised income","Above 40%","Two adults, at least one aged 65 years or over","Percentage",13,
2001,"EL","PC","A2_GE1_GE65","A_40","MED_EI","Median equivalised income","Above 40%","Two adults, at least one aged 65 years or over","Percentage",14,
1995,"EL","PC","TOTAL","A_50","MED_EI","Median equivalised income","Above 50%","Total","Percentage",16,
1996,"EL","PC","TOTAL","A_50","MED_EI","Median equivalised income","Above 50%","Total","Percentage",14,
1997,"EL","PC","TOTAL","A_50","MED_EI","Median equivalised income","Above 50%","Total","Percentage",15,
1998,"EL","PC","TOTAL","A_50","MED_EI","Median equivalised income","Above 50%","Total","Percentage",15,
1999,"EL","PC","TOTAL","A_50","MED_EI","Median equivalised income","Above 50%","Total","Percentage",14,
2000,"EL","PC","TOTAL","A_50","MED_EI","Median equivalised income","Above 50%","Total","Percentage",14,
2001,"EL","PC","TOTAL","A_50","MED_EI","Median equivalised income","Above 50%","Total","Percentage",14,
1995,"EL","PC","M1","A_50","MED_EI","Median equivalised income","Above 50%","One single male","Percentage",19,
1996,"EL","PC","M1","A_50","MED_EI","Median equivalised income","Above 50%","One single male","Percentage",15,
1997,"EL","PC","M1","A_50","MED_EI","Median equivalised income","Above 50%","One single male","Percentage",14,
1998,"EL","PC","M1","A_50","MED_EI","Median equivalised income","Above 50%","One single male","Percentage",18,
1999,"EL","PC","M1","A_50","MED_EI","Median equivalised income","Above 50%","One single male","Percentage",16,
2000,"EL","PC","M1","A_50","MED_EI","Median equivalised income","Above 50%","One single male","Percentage",19,
2001,"EL","PC","M1","A_50","MED_EI","Median equivalised income","Above 50%","One single male","Percentage",15,
1995,"EL","PC","F1","A_50","MED_EI","Median equivalised income","Above 50%","One single female","Percentage",30,
1996,"EL","PC","F1","A_50","MED_EI","Median equivalised income","Above 50%","One single female","Percentage",26,
1997,"EL","PC","F1","A_50","MED_EI","Median equivalised income","Above 50%","One single female","Percentage",27,
1998,"EL","PC","F1","A_50","MED_EI","Median equivalised income","Above 50%","One single female","Percentage",33,
1999,"EL","PC","F1","A_50","MED_EI","Median equivalised income","Above 50%","One single female","Percentage",29,
2000,"EL","PC","F1","A_50","MED_EI","Median equivalised income","Above 50%","One single female","Percentage",27,
2001,"EL","PC","F1","A_50","MED_EI","Median equivalised income","Above 50%","One single female","Percentage",31,
1995,"EL","PC","A1","A_50","MED_EI","Median equivalised income","Above 50%","One adult","Percentage",27,
1996,"EL","PC","A1","A_50","MED_EI","Median equivalised income","Above 50%","One adult","Percentage",23,
1997,"EL","PC","A1","A_50","MED_EI","Median equivalised income","Above 50%","One adult","Percentage",23,
1998,"EL","PC","A1","A_50","MED_EI","Median equivalised income","Above 50%","One adult","Percentage",28,
1999,"EL","PC","A1","A_50","MED_EI","Median equivalised income","Above 50%","One adult","Percentage",25,
2000,"EL","PC","A1","A_50","MED_EI","Median equivalised income","Above 50%","One adult","Percentage",24,
2001,"EL","PC","A1","A_50","MED_EI","Median equivalised income","Above 50%","One adult","Percentage",26,
1995,"EL","PC","A1_DCH","A_50","MED_EI","Median equivalised income","Above 50%","One adult with dependent children","Percentage",25,
1996,"EL","PC","A1_DCH","A_50","MED_EI","Median equivalised income","Above 50%","One adult with dependent children","Percentage",23,
1997,"EL","PC","A1_DCH","A_50","MED_EI","Median equivalised income","Above 50%","One adult with dependent children","Percentage",20,
1998,"EL","PC","A1_DCH","A_50","MED_EI","Median equivalised income","Above 50%","One adult with dependent children","Percentage",13,
1999,"EL","PC","A1_DCH","A_50","MED_EI","Median equivalised income","Above 50%","One adult with dependent children","Percentage",19,"u"
2000,"EL","PC","A1_DCH","A_50","MED_EI","Median equivalised income","Above 50%","One adult with dependent children","Percentage",18,"u"
2001,"EL","PC","A1_DCH","A_50","MED_EI","Median equivalised income","Above 50%","One adult with dependent children","Percentage",27,
1995,"EL","PC","A2_DCH1","A_50","MED_EI","Median equivalised income","Above 50%","Two adults with one dependent child","Percentage",7,
1996,"EL","PC","A2_DCH1","A_50","MED_EI","Median equivalised income","Above 50%","Two adults with one dependent child","Percentage",7,
1997,"EL","PC","A2_DCH1","A_50","MED_EI","Median equivalised income","Above 50%","Two adults with one dependent child","Percentage",8,
1998,"EL","PC","A2_DCH1","A_50","MED_EI","Median equivalised income","Above 50%","Two adults with one dependent child","Percentage",7,
1999,"EL","PC","A2_DCH1","A_50","MED_EI","Median equivalised income","Above 50%","Two adults with one dependent child","Percentage",7,
2000,"EL","PC","A2_DCH1","A_50","MED_EI","Median equivalised income","Above 50%","Two adults with one dependent child","Percentage",6,
2001,"EL","PC","A2_DCH1","A_50","MED_EI","Median equivalised income","Above 50%","Two adults with one dependent child","Percentage",5,
1995,"EL","PC","A2_DCH2","A_50","MED_EI","Median equivalised income","Above 50%","Two adults with two dependent children","Percentage",12,
1996,"EL","PC","A2_DCH2","A_50","MED_EI","Median equivalised income","Above 50%","Two adults with two dependent children","Percentage",11,
1997,"EL","PC","A2_DCH2","A_50","MED_EI","Median equivalised income","Above 50%","Two adults with two dependent children","Percentage",10,
1998,"EL","PC","A2_DCH2","A_50","MED_EI","Median equivalised income","Above 50%","Two adults with two dependent children","Percentage",8,
1999,"EL","PC","A2_DCH2","A_50","MED_EI","Median equivalised income","Above 50%","Two adults with two dependent children","Percentage",9,
2000,"EL","PC","A2_DCH2","A_50","MED_EI","Median equivalised income","Above 50%","Two adults with two dependent children","Percentage",9,
2001,"EL","PC","A2_DCH2","A_50","MED_EI","Median equivalised income","Above 50%","Two adults with two dependent children","Percentage",9,
1995,"EL","PC","A2_DCH_GE3","A_50","MED_EI","Median equivalised income","Above 50%","Two adults with three or more dependent children","Percentage",9,
1996,"EL","PC","A2_DCH_GE3","A_50","MED_EI","Median equivalised income","Above 50%","Two adults with three or more dependent children","Percentage",15,
1997,"EL","PC","A2_DCH_GE3","A_50","MED_EI","Median equivalised income","Above 50%","Two adults with three or more dependent children","Percentage",15,
1998,"EL","PC","A2_DCH_GE3","A_50","MED_EI","Median equivalised income","Above 50%","Two adults with three or more dependent children","Percentage",18,
1999,"EL","PC","A2_DCH_GE3","A_50","MED_EI","Median equivalised income","Above 50%","Two adults with three or more dependent children","Percentage",13,
2000,"EL","PC","A2_DCH_GE3","A_50","MED_EI","Median equivalised income","Above 50%","Two adults with three or more dependent children","Percentage",16,
2001,"EL","PC","A2_DCH_GE3","A_50","MED_EI","Median equivalised income","Above 50%","Two adults with three or more dependent children","Percentage",19,
1995,"EL","PC","A_GE3","A_50","MED_EI","Median equivalised income","Above 50%","Three or more adults","Percentage",13,
1996,"EL","PC","A_GE3","A_50","MED_EI","Median equivalised income","Above 50%","Three or more adults","Percentage",12,
1997,"EL","PC","A_GE3","A_50","MED_EI","Median equivalised income","Above 50%","Three or more adults","Percentage",13,
1998,"EL","PC","A_GE3","A_50","MED_EI","Median equivalised income","Above 50%","Three or more adults","Percentage",13,
1999,"EL","PC","A_GE3","A_50","MED_EI","Median equivalised income","Above 50%","Three or more adults","Percentage",12,
2000,"EL","PC","A_GE3","A_50","MED_EI","Median equivalised income","Above 50%","Three or more adults","Percentage",13,
2001,"EL","PC","A_GE3","A_50","MED_EI","Median equivalised income","Above 50%","Three or more adults","Percentage",12,
1995,"EL","PC","A_GE3_DCH","A_50","MED_EI","Median equivalised income","Above 50%","Three or more adults with dependent children","Percentage",19,
1996,"EL","PC","A_GE3_DCH","A_50","MED_EI","Median equivalised income","Above 50%","Three or more adults with dependent children","Percentage",18,
1997,"EL","PC","A_GE3_DCH","A_50","MED_EI","Median equivalised income","Above 50%","Three or more adults with dependent children","Percentage",20,
1998,"EL","PC","A_GE3_DCH","A_50","MED_EI","Median equivalised income","Above 50%","Three or more adults with dependent children","Percentage",18,
1999,"EL","PC","A_GE3_DCH","A_50","MED_EI","Median equivalised income","Above 50%","Three or more adults with dependent children","Percentage",17,
2000,"EL","PC","A_GE3_DCH","A_50","MED_EI","Median equivalised income","Above 50%","Three or more adults with dependent children","Percentage",16,
2001,"EL","PC","A_GE3_DCH","A_50","MED_EI","Median equivalised income","Above 50%","Three or more adults with dependent children","Percentage",18,
1995,"EL","PC","DCH","A_50","MED_EI","Median equivalised income","Above 50%","Household with dependent children","Percentage",13,
1996,"EL","PC","DCH","A_50","MED_EI","Median equivalised income","Above 50%","Household with dependent children","Percentage",13,
1997,"EL","PC","DCH","A_50","MED_EI","Median equivalised income","Above 50%","Household with dependent children","Percentage",13,
1998,"EL","PC","DCH","A_50","MED_EI","Median equivalised income","Above 50%","Household with dependent children","Percentage",12,
1999,"EL","PC","DCH","A_50","MED_EI","Median equivalised income","Above 50%","Household with dependent children","Percentage",12,
2000,"EL","PC","DCH","A_50","MED_EI","Median equivalised income","Above 50%","Household with dependent children","Percentage",12,
2001,"EL","PC","DCH","A_50","MED_EI","Median equivalised income","Above 50%","Household with dependent children","Percentage",12,
1995,"EL","PC","NDCH","A_50","MED_EI","Median equivalised income","Above 50%","Household without dependent children","Percentage",19,
1996,"EL","PC","NDCH","A_50","MED_EI","Median equivalised income","Above 50%","Household without dependent children","Percentage",16,
1997,"EL","PC","NDCH","A_50","MED_EI","Median equivalised income","Above 50%","Household without dependent children","Percentage",18,
1998,"EL","PC","NDCH","A_50","MED_EI","Median equivalised income","Above 50%","Household without dependent children","Percentage",18,
1999,"EL","PC","NDCH","A_50","MED_EI","Median equivalised income","Above 50%","Household without dependent children","Percentage",17,
2000,"EL","PC","NDCH","A_50","MED_EI","Median equivalised income","Above 50%","Household without dependent children","Percentage",17,
2001,"EL","PC","NDCH","A_50","MED_EI","Median equivalised income","Above 50%","Household without dependent children","Percentage",17,
1995,"EL","PC","A1_LT64","A_50","MED_EI","Median equivalised income","Above 50%","One adult younger than 64 years","Percentage",17,
1996,"EL","PC","A1_LT64","A_50","MED_EI","Median equivalised income","Above 50%","One adult younger than 64 years","Percentage",14,
1997,"EL","PC","A1_LT64","A_50","MED_EI","Median equivalised income","Above 50%","One adult younger than 64 years","Percentage",14,
1998,"EL","PC","A1_LT64","A_50","MED_EI","Median equivalised income","Above 50%","One adult younger than 64 years","Percentage",18,
1999,"EL","PC","A1_LT64","A_50","MED_EI","Median equivalised income","Above 50%","One adult younger than 64 years","Percentage",17,
2000,"EL","PC","A1_LT64","A_50","MED_EI","Median equivalised income","Above 50%","One adult younger than 64 years","Percentage",17,
2001,"EL","PC","A1_LT64","A_50","MED_EI","Median equivalised income","Above 50%","One adult younger than 64 years","Percentage",16,
1995,"EL","PC","A1_GE65","A_50","MED_EI","Median equivalised income","Above 50%","One adult 65 years or over","Percentage",35,
1996,"EL","PC","A1_GE65","A_50","MED_EI","Median equivalised income","Above 50%","One adult 65 years or over","Percentage",30,
1997,"EL","PC","A1_GE65","A_50","MED_EI","Median equivalised income","Above 50%","One adult 65 years or over","Percentage",29,
1998,"EL","PC","A1_GE65","A_50","MED_EI","Median equivalised income","Above 50%","One adult 65 years or over","Percentage",34,
1999,"EL","PC","A1_GE65","A_50","MED_EI","Median equivalised income","Above 50%","One adult 65 years or over","Percentage",29,
2000,"EL","PC","A1_GE65","A_50","MED_EI","Median equivalised income","Above 50%","One adult 65 years or over","Percentage",28,
2001,"EL","PC","A1_GE65","A_50","MED_EI","Median equivalised income","Above 50%","One adult 65 years or over","Percentage",31,
1995,"EL","PC","A2_2LT65","A_50","MED_EI","Median equivalised income","Above 50%","Two adults younger than 65 years","Percentage",12,
1996,"EL","PC","A2_2LT65","A_50","MED_EI","Median equivalised income","Above 50%","Two adults younger than 65 years","Percentage",8,
1997,"EL","PC","A2_2LT65","A_50","MED_EI","Median equivalised income","Above 50%","Two adults younger than 65 years","Percentage",12,
1998,"EL","PC","A2_2LT65","A_50","MED_EI","Median equivalised income","Above 50%","Two adults younger than 65 years","Percentage",12,
1999,"EL","PC","A2_2LT65","A_50","MED_EI","Median equivalised income","Above 50%","Two adults younger than 65 years","Percentage",11,
2000,"EL","PC","A2_2LT65","A_50","MED_EI","Median equivalised income","Above 50%","Two adults younger than 65 years","Percentage",13,
2001,"EL","PC","A2_2LT65","A_50","MED_EI","Median equivalised income","Above 50%","Two adults younger than 65 years","Percentage",11,
1995,"EL","PC","A2_GE1_GE65","A_50","MED_EI","Median equivalised income","Above 50%","Two adults, at least one aged 65 years or over","Percentage",28,
1996,"EL","PC","A2_GE1_GE65","A_50","MED_EI","Median equivalised income","Above 50%","Two adults, at least one aged 65 years or over","Percentage",24,
1997,"EL","PC","A2_GE1_GE65","A_50","MED_EI","Median equivalised income","Above 50%","Two adults, at least one aged 65 years or over","Percentage",26,
1998,"EL","PC","A2_GE1_GE65","A_50","MED_EI","Median equivalised income","Above 50%","Two adults, at least one aged 65 years or over","Percentage",27,
1999,"EL","PC","A2_GE1_GE65","A_50","MED_EI","Median equivalised income","Above 50%","Two adults, at least one aged 65 years or over","Percentage",27,
2000,"EL","PC","A2_GE1_GE65","A_50","MED_EI","Median equivalised income","Above 50%","Two adults, at least one aged 65 years or over","Percentage",25,
2001,"EL","PC","A2_GE1_GE65","A_50","MED_EI","Median equivalised income","Above 50%","Two adults, at least one aged 65 years or over","Percentage",24,
1995,"EL","PC","TOTAL","A_60","MED_EI","Median equivalised income","Above 60%","Total","Percentage",22,
1996,"EL","PC","TOTAL","A_60","MED_EI","Median equivalised income","Above 60%","Total","Percentage",21,
1997,"EL","PC","TOTAL","A_60","MED_EI","Median equivalised income","Above 60%","Total","Percentage",21,
1998,"EL","PC","TOTAL","A_60","MED_EI","Median equivalised income","Above 60%","Total","Percentage",21,
1999,"EL","PC","TOTAL","A_60","MED_EI","Median equivalised income","Above 60%","Total","Percentage",21,
2000,"EL","PC","TOTAL","A_60","MED_EI","Median equivalised income","Above 60%","Total","Percentage",20,
2001,"EL","PC","TOTAL","A_60","MED_EI","Median equivalised income","Above 60%","Total","Percentage",20,
1995,"EL","PC","M1","A_60","MED_EI","Median equivalised income","Above 60%","One single male","Percentage",22,
1996,"EL","PC","M1","A_60","MED_EI","Median equivalised income","Above 60%","One single male","Percentage",19,
1997,"EL","PC","M1","A_60","MED_EI","Median equivalised income","Above 60%","One single male","Percentage",16,
1998,"EL","PC","M1","A_60","MED_EI","Median equivalised income","Above 60%","One single male","Percentage",22,
1999,"EL","PC","M1","A_60","MED_EI","Median equivalised income","Above 60%","One single male","Percentage",21,
2000,"EL","PC","M1","A_60","MED_EI","Median equivalised income","Above 60%","One single male","Percentage",22,
2001,"EL","PC","M1","A_60","MED_EI","Median equivalised income","Above 60%","One single male","Percentage",16,
1995,"EL","PC","F1","A_60","MED_EI","Median equivalised income","Above 60%","One single female","Percentage",36,
1996,"EL","PC","F1","A_60","MED_EI","Median equivalised income","Above 60%","One single female","Percentage",33,
1997,"EL","PC","F1","A_60","MED_EI","Median equivalised income","Above 60%","One single female","Percentage",36,
1998,"EL","PC","F1","A_60","MED_EI","Median equivalised income","Above 60%","One single female","Percentage",41,
1999,"EL","PC","F1","A_60","MED_EI","Median equivalised income","Above 60%","One single female","Percentage",34,
2000,"EL","PC","F1","A_60","MED_EI","Median equivalised income","Above 60%","One single female","Percentage",33,
2001,"EL","PC","F1","A_60","MED_EI","Median equivalised income","Above 60%","One single female","Percentage",39,
1995,"EL","PC","A1","A_60","MED_EI","Median equivalised income","Above 60%","One adult","Percentage",31,
1996,"EL","PC","A1","A_60","MED_EI","Median equivalised income","Above 60%","One adult","Percentage",29,
1997,"EL","PC","A1","A_60","MED_EI","Median equivalised income","Above 60%","One adult","Percentage",30,
1998,"EL","PC","A1","A_60","MED_EI","Median equivalised income","Above 60%","One adult","Percentage",35,
1999,"EL","PC","A1","A_60","MED_EI","Median equivalised income","Above 60%","One adult","Percentage",30,
2000,"EL","PC","A1","A_60","MED_EI","Median equivalised income","Above 60%","One adult","Percentage",29,
2001,"EL","PC","A1","A_60","MED_EI","Median equivalised income","Above 60%","One adult","Percentage",32,
1995,"EL","PC","A1_DCH","A_60","MED_EI","Median equivalised income","Above 60%","One adult with dependent children","Percentage",32,
1996,"EL","PC","A1_DCH","A_60","MED_EI","Median equivalised income","Above 60%","One adult with dependent children","Percentage",27,
1997,"EL","PC","A1_DCH","A_60","MED_EI","Median equivalised income","Above 60%","One adult with dependent children","Percentage",23,
1998,"EL","PC","A1_DCH","A_60","MED_EI","Median equivalised income","Above 60%","One adult with dependent children","Percentage",18,
1999,"EL","PC","A1_DCH","A_60","MED_EI","Median equivalised income","Above 60%","One adult with dependent children","Percentage",30,"u"
2000,"EL","PC","A1_DCH","A_60","MED_EI","Median equivalised income","Above 60%","One adult with dependent children","Percentage",23,"u"
2001,"EL","PC","A1_DCH","A_60","MED_EI","Median equivalised income","Above 60%","One adult with dependent children","Percentage",37,
1995,"EL","PC","A2_DCH1","A_60","MED_EI","Median equivalised income","Above 60%","Two adults with one dependent child","Percentage",11,
1996,"EL","PC","A2_DCH1","A_60","MED_EI","Median equivalised income","Above 60%","Two adults with one dependent child","Percentage",11,
1997,"EL","PC","A2_DCH1","A_60","MED_EI","Median equivalised income","Above 60%","Two adults with one dependent child","Percentage",13,
1998,"EL","PC","A2_DCH1","A_60","MED_EI","Median equivalised income","Above 60%","Two adults with one dependent child","Percentage",11,
1999,"EL","PC","A2_DCH1","A_60","MED_EI","Median equivalised income","Above 60%","Two adults with one dependent child","Percentage",10,
2000,"EL","PC","A2_DCH1","A_60","MED_EI","Median equivalised income","Above 60%","Two adults with one dependent child","Percentage",9,
2001,"EL","PC","A2_DCH1","A_60","MED_EI","Median equivalised income","Above 60%","Two adults with one dependent child","Percentage",8,
1995,"EL","PC","A2_DCH2","A_60","MED_EI","Median equivalised income","Above 60%","Two adults with two dependent children","Percentage",16,
1996,"EL","PC","A2_DCH2","A_60","MED_EI","Median equivalised income","Above 60%","Two adults with two dependent children","Percentage",17,
1997,"EL","PC","A2_DCH2","A_60","MED_EI","Median equivalised income","Above 60%","Two adults with two dependent children","Percentage",14,
1998,"EL","PC","A2_DCH2","A_60","MED_EI","Median equivalised income","Above 60%","Two adults with two dependent children","Percentage",14,
1999,"EL","PC","A2_DCH2","A_60","MED_EI","Median equivalised income","Above 60%","Two adults with two dependent children","Percentage",15,
2000,"EL","PC","A2_DCH2","A_60","MED_EI","Median equivalised income","Above 60%","Two adults with two dependent children","Percentage",15,
2001,"EL","PC","A2_DCH2","A_60","MED_EI","Median equivalised income","Above 60%","Two adults with two dependent children","Percentage",14,
1995,"EL","PC","A2_DCH_GE3","A_60","MED_EI","Median equivalised income","Above 60%","Two adults with three or more dependent children","Percentage",17,
1996,"EL","PC","A2_DCH_GE3","A_60","MED_EI","Median equivalised income","Above 60%","Two adults with three or more dependent children","Percentage",21,
1997,"EL","PC","A2_DCH_GE3","A_60","MED_EI","Median equivalised income","Above 60%","Two adults with three or more dependent children","Percentage",22,
1998,"EL","PC","A2_DCH_GE3","A_60","MED_EI","Median equivalised income","Above 60%","Two adults with three or more dependent children","Percentage",26,
1999,"EL","PC","A2_DCH_GE3","A_60","MED_EI","Median equivalised income","Above 60%","Two adults with three or more dependent children","Percentage",19,
2000,"EL","PC","A2_DCH_GE3","A_60","MED_EI","Median equivalised income","Above 60%","Two adults with three or more dependent children","Percentage",26,
2001,"EL","PC","A2_DCH_GE3","A_60","MED_EI","Median equivalised income","Above 60%","Two adults with three or more dependent children","Percentage",26,
1995,"EL","PC","A_GE3","A_60","MED_EI","Median equivalised income","Above 60%","Three or more adults","Percentage",18,
1996,"EL","PC","A_GE3","A_60","MED_EI","Median equivalised income","Above 60%","Three or more adults","Percentage",16,
1997,"EL","PC","A_GE3","A_60","MED_EI","Median equivalised income","Above 60%","Three or more adults","Percentage",19,
1998,"EL","PC","A_GE3","A_60","MED_EI","Median equivalised income","Above 60%","Three or more adults","Percentage",17,
1999,"EL","PC","A_GE3","A_60","MED_EI","Median equivalised income","Above 60%","Three or more adults","Percentage",19,
2000,"EL","PC","A_GE3","A_60","MED_EI","Median equivalised income","Above 60%","Three or more adults","Percentage",16,
2001,"EL","PC","A_GE3","A_60","MED_EI","Median equivalised income","Above 60%","Three or more adults","Percentage",18,
1995,"EL","PC","A_GE3_DCH","A_60","MED_EI","Median equivalised income","Above 60%","Three or more adults with dependent children","Percentage",25,
1996,"EL","PC","A_GE3_DCH","A_60","MED_EI","Median equivalised income","Above 60%","Three or more adults with dependent children","Percentage",28,
1997,"EL","PC","A_GE3_DCH","A_60","MED_EI","Median equivalised income","Above 60%","Three or more adults with dependent children","Percentage",27,
1998,"EL","PC","A_GE3_DCH","A_60","MED_EI","Median equivalised income","Above 60%","Three or more adults with dependent children","Percentage",26,
1999,"EL","PC","A_GE3_DCH","A_60","MED_EI","Median equivalised income","Above 60%","Three or more adults with dependent children","Percentage",25,
2000,"EL","PC","A_GE3_DCH","A_60","MED_EI","Median equivalised income","Above 60%","Three or more adults with dependent children","Percentage",22,
2001,"EL","PC","A_GE3_DCH","A_60","MED_EI","Median equivalised income","Above 60%","Three or more adults with dependent children","Percentage",23,
1995,"EL","PC","DCH","A_60","MED_EI","Median equivalised income","Above 60%","Household with dependent children","Percentage",19,
1996,"EL","PC","DCH","A_60","MED_EI","Median equivalised income","Above 60%","Household with dependent children","Percentage",20,
1997,"EL","PC","DCH","A_60","MED_EI","Median equivalised income","Above 60%","Household with dependent children","Percentage",19,
1998,"EL","PC","DCH","A_60","MED_EI","Median equivalised income","Above 60%","Household with dependent children","Percentage",18,
1999,"EL","PC","DCH","A_60","MED_EI","Median equivalised income","Above 60%","Household with dependent children","Percentage",18,
2000,"EL","PC","DCH","A_60","MED_EI","Median equivalised income","Above 60%","Household with dependent children","Percentage",17,
2001,"EL","PC","DCH","A_60","MED_EI","Median equivalised income","Above 60%","Household with dependent children","Percentage",17,
1995,"EL","PC","NDCH","A_60","MED_EI","Median equivalised income","Above 60%","Household without dependent children","Percentage",25,
1996,"EL","PC","NDCH","A_60","MED_EI","Median equivalised income","Above 60%","Household without dependent children","Percentage",23,
1997,"EL","PC","NDCH","A_60","MED_EI","Median equivalised income","Above 60%","Household without dependent children","Percentage",25,
1998,"EL","PC","NDCH","A_60","MED_EI","Median equivalised income","Above 60%","Household without dependent children","Percentage",24,
1999,"EL","PC","NDCH","A_60","MED_EI","Median equivalised income","Above 60%","Household without dependent children","Percentage",24,
2000,"EL","PC","NDCH","A_60","MED_EI","Median equivalised income","Above 60%","Household without dependent children","Percentage",23,
2001,"EL","PC","NDCH","A_60","MED_EI","Median equivalised income","Above 60%","Household without dependent children","Percentage",24,
1995,"EL","PC","A1_LT64","A_60","MED_EI","Median equivalised income","Above 60%","One adult younger than 64 years","Percentage",20,
1996,"EL","PC","A1_LT64","A_60","MED_EI","Median equivalised income","Above 60%","One adult younger than 64 years","Percentage",18,
1997,"EL","PC","A1_LT64","A_60","MED_EI","Median equivalised income","Above 60%","One adult younger than 64 years","Percentage",20,
1998,"EL","PC","A1_LT64","A_60","MED_EI","Median equivalised income","Above 60%","One adult younger than 64 years","Percentage",24,
1999,"EL","PC","A1_LT64","A_60","MED_EI","Median equivalised income","Above 60%","One adult younger than 64 years","Percentage",20,
2000,"EL","PC","A1_LT64","A_60","MED_EI","Median equivalised income","Above 60%","One adult younger than 64 years","Percentage",22,
2001,"EL","PC","A1_LT64","A_60","MED_EI","Median equivalised income","Above 60%","One adult younger than 64 years","Percentage",19,
1995,"EL","PC","A1_GE65","A_60","MED_EI","Median equivalised income","Above 60%","One adult 65 years or over","Percentage",41,
1996,"EL","PC","A1_GE65","A_60","MED_EI","Median equivalised income","Above 60%","One adult 65 years or over","Percentage",37,
1997,"EL","PC","A1_GE65","A_60","MED_EI","Median equivalised income","Above 60%","One adult 65 years or over","Percentage",36,
1998,"EL","PC","A1_GE65","A_60","MED_EI","Median equivalised income","Above 60%","One adult 65 years or over","Percentage",41,
1999,"EL","PC","A1_GE65","A_60","MED_EI","Median equivalised income","Above 60%","One adult 65 years or over","Percentage",35,
2000,"EL","PC","A1_GE65","A_60","MED_EI","Median equivalised income","Above 60%","One adult 65 years or over","Percentage",33,
2001,"EL","PC","A1_GE65","A_60","MED_EI","Median equivalised income","Above 60%","One adult 65 years or over","Percentage",38,
1995,"EL","PC","A2_2LT65","A_60","MED_EI","Median equivalised income","Above 60%","Two adults younger than 65 years","Percentage",17,
1996,"EL","PC","A2_2LT65","A_60","MED_EI","Median equivalised income","Above 60%","Two adults younger than 65 years","Percentage",14,
1997,"EL","PC","A2_2LT65","A_60","MED_EI","Median equivalised income","Above 60%","Two adults younger than 65 years","Percentage",18,
1998,"EL","PC","A2_2LT65","A_60","MED_EI","Median equivalised income","Above 60%","Two adults younger than 65 years","Percentage",17,
1999,"EL","PC","A2_2LT65","A_60","MED_EI","Median equivalised income","Above 60%","Two adults younger than 65 years","Percentage",17,
2000,"EL","PC","A2_2LT65","A_60","MED_EI","Median equivalised income","Above 60%","Two adults younger than 65 years","Percentage",20,
2001,"EL","PC","A2_2LT65","A_60","MED_EI","Median equivalised income","Above 60%","Two adults younger than 65 years","Percentage",17,
1995,"EL","PC","A2_GE1_GE65","A_60","MED_EI","Median equivalised income","Above 60%","Two adults, at least one aged 65 years or over","Percentage",38,
1996,"EL","PC","A2_GE1_GE65","A_60","MED_EI","Median equivalised income","Above 60%","Two adults, at least one aged 65 years or over","Percentage",34,
1997,"EL","PC","A2_GE1_GE65","A_60","MED_EI","Median equivalised income","Above 60%","Two adults, at least one aged 65 years or over","Percentage",36,
1998,"EL","PC","A2_GE1_GE65","A_60","MED_EI","Median equivalised income","Above 60%","Two adults, at least one aged 65 years or over","Percentage",36,
1999,"EL","PC","A2_GE1_GE65","A_60","MED_EI","Median equivalised income","Above 60%","Two adults, at least one aged 65 years or over","Percentage",36,
2000,"EL","PC","A2_GE1_GE65","A_60","MED_EI","Median equivalised income","Above 60%","Two adults, at least one aged 65 years or over","Percentage",33,
2001,"EL","PC","A2_GE1_GE65","A_60","MED_EI","Median equivalised income","Above 60%","Two adults, at least one aged 65 years or over","Percentage",36,
1995,"EL","PC","TOTAL","A_70","MED_EI","Median equivalised income","Above 70%","Total","Percentage",29,
1996,"EL","PC","TOTAL","A_70","MED_EI","Median equivalised income","Above 70%","Total","Percentage",28,
1997,"EL","PC","TOTAL","A_70","MED_EI","Median equivalised income","Above 70%","Total","Percentage",29,
1998,"EL","PC","TOTAL","A_70","MED_EI","Median equivalised income","Above 70%","Total","Percentage",28,
1999,"EL","PC","TOTAL","A_70","MED_EI","Median equivalised income","Above 70%","Total","Percentage",28,
2000,"EL","PC","TOTAL","A_70","MED_EI","Median equivalised income","Above 70%","Total","Percentage",27,
2001,"EL","PC","TOTAL","A_70","MED_EI","Median equivalised income","Above 70%","Total","Percentage",28,
1995,"EL","PC","M1","A_70","MED_EI","Median equivalised income","Above 70%","One single male","Percentage",27,
1996,"EL","PC","M1","A_70","MED_EI","Median equivalised income","Above 70%","One single male","Percentage",25,
1997,"EL","PC","M1","A_70","MED_EI","Median equivalised income","Above 70%","One single male","Percentage",23,
1998,"EL","PC","M1","A_70","MED_EI","Median equivalised income","Above 70%","One single male","Percentage",28,
1999,"EL","PC","M1","A_70","MED_EI","Median equivalised income","Above 70%","One single male","Percentage",24,
2000,"EL","PC","M1","A_70","MED_EI","Median equivalised income","Above 70%","One single male","Percentage",27,
2001,"EL","PC","M1","A_70","MED_EI","Median equivalised income","Above 70%","One single male","Percentage",22,
1995,"EL","PC","F1","A_70","MED_EI","Median equivalised income","Above 70%","One single female","Percentage",45,
1996,"EL","PC","F1","A_70","MED_EI","Median equivalised income","Above 70%","One single female","Percentage",40,
1997,"EL","PC","F1","A_70","MED_EI","Median equivalised income","Above 70%","One single female","Percentage",43,
1998,"EL","PC","F1","A_70","MED_EI","Median equivalised income","Above 70%","One single female","Percentage",47,
1999,"EL","PC","F1","A_70","MED_EI","Median equivalised income","Above 70%","One single female","Percentage",46,
2000,"EL","PC","F1","A_70","MED_EI","Median equivalised income","Above 70%","One single female","Percentage",42,
2001,"EL","PC","F1","A_70","MED_EI","Median equivalised income","Above 70%","One single female","Percentage",47,
1995,"EL","PC","A1","A_70","MED_EI","Median equivalised income","Above 70%","One adult","Percentage",40,
1996,"EL","PC","A1","A_70","MED_EI","Median equivalised income","Above 70%","One adult","Percentage",36,
1997,"EL","PC","A1","A_70","MED_EI","Median equivalised income","Above 70%","One adult","Percentage",37,
1998,"EL","PC","A1","A_70","MED_EI","Median equivalised income","Above 70%","One adult","Percentage",41,
1999,"EL","PC","A1","A_70","MED_EI","Median equivalised income","Above 70%","One adult","Percentage",39,
2000,"EL","PC","A1","A_70","MED_EI","Median equivalised income","Above 70%","One adult","Percentage",37,
2001,"EL","PC","A1","A_70","MED_EI","Median equivalised income","Above 70%","One adult","Percentage",39,
1995,"EL","PC","A1_DCH","A_70","MED_EI","Median equivalised income","Above 70%","One adult with dependent children","Percentage",45,
1996,"EL","PC","A1_DCH","A_70","MED_EI","Median equivalised income","Above 70%","One adult with dependent children","Percentage",34,
1997,"EL","PC","A1_DCH","A_70","MED_EI","Median equivalised income","Above 70%","One adult with dependent children","Percentage",35,
1998,"EL","PC","A1_DCH","A_70","MED_EI","Median equivalised income","Above 70%","One adult with dependent children","Percentage",21,
1999,"EL","PC","A1_DCH","A_70","MED_EI","Median equivalised income","Above 70%","One adult with dependent children","Percentage",35,"u"
2000,"EL","PC","A1_DCH","A_70","MED_EI","Median equivalised income","Above 70%","One adult with dependent children","Percentage",37,"u"
2001,"EL","PC","A1_DCH","A_70","MED_EI","Median equivalised income","Above 70%","One adult with dependent children","Percentage",38,
1995,"EL","PC","A2_DCH1","A_70","MED_EI","Median equivalised income","Above 70%","Two adults with one dependent child","Percentage",16,
1996,"EL","PC","A2_DCH1","A_70","MED_EI","Median equivalised income","Above 70%","Two adults with one dependent child","Percentage",16,
1997,"EL","PC","A2_DCH1","A_70","MED_EI","Median equivalised income","Above 70%","Two adults with one dependent child","Percentage",20,
1998,"EL","PC","A2_DCH1","A_70","MED_EI","Median equivalised income","Above 70%","Two adults with one dependent child","Percentage",16,
1999,"EL","PC","A2_DCH1","A_70","MED_EI","Median equivalised income","Above 70%","Two adults with one dependent child","Percentage",14,
2000,"EL","PC","A2_DCH1","A_70","MED_EI","Median equivalised income","Above 70%","Two adults with one dependent child","Percentage",13,
2001,"EL","PC","A2_DCH1","A_70","MED_EI","Median equivalised income","Above 70%","Two adults with one dependent child","Percentage",13,
1995,"EL","PC","A2_DCH2","A_70","MED_EI","Median equivalised income","Above 70%","Two adults with two dependent children","Percentage",22,
1996,"EL","PC","A2_DCH2","A_70","MED_EI","Median equivalised income","Above 70%","Two adults with two dependent children","Percentage",23,
1997,"EL","PC","A2_DCH2","A_70","MED_EI","Median equivalised income","Above 70%","Two adults with two dependent children","Percentage",21,
1998,"EL","PC","A2_DCH2","A_70","MED_EI","Median equivalised income","Above 70%","Two adults with two dependent children","Percentage",20,
1999,"EL","PC","A2_DCH2","A_70","MED_EI","Median equivalised income","Above 70%","Two adults with two dependent children","Percentage",22,
2000,"EL","PC","A2_DCH2","A_70","MED_EI","Median equivalised income","Above 70%","Two adults with two dependent children","Percentage",22,
2001,"EL","PC","A2_DCH2","A_70","MED_EI","Median equivalised income","Above 70%","Two adults with two dependent children","Percentage",22,
1995,"EL","PC","A2_DCH_GE3","A_70","MED_EI","Median equivalised income","Above 70%","Two adults with three or more dependent children","Percentage",31,
1996,"EL","PC","A2_DCH_GE3","A_70","MED_EI","Median equivalised income","Above 70%","Two adults with three or more dependent children","Percentage",27,
1997,"EL","PC","A2_DCH_GE3","A_70","MED_EI","Median equivalised income","Above 70%","Two adults with three or more dependent children","Percentage",33,
1998,"EL","PC","A2_DCH_GE3","A_70","MED_EI","Median equivalised income","Above 70%","Two adults with three or more dependent children","Percentage",35,
1999,"EL","PC","A2_DCH_GE3","A_70","MED_EI","Median equivalised income","Above 70%","Two adults with three or more dependent children","Percentage",35,
2000,"EL","PC","A2_DCH_GE3","A_70","MED_EI","Median equivalised income","Above 70%","Two adults with three or more dependent children","Percentage",39,
2001,"EL","PC","A2_DCH_GE3","A_70","MED_EI","Median equivalised income","Above 70%","Two adults with three or more dependent children","Percentage",38,
1995,"EL","PC","A_GE3","A_70","MED_EI","Median equivalised income","Above 70%","Three or more adults","Percentage",24,
1996,"EL","PC","A_GE3","A_70","MED_EI","Median equivalised income","Above 70%","Three or more adults","Percentage",21,
1997,"EL","PC","A_GE3","A_70","MED_EI","Median equivalised income","Above 70%","Three or more adults","Percentage",24,
1998,"EL","PC","A_GE3","A_70","MED_EI","Median equivalised income","Above 70%","Three or more adults","Percentage",22,
1999,"EL","PC","A_GE3","A_70","MED_EI","Median equivalised income","Above 70%","Three or more adults","Percentage",25,
2000,"EL","PC","A_GE3","A_70","MED_EI","Median equivalised income","Above 70%","Three or more adults","Percentage",22,
2001,"EL","PC","A_GE3","A_70","MED_EI","Median equivalised income","Above 70%","Three or more adults","Percentage",22,
1995,"EL","PC","A_GE3_DCH","A_70","MED_EI","Median equivalised income","Above 70%","Three or more adults with dependent children","Percentage",33,
1996,"EL","PC","A_GE3_DCH","A_70","MED_EI","Median equivalised income","Above 70%","Three or more adults with dependent children","Percentage",38,
1997,"EL","PC","A_GE3_DCH","A_70","MED_EI","Median equivalised income","Above 70%","Three or more adults with dependent children","Percentage",35,
1998,"EL","PC","A_GE3_DCH","A_70","MED_EI","Median equivalised income","Above 70%","Three or more adults with dependent children","Percentage",35,
1999,"EL","PC","A_GE3_DCH","A_70","MED_EI","Median equivalised income","Above 70%","Three or more adults with dependent children","Percentage",33,
2000,"EL","PC","A_GE3_DCH","A_70","MED_EI","Median equivalised income","Above 70%","Three or more adults with dependent children","Percentage",32,
2001,"EL","PC","A_GE3_DCH","A_70","MED_EI","Median equivalised income","Above 70%","Three or more adults with dependent children","Percentage",35,
1995,"EL","PC","DCH","A_70","MED_EI","Median equivalised income","Above 70%","Household with dependent children","Percentage",26,
1996,"EL","PC","DCH","A_70","MED_EI","Median equivalised income","Above 70%","Household with dependent children","Percentage",27,
1997,"EL","PC","DCH","A_70","MED_EI","Median equivalised income","Above 70%","Household with dependent children","Percentage",26,
1998,"EL","PC","DCH","A_70","MED_EI","Median equivalised income","Above 70%","Household with dependent children","Percentage",26,
1999,"EL","PC","DCH","A_70","MED_EI","Median equivalised income","Above 70%","Household with dependent children","Percentage",25,
2000,"EL","PC","DCH","A_70","MED_EI","Median equivalised income","Above 70%","Household with dependent children","Percentage",25,
2001,"EL","PC","DCH","A_70","MED_EI","Median equivalised income","Above 70%","Household with dependent children","Percentage",26,
1995,"EL","PC","NDCH","A_70","MED_EI","Median equivalised income","Above 70%","Household without dependent children","Percentage",33,
1996,"EL","PC","NDCH","A_70","MED_EI","Median equivalised income","Above 70%","Household without dependent children","Percentage",29,
1997,"EL","PC","NDCH","A_70","MED_EI","Median equivalised income","Above 70%","Household without dependent children","Percentage",31,
1998,"EL","PC","NDCH","A_70","MED_EI","Median equivalised income","Above 70%","Household without dependent children","Percentage",31,
1999,"EL","PC","NDCH","A_70","MED_EI","Median equivalised income","Above 70%","Household without dependent children","Percentage",31,
2000,"EL","PC","NDCH","A_70","MED_EI","Median equivalised income","Above 70%","Household without dependent children","Percentage",30,
2001,"EL","PC","NDCH","A_70","MED_EI","Median equivalised income","Above 70%","Household without dependent children","Percentage",31,
1995,"EL","PC","A1_LT64","A_70","MED_EI","Median equivalised income","Above 70%","One adult younger than 64 years","Percentage",27,
1996,"EL","PC","A1_LT64","A_70","MED_EI","Median equivalised income","Above 70%","One adult younger than 64 years","Percentage",22,
1997,"EL","PC","A1_LT64","A_70","MED_EI","Median equivalised income","Above 70%","One adult younger than 64 years","Percentage",25,
1998,"EL","PC","A1_LT64","A_70","MED_EI","Median equivalised income","Above 70%","One adult younger than 64 years","Percentage",27,
1999,"EL","PC","A1_LT64","A_70","MED_EI","Median equivalised income","Above 70%","One adult younger than 64 years","Percentage",25,
2000,"EL","PC","A1_LT64","A_70","MED_EI","Median equivalised income","Above 70%","One adult younger than 64 years","Percentage",25,
2001,"EL","PC","A1_LT64","A_70","MED_EI","Median equivalised income","Above 70%","One adult younger than 64 years","Percentage",23,
1995,"EL","PC","A1_GE65","A_70","MED_EI","Median equivalised income","Above 70%","One adult 65 years or over","Percentage",51,
1996,"EL","PC","A1_GE65","A_70","MED_EI","Median equivalised income","Above 70%","One adult 65 years or over","Percentage",45,
1997,"EL","PC","A1_GE65","A_70","MED_EI","Median equivalised income","Above 70%","One adult 65 years or over","Percentage",45,
1998,"EL","PC","A1_GE65","A_70","MED_EI","Median equivalised income","Above 70%","One adult 65 years or over","Percentage",49,
1999,"EL","PC","A1_GE65","A_70","MED_EI","Median equivalised income","Above 70%","One adult 65 years or over","Percentage",46,
2000,"EL","PC","A1_GE65","A_70","MED_EI","Median equivalised income","Above 70%","One adult 65 years or over","Percentage",44,
2001,"EL","PC","A1_GE65","A_70","MED_EI","Median equivalised income","Above 70%","One adult 65 years or over","Percentage",47,
1995,"EL","PC","A2_2LT65","A_70","MED_EI","Median equivalised income","Above 70%","Two adults younger than 65 years","Percentage",25,
1996,"EL","PC","A2_2LT65","A_70","MED_EI","Median equivalised income","Above 70%","Two adults younger than 65 years","Percentage",22,
1997,"EL","PC","A2_2LT65","A_70","MED_EI","Median equivalised income","Above 70%","Two adults younger than 65 years","Percentage",23,
1998,"EL","PC","A2_2LT65","A_70","MED_EI","Median equivalised income","Above 70%","Two adults younger than 65 years","Percentage",25,
1999,"EL","PC","A2_2LT65","A_70","MED_EI","Median equivalised income","Above 70%","Two adults younger than 65 years","Percentage",21,
2000,"EL","PC","A2_2LT65","A_70","MED_EI","Median equivalised income","Above 70%","Two adults younger than 65 years","Percentage",26,
2001,"EL","PC","A2_2LT65","A_70","MED_EI","Median equivalised income","Above 70%","Two adults younger than 65 years","Percentage",24,
1995,"EL","PC","A2_GE1_GE65","A_70","MED_EI","Median equivalised income","Above 70%","Two adults, at least one aged 65 years or over","Percentage",48,
1996,"EL","PC","A2_GE1_GE65","A_70","MED_EI","Median equivalised income","Above 70%","Two adults, at least one aged 65 years or over","Percentage",42,
1997,"EL","PC","A2_GE1_GE65","A_70","MED_EI","Median equivalised income","Above 70%","Two adults, at least one aged 65 years or over","Percentage",44,
1998,"EL","PC","A2_GE1_GE65","A_70","MED_EI","Median equivalised income","Above 70%","Two adults, at least one aged 65 years or over","Percentage",45,
1999,"EL","PC","A2_GE1_GE65","A_70","MED_EI","Median equivalised income","Above 70%","Two adults, at least one aged 65 years or over","Percentage",46,
2000,"EL","PC","A2_GE1_GE65","A_70","MED_EI","Median equivalised income","Above 70%","Two adults, at least one aged 65 years or over","Percentage",43,
2001,"EL","PC","A2_GE1_GE65","A_70","MED_EI","Median equivalised income","Above 70%","Two adults, at least one aged 65 years or over","Percentage",47,
2015,"EL","THS_PER","TOTAL","B_40","MED_EI","Median equivalised income","Below 40%","Total","Thousand persons",1076,
2016,"EL","THS_PER","TOTAL","B_40","MED_EI","Median equivalised income","Below 40%","Total","Thousand persons",1083,
2017,"EL","THS_PER","TOTAL","B_40","MED_EI","Median equivalised income","Below 40%","Total","Thousand persons",975,
2018,"EL","THS_PER","TOTAL","B_40","MED_EI","Median equivalised income","Below 40%","Total","Thousand persons",846,
2019,"EL","THS_PER","TOTAL","B_40","MED_EI","Median equivalised income","Below 40%","Total","Thousand persons",776,
2020,"EL","THS_PER","TOTAL","B_40","MED_EI","Median equivalised income","Below 40%","Total","Thousand persons",765,
2021,"EL","THS_PER","TOTAL","B_40","MED_EI","Median equivalised income","Below 40%","Total","Thousand persons",869,
2022,"EL","THS_PER","TOTAL","B_40","MED_EI","Median equivalised income","Below 40%","Total","Thousand persons",692,
2023,"EL","THS_PER","TOTAL","B_40","MED_EI","Median equivalised income","Below 40%","Total","Thousand persons",659,
2024,"EL","THS_PER","TOTAL","B_40","MED_EI","Median equivalised income","Below 40%","Total","Thousand persons",701,
2025,"EL","THS_PER","TOTAL","B_40","MED_EI","Median equivalised income","Below 40%","Total","Thousand persons",682,
1995,"EL","PC","TOTAL","B_40","MED_EI","Median equivalised income","Below 40%","Total","Percentage",10,
1996,"EL","PC","TOTAL","B_40","MED_EI","Median equivalised income","Below 40%","Total","Percentage",10,
1997,"EL","PC","TOTAL","B_40","MED_EI","Median equivalised income","Below 40%","Total","Percentage",10,
1998,"EL","PC","TOTAL","B_40","MED_EI","Median equivalised income","Below 40%","Total","Percentage",9,
1999,"EL","PC","TOTAL","B_40","MED_EI","Median equivalised income","Below 40%","Total","Percentage",9,
2000,"EL","PC","TOTAL","B_40","MED_EI","Median equivalised income","Below 40%","Total","Percentage",9,
2001,"EL","PC","TOTAL","B_40","MED_EI","Median equivalised income","Below 40%","Total","Percentage",8,
2003,"EL","PC","TOTAL","B_40","MED_EI","Median equivalised income","Below 40%","Total","Percentage",9.3,"b"
2004,"EL","PC","TOTAL","B_40","MED_EI","Median equivalised income","Below 40%","Total","Percentage",7.5,
2005,"EL","PC","TOTAL","B_40","MED_EI","Median equivalised income","Below 40%","Total","Percentage",7.2,
2006,"EL","PC","TOTAL","B_40","MED_EI","Median equivalised income","Below 40%","Total","Percentage",8,
2007,"EL","PC","TOTAL","B_40","MED_EI","Median equivalised income","Below 40%","Total","Percentage",7.6,
2008,"EL","PC","TOTAL","B_40","MED_EI","Median equivalised income","Below 40%","Total","Percentage",6.7,
2009,"EL","PC","TOTAL","B_40","MED_EI","Median equivalised income","Below 40%","Total","Percentage",6.6,
2010,"EL","PC","TOTAL","B_40","MED_EI","Median equivalised income","Below 40%","Total","Percentage",7.3,
2011,"EL","PC","TOTAL","B_40","MED_EI","Median equivalised income","Below 40%","Total","Percentage",8.1,
2012,"EL","PC","TOTAL","B_40","MED_EI","Median equivalised income","Below 40%","Total","Percentage",10.5,
2013,"EL","PC","TOTAL","B_40","MED_EI","Median equivalised income","Below 40%","Total","Percentage",11.2,
2014,"EL","PC","TOTAL","B_40","MED_EI","Median equivalised income","Below 40%","Total","Percentage",10.4,
2015,"EL","PC","TOTAL","B_40","MED_EI","Median equivalised income","Below 40%","Total","Percentage",10.1,
2016,"EL","PC","TOTAL","B_40","MED_EI","Median equivalised income","Below 40%","Total","Percentage",10.2,
2017,"EL","PC","TOTAL","B_40","MED_EI","Median equivalised income","Below 40%","Total","Percentage",9.2,
2018,"EL","PC","TOTAL","B_40","MED_EI","Median equivalised income","Below 40%","Total","Percentage",8.1,
2019,"EL","PC","TOTAL","B_40","MED_EI","Median equivalised income","Below 40%","Total","Percentage",7.4,
2020,"EL","PC","TOTAL","B_40","MED_EI","Median equivalised income","Below 40%","Total","Percentage",7.3,
2021,"EL","PC","TOTAL","B_40","MED_EI","Median equivalised income","Below 40%","Total","Percentage",8.3,
2022,"EL","PC","TOTAL","B_40","MED_EI","Median equivalised income","Below 40%","Total","Percentage",6.7,
2023,"EL","PC","TOTAL","B_40","MED_EI","Median equivalised income","Below 40%","Total","Percentage",6.5,
2024,"EL","PC","TOTAL","B_40","MED_EI","Median equivalised income","Below 40%","Total","Percentage",6.9,
2025,"EL","PC","TOTAL","B_40","MED_EI","Median equivalised income","Below 40%","Total","Percentage",6.7,
2015,"EL","THS_PER","M1","B_40","MED_EI","Median equivalised income","Below 40%","One single male","Thousand persons",50,
2016,"EL","THS_PER","M1","B_40","MED_EI","Median equivalised income","Below 40%","One single male","Thousand persons",45,
2017,"EL","THS_PER","M1","B_40","MED_EI","Median equivalised income","Below 40%","One single male","Thousand persons",41,
2018,"EL","THS_PER","M1","B_40","MED_EI","Median equivalised income","Below 40%","One single male","Thousand persons",38,
2019,"EL","THS_PER","M1","B_40","MED_EI","Median equivalised income","Below 40%","One single male","Thousand persons",32,
2020,"EL","THS_PER","M1","B_40","MED_EI","Median equivalised income","Below 40%","One single male","Thousand persons",39,
2021,"EL","THS_PER","M1","B_40","MED_EI","Median equivalised income","Below 40%","One single male","Thousand persons",45,
2022,"EL","THS_PER","M1","B_40","MED_EI","Median equivalised income","Below 40%","One single male","Thousand persons",39,
2023,"EL","THS_PER","M1","B_40","MED_EI","Median equivalised income","Below 40%","One single male","Thousand persons",60,
2024,"EL","THS_PER","M1","B_40","MED_EI","Median equivalised income","Below 40%","One single male","Thousand persons",58,
2025,"EL","THS_PER","M1","B_40","MED_EI","Median equivalised income","Below 40%","One single male","Thousand persons",54,
1995,"EL","PC","M1","B_40","MED_EI","Median equivalised income","Below 40%","One single male","Percentage",17,
1996,"EL","PC","M1","B_40","MED_EI","Median equivalised income","Below 40%","One single male","Percentage",15,
1997,"EL","PC","M1","B_40","MED_EI","Median equivalised income","Below 40%","One single male","Percentage",13,
1998,"EL","PC","M1","B_40","MED_EI","Median equivalised income","Below 40%","One single male","Percentage",15,
1999,"EL","PC","M1","B_40","MED_EI","Median equivalised income","Below 40%","One single male","Percentage",14,
2000,"EL","PC","M1","B_40","MED_EI","Median equivalised income","Below 40%","One single male","Percentage",15,
2001,"EL","PC","M1","B_40","MED_EI","Median equivalised income","Below 40%","One single male","Percentage",12,
2003,"EL","PC","M1","B_40","MED_EI","Median equivalised income","Below 40%","One single male","Percentage",13.3,"b"
2004,"EL","PC","M1","B_40","MED_EI","Median equivalised income","Below 40%","One single male","Percentage",11.7,
2005,"EL","PC","M1","B_40","MED_EI","Median equivalised income","Below 40%","One single male","Percentage",10.2,
2006,"EL","PC","M1","B_40","MED_EI","Median equivalised income","Below 40%","One single male","Percentage",9.6,
2007,"EL","PC","M1","B_40","MED_EI","Median equivalised income","Below 40%","One single male","Percentage",12.3,
2008,"EL","PC","M1","B_40","MED_EI","Median equivalised income","Below 40%","One single male","Percentage",10.1,
2009,"EL","PC","M1","B_40","MED_EI","Median equivalised income","Below 40%","One single male","Percentage",9.1,
2010,"EL","PC","M1","B_40","MED_EI","Median equivalised income","Below 40%","One single male","Percentage",10.2,
2011,"EL","PC","M1","B_40","MED_EI","Median equivalised income","Below 40%","One single male","Percentage",13,
2012,"EL","PC","M1","B_40","MED_EI","Median equivalised income","Below 40%","One single male","Percentage",8.5,
2013,"EL","PC","M1","B_40","MED_EI","Median equivalised income","Below 40%","One single male","Percentage",8.3,
2014,"EL","PC","M1","B_40","MED_EI","Median equivalised income","Below 40%","One single male","Percentage",7.6,
2015,"EL","PC","M1","B_40","MED_EI","Median equivalised income","Below 40%","One single male","Percentage",12,
2016,"EL","PC","M1","B_40","MED_EI","Median equivalised income","Below 40%","One single male","Percentage",11.1,
2017,"EL","PC","M1","B_40","MED_EI","Median equivalised income","Below 40%","One single male","Percentage",10,
2018,"EL","PC","M1","B_40","MED_EI","Median equivalised income","Below 40%","One single male","Percentage",9.6,
2019,"EL","PC","M1","B_40","MED_EI","Median equivalised income","Below 40%","One single male","Percentage",8.4,
2020,"EL","PC","M1","B_40","MED_EI","Median equivalised income","Below 40%","One single male","Percentage",10.3,
2021,"EL","PC","M1","B_40","MED_EI","Median equivalised income","Below 40%","One single male","Percentage",11.7,
2022,"EL","PC","M1","B_40","MED_EI","Median equivalised income","Below 40%","One single male","Percentage",10.4,
2023,"EL","PC","M1","B_40","MED_EI","Median equivalised income","Below 40%","One single male","Percentage",10.8,
2024,"EL","PC","M1","B_40","MED_EI","Median equivalised income","Below 40%","One single male","Percentage",10.2,
2025,"EL","PC","M1","B_40","MED_EI","Median equivalised income","Below 40%","One single male","Percentage",9.5,
2015,"EL","THS_PER","F1","B_40","MED_EI","Median equivalised income","Below 40%","One single female","Thousand persons",45,
2016,"EL","THS_PER","F1","B_40","MED_EI","Median equivalised income","Below 40%","One single female","Thousand persons",46,
2017,"EL","THS_PER","F1","B_40","MED_EI","Median equivalised income","Below 40%","One single female","Thousand persons",50,
2018,"EL","THS_PER","F1","B_40","MED_EI","Median equivalised income","Below 40%","One single female","Thousand persons",40,
2019,"EL","THS_PER","F1","B_40","MED_EI","Median equivalised income","Below 40%","One single female","Thousand persons",32,
2020,"EL","THS_PER","F1","B_40","MED_EI","Median equivalised income","Below 40%","One single female","Thousand persons",38,
2021,"EL","THS_PER","F1","B_40","MED_EI","Median equivalised income","Below 40%","One single female","Thousand persons",45,
2022,"EL","THS_PER","F1","B_40","MED_EI","Median equivalised income","Below 40%","One single female","Thousand persons",40,
2023,"EL","THS_PER","F1","B_40","MED_EI","Median equivalised income","Below 40%","One single female","Thousand persons",57,
2024,"EL","THS_PER","F1","B_40","MED_EI","Median equivalised income","Below 40%","One single female","Thousand persons",63,
2025,"EL","THS_PER","F1","B_40","MED_EI","Median equivalised income","Below 40%","One single female","Thousand persons",73,
1995,"EL","PC","F1","B_40","MED_EI","Median equivalised income","Below 40%","One single female","Percentage",24,
1996,"EL","PC","F1","B_40","MED_EI","Median equivalised income","Below 40%","One single female","Percentage",22,
1997,"EL","PC","F1","B_40","MED_EI","Median equivalised income","Below 40%","One single female","Percentage",23,
1998,"EL","PC","F1","B_40","MED_EI","Median equivalised income","Below 40%","One single female","Percentage",27,
1999,"EL","PC","F1","B_40","MED_EI","Median equivalised income","Below 40%","One single female","Percentage",24,
2000,"EL","PC","F1","B_40","MED_EI","Median equivalised income","Below 40%","One single female","Percentage",22,
2001,"EL","PC","F1","B_40","MED_EI","Median equivalised income","Below 40%","One single female","Percentage",23,
2003,"EL","PC","F1","B_40","MED_EI","Median equivalised income","Below 40%","One single female","Percentage",16,"b"
2004,"EL","PC","F1","B_40","MED_EI","Median equivalised income","Below 40%","One single female","Percentage",19.2,
2005,"EL","PC","F1","B_40","MED_EI","Median equivalised income","Below 40%","One single female","Percentage",15.5,
2006,"EL","PC","F1","B_40","MED_EI","Median equivalised income","Below 40%","One single female","Percentage",12.8,
2007,"EL","PC","F1","B_40","MED_EI","Median equivalised income","Below 40%","One single female","Percentage",12.3,
2008,"EL","PC","F1","B_40","MED_EI","Median equivalised income","Below 40%","One single female","Percentage",9.4,
2009,"EL","PC","F1","B_40","MED_EI","Median equivalised income","Below 40%","One single female","Percentage",11.7,
2010,"EL","PC","F1","B_40","MED_EI","Median equivalised income","Below 40%","One single female","Percentage",9.3,
2011,"EL","PC","F1","B_40","MED_EI","Median equivalised income","Below 40%","One single female","Percentage",11.1,
2012,"EL","PC","F1","B_40","MED_EI","Median equivalised income","Below 40%","One single female","Percentage",6,
2013,"EL","PC","F1","B_40","MED_EI","Median equivalised income","Below 40%","One single female","Percentage",7,
2014,"EL","PC","F1","B_40","MED_EI","Median equivalised income","Below 40%","One single female","Percentage",5.3,
2015,"EL","PC","F1","B_40","MED_EI","Median equivalised income","Below 40%","One single female","Percentage",6.8,
2016,"EL","PC","F1","B_40","MED_EI","Median equivalised income","Below 40%","One single female","Percentage",6.9,
2017,"EL","PC","F1","B_40","MED_EI","Median equivalised income","Below 40%","One single female","Percentage",7.5,
2018,"EL","PC","F1","B_40","MED_EI","Median equivalised income","Below 40%","One single female","Percentage",6,
2019,"EL","PC","F1","B_40","MED_EI","Median equivalised income","Below 40%","One single female","Percentage",4.8,
2020,"EL","PC","F1","B_40","MED_EI","Median equivalised income","Below 40%","One single female","Percentage",5.7,
2021,"EL","PC","F1","B_40","MED_EI","Median equivalised income","Below 40%","One single female","Percentage",6.8,
2022,"EL","PC","F1","B_40","MED_EI","Median equivalised income","Below 40%","One single female","Percentage",6,
2023,"EL","PC","F1","B_40","MED_EI","Median equivalised income","Below 40%","One single female","Percentage",6.8,
2024,"EL","PC","F1","B_40","MED_EI","Median equivalised income","Below 40%","One single female","Percentage",7.6,
2025,"EL","PC","F1","B_40","MED_EI","Median equivalised income","Below 40%","One single female","Percentage",8.8,
2015,"EL","THS_PER","A1","B_40","MED_EI","Median equivalised income","Below 40%","One adult","Thousand persons",95,
2016,"EL","THS_PER","A1","B_40","MED_EI","Median equivalised income","Below 40%","One adult","Thousand persons",91,
2017,"EL","THS_PER","A1","B_40","MED_EI","Median equivalised income","Below 40%","One adult","Thousand persons",91,
2018,"EL","THS_PER","A1","B_40","MED_EI","Median equivalised income","Below 40%","One adult","Thousand persons",78,
2019,"EL","THS_PER","A1","B_40","MED_EI","Median equivalised income","Below 40%","One adult","Thousand persons",64,
2020,"EL","THS_PER","A1","B_40","MED_EI","Median equivalised income","Below 40%","One adult","Thousand persons",77,
2021,"EL","THS_PER","A1","B_40","MED_EI","Median equivalised income","Below 40%","One adult","Thousand persons",91,
2022,"EL","THS_PER","A1","B_40","MED_EI","Median equivalised income","Below 40%","One adult","Thousand persons",79,
2023,"EL","THS_PER","A1","B_40","MED_EI","Median equivalised income","Below 40%","One adult","Thousand persons",117,
2024,"EL","THS_PER","A1","B_40","MED_EI","Median equivalised income","Below 40%","One adult","Thousand persons",120,
2025,"EL","THS_PER","A1","B_40","MED_EI","Median equivalised income","Below 40%","One adult","Thousand persons",126,
1995,"EL","PC","A1","B_40","MED_EI","Median equivalised income","Below 40%","One adult","Percentage",22,
1996,"EL","PC","A1","B_40","MED_EI","Median equivalised income","Below 40%","One adult","Percentage",19,
1997,"EL","PC","A1","B_40","MED_EI","Median equivalised income","Below 40%","One adult","Percentage",20,
1998,"EL","PC","A1","B_40","MED_EI","Median equivalised income","Below 40%","One adult","Percentage",23,
1999,"EL","PC","A1","B_40","MED_EI","Median equivalised income","Below 40%","One adult","Percentage",21,
2000,"EL","PC","A1","B_40","MED_EI","Median equivalised income","Below 40%","One adult","Percentage",20,
2001,"EL","PC","A1","B_40","MED_EI","Median equivalised income","Below 40%","One adult","Percentage",20,
2003,"EL","PC","A1","B_40","MED_EI","Median equivalised income","Below 40%","One adult","Percentage",15.1,"b"
2004,"EL","PC","A1","B_40","MED_EI","Median equivalised income","Below 40%","One adult","Percentage",16.7,
2005,"EL","PC","A1","B_40","MED_EI","Median equivalised income","Below 40%","One adult","Percentage",13.8,
2006,"EL","PC","A1","B_40","MED_EI","Median equivalised income","Below 40%","One adult","Percentage",11.8,
2007,"EL","PC","A1","B_40","MED_EI","Median equivalised income","Below 40%","One adult","Percentage",12.3,
2008,"EL","PC","A1","B_40","MED_EI","Median equivalised income","Below 40%","One adult","Percentage",9.7,
2009,"EL","PC","A1","B_40","MED_EI","Median equivalised income","Below 40%","One adult","Percentage",10.8,
2010,"EL","PC","A1","B_40","MED_EI","Median equivalised income","Below 40%","One adult","Percentage",9.6,
2011,"EL","PC","A1","B_40","MED_EI","Median equivalised income","Below 40%","One adult","Percentage",11.8,
2012,"EL","PC","A1","B_40","MED_EI","Median equivalised income","Below 40%","One adult","Percentage",6.9,
2013,"EL","PC","A1","B_40","MED_EI","Median equivalised income","Below 40%","One adult","Percentage",7.5,
2014,"EL","PC","A1","B_40","MED_EI","Median equivalised income","Below 40%","One adult","Percentage",6.2,
2015,"EL","PC","A1","B_40","MED_EI","Median equivalised income","Below 40%","One adult","Percentage",8.8,
2016,"EL","PC","A1","B_40","MED_EI","Median equivalised income","Below 40%","One adult","Percentage",8.5,
2017,"EL","PC","A1","B_40","MED_EI","Median equivalised income","Below 40%","One adult","Percentage",8.5,
2018,"EL","PC","A1","B_40","MED_EI","Median equivalised income","Below 40%","One adult","Percentage",7.3,
2019,"EL","PC","A1","B_40","MED_EI","Median equivalised income","Below 40%","One adult","Percentage",6.1,
2020,"EL","PC","A1","B_40","MED_EI","Median equivalised income","Below 40%","One adult","Percentage",7.3,
2021,"EL","PC","A1","B_40","MED_EI","Median equivalised income","Below 40%","One adult","Percentage",8.6,
2022,"EL","PC","A1","B_40","MED_EI","Median equivalised income","Below 40%","One adult","Percentage",7.6,
2023,"EL","PC","A1","B_40","MED_EI","Median equivalised income","Below 40%","One adult","Percentage",8.4,
2024,"EL","PC","A1","B_40","MED_EI","Median equivalised income","Below 40%","One adult","Percentage",8.6,
2025,"EL","PC","A1","B_40","MED_EI","Median equivalised income","Below 40%","One adult","Percentage",9.1,
2015,"EL","THS_PER","A1_DCH","B_40","MED_EI","Median equivalised income","Below 40%","One adult with dependent children","Thousand persons",32,
2016,"EL","THS_PER","A1_DCH","B_40","MED_EI","Median equivalised income","Below 40%","One adult with dependent children","Thousand persons",28,
2017,"EL","THS_PER","A1_DCH","B_40","MED_EI","Median equivalised income","Below 40%","One adult with dependent children","Thousand persons",25,
2018,"EL","THS_PER","A1_DCH","B_40","MED_EI","Median equivalised income","Below 40%","One adult with dependent children","Thousand persons",22,
2019,"EL","THS_PER","A1_DCH","B_40","MED_EI","Median equivalised income","Below 40%","One adult with dependent children","Thousand persons",14,
2020,"EL","THS_PER","A1_DCH","B_40","MED_EI","Median equivalised income","Below 40%","One adult with dependent children","Thousand persons",17,
2021,"EL","THS_PER","A1_DCH","B_40","MED_EI","Median equivalised income","Below 40%","One adult with dependent children","Thousand persons",20,
2022,"EL","THS_PER","A1_DCH","B_40","MED_EI","Median equivalised income","Below 40%","One adult with dependent children","Thousand persons",25,
2023,"EL","THS_PER","A1_DCH","B_40","MED_EI","Median equivalised income","Below 40%","One adult with dependent children","Thousand persons",27,
2024,"EL","THS_PER","A1_DCH","B_40","MED_EI","Median equivalised income","Below 40%","One adult with dependent children","Thousand persons",23,
2025,"EL","THS_PER","A1_DCH","B_40","MED_EI","Median equivalised income","Below 40%","One adult with dependent children","Thousand persons",22,
1995,"EL","PC","A1_DCH","B_40","MED_EI","Median equivalised income","Below 40%","One adult with dependent children","Percentage",15,
1996,"EL","PC","A1_DCH","B_40","MED_EI","Median equivalised income","Below 40%","One adult with dependent children","Percentage",15,
1997,"EL","PC","A1_DCH","B_40","MED_EI","Median equivalised income","Below 40%","One adult with dependent children","Percentage",15,
1998,"EL","PC","A1_DCH","B_40","MED_EI","Median equivalised income","Below 40%","One adult with dependent children","Percentage",9,
1999,"EL","PC","A1_DCH","B_40","MED_EI","Median equivalised income","Below 40%","One adult with dependent children","Percentage",16,"u"
2000,"EL","PC","A1_DCH","B_40","MED_EI","Median equivalised income","Below 40%","One adult with dependent children","Percentage",13,"u"
2001,"EL","PC","A1_DCH","B_40","MED_EI","Median equivalised income","Below 40%","One adult with dependent children","Percentage",18,
2003,"EL","PC","A1_DCH","B_40","MED_EI","Median equivalised income","Below 40%","One adult with dependent children","Percentage",17.9,"b"
2004,"EL","PC","A1_DCH","B_40","MED_EI","Median equivalised income","Below 40%","One adult with dependent children","Percentage",10.2,
2005,"EL","PC","A1_DCH","B_40","MED_EI","Median equivalised income","Below 40%","One adult with dependent children","Percentage",24.7,
2006,"EL","PC","A1_DCH","B_40","MED_EI","Median equivalised income","Below 40%","One adult with dependent children","Percentage",15.9,
2007,"EL","PC","A1_DCH","B_40","MED_EI","Median equivalised income","Below 40%","One adult with dependent children","Percentage",17,
2008,"EL","PC","A1_DCH","B_40","MED_EI","Median equivalised income","Below 40%","One adult with dependent children","Percentage",9,
2009,"EL","PC","A1_DCH","B_40","MED_EI","Median equivalised income","Below 40%","One adult with dependent children","Percentage",8.2,
2010,"EL","PC","A1_DCH","B_40","MED_EI","Median equivalised income","Below 40%","One adult with dependent children","Percentage",15.1,
2011,"EL","PC","A1_DCH","B_40","MED_EI","Median equivalised income","Below 40%","One adult with dependent children","Percentage",23.5,
2012,"EL","PC","A1_DCH","B_40","MED_EI","Median equivalised income","Below 40%","One adult with dependent children","Percentage",21.7,
2013,"EL","PC","A1_DCH","B_40","MED_EI","Median equivalised income","Below 40%","One adult with dependent children","Percentage",24.8,
2014,"EL","PC","A1_DCH","B_40","MED_EI","Median equivalised income","Below 40%","One adult with dependent children","Percentage",18.7,
2015,"EL","PC","A1_DCH","B_40","MED_EI","Median equivalised income","Below 40%","One adult with dependent children","Percentage",17.5,
2016,"EL","PC","A1_DCH","B_40","MED_EI","Median equivalised income","Below 40%","One adult with dependent children","Percentage",16.7,
2017,"EL","PC","A1_DCH","B_40","MED_EI","Median equivalised income","Below 40%","One adult with dependent children","Percentage",14.8,
2018,"EL","PC","A1_DCH","B_40","MED_EI","Median equivalised income","Below 40%","One adult with dependent children","Percentage",13.7,
2019,"EL","PC","A1_DCH","B_40","MED_EI","Median equivalised income","Below 40%","One adult with dependent children","Percentage",10.4,
2020,"EL","PC","A1_DCH","B_40","MED_EI","Median equivalised income","Below 40%","One adult with dependent children","Percentage",12,
2021,"EL","PC","A1_DCH","B_40","MED_EI","Median equivalised income","Below 40%","One adult with dependent children","Percentage",14.2,
2022,"EL","PC","A1_DCH","B_40","MED_EI","Median equivalised income","Below 40%","One adult with dependent children","Percentage",16.7,
2023,"EL","PC","A1_DCH","B_40","MED_EI","Median equivalised income","Below 40%","One adult with dependent children","Percentage",14,
2024,"EL","PC","A1_DCH","B_40","MED_EI","Median equivalised income","Below 40%","One adult with dependent children","Percentage",13.2,
2025,"EL","PC","A1_DCH","B_40","MED_EI","Median equivalised income","Below 40%","One adult with dependent children","Percentage",13,
2015,"EL","THS_PER","A2","B_40","MED_EI","Median equivalised income","Below 40%","Two adults","Thousand persons",151,
2016,"EL","THS_PER","A2","B_40","MED_EI","Median equivalised income","Below 40%","Two adults","Thousand persons",165,
2017,"EL","THS_PER","A2","B_40","MED_EI","Median equivalised income","Below 40%","Two adults","Thousand persons",148,
2018,"EL","THS_PER","A2","B_40","MED_EI","Median equivalised income","Below 40%","Two adults","Thousand persons",118,
2019,"EL","THS_PER","A2","B_40","MED_EI","Median equivalised income","Below 40%","Two adults","Thousand persons",120,
2020,"EL","THS_PER","A2","B_40","MED_EI","Median equivalised income","Below 40%","Two adults","Thousand persons",109,
2021,"EL","THS_PER","A2","B_40","MED_EI","Median equivalised income","Below 40%","Two adults","Thousand persons",137,
2022,"EL","THS_PER","A2","B_40","MED_EI","Median equivalised income","Below 40%","Two adults","Thousand persons",126,
2023,"EL","THS_PER","A2","B_40","MED_EI","Median equivalised income","Below 40%","Two adults","Thousand persons",119,
2024,"EL","THS_PER","A2","B_40","MED_EI","Median equivalised income","Below 40%","Two adults","Thousand persons",121,
2025,"EL","THS_PER","A2","B_40","MED_EI","Median equivalised income","Below 40%","Two adults","Thousand persons",109,
2003,"EL","PC","A2","B_40","MED_EI","Median equivalised income","Below 40%","Two adults","Percentage",9.5,"b"
2004,"EL","PC","A2","B_40","MED_EI","Median equivalised income","Below 40%","Two adults","Percentage",7.4,
2005,"EL","PC","A2","B_40","MED_EI","Median equivalised income","Below 40%","Two adults","Percentage",7.5,
2006,"EL","PC","A2","B_40","MED_EI","Median equivalised income","Below 40%","Two adults","Percentage",5.9,
2007,"EL","PC","A2","B_40","MED_EI","Median equivalised income","Below 40%","Two adults","Percentage",5.3,
2008,"EL","PC","A2","B_40","MED_EI","Median equivalised income","Below 40%","Two adults","Percentage",4.2,
2009,"EL","PC","A2","B_40","MED_EI","Median equivalised income","Below 40%","Two adults","Percentage",5.1,
2010,"EL","PC","A2","B_40","MED_EI","Median equivalised income","Below 40%","Two adults","Percentage",5.4,
2011,"EL","PC","A2","B_40","MED_EI","Median equivalised income","Below 40%","Two adults","Percentage",5.4,
2012,"EL","PC","A2","B_40","MED_EI","Median equivalised income","Below 40%","Two adults","Percentage",4.8,
2013,"EL","PC","A2","B_40","MED_EI","Median equivalised income","Below 40%","Two adults","Percentage",5.6,
2014,"EL","PC","A2","B_40","MED_EI","Median equivalised income","Below 40%","Two adults","Percentage",7.2,
2015,"EL","PC","A2","B_40","MED_EI","Median equivalised income","Below 40%","Two adults","Percentage",6.3,
2016,"EL","PC","A2","B_40","MED_EI","Median equivalised income","Below 40%","Two adults","Percentage",6.9,
2017,"EL","PC","A2","B_40","MED_EI","Median equivalised income","Below 40%","Two adults","Percentage",6.2,
2018,"EL","PC","A2","B_40","MED_EI","Median equivalised income","Below 40%","Two adults","Percentage",5,
2019,"EL","PC","A2","B_40","MED_EI","Median equivalised income","Below 40%","Two adults","Percentage",5.1,
2020,"EL","PC","A2","B_40","MED_EI","Median equivalised income","Below 40%","Two adults","Percentage",4.6,
2021,"EL","PC","A2","B_40","MED_EI","Median equivalised income","Below 40%","Two adults","Percentage",5.9,
2022,"EL","PC","A2","B_40","MED_EI","Median equivalised income","Below 40%","Two adults","Percentage",5.5,
2023,"EL","PC","A2","B_40","MED_EI","Median equivalised income","Below 40%","Two adults","Percentage",5.1,
2024,"EL","PC","A2","B_40","MED_EI","Median equivalised income","Below 40%","Two adults","Percentage",5.1,
2025,"EL","PC","A2","B_40","MED_EI","Median equivalised income","Below 40%","Two adults","Percentage",4.6,
2015,"EL","THS_PER","A2_DCH1","B_40","MED_EI","Median equivalised income","Below 40%","Two adults with one dependent child","Thousand persons",119,
2016,"EL","THS_PER","A2_DCH1","B_40","MED_EI","Median equivalised income","Below 40%","Two adults with one dependent child","Thousand persons",114,
2017,"EL","THS_PER","A2_DCH1","B_40","MED_EI","Median equivalised income","Below 40%","Two adults with one dependent child","Thousand persons",97,
2018,"EL","THS_PER","A2_DCH1","B_40","MED_EI","Median equivalised income","Below 40%","Two adults with one dependent child","Thousand persons",107,
2019,"EL","THS_PER","A2_DCH1","B_40","MED_EI","Median equivalised income","Below 40%","Two adults with one dependent child","Thousand persons",85,
2020,"EL","THS_PER","A2_DCH1","B_40","MED_EI","Median equivalised income","Below 40%","Two adults with one dependent child","Thousand persons",80,
2021,"EL","THS_PER","A2_DCH1","B_40","MED_EI","Median equivalised income","Below 40%","Two adults with one dependent child","Thousand persons",81,
2022,"EL","THS_PER","A2_DCH1","B_40","MED_EI","Median equivalised income","Below 40%","Two adults with one dependent child","Thousand persons",65,
2023,"EL","THS_PER","A2_DCH1","B_40","MED_EI","Median equivalised income","Below 40%","Two adults with one dependent child","Thousand persons",79,
2024,"EL","THS_PER","A2_DCH1","B_40","MED_EI","Median equivalised income","Below 40%","Two adults with one dependent child","Thousand persons",91,
2025,"EL","THS_PER","A2_DCH1","B_40","MED_EI","Median equivalised income","Below 40%","Two adults with one dependent child","Thousand persons",76,
1995,"EL","PC","A2_DCH1","B_40","MED_EI","Median equivalised income","Below 40%","Two adults with one dependent child","Percentage",4,
1996,"EL","PC","A2_DCH1","B_40","MED_EI","Median equivalised income","Below 40%","Two adults with one dependent child","Percentage",4,
1997,"EL","PC","A2_DCH1","B_40","MED_EI","Median equivalised income","Below 40%","Two adults with one dependent child","Percentage",5,
1998,"EL","PC","A2_DCH1","B_40","MED_EI","Median equivalised income","Below 40%","Two adults with one dependent child","Percentage",4,
1999,"EL","PC","A2_DCH1","B_40","MED_EI","Median equivalised income","Below 40%","Two adults with one dependent child","Percentage",5,
2000,"EL","PC","A2_DCH1","B_40","MED_EI","Median equivalised income","Below 40%","Two adults with one dependent child","Percentage",4,
2001,"EL","PC","A2_DCH1","B_40","MED_EI","Median equivalised income","Below 40%","Two adults with one dependent child","Percentage",4,
2003,"EL","PC","A2_DCH1","B_40","MED_EI","Median equivalised income","Below 40%","Two adults with one dependent child","Percentage",6.3,"b"
2004,"EL","PC","A2_DCH1","B_40","MED_EI","Median equivalised income","Below 40%","Two adults with one dependent child","Percentage",6,
2005,"EL","PC","A2_DCH1","B_40","MED_EI","Median equivalised income","Below 40%","Two adults with one dependent child","Percentage",6.5,
2006,"EL","PC","A2_DCH1","B_40","MED_EI","Median equivalised income","Below 40%","Two adults with one dependent child","Percentage",5.7,
2007,"EL","PC","A2_DCH1","B_40","MED_EI","Median equivalised income","Below 40%","Two adults with one dependent child","Percentage",8.5,
2008,"EL","PC","A2_DCH1","B_40","MED_EI","Median equivalised income","Below 40%","Two adults with one dependent child","Percentage",6.5,
2009,"EL","PC","A2_DCH1","B_40","MED_EI","Median equivalised income","Below 40%","Two adults with one dependent child","Percentage",7.1,
2010,"EL","PC","A2_DCH1","B_40","MED_EI","Median equivalised income","Below 40%","Two adults with one dependent child","Percentage",9.5,
2011,"EL","PC","A2_DCH1","B_40","MED_EI","Median equivalised income","Below 40%","Two adults with one dependent child","Percentage",8.9,
2012,"EL","PC","A2_DCH1","B_40","MED_EI","Median equivalised income","Below 40%","Two adults with one dependent child","Percentage",12.3,
2013,"EL","PC","A2_DCH1","B_40","MED_EI","Median equivalised income","Below 40%","Two adults with one dependent child","Percentage",11.3,
2014,"EL","PC","A2_DCH1","B_40","MED_EI","Median equivalised income","Below 40%","Two adults with one dependent child","Percentage",12,
2015,"EL","PC","A2_DCH1","B_40","MED_EI","Median equivalised income","Below 40%","Two adults with one dependent child","Percentage",10.5,
2016,"EL","PC","A2_DCH1","B_40","MED_EI","Median equivalised income","Below 40%","Two adults with one dependent child","Percentage",9.7,
2017,"EL","PC","A2_DCH1","B_40","MED_EI","Median equivalised income","Below 40%","Two adults with one dependent child","Percentage",8.3,
2018,"EL","PC","A2_DCH1","B_40","MED_EI","Median equivalised income","Below 40%","Two adults with one dependent child","Percentage",8.9,
2019,"EL","PC","A2_DCH1","B_40","MED_EI","Median equivalised income","Below 40%","Two adults with one dependent child","Percentage",7.5,
2020,"EL","PC","A2_DCH1","B_40","MED_EI","Median equivalised income","Below 40%","Two adults with one dependent child","Percentage",7,
2021,"EL","PC","A2_DCH1","B_40","MED_EI","Median equivalised income","Below 40%","Two adults with one dependent child","Percentage",7.1,
2022,"EL","PC","A2_DCH1","B_40","MED_EI","Median equivalised income","Below 40%","Two adults with one dependent child","Percentage",6.9,
2023,"EL","PC","A2_DCH1","B_40","MED_EI","Median equivalised income","Below 40%","Two adults with one dependent child","Percentage",6.9,
2024,"EL","PC","A2_DCH1","B_40","MED_EI","Median equivalised income","Below 40%","Two adults with one dependent child","Percentage",7.8,
2025,"EL","PC","A2_DCH1","B_40","MED_EI","Median equivalised income","Below 40%","Two adults with one dependent child","Percentage",6.5,
2015,"EL","THS_PER","A2_DCH2","B_40","MED_EI","Median equivalised income","Below 40%","Two adults with two dependent children","Thousand persons",212,
2016,"EL","THS_PER","A2_DCH2","B_40","MED_EI","Median equivalised income","Below 40%","Two adults with two dependent children","Thousand persons",201,
2017,"EL","THS_PER","A2_DCH2","B_40","MED_EI","Median equivalised income","Below 40%","Two adults with two dependent children","Thousand persons",173,
2018,"EL","THS_PER","A2_DCH2","B_40","MED_EI","Median equivalised income","Below 40%","Two adults with two dependent children","Thousand persons",138,
2019,"EL","THS_PER","A2_DCH2","B_40","MED_EI","Median equivalised income","Below 40%","Two adults with two dependent children","Thousand persons",121,
2020,"EL","THS_PER","A2_DCH2","B_40","MED_EI","Median equivalised income","Below 40%","Two adults with two dependent children","Thousand persons",123,
2021,"EL","THS_PER","A2_DCH2","B_40","MED_EI","Median equivalised income","Below 40%","Two adults with two dependent children","Thousand persons",154,
2022,"EL","THS_PER","A2_DCH2","B_40","MED_EI","Median equivalised income","Below 40%","Two adults with two dependent children","Thousand persons",98,
2023,"EL","THS_PER","A2_DCH2","B_40","MED_EI","Median equivalised income","Below 40%","Two adults with two dependent children","Thousand persons",79,
2024,"EL","THS_PER","A2_DCH2","B_40","MED_EI","Median equivalised income","Below 40%","Two adults with two dependent children","Thousand persons",87,
2025,"EL","THS_PER","A2_DCH2","B_40","MED_EI","Median equivalised income","Below 40%","Two adults with two dependent children","Thousand persons",111,
1995,"EL","PC","A2_DCH2","B_40","MED_EI","Median equivalised income","Below 40%","Two adults with two dependent children","Percentage",7,
1996,"EL","PC","A2_DCH2","B_40","MED_EI","Median equivalised income","Below 40%","Two adults with two dependent children","Percentage",7,
1997,"EL","PC","A2_DCH2","B_40","MED_EI","Median equivalised income","Below 40%","Two adults with two dependent children","Percentage",6,
1998,"EL","PC","A2_DCH2","B_40","MED_EI","Median equivalised income","Below 40%","Two adults with two dependent children","Percentage",5,
1999,"EL","PC","A2_DCH2","B_40","MED_EI","Median equivalised income","Below 40%","Two adults with two dependent children","Percentage",6,
2000,"EL","PC","A2_DCH2","B_40","MED_EI","Median equivalised income","Below 40%","Two adults with two dependent children","Percentage",7,
2001,"EL","PC","A2_DCH2","B_40","MED_EI","Median equivalised income","Below 40%","Two adults with two dependent children","Percentage",4,
2003,"EL","PC","A2_DCH2","B_40","MED_EI","Median equivalised income","Below 40%","Two adults with two dependent children","Percentage",7.1,"b"
2004,"EL","PC","A2_DCH2","B_40","MED_EI","Median equivalised income","Below 40%","Two adults with two dependent children","Percentage",5.4,
2005,"EL","PC","A2_DCH2","B_40","MED_EI","Median equivalised income","Below 40%","Two adults with two dependent children","Percentage",6.1,
2006,"EL","PC","A2_DCH2","B_40","MED_EI","Median equivalised income","Below 40%","Two adults with two dependent children","Percentage",9,
2007,"EL","PC","A2_DCH2","B_40","MED_EI","Median equivalised income","Below 40%","Two adults with two dependent children","Percentage",8.3,
2008,"EL","PC","A2_DCH2","B_40","MED_EI","Median equivalised income","Below 40%","Two adults with two dependent children","Percentage",8,
2009,"EL","PC","A2_DCH2","B_40","MED_EI","Median equivalised income","Below 40%","Two adults with two dependent children","Percentage",8,
2010,"EL","PC","A2_DCH2","B_40","MED_EI","Median equivalised income","Below 40%","Two adults with two dependent children","Percentage",8,
2011,"EL","PC","A2_DCH2","B_40","MED_EI","Median equivalised income","Below 40%","Two adults with two dependent children","Percentage",9.4,
2012,"EL","PC","A2_DCH2","B_40","MED_EI","Median equivalised income","Below 40%","Two adults with two dependent children","Percentage",14.4,
2013,"EL","PC","A2_DCH2","B_40","MED_EI","Median equivalised income","Below 40%","Two adults with two dependent children","Percentage",15.1,
2014,"EL","PC","A2_DCH2","B_40","MED_EI","Median equivalised income","Below 40%","Two adults with two dependent children","Percentage",10.7,
2015,"EL","PC","A2_DCH2","B_40","MED_EI","Median equivalised income","Below 40%","Two adults with two dependent children","Percentage",11.5,
2016,"EL","PC","A2_DCH2","B_40","MED_EI","Median equivalised income","Below 40%","Two adults with two dependent children","Percentage",11,
2017,"EL","PC","A2_DCH2","B_40","MED_EI","Median equivalised income","Below 40%","Two adults with two dependent children","Percentage",9.8,
2018,"EL","PC","A2_DCH2","B_40","MED_EI","Median equivalised income","Below 40%","Two adults with two dependent children","Percentage",7.9,
2019,"EL","PC","A2_DCH2","B_40","MED_EI","Median equivalised income","Below 40%","Two adults with two dependent children","Percentage",7.5,
2020,"EL","PC","A2_DCH2","B_40","MED_EI","Median equivalised income","Below 40%","Two adults with two dependent children","Percentage",7.2,
2021,"EL","PC","A2_DCH2","B_40","MED_EI","Median equivalised income","Below 40%","Two adults with two dependent children","Percentage",9.2,
2022,"EL","PC","A2_DCH2","B_40","MED_EI","Median equivalised income","Below 40%","Two adults with two dependent children","Percentage",5.9,
2023,"EL","PC","A2_DCH2","B_40","MED_EI","Median equivalised income","Below 40%","Two adults with two dependent children","Percentage",5,
2024,"EL","PC","A2_DCH2","B_40","MED_EI","Median equivalised income","Below 40%","Two adults with two dependent children","Percentage",5.6,
2025,"EL","PC","A2_DCH2","B_40","MED_EI","Median equivalised income","Below 40%","Two adults with two dependent children","Percentage",7.3,
2015,"EL","THS_PER","A2_DCH_GE3","B_40","MED_EI","Median equivalised income","Below 40%","Two adults with three or more dependent children","Thousand persons",94,
2016,"EL","THS_PER","A2_DCH_GE3","B_40","MED_EI","Median equivalised income","Below 40%","Two adults with three or more dependent children","Thousand persons",85,
2017,"EL","THS_PER","A2_DCH_GE3","B_40","MED_EI","Median equivalised income","Below 40%","Two adults with three or more dependent children","Thousand persons",61,
2018,"EL","THS_PER","A2_DCH_GE3","B_40","MED_EI","Median equivalised income","Below 40%","Two adults with three or more dependent children","Thousand persons",68,
2019,"EL","THS_PER","A2_DCH_GE3","B_40","MED_EI","Median equivalised income","Below 40%","Two adults with three or more dependent children","Thousand persons",82,
2020,"EL","THS_PER","A2_DCH_GE3","B_40","MED_EI","Median equivalised income","Below 40%","Two adults with three or more dependent children","Thousand persons",74,
2021,"EL","THS_PER","A2_DCH_GE3","B_40","MED_EI","Median equivalised income","Below 40%","Two adults with three or more dependent children","Thousand persons",157,
2022,"EL","THS_PER","A2_DCH_GE3","B_40","MED_EI","Median equivalised income","Below 40%","Two adults with three or more dependent children","Thousand persons",116,
2023,"EL","THS_PER","A2_DCH_GE3","B_40","MED_EI","Median equivalised income","Below 40%","Two adults with three or more dependent children","Thousand persons",106,
2024,"EL","THS_PER","A2_DCH_GE3","B_40","MED_EI","Median equivalised income","Below 40%","Two adults with three or more dependent children","Thousand persons",109,
2025,"EL","THS_PER","A2_DCH_GE3","B_40","MED_EI","Median equivalised income","Below 40%","Two adults with three or more dependent children","Thousand persons",115,
1995,"EL","PC","A2_DCH_GE3","B_40","MED_EI","Median equivalised income","Below 40%","Two adults with three or more dependent children","Percentage",6,
1996,"EL","PC","A2_DCH_GE3","B_40","MED_EI","Median equivalised income","Below 40%","Two adults with three or more dependent children","Percentage",8,
1997,"EL","PC","A2_DCH_GE3","B_40","MED_EI","Median equivalised income","Below 40%","Two adults with three or more dependent children","Percentage",9,
1998,"EL","PC","A2_DCH_GE3","B_40","MED_EI","Median equivalised income","Below 40%","Two adults with three or more dependent children","Percentage",10,
1999,"EL","PC","A2_DCH_GE3","B_40","MED_EI","Median equivalised income","Below 40%","Two adults with three or more dependent children","Percentage",5,
2000,"EL","PC","A2_DCH_GE3","B_40","MED_EI","Median equivalised income","Below 40%","Two adults with three or more dependent children","Percentage",12,
2001,"EL","PC","A2_DCH_GE3","B_40","MED_EI","Median equivalised income","Below 40%","Two adults with three or more dependent children","Percentage",10,
2003,"EL","PC","A2_DCH_GE3","B_40","MED_EI","Median equivalised income","Below 40%","Two adults with three or more dependent children","Percentage",17.9,"b"
2004,"EL","PC","A2_DCH_GE3","B_40","MED_EI","Median equivalised income","Below 40%","Two adults with three or more dependent children","Percentage",14.3,
2005,"EL","PC","A2_DCH_GE3","B_40","MED_EI","Median equivalised income","Below 40%","Two adults with three or more dependent children","Percentage",8.9,
2006,"EL","PC","A2_DCH_GE3","B_40","MED_EI","Median equivalised income","Below 40%","Two adults with three or more dependent children","Percentage",13.4,
2007,"EL","PC","A2_DCH_GE3","B_40","MED_EI","Median equivalised income","Below 40%","Two adults with three or more dependent children","Percentage",18,
2008,"EL","PC","A2_DCH_GE3","B_40","MED_EI","Median equivalised income","Below 40%","Two adults with three or more dependent children","Percentage",9.4,
2009,"EL","PC","A2_DCH_GE3","B_40","MED_EI","Median equivalised income","Below 40%","Two adults with three or more dependent children","Percentage",10.3,
2010,"EL","PC","A2_DCH_GE3","B_40","MED_EI","Median equivalised income","Below 40%","Two adults with three or more dependent children","Percentage",11.4,
2011,"EL","PC","A2_DCH_GE3","B_40","MED_EI","Median equivalised income","Below 40%","Two adults with three or more dependent children","Percentage",7.6,
2012,"EL","PC","A2_DCH_GE3","B_40","MED_EI","Median equivalised income","Below 40%","Two adults with three or more dependent children","Percentage",14.4,
2013,"EL","PC","A2_DCH_GE3","B_40","MED_EI","Median equivalised income","Below 40%","Two adults with three or more dependent children","Percentage",15.7,
2014,"EL","PC","A2_DCH_GE3","B_40","MED_EI","Median equivalised income","Below 40%","Two adults with three or more dependent children","Percentage",17.4,
2015,"EL","PC","A2_DCH_GE3","B_40","MED_EI","Median equivalised income","Below 40%","Two adults with three or more dependent children","Percentage",14.6,
2016,"EL","PC","A2_DCH_GE3","B_40","MED_EI","Median equivalised income","Below 40%","Two adults with three or more dependent children","Percentage",13.9,
2017,"EL","PC","A2_DCH_GE3","B_40","MED_EI","Median equivalised income","Below 40%","Two adults with three or more dependent children","Percentage",9.9,
2018,"EL","PC","A2_DCH_GE3","B_40","MED_EI","Median equivalised income","Below 40%","Two adults with three or more dependent children","Percentage",10.5,
2019,"EL","PC","A2_DCH_GE3","B_40","MED_EI","Median equivalised income","Below 40%","Two adults with three or more dependent children","Percentage",9.6,
2020,"EL","PC","A2_DCH_GE3","B_40","MED_EI","Median equivalised income","Below 40%","Two adults with three or more dependent children","Percentage",9.7,
2021,"EL","PC","A2_DCH_GE3","B_40","MED_EI","Median equivalised income","Below 40%","Two adults with three or more dependent children","Percentage",15.2,
2022,"EL","PC","A2_DCH_GE3","B_40","MED_EI","Median equivalised income","Below 40%","Two adults with three or more dependent children","Percentage",11,
2023,"EL","PC","A2_DCH_GE3","B_40","MED_EI","Median equivalised income","Below 40%","Two adults with three or more dependent children","Percentage",12.1,
2024,"EL","PC","A2_DCH_GE3","B_40","MED_EI","Median equivalised income","Below 40%","Two adults with three or more dependent children","Percentage",12.5,
2025,"EL","PC","A2_DCH_GE3","B_40","MED_EI","Median equivalised income","Below 40%","Two adults with three or more dependent children","Percentage",13.4,
2015,"EL","THS_PER","A_GE2_DCH","B_40","MED_EI","Median equivalised income","Below 40%","Two or more adults with dependent children","Thousand persons",631,
2016,"EL","THS_PER","A_GE2_DCH","B_40","MED_EI","Median equivalised income","Below 40%","Two or more adults with dependent children","Thousand persons",607,
2017,"EL","THS_PER","A_GE2_DCH","B_40","MED_EI","Median equivalised income","Below 40%","Two or more adults with dependent children","Thousand persons",524,
2018,"EL","THS_PER","A_GE2_DCH","B_40","MED_EI","Median equivalised income","Below 40%","Two or more adults with dependent children","Thousand persons",467,
2019,"EL","THS_PER","A_GE2_DCH","B_40","MED_EI","Median equivalised income","Below 40%","Two or more adults with dependent children","Thousand persons",449,
2020,"EL","THS_PER","A_GE2_DCH","B_40","MED_EI","Median equivalised income","Below 40%","Two or more adults with dependent children","Thousand persons",444,
2021,"EL","THS_PER","A_GE2_DCH","B_40","MED_EI","Median equivalised income","Below 40%","Two or more adults with dependent children","Thousand persons",513,
2022,"EL","THS_PER","A_GE2_DCH","B_40","MED_EI","Median equivalised income","Below 40%","Two or more adults with dependent children","Thousand persons",372,
2023,"EL","THS_PER","A_GE2_DCH","B_40","MED_EI","Median equivalised income","Below 40%","Two or more adults with dependent children","Thousand persons",337,
2024,"EL","THS_PER","A_GE2_DCH","B_40","MED_EI","Median equivalised income","Below 40%","Two or more adults with dependent children","Thousand persons",345,
2025,"EL","THS_PER","A_GE2_DCH","B_40","MED_EI","Median equivalised income","Below 40%","Two or more adults with dependent children","Thousand persons",354,
2003,"EL","PC","A_GE2_DCH","B_40","MED_EI","Median equivalised income","Below 40%","Two or more adults with dependent children","Percentage",9.3,"b"
2004,"EL","PC","A_GE2_DCH","B_40","MED_EI","Median equivalised income","Below 40%","Two or more adults with dependent children","Percentage",6.5,
2005,"EL","PC","A_GE2_DCH","B_40","MED_EI","Median equivalised income","Below 40%","Two or more adults with dependent children","Percentage",6.5,
2006,"EL","PC","A_GE2_DCH","B_40","MED_EI","Median equivalised income","Below 40%","Two or more adults with dependent children","Percentage",9,
2007,"EL","PC","A_GE2_DCH","B_40","MED_EI","Median equivalised income","Below 40%","Two or more adults with dependent children","Percentage",9,
2008,"EL","PC","A_GE2_DCH","B_40","MED_EI","Median equivalised income","Below 40%","Two or more adults with dependent children","Percentage",7.8,
2009,"EL","PC","A_GE2_DCH","B_40","MED_EI","Median equivalised income","Below 40%","Two or more adults with dependent children","Percentage",7.5,
2010,"EL","PC","A_GE2_DCH","B_40","MED_EI","Median equivalised income","Below 40%","Two or more adults with dependent children","Percentage",8.9,
2011,"EL","PC","A_GE2_DCH","B_40","MED_EI","Median equivalised income","Below 40%","Two or more adults with dependent children","Percentage",9.1,
2012,"EL","PC","A_GE2_DCH","B_40","MED_EI","Median equivalised income","Below 40%","Two or more adults with dependent children","Percentage",14.3,
2013,"EL","PC","A_GE2_DCH","B_40","MED_EI","Median equivalised income","Below 40%","Two or more adults with dependent children","Percentage",15.5,
2014,"EL","PC","A_GE2_DCH","B_40","MED_EI","Median equivalised income","Below 40%","Two or more adults with dependent children","Percentage",13.1,
2015,"EL","PC","A_GE2_DCH","B_40","MED_EI","Median equivalised income","Below 40%","Two or more adults with dependent children","Percentage",12.9,
2016,"EL","PC","A_GE2_DCH","B_40","MED_EI","Median equivalised income","Below 40%","Two or more adults with dependent children","Percentage",12.5,
2017,"EL","PC","A_GE2_DCH","B_40","MED_EI","Median equivalised income","Below 40%","Two or more adults with dependent children","Percentage",10.9,
2018,"EL","PC","A_GE2_DCH","B_40","MED_EI","Median equivalised income","Below 40%","Two or more adults with dependent children","Percentage",9.7,
2019,"EL","PC","A_GE2_DCH","B_40","MED_EI","Median equivalised income","Below 40%","Two or more adults with dependent children","Percentage",9.2,
2020,"EL","PC","A_GE2_DCH","B_40","MED_EI","Median equivalised income","Below 40%","Two or more adults with dependent children","Percentage",9.2,
2021,"EL","PC","A_GE2_DCH","B_40","MED_EI","Median equivalised income","Below 40%","Two or more adults with dependent children","Percentage",10.3,
2022,"EL","PC","A_GE2_DCH","B_40","MED_EI","Median equivalised income","Below 40%","Two or more adults with dependent children","Percentage",7.8,
2023,"EL","PC","A_GE2_DCH","B_40","MED_EI","Median equivalised income","Below 40%","Two or more adults with dependent children","Percentage",7.4,
2024,"EL","PC","A_GE2_DCH","B_40","MED_EI","Median equivalised income","Below 40%","Two or more adults with dependent children","Percentage",7.6,
2025,"EL","PC","A_GE2_DCH","B_40","MED_EI","Median equivalised income","Below 40%","Two or more adults with dependent children","Percentage",7.8,
2015,"EL","THS_PER","A_GE2_NDCH","B_40","MED_EI","Median equivalised income","Below 40%","Two or more adults without dependent children","Thousand persons",318,
2016,"EL","THS_PER","A_GE2_NDCH","B_40","MED_EI","Median equivalised income","Below 40%","Two or more adults without dependent children","Thousand persons",357,
2017,"EL","THS_PER","A_GE2_NDCH","B_40","MED_EI","Median equivalised income","Below 40%","Two or more adults without dependent children","Thousand persons",335,
2018,"EL","THS_PER","A_GE2_NDCH","B_40","MED_EI","Median equivalised income","Below 40%","Two or more adults without dependent children","Thousand persons",279,
2019,"EL","THS_PER","A_GE2_NDCH","B_40","MED_EI","Median equivalised income","Below 40%","Two or more adults without dependent children","Thousand persons",250,
2020,"EL","THS_PER","A_GE2_NDCH","B_40","MED_EI","Median equivalised income","Below 40%","Two or more adults without dependent children","Thousand persons",227,
2021,"EL","THS_PER","A_GE2_NDCH","B_40","MED_EI","Median equivalised income","Below 40%","Two or more adults without dependent children","Thousand persons",245,
2022,"EL","THS_PER","A_GE2_NDCH","B_40","MED_EI","Median equivalised income","Below 40%","Two or more adults without dependent children","Thousand persons",216,
2023,"EL","THS_PER","A_GE2_NDCH","B_40","MED_EI","Median equivalised income","Below 40%","Two or more adults without dependent children","Thousand persons",178,
2024,"EL","THS_PER","A_GE2_NDCH","B_40","MED_EI","Median equivalised income","Below 40%","Two or more adults without dependent children","Thousand persons",214,
2025,"EL","THS_PER","A_GE2_NDCH","B_40","MED_EI","Median equivalised income","Below 40%","Two or more adults without dependent children","Thousand persons",180,
2003,"EL","PC","A_GE2_NDCH","B_40","MED_EI","Median equivalised income","Below 40%","Two or more adults without dependent children","Percentage",7.9,"b"
2004,"EL","PC","A_GE2_NDCH","B_40","MED_EI","Median equivalised income","Below 40%","Two or more adults without dependent children","Percentage",6.8,
2005,"EL","PC","A_GE2_NDCH","B_40","MED_EI","Median equivalised income","Below 40%","Two or more adults without dependent children","Percentage",6.2,
2006,"EL","PC","A_GE2_NDCH","B_40","MED_EI","Median equivalised income","Below 40%","Two or more adults without dependent children","Percentage",5.9,
2007,"EL","PC","A_GE2_NDCH","B_40","MED_EI","Median equivalised income","Below 40%","Two or more adults without dependent children","Percentage",5.1,
2008,"EL","PC","A_GE2_NDCH","B_40","MED_EI","Median equivalised income","Below 40%","Two or more adults without dependent children","Percentage",4.9,
2009,"EL","PC","A_GE2_NDCH","B_40","MED_EI","Median equivalised income","Below 40%","Two or more adults without dependent children","Percentage",4.8,
2010,"EL","PC","A_GE2_NDCH","B_40","MED_EI","Median equivalised income","Below 40%","Two or more adults without dependent children","Percentage",5.1,
2011,"EL","PC","A_GE2_NDCH","B_40","MED_EI","Median equivalised income","Below 40%","Two or more adults without dependent children","Percentage",5.9,
2012,"EL","PC","A_GE2_NDCH","B_40","MED_EI","Median equivalised income","Below 40%","Two or more adults without dependent children","Percentage",6.8,
2013,"EL","PC","A_GE2_NDCH","B_40","MED_EI","Median equivalised income","Below 40%","Two or more adults without dependent children","Percentage",6.9,
2014,"EL","PC","A_GE2_NDCH","B_40","MED_EI","Median equivalised income","Below 40%","Two or more adults without dependent children","Percentage",8.1,
2015,"EL","PC","A_GE2_NDCH","B_40","MED_EI","Median equivalised income","Below 40%","Two or more adults without dependent children","Percentage",7,
2016,"EL","PC","A_GE2_NDCH","B_40","MED_EI","Median equivalised income","Below 40%","Two or more adults without dependent children","Percentage",7.9,
2017,"EL","PC","A_GE2_NDCH","B_40","MED_EI","Median equivalised income","Below 40%","Two or more adults without dependent children","Percentage",7.4,
2018,"EL","PC","A_GE2_NDCH","B_40","MED_EI","Median equivalised income","Below 40%","Two or more adults without dependent children","Percentage",6.3,
2019,"EL","PC","A_GE2_NDCH","B_40","MED_EI","Median equivalised income","Below 40%","Two or more adults without dependent children","Percentage",5.6,
2020,"EL","PC","A_GE2_NDCH","B_40","MED_EI","Median equivalised income","Below 40%","Two or more adults without dependent children","Percentage",5.1,
2021,"EL","PC","A_GE2_NDCH","B_40","MED_EI","Median equivalised income","Below 40%","Two or more adults without dependent children","Percentage",5.7,
2022,"EL","PC","A_GE2_NDCH","B_40","MED_EI","Median equivalised income","Below 40%","Two or more adults without dependent children","Percentage",4.9,
2023,"EL","PC","A_GE2_NDCH","B_40","MED_EI","Median equivalised income","Below 40%","Two or more adults without dependent children","Percentage",4.4,
2024,"EL","PC","A_GE2_NDCH","B_40","MED_EI","Median equivalised income","Below 40%","Two or more adults without dependent children","Percentage",5.3,
2025,"EL","PC","A_GE2_NDCH","B_40","MED_EI","Median equivalised income","Below 40%","Two or more adults without dependent children","Percentage",4.4,
2015,"EL","THS_PER","A_GE3","B_40","MED_EI","Median equivalised income","Below 40%","Three or more adults","Thousand persons",167,
2016,"EL","THS_PER","A_GE3","B_40","MED_EI","Median equivalised income","Below 40%","Three or more adults","Thousand persons",192,
2017,"EL","THS_PER","A_GE3","B_40","MED_EI","Median equivalised income","Below 40%","Three or more adults","Thousand persons",187,
2018,"EL","THS_PER","A_GE3","B_40","MED_EI","Median equivalised income","Below 40%","Three or more adults","Thousand persons",161,
2019,"EL","THS_PER","A_GE3","B_40","MED_EI","Median equivalised income","Below 40%","Three or more adults","Thousand persons",130,
2020,"EL","THS_PER","A_GE3","B_40","MED_EI","Median equivalised income","Below 40%","Three or more adults","Thousand persons",118,
2021,"EL","THS_PER","A_GE3","B_40","MED_EI","Median equivalised income","Below 40%","Three or more adults","Thousand persons",108,
2022,"EL","THS_PER","A_GE3","B_40","MED_EI","Median equivalised income","Below 40%","Three or more adults","Thousand persons",90,
2023,"EL","THS_PER","A_GE3","B_40","MED_EI","Median equivalised income","Below 40%","Three or more adults","Thousand persons",60,
2024,"EL","THS_PER","A_GE3","B_40","MED_EI","Median equivalised income","Below 40%","Three or more adults","Thousand persons",92,
2025,"EL","THS_PER","A_GE3","B_40","MED_EI","Median equivalised income","Below 40%","Three or more adults","Thousand persons",72,
1995,"EL","PC","A_GE3","B_40","MED_EI","Median equivalised income","Below 40%","Three or more adults","Percentage",8,
1996,"EL","PC","A_GE3","B_40","MED_EI","Median equivalised income","Below 40%","Three or more adults","Percentage",7,
1997,"EL","PC","A_GE3","B_40","MED_EI","Median equivalised income","Below 40%","Three or more adults","Percentage",8,
1998,"EL","PC","A_GE3","B_40","MED_EI","Median equivalised income","Below 40%","Three or more adults","Percentage",7,
1999,"EL","PC","A_GE3","B_40","MED_EI","Median equivalised income","Below 40%","Three or more adults","Percentage",6,
2000,"EL","PC","A_GE3","B_40","MED_EI","Median equivalised income","Below 40%","Three or more adults","Percentage",7,
2001,"EL","PC","A_GE3","B_40","MED_EI","Median equivalised income","Below 40%","Three or more adults","Percentage",7,
2003,"EL","PC","A_GE3","B_40","MED_EI","Median equivalised income","Below 40%","Three or more adults","Percentage",6.4,"b"
2004,"EL","PC","A_GE3","B_40","MED_EI","Median equivalised income","Below 40%","Three or more adults","Percentage",6.3,
2005,"EL","PC","A_GE3","B_40","MED_EI","Median equivalised income","Below 40%","Three or more adults","Percentage",5,
2006,"EL","PC","A_GE3","B_40","MED_EI","Median equivalised income","Below 40%","Three or more adults","Percentage",6,
2007,"EL","PC","A_GE3","B_40","MED_EI","Median equivalised income","Below 40%","Three or more adults","Percentage",4.9,
2008,"EL","PC","A_GE3","B_40","MED_EI","Median equivalised income","Below 40%","Three or more adults","Percentage",5.4,
2009,"EL","PC","A_GE3","B_40","MED_EI","Median equivalised income","Below 40%","Three or more adults","Percentage",4.7,
2010,"EL","PC","A_GE3","B_40","MED_EI","Median equivalised income","Below 40%","Three or more adults","Percentage",4.8,
2011,"EL","PC","A_GE3","B_40","MED_EI","Median equivalised income","Below 40%","Three or more adults","Percentage",6.4,
2012,"EL","PC","A_GE3","B_40","MED_EI","Median equivalised income","Below 40%","Three or more adults","Percentage",8.6,
2013,"EL","PC","A_GE3","B_40","MED_EI","Median equivalised income","Below 40%","Three or more adults","Percentage",8.3,
2014,"EL","PC","A_GE3","B_40","MED_EI","Median equivalised income","Below 40%","Three or more adults","Percentage",9.1,
2015,"EL","PC","A_GE3","B_40","MED_EI","Median equivalised income","Below 40%","Three or more adults","Percentage",7.8,
2016,"EL","PC","A_GE3","B_40","MED_EI","Median equivalised income","Below 40%","Three or more adults","Percentage",8.9,
2017,"EL","PC","A_GE3","B_40","MED_EI","Median equivalised income","Below 40%","Three or more adults","Percentage",8.6,
2018,"EL","PC","A_GE3","B_40","MED_EI","Median equivalised income","Below 40%","Three or more adults","Percentage",7.7,
2019,"EL","PC","A_GE3","B_40","MED_EI","Median equivalised income","Below 40%","Three or more adults","Percentage",6.2,
2020,"EL","PC","A_GE3","B_40","MED_EI","Median equivalised income","Below 40%","Three or more adults","Percentage",5.6,
2021,"EL","PC","A_GE3","B_40","MED_EI","Median equivalised income","Below 40%","Three or more adults","Percentage",5.5,
2022,"EL","PC","A_GE3","B_40","MED_EI","Median equivalised income","Below 40%","Three or more adults","Percentage",4.3,
2023,"EL","PC","A_GE3","B_40","MED_EI","Median equivalised income","Below 40%","Three or more adults","Percentage",3.5,
2024,"EL","PC","A_GE3","B_40","MED_EI","Median equivalised income","Below 40%","Three or more adults","Percentage",5.4,
2025,"EL","PC","A_GE3","B_40","MED_EI","Median equivalised income","Below 40%","Three or more adults","Percentage",4.2,
2015,"EL","THS_PER","A_GE3_DCH","B_40","MED_EI","Median equivalised income","Below 40%","Three or more adults with dependent children","Thousand persons",206,
2016,"EL","THS_PER","A_GE3_DCH","B_40","MED_EI","Median equivalised income","Below 40%","Three or more adults with dependent children","Thousand persons",207,
2017,"EL","THS_PER","A_GE3_DCH","B_40","MED_EI","Median equivalised income","Below 40%","Three or more adults with dependent children","Thousand persons",193,
2018,"EL","THS_PER","A_GE3_DCH","B_40","MED_EI","Median equivalised income","Below 40%","Three or more adults with dependent children","Thousand persons",154,
2019,"EL","THS_PER","A_GE3_DCH","B_40","MED_EI","Median equivalised income","Below 40%","Three or more adults with dependent children","Thousand persons",161,
2020,"EL","THS_PER","A_GE3_DCH","B_40","MED_EI","Median equivalised income","Below 40%","Three or more adults with dependent children","Thousand persons",167,
2021,"EL","THS_PER","A_GE3_DCH","B_40","MED_EI","Median equivalised income","Below 40%","Three or more adults with dependent children","Thousand persons",121,
2022,"EL","THS_PER","A_GE3_DCH","B_40","MED_EI","Median equivalised income","Below 40%","Three or more adults with dependent children","Thousand persons",93,
2023,"EL","THS_PER","A_GE3_DCH","B_40","MED_EI","Median equivalised income","Below 40%","Three or more adults with dependent children","Thousand persons",72,
2024,"EL","THS_PER","A_GE3_DCH","B_40","MED_EI","Median equivalised income","Below 40%","Three or more adults with dependent children","Thousand persons",58,
2025,"EL","THS_PER","A_GE3_DCH","B_40","MED_EI","Median equivalised income","Below 40%","Three or more adults with dependent children","Thousand persons",52,
1995,"EL","PC","A_GE3_DCH","B_40","MED_EI","Median equivalised income","Below 40%","Three or more adults with dependent children","Percentage",11,
1996,"EL","PC","A_GE3_DCH","B_40","MED_EI","Median equivalised income","Below 40%","Three or more adults with dependent children","Percentage",11,
1997,"EL","PC","A_GE3_DCH","B_40","MED_EI","Median equivalised income","Below 40%","Three or more adults with dependent children","Percentage",13,
1998,"EL","PC","A_GE3_DCH","B_40","MED_EI","Median equivalised income","Below 40%","Three or more adults with dependent children","Percentage",10,
1999,"EL","PC","A_GE3_DCH","B_40","MED_EI","Median equivalised income","Below 40%","Three or more adults with dependent children","Percentage",10,
2000,"EL","PC","A_GE3_DCH","B_40","MED_EI","Median equivalised income","Below 40%","Three or more adults with dependent children","Percentage",10,
2001,"EL","PC","A_GE3_DCH","B_40","MED_EI","Median equivalised income","Below 40%","Three or more adults with dependent children","Percentage",9,
2003,"EL","PC","A_GE3_DCH","B_40","MED_EI","Median equivalised income","Below 40%","Three or more adults with dependent children","Percentage",13,"b"
2004,"EL","PC","A_GE3_DCH","B_40","MED_EI","Median equivalised income","Below 40%","Three or more adults with dependent children","Percentage",9.2,
2005,"EL","PC","A_GE3_DCH","B_40","MED_EI","Median equivalised income","Below 40%","Three or more adults with dependent children","Percentage",6.9,
2006,"EL","PC","A_GE3_DCH","B_40","MED_EI","Median equivalised income","Below 40%","Three or more adults with dependent children","Percentage",11,
2007,"EL","PC","A_GE3_DCH","B_40","MED_EI","Median equivalised income","Below 40%","Three or more adults with dependent children","Percentage",8.2,
2008,"EL","PC","A_GE3_DCH","B_40","MED_EI","Median equivalised income","Below 40%","Three or more adults with dependent children","Percentage",8.5,
2009,"EL","PC","A_GE3_DCH","B_40","MED_EI","Median equivalised income","Below 40%","Three or more adults with dependent children","Percentage",5.7,
2010,"EL","PC","A_GE3_DCH","B_40","MED_EI","Median equivalised income","Below 40%","Three or more adults with dependent children","Percentage",9.9,
2011,"EL","PC","A_GE3_DCH","B_40","MED_EI","Median equivalised income","Below 40%","Three or more adults with dependent children","Percentage",8.6,
2012,"EL","PC","A_GE3_DCH","B_40","MED_EI","Median equivalised income","Below 40%","Three or more adults with dependent children","Percentage",16.6,
2013,"EL","PC","A_GE3_DCH","B_40","MED_EI","Median equivalised income","Below 40%","Three or more adults with dependent children","Percentage",20,
2014,"EL","PC","A_GE3_DCH","B_40","MED_EI","Median equivalised income","Below 40%","Three or more adults with dependent children","Percentage",16.7,
2015,"EL","PC","A_GE3_DCH","B_40","MED_EI","Median equivalised income","Below 40%","Three or more adults with dependent children","Percentage",16.1,
2016,"EL","PC","A_GE3_DCH","B_40","MED_EI","Median equivalised income","Below 40%","Three or more adults with dependent children","Percentage",16.7,
2017,"EL","PC","A_GE3_DCH","B_40","MED_EI","Median equivalised income","Below 40%","Three or more adults with dependent children","Percentage",15.4,
2018,"EL","PC","A_GE3_DCH","B_40","MED_EI","Median equivalised income","Below 40%","Three or more adults with dependent children","Percentage",12.5,
2019,"EL","PC","A_GE3_DCH","B_40","MED_EI","Median equivalised income","Below 40%","Three or more adults with dependent children","Percentage",12.7,
2020,"EL","PC","A_GE3_DCH","B_40","MED_EI","Median equivalised income","Below 40%","Three or more adults with dependent children","Percentage",13.4,
2021,"EL","PC","A_GE3_DCH","B_40","MED_EI","Median equivalised income","Below 40%","Three or more adults with dependent children","Percentage",10.6,
2022,"EL","PC","A_GE3_DCH","B_40","MED_EI","Median equivalised income","Below 40%","Three or more adults with dependent children","Percentage",8.5,
2023,"EL","PC","A_GE3_DCH","B_40","MED_EI","Median equivalised income","Below 40%","Three or more adults with dependent children","Percentage",7.6,
2024,"EL","PC","A_GE3_DCH","B_40","MED_EI","Median equivalised income","Below 40%","Three or more adults with dependent children","Percentage",6.1,
2025,"EL","PC","A_GE3_DCH","B_40","MED_EI","Median equivalised income","Below 40%","Three or more adults with dependent children","Percentage",5.3,
2015,"EL","THS_PER","DCH","B_40","MED_EI","Median equivalised income","Below 40%","Household with dependent children","Thousand persons",663,
2016,"EL","THS_PER","DCH","B_40","MED_EI","Median equivalised income","Below 40%","Household with dependent children","Thousand persons",635,
2017,"EL","THS_PER","DCH","B_40","MED_EI","Median equivalised income","Below 40%","Household with dependent children","Thousand persons",549,
2018,"EL","THS_PER","DCH","B_40","MED_EI","Median equivalised income","Below 40%","Household with dependent children","Thousand persons",489,
2019,"EL","THS_PER","DCH","B_40","MED_EI","Median equivalised income","Below 40%","Household with dependent children","Thousand persons",462,
2020,"EL","THS_PER","DCH","B_40","MED_EI","Median equivalised income","Below 40%","Household with dependent children","Thousand persons",461,
2021,"EL","THS_PER","DCH","B_40","MED_EI","Median equivalised income","Below 40%","Household with dependent children","Thousand persons",533,
2022,"EL","THS_PER","DCH","B_40","MED_EI","Median equivalised income","Below 40%","Household with dependent children","Thousand persons",397,
2023,"EL","THS_PER","DCH","B_40","MED_EI","Median equivalised income","Below 40%","Household with dependent children","Thousand persons",364,
2024,"EL","THS_PER","DCH","B_40","MED_EI","Median equivalised income","Below 40%","Household with dependent children","Thousand persons",367,
2025,"EL","THS_PER","DCH","B_40","MED_EI","Median equivalised income","Below 40%","Household with dependent children","Thousand persons",376,
1995,"EL","PC","DCH","B_40","MED_EI","Median equivalised income","Below 40%","Household with dependent children","Percentage",8,
1996,"EL","PC","DCH","B_40","MED_EI","Median equivalised income","Below 40%","Household with dependent children","Percentage",8,
1997,"EL","PC","DCH","B_40","MED_EI","Median equivalised income","Below 40%","Household with dependent children","Percentage",8,
1998,"EL","PC","DCH","B_40","MED_EI","Median equivalised income","Below 40%","Household with dependent children","Percentage",7,
1999,"EL","PC","DCH","B_40","MED_EI","Median equivalised income","Below 40%","Household with dependent children","Percentage",7,
2000,"EL","PC","DCH","B_40","MED_EI","Median equivalised income","Below 40%","Household with dependent children","Percentage",8,
2001,"EL","PC","DCH","B_40","MED_EI","Median equivalised income","Below 40%","Household with dependent children","Percentage",7,
2003,"EL","PC","DCH","B_40","MED_EI","Median equivalised income","Below 40%","Household with dependent children","Percentage",9.6,"b"
2004,"EL","PC","DCH","B_40","MED_EI","Median equivalised income","Below 40%","Household with dependent children","Percentage",6.6,
2005,"EL","PC","DCH","B_40","MED_EI","Median equivalised income","Below 40%","Household with dependent children","Percentage",7.1,
2006,"EL","PC","DCH","B_40","MED_EI","Median equivalised income","Below 40%","Household with dependent children","Percentage",9.2,
2007,"EL","PC","DCH","B_40","MED_EI","Median equivalised income","Below 40%","Household with dependent children","Percentage",9.2,
2008,"EL","PC","DCH","B_40","MED_EI","Median equivalised income","Below 40%","Household with dependent children","Percentage",7.9,
2009,"EL","PC","DCH","B_40","MED_EI","Median equivalised income","Below 40%","Household with dependent children","Percentage",7.5,
2010,"EL","PC","DCH","B_40","MED_EI","Median equivalised income","Below 40%","Household with dependent children","Percentage",9,
2011,"EL","PC","DCH","B_40","MED_EI","Median equivalised income","Below 40%","Household with dependent children","Percentage",9.4,
2012,"EL","PC","DCH","B_40","MED_EI","Median equivalised income","Below 40%","Household with dependent children","Percentage",14.5,
2013,"EL","PC","DCH","B_40","MED_EI","Median equivalised income","Below 40%","Household with dependent children","Percentage",15.8,
2014,"EL","PC","DCH","B_40","MED_EI","Median equivalised income","Below 40%","Household with dependent children","Percentage",13.4,
2015,"EL","PC","DCH","B_40","MED_EI","Median equivalised income","Below 40%","Household with dependent children","Percentage",13,
2016,"EL","PC","DCH","B_40","MED_EI","Median equivalised income","Below 40%","Household with dependent children","Percentage",12.7,
2017,"EL","PC","DCH","B_40","MED_EI","Median equivalised income","Below 40%","Household with dependent children","Percentage",11,
2018,"EL","PC","DCH","B_40","MED_EI","Median equivalised income","Below 40%","Household with dependent children","Percentage",9.8,
2019,"EL","PC","DCH","B_40","MED_EI","Median equivalised income","Below 40%","Household with dependent children","Percentage",9.3,
2020,"EL","PC","DCH","B_40","MED_EI","Median equivalised income","Below 40%","Household with dependent children","Percentage",9.2,
2021,"EL","PC","DCH","B_40","MED_EI","Median equivalised income","Below 40%","Household with dependent children","Percentage",10.4,
2022,"EL","PC","DCH","B_40","MED_EI","Median equivalised income","Below 40%","Household with dependent children","Percentage",8.1,
2023,"EL","PC","DCH","B_40","MED_EI","Median equivalised income","Below 40%","Household with dependent children","Percentage",7.7,
2024,"EL","PC","DCH","B_40","MED_EI","Median equivalised income","Below 40%","Household with dependent children","Percentage",7.8,
2025,"EL","PC","DCH","B_40","MED_EI","Median equivalised income","Below 40%","Household with dependent children","Percentage",8,
2015,"EL","THS_PER","NDCH","B_40","MED_EI","Median equivalised income","Below 40%","Household without dependent children","Thousand persons",413,
2016,"EL","THS_PER","NDCH","B_40","MED_EI","Median equivalised income","Below 40%","Household without dependent children","Thousand persons",448,
2017,"EL","THS_PER","NDCH","B_40","MED_EI","Median equivalised income","Below 40%","Household without dependent children","Thousand persons",426,
2018,"EL","THS_PER","NDCH","B_40","MED_EI","Median equivalised income","Below 40%","Household without dependent children","Thousand persons",356,
2019,"EL","THS_PER","NDCH","B_40","MED_EI","Median equivalised income","Below 40%","Household without dependent children","Thousand persons",314,
2020,"EL","THS_PER","NDCH","B_40","MED_EI","Median equivalised income","Below 40%","Household without dependent children","Thousand persons",304,
2021,"EL","THS_PER","NDCH","B_40","MED_EI","Median equivalised income","Below 40%","Household without dependent children","Thousand persons",336,
2022,"EL","THS_PER","NDCH","B_40","MED_EI","Median equivalised income","Below 40%","Household without dependent children","Thousand persons",295,
2023,"EL","THS_PER","NDCH","B_40","MED_EI","Median equivalised income","Below 40%","Household without dependent children","Thousand persons",295,
2024,"EL","THS_PER","NDCH","B_40","MED_EI","Median equivalised income","Below 40%","Household without dependent children","Thousand persons",334,
2025,"EL","THS_PER","NDCH","B_40","MED_EI","Median equivalised income","Below 40%","Household without dependent children","Thousand persons",307,
1995,"EL","PC","NDCH","B_40","MED_EI","Median equivalised income","Below 40%","Household without dependent children","Percentage",13,
1996,"EL","PC","NDCH","B_40","MED_EI","Median equivalised income","Below 40%","Household without dependent children","Percentage",11,
1997,"EL","PC","NDCH","B_40","MED_EI","Median equivalised income","Below 40%","Household without dependent children","Percentage",13,
1998,"EL","PC","NDCH","B_40","MED_EI","Median equivalised income","Below 40%","Household without dependent children","Percentage",12,
1999,"EL","PC","NDCH","B_40","MED_EI","Median equivalised income","Below 40%","Household without dependent children","Percentage",11,
2000,"EL","PC","NDCH","B_40","MED_EI","Median equivalised income","Below 40%","Household without dependent children","Percentage",10,
2001,"EL","PC","NDCH","B_40","MED_EI","Median equivalised income","Below 40%","Household without dependent children","Percentage",11,
2003,"EL","PC","NDCH","B_40","MED_EI","Median equivalised income","Below 40%","Household without dependent children","Percentage",8.9,"b"
2004,"EL","PC","NDCH","B_40","MED_EI","Median equivalised income","Below 40%","Household without dependent children","Percentage",8.3,
2005,"EL","PC","NDCH","B_40","MED_EI","Median equivalised income","Below 40%","Household without dependent children","Percentage",7.4,
2006,"EL","PC","NDCH","B_40","MED_EI","Median equivalised income","Below 40%","Household without dependent children","Percentage",6.8,
2007,"EL","PC","NDCH","B_40","MED_EI","Median equivalised income","Below 40%","Household without dependent children","Percentage",6.1,
2008,"EL","PC","NDCH","B_40","MED_EI","Median equivalised income","Below 40%","Household without dependent children","Percentage",5.6,
2009,"EL","PC","NDCH","B_40","MED_EI","Median equivalised income","Below 40%","Household without dependent children","Percentage",5.7,
2010,"EL","PC","NDCH","B_40","MED_EI","Median equivalised income","Below 40%","Household without dependent children","Percentage",5.7,
2011,"EL","PC","NDCH","B_40","MED_EI","Median equivalised income","Below 40%","Household without dependent children","Percentage",6.8,
2012,"EL","PC","NDCH","B_40","MED_EI","Median equivalised income","Below 40%","Household without dependent children","Percentage",6.8,
2013,"EL","PC","NDCH","B_40","MED_EI","Median equivalised income","Below 40%","Household without dependent children","Percentage",7,
2014,"EL","PC","NDCH","B_40","MED_EI","Median equivalised income","Below 40%","Household without dependent children","Percentage",7.7,
2015,"EL","PC","NDCH","B_40","MED_EI","Median equivalised income","Below 40%","Household without dependent children","Percentage",7.4,
2016,"EL","PC","NDCH","B_40","MED_EI","Median equivalised income","Below 40%","Household without dependent children","Percentage",8,
2017,"EL","PC","NDCH","B_40","MED_EI","Median equivalised income","Below 40%","Household without dependent children","Percentage",7.6,
2018,"EL","PC","NDCH","B_40","MED_EI","Median equivalised income","Below 40%","Household without dependent children","Percentage",6.5,
2019,"EL","PC","NDCH","B_40","MED_EI","Median equivalised income","Below 40%","Household without dependent children","Percentage",5.7,
2020,"EL","PC","NDCH","B_40","MED_EI","Median equivalised income","Below 40%","Household without dependent children","Percentage",5.5,
2021,"EL","PC","NDCH","B_40","MED_EI","Median equivalised income","Below 40%","Household without dependent children","Percentage",6.3,
2022,"EL","PC","NDCH","B_40","MED_EI","Median equivalised income","Below 40%","Household without dependent children","Percentage",5.4,
2023,"EL","PC","NDCH","B_40","MED_EI","Median equivalised income","Below 40%","Household without dependent children","Percentage",5.4,
2024,"EL","PC","NDCH","B_40","MED_EI","Median equivalised income","Below 40%","Household without dependent children","Percentage",6.1,
2025,"EL","PC","NDCH","B_40","MED_EI","Median equivalised income","Below 40%","Household without dependent children","Percentage",5.6,
1995,"EL","PC","A1_LT64","B_40","MED_EI","Median equivalised income","Below 40%","One adult younger than 64 years","Percentage",13,
1996,"EL","PC","A1_LT64","B_40","MED_EI","Median equivalised income","Below 40%","One adult younger than 64 years","Percentage",11,
1997,"EL","PC","A1_LT64","B_40","MED_EI","Median equivalised income","Below 40%","One adult younger than 64 years","Percentage",13,
1998,"EL","PC","A1_LT64","B_40","MED_EI","Median equivalised income","Below 40%","One adult younger than 64 years","Percentage",15,
1999,"EL","PC","A1_LT64","B_40","MED_EI","Median equivalised income","Below 40%","One adult younger than 64 years","Percentage",14,
2000,"EL","PC","A1_LT64","B_40","MED_EI","Median equivalised income","Below 40%","One adult younger than 64 years","Percentage",14,
2001,"EL","PC","A1_LT64","B_40","MED_EI","Median equivalised income","Below 40%","One adult younger than 64 years","Percentage",13,
2015,"EL","THS_PER","A1_LT65","B_40","MED_EI","Median equivalised income","Below 40%","One adult younger than 65 years","Thousand persons",83,
2016,"EL","THS_PER","A1_LT65","B_40","MED_EI","Median equivalised income","Below 40%","One adult younger than 65 years","Thousand persons",76,
2017,"EL","THS_PER","A1_LT65","B_40","MED_EI","Median equivalised income","Below 40%","One adult younger than 65 years","Thousand persons",70,
2018,"EL","THS_PER","A1_LT65","B_40","MED_EI","Median equivalised income","Below 40%","One adult younger than 65 years","Thousand persons",65,
2019,"EL","THS_PER","A1_LT65","B_40","MED_EI","Median equivalised income","Below 40%","One adult younger than 65 years","Thousand persons",53,
2020,"EL","THS_PER","A1_LT65","B_40","MED_EI","Median equivalised income","Below 40%","One adult younger than 65 years","Thousand persons",67,
2021,"EL","THS_PER","A1_LT65","B_40","MED_EI","Median equivalised income","Below 40%","One adult younger than 65 years","Thousand persons",76,
2022,"EL","THS_PER","A1_LT65","B_40","MED_EI","Median equivalised income","Below 40%","One adult younger than 65 years","Thousand persons",64,
2023,"EL","THS_PER","A1_LT65","B_40","MED_EI","Median equivalised income","Below 40%","One adult younger than 65 years","Thousand persons",95,
2024,"EL","THS_PER","A1_LT65","B_40","MED_EI","Median equivalised income","Below 40%","One adult younger than 65 years","Thousand persons",98,
2025,"EL","THS_PER","A1_LT65","B_40","MED_EI","Median equivalised income","Below 40%","One adult younger than 65 years","Thousand persons",88,
2003,"EL","PC","A1_LT65","B_40","MED_EI","Median equivalised income","Below 40%","One adult younger than 65 years","Percentage",9.9,"b"
2004,"EL","PC","A1_LT65","B_40","MED_EI","Median equivalised income","Below 40%","One adult younger than 65 years","Percentage",12.5,
2005,"EL","PC","A1_LT65","B_40","MED_EI","Median equivalised income","Below 40%","One adult younger than 65 years","Percentage",8.7,
2006,"EL","PC","A1_LT65","B_40","MED_EI","Median equivalised income","Below 40%","One adult younger than 65 years","Percentage",6.1,
2007,"EL","PC","A1_LT65","B_40","MED_EI","Median equivalised income","Below 40%","One adult younger than 65 years","Percentage",8.4,
2008,"EL","PC","A1_LT65","B_40","MED_EI","Median equivalised income","Below 40%","One adult younger than 65 years","Percentage",8.3,
2009,"EL","PC","A1_LT65","B_40","MED_EI","Median equivalised income","Below 40%","One adult younger than 65 years","Percentage",8.7,
2010,"EL","PC","A1_LT65","B_40","MED_EI","Median equivalised income","Below 40%","One adult younger than 65 years","Percentage",8.7,
2011,"EL","PC","A1_LT65","B_40","MED_EI","Median equivalised income","Below 40%","One adult younger than 65 years","Percentage",11.8,
2012,"EL","PC","A1_LT65","B_40","MED_EI","Median equivalised income","Below 40%","One adult younger than 65 years","Percentage",11.9,
2013,"EL","PC","A1_LT65","B_40","MED_EI","Median equivalised income","Below 40%","One adult younger than 65 years","Percentage",12.5,
2014,"EL","PC","A1_LT65","B_40","MED_EI","Median equivalised income","Below 40%","One adult younger than 65 years","Percentage",10.3,
2015,"EL","PC","A1_LT65","B_40","MED_EI","Median equivalised income","Below 40%","One adult younger than 65 years","Percentage",15.2,
2016,"EL","PC","A1_LT65","B_40","MED_EI","Median equivalised income","Below 40%","One adult younger than 65 years","Percentage",14.4,
2017,"EL","PC","A1_LT65","B_40","MED_EI","Median equivalised income","Below 40%","One adult younger than 65 years","Percentage",13.8,
2018,"EL","PC","A1_LT65","B_40","MED_EI","Median equivalised income","Below 40%","One adult younger than 65 years","Percentage",13,
2019,"EL","PC","A1_LT65","B_40","MED_EI","Median equivalised income","Below 40%","One adult younger than 65 years","Percentage",10.5,
2020,"EL","PC","A1_LT65","B_40","MED_EI","Median equivalised income","Below 40%","One adult younger than 65 years","Percentage",13.5,
2021,"EL","PC","A1_LT65","B_40","MED_EI","Median equivalised income","Below 40%","One adult younger than 65 years","Percentage",15.3,
2022,"EL","PC","A1_LT65","B_40","MED_EI","Median equivalised income","Below 40%","One adult younger than 65 years","Percentage",13.2,
2023,"EL","PC","A1_LT65","B_40","MED_EI","Median equivalised income","Below 40%","One adult younger than 65 years","Percentage",13.5,
2024,"EL","PC","A1_LT65","B_40","MED_EI","Median equivalised income","Below 40%","One adult younger than 65 years","Percentage",13.9,
2025,"EL","PC","A1_LT65","B_40","MED_EI","Median equivalised income","Below 40%","One adult younger than 65 years","Percentage",12.9,
2015,"EL","THS_PER","A1_GE65","B_40","MED_EI","Median equivalised income","Below 40%","One adult 65 years or over","Thousand persons",12,
2016,"EL","THS_PER","A1_GE65","B_40","MED_EI","Median equivalised income","Below 40%","One adult 65 years or over","Thousand persons",15,
2017,"EL","THS_PER","A1_GE65","B_40","MED_EI","Median equivalised income","Below 40%","One adult 65 years or over","Thousand persons",20,
2018,"EL","THS_PER","A1_GE65","B_40","MED_EI","Median equivalised income","Below 40%","One adult 65 years or over","Thousand persons",13,
2019,"EL","THS_PER","A1_GE65","B_40","MED_EI","Median equivalised income","Below 40%","One adult 65 years or over","Thousand persons",12,
2020,"EL","THS_PER","A1_GE65","B_40","MED_EI","Median equivalised income","Below 40%","One adult 65 years or over","Thousand persons",10,
2021,"EL","THS_PER","A1_GE65","B_40","MED_EI","Median equivalised income","Below 40%","One adult 65 years or over","Thousand persons",15,
2022,"EL","THS_PER","A1_GE65","B_40","MED_EI","Median equivalised income","Below 40%","One adult 65 years or over","Thousand persons",15,
2023,"EL","THS_PER","A1_GE65","B_40","MED_EI","Median equivalised income","Below 40%","One adult 65 years or over","Thousand persons",22,
2024,"EL","THS_PER","A1_GE65","B_40","MED_EI","Median equivalised income","Below 40%","One adult 65 years or over","Thousand persons",22,
2025,"EL","THS_PER","A1_GE65","B_40","MED_EI","Median equivalised income","Below 40%","One adult 65 years or over","Thousand persons",39,
1995,"EL","PC","A1_GE65","B_40","MED_EI","Median equivalised income","Below 40%","One adult 65 years or over","Percentage",29,
1996,"EL","PC","A1_GE65","B_40","MED_EI","Median equivalised income","Below 40%","One adult 65 years or over","Percentage",25,
1997,"EL","PC","A1_GE65","B_40","MED_EI","Median equivalised income","Below 40%","One adult 65 years or over","Percentage",24,
1998,"EL","PC","A1_GE65","B_40","MED_EI","Median equivalised income","Below 40%","One adult 65 years or over","Percentage",28,
1999,"EL","PC","A1_GE65","B_40","MED_EI","Median equivalised income","Below 40%","One adult 65 years or over","Percentage",24,
2000,"EL","PC","A1_GE65","B_40","MED_EI","Median equivalised income","Below 40%","One adult 65 years or over","Percentage",23,
2001,"EL","PC","A1_GE65","B_40","MED_EI","Median equivalised income","Below 40%","One adult 65 years or over","Percentage",23,
2003,"EL","PC","A1_GE65","B_40","MED_EI","Median equivalised income","Below 40%","One adult 65 years or over","Percentage",20.2,"b"
2004,"EL","PC","A1_GE65","B_40","MED_EI","Median equivalised income","Below 40%","One adult 65 years or over","Percentage",20.1,
2005,"EL","PC","A1_GE65","B_40","MED_EI","Median equivalised income","Below 40%","One adult 65 years or over","Percentage",18,
2006,"EL","PC","A1_GE65","B_40","MED_EI","Median equivalised income","Below 40%","One adult 65 years or over","Percentage",17.3,
2007,"EL","PC","A1_GE65","B_40","MED_EI","Median equivalised income","Below 40%","One adult 65 years or over","Percentage",16.5,
2008,"EL","PC","A1_GE65","B_40","MED_EI","Median equivalised income","Below 40%","One adult 65 years or over","Percentage",11.2,
2009,"EL","PC","A1_GE65","B_40","MED_EI","Median equivalised income","Below 40%","One adult 65 years or over","Percentage",13.3,
2010,"EL","PC","A1_GE65","B_40","MED_EI","Median equivalised income","Below 40%","One adult 65 years or over","Percentage",10.7,
2011,"EL","PC","A1_GE65","B_40","MED_EI","Median equivalised income","Below 40%","One adult 65 years or over","Percentage",11.7,
2012,"EL","PC","A1_GE65","B_40","MED_EI","Median equivalised income","Below 40%","One adult 65 years or over","Percentage",1.6,
2013,"EL","PC","A1_GE65","B_40","MED_EI","Median equivalised income","Below 40%","One adult 65 years or over","Percentage",1.9,
2014,"EL","PC","A1_GE65","B_40","MED_EI","Median equivalised income","Below 40%","One adult 65 years or over","Percentage",1.8,
2015,"EL","PC","A1_GE65","B_40","MED_EI","Median equivalised income","Below 40%","One adult 65 years or over","Percentage",2.3,
2016,"EL","PC","A1_GE65","B_40","MED_EI","Median equivalised income","Below 40%","One adult 65 years or over","Percentage",2.7,
2017,"EL","PC","A1_GE65","B_40","MED_EI","Median equivalised income","Below 40%","One adult 65 years or over","Percentage",3.7,
2018,"EL","PC","A1_GE65","B_40","MED_EI","Median equivalised income","Below 40%","One adult 65 years or over","Percentage",2.3,
2019,"EL","PC","A1_GE65","B_40","MED_EI","Median equivalised income","Below 40%","One adult 65 years or over","Percentage",2.1,
2020,"EL","PC","A1_GE65","B_40","MED_EI","Median equivalised income","Below 40%","One adult 65 years or over","Percentage",1.9,
2021,"EL","PC","A1_GE65","B_40","MED_EI","Median equivalised income","Below 40%","One adult 65 years or over","Percentage",2.6,
2022,"EL","PC","A1_GE65","B_40","MED_EI","Median equivalised income","Below 40%","One adult 65 years or over","Percentage",2.7,
2023,"EL","PC","A1_GE65","B_40","MED_EI","Median equivalised income","Below 40%","One adult 65 years or over","Percentage",3.2,
2024,"EL","PC","A1_GE65","B_40","MED_EI","Median equivalised income","Below 40%","One adult 65 years or over","Percentage",3.2,
2025,"EL","PC","A1_GE65","B_40","MED_EI","Median equivalised income","Below 40%","One adult 65 years or over","Percentage",5.5,
2015,"EL","THS_PER","A2_2LT65","B_40","MED_EI","Median equivalised income","Below 40%","Two adults younger than 65 years","Thousand persons",98,
2016,"EL","THS_PER","A2_2LT65","B_40","MED_EI","Median equivalised income","Below 40%","Two adults younger than 65 years","Thousand persons",120,
2017,"EL","THS_PER","A2_2LT65","B_40","MED_EI","Median equivalised income","Below 40%","Two adults younger than 65 years","Thousand persons",98,
2018,"EL","THS_PER","A2_2LT65","B_40","MED_EI","Median equivalised income","Below 40%","Two adults younger than 65 years","Thousand persons",82,
2019,"EL","THS_PER","A2_2LT65","B_40","MED_EI","Median equivalised income","Below 40%","Two adults younger than 65 years","Thousand persons",78,
2020,"EL","THS_PER","A2_2LT65","B_40","MED_EI","Median equivalised income","Below 40%","Two adults younger than 65 years","Thousand persons",75,
2021,"EL","THS_PER","A2_2LT65","B_40","MED_EI","Median equivalised income","Below 40%","Two adults younger than 65 years","Thousand persons",86,
2022,"EL","THS_PER","A2_2LT65","B_40","MED_EI","Median equivalised income","Below 40%","Two adults younger than 65 years","Thousand persons",72,
2023,"EL","THS_PER","A2_2LT65","B_40","MED_EI","Median equivalised income","Below 40%","Two adults younger than 65 years","Thousand persons",63,
2024,"EL","THS_PER","A2_2LT65","B_40","MED_EI","Median equivalised income","Below 40%","Two adults younger than 65 years","Thousand persons",60,
2025,"EL","THS_PER","A2_2LT65","B_40","MED_EI","Median equivalised income","Below 40%","Two adults younger than 65 years","Thousand persons",49,
1995,"EL","PC","A2_2LT65","B_40","MED_EI","Median equivalised income","Below 40%","Two adults younger than 65 years","Percentage",9,
1996,"EL","PC","A2_2LT65","B_40","MED_EI","Median equivalised income","Below 40%","Two adults younger than 65 years","Percentage",6,
1997,"EL","PC","A2_2LT65","B_40","MED_EI","Median equivalised income","Below 40%","Two adults younger than 65 years","Percentage",9,
1998,"EL","PC","A2_2LT65","B_40","MED_EI","Median equivalised income","Below 40%","Two adults younger than 65 years","Percentage",7,
1999,"EL","PC","A2_2LT65","B_40","MED_EI","Median equivalised income","Below 40%","Two adults younger than 65 years","Percentage",6,
2000,"EL","PC","A2_2LT65","B_40","MED_EI","Median equivalised income","Below 40%","Two adults younger than 65 years","Percentage",8,
2001,"EL","PC","A2_2LT65","B_40","MED_EI","Median equivalised income","Below 40%","Two adults younger than 65 years","Percentage",6,
2003,"EL","PC","A2_2LT65","B_40","MED_EI","Median equivalised income","Below 40%","Two adults younger than 65 years","Percentage",7.7,"b"
2004,"EL","PC","A2_2LT65","B_40","MED_EI","Median equivalised income","Below 40%","Two adults younger than 65 years","Percentage",6.9,
2005,"EL","PC","A2_2LT65","B_40","MED_EI","Median equivalised income","Below 40%","Two adults younger than 65 years","Percentage",7.8,
2006,"EL","PC","A2_2LT65","B_40","MED_EI","Median equivalised income","Below 40%","Two adults younger than 65 years","Percentage",6.8,
2007,"EL","PC","A2_2LT65","B_40","MED_EI","Median equivalised income","Below 40%","Two adults younger than 65 years","Percentage",6.3,
2008,"EL","PC","A2_2LT65","B_40","MED_EI","Median equivalised income","Below 40%","Two adults younger than 65 years","Percentage",6.2,
2009,"EL","PC","A2_2LT65","B_40","MED_EI","Median equivalised income","Below 40%","Two adults younger than 65 years","Percentage",8,
2010,"EL","PC","A2_2LT65","B_40","MED_EI","Median equivalised income","Below 40%","Two adults younger than 65 years","Percentage",8.3,
2011,"EL","PC","A2_2LT65","B_40","MED_EI","Median equivalised income","Below 40%","Two adults younger than 65 years","Percentage",7.4,
2012,"EL","PC","A2_2LT65","B_40","MED_EI","Median equivalised income","Below 40%","Two adults younger than 65 years","Percentage",6.3,
2013,"EL","PC","A2_2LT65","B_40","MED_EI","Median equivalised income","Below 40%","Two adults younger than 65 years","Percentage",8.5,
2014,"EL","PC","A2_2LT65","B_40","MED_EI","Median equivalised income","Below 40%","Two adults younger than 65 years","Percentage",10.5,
2015,"EL","PC","A2_2LT65","B_40","MED_EI","Median equivalised income","Below 40%","Two adults younger than 65 years","Percentage",9.6,
2016,"EL","PC","A2_2LT65","B_40","MED_EI","Median equivalised income","Below 40%","Two adults younger than 65 years","Percentage",12.2,
2017,"EL","PC","A2_2LT65","B_40","MED_EI","Median equivalised income","Below 40%","Two adults younger than 65 years","Percentage",10.1,
2018,"EL","PC","A2_2LT65","B_40","MED_EI","Median equivalised income","Below 40%","Two adults younger than 65 years","Percentage",8.7,
2019,"EL","PC","A2_2LT65","B_40","MED_EI","Median equivalised income","Below 40%","Two adults younger than 65 years","Percentage",8.3,
2020,"EL","PC","A2_2LT65","B_40","MED_EI","Median equivalised income","Below 40%","Two adults younger than 65 years","Percentage",8.1,
2021,"EL","PC","A2_2LT65","B_40","MED_EI","Median equivalised income","Below 40%","Two adults younger than 65 years","Percentage",9.7,
2022,"EL","PC","A2_2LT65","B_40","MED_EI","Median equivalised income","Below 40%","Two adults younger than 65 years","Percentage",8.1,
2023,"EL","PC","A2_2LT65","B_40","MED_EI","Median equivalised income","Below 40%","Two adults younger than 65 years","Percentage",6.7,
2024,"EL","PC","A2_2LT65","B_40","MED_EI","Median equivalised income","Below 40%","Two adults younger than 65 years","Percentage",6.5,
2025,"EL","PC","A2_2LT65","B_40","MED_EI","Median equivalised income","Below 40%","Two adults younger than 65 years","Percentage",5.4,
2015,"EL","THS_PER","A2_GE1_GE65","B_40","MED_EI","Median equivalised income","Below 40%","Two adults, at least one aged 65 years or over","Thousand persons",53,
2016,"EL","THS_PER","A2_GE1_GE65","B_40","MED_EI","Median equivalised income","Below 40%","Two adults, at least one aged 65 years or over","Thousand persons",45,
2017,"EL","THS_PER","A2_GE1_GE65","B_40","MED_EI","Median equivalised income","Below 40%","Two adults, at least one aged 65 years or over","Thousand persons",50,
2018,"EL","THS_PER","A2_GE1_GE65","B_40","MED_EI","Median equivalised income","Below 40%","Two adults, at least one aged 65 years or over","Thousand persons",36,
2019,"EL","THS_PER","A2_GE1_GE65","B_40","MED_EI","Median equivalised income","Below 40%","Two adults, at least one aged 65 years or over","Thousand persons",42,
2020,"EL","THS_PER","A2_GE1_GE65","B_40","MED_EI","Median equivalised income","Below 40%","Two adults, at least one aged 65 years or over","Thousand persons",34,
2021,"EL","THS_PER","A2_GE1_GE65","B_40","MED_EI","Median equivalised income","Below 40%","Two adults, at least one aged 65 years or over","Thousand persons",52,
2022,"EL","THS_PER","A2_GE1_GE65","B_40","MED_EI","Median equivalised income","Below 40%","Two adults, at least one aged 65 years or over","Thousand persons",55,
2023,"EL","THS_PER","A2_GE1_GE65","B_40","MED_EI","Median equivalised income","Below 40%","Two adults, at least one aged 65 years or over","Thousand persons",55,
2024,"EL","THS_PER","A2_GE1_GE65","B_40","MED_EI","Median equivalised income","Below 40%","Two adults, at least one aged 65 years or over","Thousand persons",61,
2025,"EL","THS_PER","A2_GE1_GE65","B_40","MED_EI","Median equivalised income","Below 40%","Two adults, at least one aged 65 years or over","Thousand persons",59,
1995,"EL","PC","A2_GE1_GE65","B_40","MED_EI","Median equivalised income","Below 40%","Two adults, at least one aged 65 years or over","Percentage",20,
1996,"EL","PC","A2_GE1_GE65","B_40","MED_EI","Median equivalised income","Below 40%","Two adults, at least one aged 65 years or over","Percentage",17,
1997,"EL","PC","A2_GE1_GE65","B_40","MED_EI","Median equivalised income","Below 40%","Two adults, at least one aged 65 years or over","Percentage",18,
1998,"EL","PC","A2_GE1_GE65","B_40","MED_EI","Median equivalised income","Below 40%","Two adults, at least one aged 65 years or over","Percentage",19,
1999,"EL","PC","A2_GE1_GE65","B_40","MED_EI","Median equivalised income","Below 40%","Two adults, at least one aged 65 years or over","Percentage",17,
2000,"EL","PC","A2_GE1_GE65","B_40","MED_EI","Median equivalised income","Below 40%","Two adults, at least one aged 65 years or over","Percentage",13,
2001,"EL","PC","A2_GE1_GE65","B_40","MED_EI","Median equivalised income","Below 40%","Two adults, at least one aged 65 years or over","Percentage",14,
2003,"EL","PC","A2_GE1_GE65","B_40","MED_EI","Median equivalised income","Below 40%","Two adults, at least one aged 65 years or over","Percentage",11,"b"
2004,"EL","PC","A2_GE1_GE65","B_40","MED_EI","Median equivalised income","Below 40%","Two adults, at least one aged 65 years or over","Percentage",7.8,
2005,"EL","PC","A2_GE1_GE65","B_40","MED_EI","Median equivalised income","Below 40%","Two adults, at least one aged 65 years or over","Percentage",7.3,
2006,"EL","PC","A2_GE1_GE65","B_40","MED_EI","Median equivalised income","Below 40%","Two adults, at least one aged 65 years or over","Percentage",5.2,
2007,"EL","PC","A2_GE1_GE65","B_40","MED_EI","Median equivalised income","Below 40%","Two adults, at least one aged 65 years or over","Percentage",4.5,
2008,"EL","PC","A2_GE1_GE65","B_40","MED_EI","Median equivalised income","Below 40%","Two adults, at least one aged 65 years or over","Percentage",2.7,
2009,"EL","PC","A2_GE1_GE65","B_40","MED_EI","Median equivalised income","Below 40%","Two adults, at least one aged 65 years or over","Percentage",3.1,
2010,"EL","PC","A2_GE1_GE65","B_40","MED_EI","Median equivalised income","Below 40%","Two adults, at least one aged 65 years or over","Percentage",3.5,
2011,"EL","PC","A2_GE1_GE65","B_40","MED_EI","Median equivalised income","Below 40%","Two adults, at least one aged 65 years or over","Percentage",4.1,
2012,"EL","PC","A2_GE1_GE65","B_40","MED_EI","Median equivalised income","Below 40%","Two adults, at least one aged 65 years or over","Percentage",3.9,
2013,"EL","PC","A2_GE1_GE65","B_40","MED_EI","Median equivalised income","Below 40%","Two adults, at least one aged 65 years or over","Percentage",3.4,
2014,"EL","PC","A2_GE1_GE65","B_40","MED_EI","Median equivalised income","Below 40%","Two adults, at least one aged 65 years or over","Percentage",4.8,
2015,"EL","PC","A2_GE1_GE65","B_40","MED_EI","Median equivalised income","Below 40%","Two adults, at least one aged 65 years or over","Percentage",3.9,
2016,"EL","PC","A2_GE1_GE65","B_40","MED_EI","Median equivalised income","Below 40%","Two adults, at least one aged 65 years or over","Percentage",3.2,
2017,"EL","PC","A2_GE1_GE65","B_40","MED_EI","Median equivalised income","Below 40%","Two adults, at least one aged 65 years or over","Percentage",3.6,
2018,"EL","PC","A2_GE1_GE65","B_40","MED_EI","Median equivalised income","Below 40%","Two adults, at least one aged 65 years or over","Percentage",2.5,
2019,"EL","PC","A2_GE1_GE65","B_40","MED_EI","Median equivalised income","Below 40%","Two adults, at least one aged 65 years or over","Percentage",3,
2020,"EL","PC","A2_GE1_GE65","B_40","MED_EI","Median equivalised income","Below 40%","Two adults, at least one aged 65 years or over","Percentage",2.4,
2021,"EL","PC","A2_GE1_GE65","B_40","MED_EI","Median equivalised income","Below 40%","Two adults, at least one aged 65 years or over","Percentage",3.5,
2022,"EL","PC","A2_GE1_GE65","B_40","MED_EI","Median equivalised income","Below 40%","Two adults, at least one aged 65 years or over","Percentage",3.9,
2023,"EL","PC","A2_GE1_GE65","B_40","MED_EI","Median equivalised income","Below 40%","Two adults, at least one aged 65 years or over","Percentage",3.9,
2024,"EL","PC","A2_GE1_GE65","B_40","MED_EI","Median equivalised income","Below 40%","Two adults, at least one aged 65 years or over","Percentage",4.2,
2025,"EL","PC","A2_GE1_GE65","B_40","MED_EI","Median equivalised income","Below 40%","Two adults, at least one aged 65 years or over","Percentage",4.1,
2015,"EL","THS_PER","TOTAL","B_50","MED_EI","Median equivalised income","Below 50%","Total","Thousand persons",1598,
2016,"EL","THS_PER","TOTAL","B_50","MED_EI","Median equivalised income","Below 50%","Total","Thousand persons",1621,
2017,"EL","THS_PER","TOTAL","B_50","MED_EI","Median equivalised income","Below 50%","Total","Thousand persons",1534,
2018,"EL","THS_PER","TOTAL","B_50","MED_EI","Median equivalised income","Below 50%","Total","Thousand persons",1343,
2019,"EL","THS_PER","TOTAL","B_50","MED_EI","Median equivalised income","Below 50%","Total","Thousand persons",1277,
2020,"EL","THS_PER","TOTAL","B_50","MED_EI","Median equivalised income","Below 50%","Total","Thousand persons",1232,
2021,"EL","THS_PER","TOTAL","B_50","MED_EI","Median equivalised income","Below 50%","Total","Thousand persons",1393,
2022,"EL","THS_PER","TOTAL","B_50","MED_EI","Median equivalised income","Below 50%","Total","Thousand persons",1231,
2023,"EL","THS_PER","TOTAL","B_50","MED_EI","Median equivalised income","Below 50%","Total","Thousand persons",1184,
2024,"EL","THS_PER","TOTAL","B_50","MED_EI","Median equivalised income","Below 50%","Total","Thousand persons",1191,
2025,"EL","THS_PER","TOTAL","B_50","MED_EI","Median equivalised income","Below 50%","Total","Thousand persons",1185,
1995,"EL","PC","TOTAL","B_50","MED_EI","Median equivalised income","Below 50%","Total","Percentage",16,
1996,"EL","PC","TOTAL","B_50","MED_EI","Median equivalised income","Below 50%","Total","Percentage",14,
1997,"EL","PC","TOTAL","B_50","MED_EI","Median equivalised income","Below 50%","Total","Percentage",15,
1998,"EL","PC","TOTAL","B_50","MED_EI","Median equivalised income","Below 50%","Total","Percentage",15,
1999,"EL","PC","TOTAL","B_50","MED_EI","Median equivalised income","Below 50%","Total","Percentage",14,
2000,"EL","PC","TOTAL","B_50","MED_EI","Median equivalised income","Below 50%","Total","Percentage",14,
2001,"EL","PC","TOTAL","B_50","MED_EI","Median equivalised income","Below 50%","Total","Percentage",14,
2003,"EL","PC","TOTAL","B_50","MED_EI","Median equivalised income","Below 50%","Total","Percentage",14.2,"b"
2004,"EL","PC","TOTAL","B_50","MED_EI","Median equivalised income","Below 50%","Total","Percentage",12.7,
2005,"EL","PC","TOTAL","B_50","MED_EI","Median equivalised income","Below 50%","Total","Percentage",12.7,
2006,"EL","PC","TOTAL","B_50","MED_EI","Median equivalised income","Below 50%","Total","Percentage",13.5,
2007,"EL","PC","TOTAL","B_50","MED_EI","Median equivalised income","Below 50%","Total","Percentage",13.2,
2008,"EL","PC","TOTAL","B_50","MED_EI","Median equivalised income","Below 50%","Total","Percentage",12.7,
2009,"EL","PC","TOTAL","B_50","MED_EI","Median equivalised income","Below 50%","Total","Percentage",12.2,
2010,"EL","PC","TOTAL","B_50","MED_EI","Median equivalised income","Below 50%","Total","Percentage",12.4,
2011,"EL","PC","TOTAL","B_50","MED_EI","Median equivalised income","Below 50%","Total","Percentage",14,
2012,"EL","PC","TOTAL","B_50","MED_EI","Median equivalised income","Below 50%","Total","Percentage",16,
2013,"EL","PC","TOTAL","B_50","MED_EI","Median equivalised income","Below 50%","Total","Percentage",16.5,
2014,"EL","PC","TOTAL","B_50","MED_EI","Median equivalised income","Below 50%","Total","Percentage",15.7,
2015,"EL","PC","TOTAL","B_50","MED_EI","Median equivalised income","Below 50%","Total","Percentage",15,
2016,"EL","PC","TOTAL","B_50","MED_EI","Median equivalised income","Below 50%","Total","Percentage",15.3,
2017,"EL","PC","TOTAL","B_50","MED_EI","Median equivalised income","Below 50%","Total","Percentage",14.5,
2018,"EL","PC","TOTAL","B_50","MED_EI","Median equivalised income","Below 50%","Total","Percentage",12.8,
2019,"EL","PC","TOTAL","B_50","MED_EI","Median equivalised income","Below 50%","Total","Percentage",12.2,
2020,"EL","PC","TOTAL","B_50","MED_EI","Median equivalised income","Below 50%","Total","Percentage",11.7,
2021,"EL","PC","TOTAL","B_50","MED_EI","Median equivalised income","Below 50%","Total","Percentage",13.3,
2022,"EL","PC","TOTAL","B_50","MED_EI","Median equivalised income","Below 50%","Total","Percentage",11.9,
2023,"EL","PC","TOTAL","B_50","MED_EI","Median equivalised income","Below 50%","Total","Percentage",11.6,
2024,"EL","PC","TOTAL","B_50","MED_EI","Median equivalised income","Below 50%","Total","Percentage",11.7,
2025,"EL","PC","TOTAL","B_50","MED_EI","Median equivalised income","Below 50%","Total","Percentage",11.7,
2015,"EL","THS_PER","M1","B_50","MED_EI","Median equivalised income","Below 50%","One single male","Thousand persons",68,
2016,"EL","THS_PER","M1","B_50","MED_EI","Median equivalised income","Below 50%","One single male","Thousand persons",63,
2017,"EL","THS_PER","M1","B_50","MED_EI","Median equivalised income","Below 50%","One single male","Thousand persons",57,
2018,"EL","THS_PER","M1","B_50","MED_EI","Median equivalised income","Below 50%","One single male","Thousand persons",50,
2019,"EL","THS_PER","M1","B_50","MED_EI","Median equivalised income","Below 50%","One single male","Thousand persons",51,
2020,"EL","THS_PER","M1","B_50","MED_EI","Median equivalised income","Below 50%","One single male","Thousand persons",49,
2021,"EL","THS_PER","M1","B_50","MED_EI","Median equivalised income","Below 50%","One single male","Thousand persons",63,
2022,"EL","THS_PER","M1","B_50","MED_EI","Median equivalised income","Below 50%","One single male","Thousand persons",58,
2023,"EL","THS_PER","M1","B_50","MED_EI","Median equivalised income","Below 50%","One single male","Thousand persons",80,
2024,"EL","THS_PER","M1","B_50","MED_EI","Median equivalised income","Below 50%","One single male","Thousand persons",86,
2025,"EL","THS_PER","M1","B_50","MED_EI","Median equivalised income","Below 50%","One single male","Thousand persons",90,
1995,"EL","PC","M1","B_50","MED_EI","Median equivalised income","Below 50%","One single male","Percentage",19,
1996,"EL","PC","M1","B_50","MED_EI","Median equivalised income","Below 50%","One single male","Percentage",15,
1997,"EL","PC","M1","B_50","MED_EI","Median equivalised income","Below 50%","One single male","Percentage",14,
1998,"EL","PC","M1","B_50","MED_EI","Median equivalised income","Below 50%","One single male","Percentage",18,
1999,"EL","PC","M1","B_50","MED_EI","Median equivalised income","Below 50%","One single male","Percentage",16,
2000,"EL","PC","M1","B_50","MED_EI","Median equivalised income","Below 50%","One single male","Percentage",19,
2001,"EL","PC","M1","B_50","MED_EI","Median equivalised income","Below 50%","One single male","Percentage",15,
2003,"EL","PC","M1","B_50","MED_EI","Median equivalised income","Below 50%","One single male","Percentage",18.2,"b"
2004,"EL","PC","M1","B_50","MED_EI","Median equivalised income","Below 50%","One single male","Percentage",15.1,
2005,"EL","PC","M1","B_50","MED_EI","Median equivalised income","Below 50%","One single male","Percentage",13.9,
2006,"EL","PC","M1","B_50","MED_EI","Median equivalised income","Below 50%","One single male","Percentage",14.1,
2007,"EL","PC","M1","B_50","MED_EI","Median equivalised income","Below 50%","One single male","Percentage",17.9,
2008,"EL","PC","M1","B_50","MED_EI","Median equivalised income","Below 50%","One single male","Percentage",14.6,
2009,"EL","PC","M1","B_50","MED_EI","Median equivalised income","Below 50%","One single male","Percentage",16.8,
2010,"EL","PC","M1","B_50","MED_EI","Median equivalised income","Below 50%","One single male","Percentage",14.6,
2011,"EL","PC","M1","B_50","MED_EI","Median equivalised income","Below 50%","One single male","Percentage",17.6,
2012,"EL","PC","M1","B_50","MED_EI","Median equivalised income","Below 50%","One single male","Percentage",13.1,
2013,"EL","PC","M1","B_50","MED_EI","Median equivalised income","Below 50%","One single male","Percentage",14,
2014,"EL","PC","M1","B_50","MED_EI","Median equivalised income","Below 50%","One single male","Percentage",13,
2015,"EL","PC","M1","B_50","MED_EI","Median equivalised income","Below 50%","One single male","Percentage",16.4,
2016,"EL","PC","M1","B_50","MED_EI","Median equivalised income","Below 50%","One single male","Percentage",15.6,
2017,"EL","PC","M1","B_50","MED_EI","Median equivalised income","Below 50%","One single male","Percentage",14,
2018,"EL","PC","M1","B_50","MED_EI","Median equivalised income","Below 50%","One single male","Percentage",12.8,
2019,"EL","PC","M1","B_50","MED_EI","Median equivalised income","Below 50%","One single male","Percentage",13.5,
2020,"EL","PC","M1","B_50","MED_EI","Median equivalised income","Below 50%","One single male","Percentage",13.1,
2021,"EL","PC","M1","B_50","MED_EI","Median equivalised income","Below 50%","One single male","Percentage",16.2,
2022,"EL","PC","M1","B_50","MED_EI","Median equivalised income","Below 50%","One single male","Percentage",15.5,
2023,"EL","PC","M1","B_50","MED_EI","Median equivalised income","Below 50%","One single male","Percentage",14.5,
2024,"EL","PC","M1","B_50","MED_EI","Median equivalised income","Below 50%","One single male","Percentage",15.4,
2025,"EL","PC","M1","B_50","MED_EI","Median equivalised income","Below 50%","One single male","Percentage",16,
2015,"EL","THS_PER","F1","B_50","MED_EI","Median equivalised income","Below 50%","One single female","Thousand persons",77,
2016,"EL","THS_PER","F1","B_50","MED_EI","Median equivalised income","Below 50%","One single female","Thousand persons",78,
2017,"EL","THS_PER","F1","B_50","MED_EI","Median equivalised income","Below 50%","One single female","Thousand persons",80,
2018,"EL","THS_PER","F1","B_50","MED_EI","Median equivalised income","Below 50%","One single female","Thousand persons",73,
2019,"EL","THS_PER","F1","B_50","MED_EI","Median equivalised income","Below 50%","One single female","Thousand persons",71,
2020,"EL","THS_PER","F1","B_50","MED_EI","Median equivalised income","Below 50%","One single female","Thousand persons",68,
2021,"EL","THS_PER","F1","B_50","MED_EI","Median equivalised income","Below 50%","One single female","Thousand persons",83,
2022,"EL","THS_PER","F1","B_50","MED_EI","Median equivalised income","Below 50%","One single female","Thousand persons",91,
2023,"EL","THS_PER","F1","B_50","MED_EI","Median equivalised income","Below 50%","One single female","Thousand persons",130,
2024,"EL","THS_PER","F1","B_50","MED_EI","Median equivalised income","Below 50%","One single female","Thousand persons",141,
2025,"EL","THS_PER","F1","B_50","MED_EI","Median equivalised income","Below 50%","One single female","Thousand persons",154,
1995,"EL","PC","F1","B_50","MED_EI","Median equivalised income","Below 50%","One single female","Percentage",30,
1996,"EL","PC","F1","B_50","MED_EI","Median equivalised income","Below 50%","One single female","Percentage",26,
1997,"EL","PC","F1","B_50","MED_EI","Median equivalised income","Below 50%","One single female","Percentage",27,
1998,"EL","PC","F1","B_50","MED_EI","Median equivalised income","Below 50%","One single female","Percentage",33,
1999,"EL","PC","F1","B_50","MED_EI","Median equivalised income","Below 50%","One single female","Percentage",29,
2000,"EL","PC","F1","B_50","MED_EI","Median equivalised income","Below 50%","One single female","Percentage",27,
2001,"EL","PC","F1","B_50","MED_EI","Median equivalised income","Below 50%","One single female","Percentage",31,
2003,"EL","PC","F1","B_50","MED_EI","Median equivalised income","Below 50%","One single female","Percentage",22.3,"b"
2004,"EL","PC","F1","B_50","MED_EI","Median equivalised income","Below 50%","One single female","Percentage",26.4,
2005,"EL","PC","F1","B_50","MED_EI","Median equivalised income","Below 50%","One single female","Percentage",24.6,
2006,"EL","PC","F1","B_50","MED_EI","Median equivalised income","Below 50%","One single female","Percentage",20.2,
2007,"EL","PC","F1","B_50","MED_EI","Median equivalised income","Below 50%","One single female","Percentage",20.5,
2008,"EL","PC","F1","B_50","MED_EI","Median equivalised income","Below 50%","One single female","Percentage",17.8,
2009,"EL","PC","F1","B_50","MED_EI","Median equivalised income","Below 50%","One single female","Percentage",18.9,
2010,"EL","PC","F1","B_50","MED_EI","Median equivalised income","Below 50%","One single female","Percentage",15,
2011,"EL","PC","F1","B_50","MED_EI","Median equivalised income","Below 50%","One single female","Percentage",18.6,
2012,"EL","PC","F1","B_50","MED_EI","Median equivalised income","Below 50%","One single female","Percentage",13.5,
2013,"EL","PC","F1","B_50","MED_EI","Median equivalised income","Below 50%","One single female","Percentage",11.8,
2014,"EL","PC","F1","B_50","MED_EI","Median equivalised income","Below 50%","One single female","Percentage",12.2,
2015,"EL","PC","F1","B_50","MED_EI","Median equivalised income","Below 50%","One single female","Percentage",11.6,
2016,"EL","PC","F1","B_50","MED_EI","Median equivalised income","Below 50%","One single female","Percentage",11.7,
2017,"EL","PC","F1","B_50","MED_EI","Median equivalised income","Below 50%","One single female","Percentage",12.2,
2018,"EL","PC","F1","B_50","MED_EI","Median equivalised income","Below 50%","One single female","Percentage",10.9,
2019,"EL","PC","F1","B_50","MED_EI","Median equivalised income","Below 50%","One single female","Percentage",10.4,
2020,"EL","PC","F1","B_50","MED_EI","Median equivalised income","Below 50%","One single female","Percentage",10,
2021,"EL","PC","F1","B_50","MED_EI","Median equivalised income","Below 50%","One single female","Percentage",12.4,
2022,"EL","PC","F1","B_50","MED_EI","Median equivalised income","Below 50%","One single female","Percentage",13.6,
2023,"EL","PC","F1","B_50","MED_EI","Median equivalised income","Below 50%","One single female","Percentage",15.4,
2024,"EL","PC","F1","B_50","MED_EI","Median equivalised income","Below 50%","One single female","Percentage",17,
2025,"EL","PC","F1","B_50","MED_EI","Median equivalised income","Below 50%","One single female","Percentage",18.7,
2015,"EL","THS_PER","A1","B_50","MED_EI","Median equivalised income","Below 50%","One adult","Thousand persons",145,
2016,"EL","THS_PER","A1","B_50","MED_EI","Median equivalised income","Below 50%","One adult","Thousand persons",141,
2017,"EL","THS_PER","A1","B_50","MED_EI","Median equivalised income","Below 50%","One adult","Thousand persons",138,
2018,"EL","THS_PER","A1","B_50","MED_EI","Median equivalised income","Below 50%","One adult","Thousand persons",123,
2019,"EL","THS_PER","A1","B_50","MED_EI","Median equivalised income","Below 50%","One adult","Thousand persons",122,
2020,"EL","THS_PER","A1","B_50","MED_EI","Median equivalised income","Below 50%","One adult","Thousand persons",118,
2021,"EL","THS_PER","A1","B_50","MED_EI","Median equivalised income","Below 50%","One adult","Thousand persons",145,
2022,"EL","THS_PER","A1","B_50","MED_EI","Median equivalised income","Below 50%","One adult","Thousand persons",149,
2023,"EL","THS_PER","A1","B_50","MED_EI","Median equivalised income","Below 50%","One adult","Thousand persons",210,
2024,"EL","THS_PER","A1","B_50","MED_EI","Median equivalised income","Below 50%","One adult","Thousand persons",227,
2025,"EL","THS_PER","A1","B_50","MED_EI","Median equivalised income","Below 50%","One adult","Thousand persons",243,
1995,"EL","PC","A1","B_50","MED_EI","Median equivalised income","Below 50%","One adult","Percentage",27,
1996,"EL","PC","A1","B_50","MED_EI","Median equivalised income","Below 50%","One adult","Percentage",23,
1997,"EL","PC","A1","B_50","MED_EI","Median equivalised income","Below 50%","One adult","Percentage",23,
1998,"EL","PC","A1","B_50","MED_EI","Median equivalised income","Below 50%","One adult","Percentage",28,
1999,"EL","PC","A1","B_50","MED_EI","Median equivalised income","Below 50%","One adult","Percentage",25,
2000,"EL","PC","A1","B_50","MED_EI","Median equivalised income","Below 50%","One adult","Percentage",24,
2001,"EL","PC","A1","B_50","MED_EI","Median equivalised income","Below 50%","One adult","Percentage",26,
2003,"EL","PC","A1","B_50","MED_EI","Median equivalised income","Below 50%","One adult","Percentage",20.9,"b"
2004,"EL","PC","A1","B_50","MED_EI","Median equivalised income","Below 50%","One adult","Percentage",22.5,
2005,"EL","PC","A1","B_50","MED_EI","Median equivalised income","Below 50%","One adult","Percentage",21.2,
2006,"EL","PC","A1","B_50","MED_EI","Median equivalised income","Below 50%","One adult","Percentage",18.2,
2007,"EL","PC","A1","B_50","MED_EI","Median equivalised income","Below 50%","One adult","Percentage",19.6,
2008,"EL","PC","A1","B_50","MED_EI","Median equivalised income","Below 50%","One adult","Percentage",16.7,
2009,"EL","PC","A1","B_50","MED_EI","Median equivalised income","Below 50%","One adult","Percentage",18.2,
2010,"EL","PC","A1","B_50","MED_EI","Median equivalised income","Below 50%","One adult","Percentage",14.9,
2011,"EL","PC","A1","B_50","MED_EI","Median equivalised income","Below 50%","One adult","Percentage",18.2,
2012,"EL","PC","A1","B_50","MED_EI","Median equivalised income","Below 50%","One adult","Percentage",13.4,
2013,"EL","PC","A1","B_50","MED_EI","Median equivalised income","Below 50%","One adult","Percentage",12.7,
2014,"EL","PC","A1","B_50","MED_EI","Median equivalised income","Below 50%","One adult","Percentage",12.5,
2015,"EL","PC","A1","B_50","MED_EI","Median equivalised income","Below 50%","One adult","Percentage",13.4,
2016,"EL","PC","A1","B_50","MED_EI","Median equivalised income","Below 50%","One adult","Percentage",13.2,
2017,"EL","PC","A1","B_50","MED_EI","Median equivalised income","Below 50%","One adult","Percentage",12.9,
2018,"EL","PC","A1","B_50","MED_EI","Median equivalised income","Below 50%","One adult","Percentage",11.6,
2019,"EL","PC","A1","B_50","MED_EI","Median equivalised income","Below 50%","One adult","Percentage",11.6,
2020,"EL","PC","A1","B_50","MED_EI","Median equivalised income","Below 50%","One adult","Percentage",11.1,
2021,"EL","PC","A1","B_50","MED_EI","Median equivalised income","Below 50%","One adult","Percentage",13.8,
2022,"EL","PC","A1","B_50","MED_EI","Median equivalised income","Below 50%","One adult","Percentage",14.3,
2023,"EL","PC","A1","B_50","MED_EI","Median equivalised income","Below 50%","One adult","Percentage",15.1,
2024,"EL","PC","A1","B_50","MED_EI","Median equivalised income","Below 50%","One adult","Percentage",16.3,
2025,"EL","PC","A1","B_50","MED_EI","Median equivalised income","Below 50%","One adult","Percentage",17.6,
2015,"EL","THS_PER","A1_DCH","B_50","MED_EI","Median equivalised income","Below 50%","One adult with dependent children","Thousand persons",43,
2016,"EL","THS_PER","A1_DCH","B_50","MED_EI","Median equivalised income","Below 50%","One adult with dependent children","Thousand persons",42,
2017,"EL","THS_PER","A1_DCH","B_50","MED_EI","Median equivalised income","Below 50%","One adult with dependent children","Thousand persons",38,
2018,"EL","THS_PER","A1_DCH","B_50","MED_EI","Median equivalised income","Below 50%","One adult with dependent children","Thousand persons",39,
2019,"EL","THS_PER","A1_DCH","B_50","MED_EI","Median equivalised income","Below 50%","One adult with dependent children","Thousand persons",31,
2020,"EL","THS_PER","A1_DCH","B_50","MED_EI","Median equivalised income","Below 50%","One adult with dependent children","Thousand persons",25,
2021,"EL","THS_PER","A1_DCH","B_50","MED_EI","Median equivalised income","Below 50%","One adult with dependent children","Thousand persons",35,
2022,"EL","THS_PER","A1_DCH","B_50","MED_EI","Median equivalised income","Below 50%","One adult with dependent children","Thousand persons",39,
2023,"EL","THS_PER","A1_DCH","B_50","MED_EI","Median equivalised income","Below 50%","One adult with dependent children","Thousand persons",48,
2024,"EL","THS_PER","A1_DCH","B_50","MED_EI","Median equivalised income","Below 50%","One adult with dependent children","Thousand persons",41,
2025,"EL","THS_PER","A1_DCH","B_50","MED_EI","Median equivalised income","Below 50%","One adult with dependent children","Thousand persons",32,
1995,"EL","PC","A1_DCH","B_50","MED_EI","Median equivalised income","Below 50%","One adult with dependent children","Percentage",25,
1996,"EL","PC","A1_DCH","B_50","MED_EI","Median equivalised income","Below 50%","One adult with dependent children","Percentage",23,
1997,"EL","PC","A1_DCH","B_50","MED_EI","Median equivalised income","Below 50%","One adult with dependent children","Percentage",20,
1998,"EL","PC","A1_DCH","B_50","MED_EI","Median equivalised income","Below 50%","One adult with dependent children","Percentage",13,
1999,"EL","PC","A1_DCH","B_50","MED_EI","Median equivalised income","Below 50%","One adult with dependent children","Percentage",19,"u"
2000,"EL","PC","A1_DCH","B_50","MED_EI","Median equivalised income","Below 50%","One adult with dependent children","Percentage",18,"u"
2001,"EL","PC","A1_DCH","B_50","MED_EI","Median equivalised income","Below 50%","One adult with dependent children","Percentage",27,
2003,"EL","PC","A1_DCH","B_50","MED_EI","Median equivalised income","Below 50%","One adult with dependent children","Percentage",25.9,"b"
2004,"EL","PC","A1_DCH","B_50","MED_EI","Median equivalised income","Below 50%","One adult with dependent children","Percentage",22.9,
2005,"EL","PC","A1_DCH","B_50","MED_EI","Median equivalised income","Below 50%","One adult with dependent children","Percentage",30,
2006,"EL","PC","A1_DCH","B_50","MED_EI","Median equivalised income","Below 50%","One adult with dependent children","Percentage",23.2,
2007,"EL","PC","A1_DCH","B_50","MED_EI","Median equivalised income","Below 50%","One adult with dependent children","Percentage",23.5,
2008,"EL","PC","A1_DCH","B_50","MED_EI","Median equivalised income","Below 50%","One adult with dependent children","Percentage",14.8,
2009,"EL","PC","A1_DCH","B_50","MED_EI","Median equivalised income","Below 50%","One adult with dependent children","Percentage",15.4,
2010,"EL","PC","A1_DCH","B_50","MED_EI","Median equivalised income","Below 50%","One adult with dependent children","Percentage",23.9,
2011,"EL","PC","A1_DCH","B_50","MED_EI","Median equivalised income","Below 50%","One adult with dependent children","Percentage",30.8,
2012,"EL","PC","A1_DCH","B_50","MED_EI","Median equivalised income","Below 50%","One adult with dependent children","Percentage",46.9,
2013,"EL","PC","A1_DCH","B_50","MED_EI","Median equivalised income","Below 50%","One adult with dependent children","Percentage",32.2,
2014,"EL","PC","A1_DCH","B_50","MED_EI","Median equivalised income","Below 50%","One adult with dependent children","Percentage",23.4,
2015,"EL","PC","A1_DCH","B_50","MED_EI","Median equivalised income","Below 50%","One adult with dependent children","Percentage",24,
2016,"EL","PC","A1_DCH","B_50","MED_EI","Median equivalised income","Below 50%","One adult with dependent children","Percentage",24.7,
2017,"EL","PC","A1_DCH","B_50","MED_EI","Median equivalised income","Below 50%","One adult with dependent children","Percentage",22.8,
2018,"EL","PC","A1_DCH","B_50","MED_EI","Median equivalised income","Below 50%","One adult with dependent children","Percentage",23.8,
2019,"EL","PC","A1_DCH","B_50","MED_EI","Median equivalised income","Below 50%","One adult with dependent children","Percentage",23.8,
2020,"EL","PC","A1_DCH","B_50","MED_EI","Median equivalised income","Below 50%","One adult with dependent children","Percentage",18,
2021,"EL","PC","A1_DCH","B_50","MED_EI","Median equivalised income","Below 50%","One adult with dependent children","Percentage",24.1,
2022,"EL","PC","A1_DCH","B_50","MED_EI","Median equivalised income","Below 50%","One adult with dependent children","Percentage",26.7,
2023,"EL","PC","A1_DCH","B_50","MED_EI","Median equivalised income","Below 50%","One adult with dependent children","Percentage",24.6,
2024,"EL","PC","A1_DCH","B_50","MED_EI","Median equivalised income","Below 50%","One adult with dependent children","Percentage",24.3,
2025,"EL","PC","A1_DCH","B_50","MED_EI","Median equivalised income","Below 50%","One adult with dependent children","Percentage",19,
2015,"EL","THS_PER","A2","B_50","MED_EI","Median equivalised income","Below 50%","Two adults","Thousand persons",232,
2016,"EL","THS_PER","A2","B_50","MED_EI","Median equivalised income","Below 50%","Two adults","Thousand persons",236,
2017,"EL","THS_PER","A2","B_50","MED_EI","Median equivalised income","Below 50%","Two adults","Thousand persons",220,
2018,"EL","THS_PER","A2","B_50","MED_EI","Median equivalised income","Below 50%","Two adults","Thousand persons",181,
2019,"EL","THS_PER","A2","B_50","MED_EI","Median equivalised income","Below 50%","Two adults","Thousand persons",192,
2020,"EL","THS_PER","A2","B_50","MED_EI","Median equivalised income","Below 50%","Two adults","Thousand persons",165,
2021,"EL","THS_PER","A2","B_50","MED_EI","Median equivalised income","Below 50%","Two adults","Thousand persons",203,
2022,"EL","THS_PER","A2","B_50","MED_EI","Median equivalised income","Below 50%","Two adults","Thousand persons",202,
2023,"EL","THS_PER","A2","B_50","MED_EI","Median equivalised income","Below 50%","Two adults","Thousand persons",196,
2024,"EL","THS_PER","A2","B_50","MED_EI","Median equivalised income","Below 50%","Two adults","Thousand persons",207,
2025,"EL","THS_PER","A2","B_50","MED_EI","Median equivalised income","Below 50%","Two adults","Thousand persons",202,
2003,"EL","PC","A2","B_50","MED_EI","Median equivalised income","Below 50%","Two adults","Percentage",15.4,"b"
2004,"EL","PC","A2","B_50","MED_EI","Median equivalised income","Below 50%","Two adults","Percentage",13.9,
2005,"EL","PC","A2","B_50","MED_EI","Median equivalised income","Below 50%","Two adults","Percentage",13.7,
2006,"EL","PC","A2","B_50","MED_EI","Median equivalised income","Below 50%","Two adults","Percentage",12.6,
2007,"EL","PC","A2","B_50","MED_EI","Median equivalised income","Below 50%","Two adults","Percentage",11.6,
2008,"EL","PC","A2","B_50","MED_EI","Median equivalised income","Below 50%","Two adults","Percentage",9.5,
2009,"EL","PC","A2","B_50","MED_EI","Median equivalised income","Below 50%","Two adults","Percentage",9.2,
2010,"EL","PC","A2","B_50","MED_EI","Median equivalised income","Below 50%","Two adults","Percentage",9.4,
2011,"EL","PC","A2","B_50","MED_EI","Median equivalised income","Below 50%","Two adults","Percentage",12.3,
2012,"EL","PC","A2","B_50","MED_EI","Median equivalised income","Below 50%","Two adults","Percentage",7.4,
2013,"EL","PC","A2","B_50","MED_EI","Median equivalised income","Below 50%","Two adults","Percentage",8.6,
2014,"EL","PC","A2","B_50","MED_EI","Median equivalised income","Below 50%","Two adults","Percentage",10.3,
2015,"EL","PC","A2","B_50","MED_EI","Median equivalised income","Below 50%","Two adults","Percentage",9.7,
2016,"EL","PC","A2","B_50","MED_EI","Median equivalised income","Below 50%","Two adults","Percentage",9.9,
2017,"EL","PC","A2","B_50","MED_EI","Median equivalised income","Below 50%","Two adults","Percentage",9.3,
2018,"EL","PC","A2","B_50","MED_EI","Median equivalised income","Below 50%","Two adults","Percentage",7.7,
2019,"EL","PC","A2","B_50","MED_EI","Median equivalised income","Below 50%","Two adults","Percentage",8.1,
2020,"EL","PC","A2","B_50","MED_EI","Median equivalised income","Below 50%","Two adults","Percentage",7,
2021,"EL","PC","A2","B_50","MED_EI","Median equivalised income","Below 50%","Two adults","Percentage",8.7,
2022,"EL","PC","A2","B_50","MED_EI","Median equivalised income","Below 50%","Two adults","Percentage",8.7,
2023,"EL","PC","A2","B_50","MED_EI","Median equivalised income","Below 50%","Two adults","Percentage",8.3,
2024,"EL","PC","A2","B_50","MED_EI","Median equivalised income","Below 50%","Two adults","Percentage",8.8,
2025,"EL","PC","A2","B_50","MED_EI","Median equivalised income","Below 50%","Two adults","Percentage",8.6,
2015,"EL","THS_PER","A2_DCH1","B_50","MED_EI","Median equivalised income","Below 50%","Two adults with one dependent child","Thousand persons",162,
2016,"EL","THS_PER","A2_DCH1","B_50","MED_EI","Median equivalised income","Below 50%","Two adults with one dependent child","Thousand persons",172,
2017,"EL","THS_PER","A2_DCH1","B_50","MED_EI","Median equivalised income","Below 50%","Two adults with one dependent child","Thousand persons",156,
2018,"EL","THS_PER","A2_DCH1","B_50","MED_EI","Median equivalised income","Below 50%","Two adults with one dependent child","Thousand persons",151,
2019,"EL","THS_PER","A2_DCH1","B_50","MED_EI","Median equivalised income","Below 50%","Two adults with one dependent child","Thousand persons",133,
2020,"EL","THS_PER","A2_DCH1","B_50","MED_EI","Median equivalised income","Below 50%","Two adults with one dependent child","Thousand persons",129,
2021,"EL","THS_PER","A2_DCH1","B_50","MED_EI","Median equivalised income","Below 50%","Two adults with one dependent child","Thousand persons",130,
2022,"EL","THS_PER","A2_DCH1","B_50","MED_EI","Median equivalised income","Below 50%","Two adults with one dependent child","Thousand persons",111,
2023,"EL","THS_PER","A2_DCH1","B_50","MED_EI","Median equivalised income","Below 50%","Two adults with one dependent child","Thousand persons",125,
2024,"EL","THS_PER","A2_DCH1","B_50","MED_EI","Median equivalised income","Below 50%","Two adults with one dependent child","Thousand persons",133,
2025,"EL","THS_PER","A2_DCH1","B_50","MED_EI","Median equivalised income","Below 50%","Two adults with one dependent child","Thousand persons",135,
1995,"EL","PC","A2_DCH1","B_50","MED_EI","Median equivalised income","Below 50%","Two adults with one dependent child","Percentage",7,
1996,"EL","PC","A2_DCH1","B_50","MED_EI","Median equivalised income","Below 50%","Two adults with one dependent child","Percentage",7,
1997,"EL","PC","A2_DCH1","B_50","MED_EI","Median equivalised income","Below 50%","Two adults with one dependent child","Percentage",8,
1998,"EL","PC","A2_DCH1","B_50","MED_EI","Median equivalised income","Below 50%","Two adults with one dependent child","Percentage",7,
1999,"EL","PC","A2_DCH1","B_50","MED_EI","Median equivalised income","Below 50%","Two adults with one dependent child","Percentage",7,
2000,"EL","PC","A2_DCH1","B_50","MED_EI","Median equivalised income","Below 50%","Two adults with one dependent child","Percentage",6,
2001,"EL","PC","A2_DCH1","B_50","MED_EI","Median equivalised income","Below 50%","Two adults with one dependent child","Percentage",5,
2003,"EL","PC","A2_DCH1","B_50","MED_EI","Median equivalised income","Below 50%","Two adults with one dependent child","Percentage",9.4,"b"
2004,"EL","PC","A2_DCH1","B_50","MED_EI","Median equivalised income","Below 50%","Two adults with one dependent child","Percentage",9.2,
2005,"EL","PC","A2_DCH1","B_50","MED_EI","Median equivalised income","Below 50%","Two adults with one dependent child","Percentage",9.3,
2006,"EL","PC","A2_DCH1","B_50","MED_EI","Median equivalised income","Below 50%","Two adults with one dependent child","Percentage",9.1,
2007,"EL","PC","A2_DCH1","B_50","MED_EI","Median equivalised income","Below 50%","Two adults with one dependent child","Percentage",13.1,
2008,"EL","PC","A2_DCH1","B_50","MED_EI","Median equivalised income","Below 50%","Two adults with one dependent child","Percentage",10.5,
2009,"EL","PC","A2_DCH1","B_50","MED_EI","Median equivalised income","Below 50%","Two adults with one dependent child","Percentage",16,
2010,"EL","PC","A2_DCH1","B_50","MED_EI","Median equivalised income","Below 50%","Two adults with one dependent child","Percentage",15.4,
2011,"EL","PC","A2_DCH1","B_50","MED_EI","Median equivalised income","Below 50%","Two adults with one dependent child","Percentage",12.5,
2012,"EL","PC","A2_DCH1","B_50","MED_EI","Median equivalised income","Below 50%","Two adults with one dependent child","Percentage",18.3,
2013,"EL","PC","A2_DCH1","B_50","MED_EI","Median equivalised income","Below 50%","Two adults with one dependent child","Percentage",14.9,
2014,"EL","PC","A2_DCH1","B_50","MED_EI","Median equivalised income","Below 50%","Two adults with one dependent child","Percentage",16.7,
2015,"EL","PC","A2_DCH1","B_50","MED_EI","Median equivalised income","Below 50%","Two adults with one dependent child","Percentage",14.3,
2016,"EL","PC","A2_DCH1","B_50","MED_EI","Median equivalised income","Below 50%","Two adults with one dependent child","Percentage",14.7,
2017,"EL","PC","A2_DCH1","B_50","MED_EI","Median equivalised income","Below 50%","Two adults with one dependent child","Percentage",13.4,
2018,"EL","PC","A2_DCH1","B_50","MED_EI","Median equivalised income","Below 50%","Two adults with one dependent child","Percentage",12.5,
2019,"EL","PC","A2_DCH1","B_50","MED_EI","Median equivalised income","Below 50%","Two adults with one dependent child","Percentage",11.7,
2020,"EL","PC","A2_DCH1","B_50","MED_EI","Median equivalised income","Below 50%","Two adults with one dependent child","Percentage",11.3,
2021,"EL","PC","A2_DCH1","B_50","MED_EI","Median equivalised income","Below 50%","Two adults with one dependent child","Percentage",11.4,
2022,"EL","PC","A2_DCH1","B_50","MED_EI","Median equivalised income","Below 50%","Two adults with one dependent child","Percentage",11.7,
2023,"EL","PC","A2_DCH1","B_50","MED_EI","Median equivalised income","Below 50%","Two adults with one dependent child","Percentage",10.9,
2024,"EL","PC","A2_DCH1","B_50","MED_EI","Median equivalised income","Below 50%","Two adults with one dependent child","Percentage",11.5,
2025,"EL","PC","A2_DCH1","B_50","MED_EI","Median equivalised income","Below 50%","Two adults with one dependent child","Percentage",11.5,
2015,"EL","THS_PER","A2_DCH2","B_50","MED_EI","Median equivalised income","Below 50%","Two adults with two dependent children","Thousand persons",313,
2016,"EL","THS_PER","A2_DCH2","B_50","MED_EI","Median equivalised income","Below 50%","Two adults with two dependent children","Thousand persons",282,
2017,"EL","THS_PER","A2_DCH2","B_50","MED_EI","Median equivalised income","Below 50%","Two adults with two dependent children","Thousand persons",286,
2018,"EL","THS_PER","A2_DCH2","B_50","MED_EI","Median equivalised income","Below 50%","Two adults with two dependent children","Thousand persons",239,
2019,"EL","THS_PER","A2_DCH2","B_50","MED_EI","Median equivalised income","Below 50%","Two adults with two dependent children","Thousand persons",198,
2020,"EL","THS_PER","A2_DCH2","B_50","MED_EI","Median equivalised income","Below 50%","Two adults with two dependent children","Thousand persons",202,
2021,"EL","THS_PER","A2_DCH2","B_50","MED_EI","Median equivalised income","Below 50%","Two adults with two dependent children","Thousand persons",237,
2022,"EL","THS_PER","A2_DCH2","B_50","MED_EI","Median equivalised income","Below 50%","Two adults with two dependent children","Thousand persons",186,
2023,"EL","THS_PER","A2_DCH2","B_50","MED_EI","Median equivalised income","Below 50%","Two adults with two dependent children","Thousand persons",172,
2024,"EL","THS_PER","A2_DCH2","B_50","MED_EI","Median equivalised income","Below 50%","Two adults with two dependent children","Thousand persons",165,
2025,"EL","THS_PER","A2_DCH2","B_50","MED_EI","Median equivalised income","Below 50%","Two adults with two dependent children","Thousand persons",178,
1995,"EL","PC","A2_DCH2","B_50","MED_EI","Median equivalised income","Below 50%","Two adults with two dependent children","Percentage",12,
1996,"EL","PC","A2_DCH2","B_50","MED_EI","Median equivalised income","Below 50%","Two adults with two dependent children","Percentage",11,
1997,"EL","PC","A2_DCH2","B_50","MED_EI","Median equivalised income","Below 50%","Two adults with two dependent children","Percentage",10,
1998,"EL","PC","A2_DCH2","B_50","MED_EI","Median equivalised income","Below 50%","Two adults with two dependent children","Percentage",8,
1999,"EL","PC","A2_DCH2","B_50","MED_EI","Median equivalised income","Below 50%","Two adults with two dependent children","Percentage",9,
2000,"EL","PC","A2_DCH2","B_50","MED_EI","Median equivalised income","Below 50%","Two adults with two dependent children","Percentage",9,
2001,"EL","PC","A2_DCH2","B_50","MED_EI","Median equivalised income","Below 50%","Two adults with two dependent children","Percentage",9,
2003,"EL","PC","A2_DCH2","B_50","MED_EI","Median equivalised income","Below 50%","Two adults with two dependent children","Percentage",12,"b"
2004,"EL","PC","A2_DCH2","B_50","MED_EI","Median equivalised income","Below 50%","Two adults with two dependent children","Percentage",10.8,
2005,"EL","PC","A2_DCH2","B_50","MED_EI","Median equivalised income","Below 50%","Two adults with two dependent children","Percentage",11.7,
2006,"EL","PC","A2_DCH2","B_50","MED_EI","Median equivalised income","Below 50%","Two adults with two dependent children","Percentage",14.7,
2007,"EL","PC","A2_DCH2","B_50","MED_EI","Median equivalised income","Below 50%","Two adults with two dependent children","Percentage",13.4,
2008,"EL","PC","A2_DCH2","B_50","MED_EI","Median equivalised income","Below 50%","Two adults with two dependent children","Percentage",15.2,
2009,"EL","PC","A2_DCH2","B_50","MED_EI","Median equivalised income","Below 50%","Two adults with two dependent children","Percentage",15.6,
2010,"EL","PC","A2_DCH2","B_50","MED_EI","Median equivalised income","Below 50%","Two adults with two dependent children","Percentage",13.2,
2011,"EL","PC","A2_DCH2","B_50","MED_EI","Median equivalised income","Below 50%","Two adults with two dependent children","Percentage",15.3,
2012,"EL","PC","A2_DCH2","B_50","MED_EI","Median equivalised income","Below 50%","Two adults with two dependent children","Percentage",20.5,
2013,"EL","PC","A2_DCH2","B_50","MED_EI","Median equivalised income","Below 50%","Two adults with two dependent children","Percentage",20.9,
2014,"EL","PC","A2_DCH2","B_50","MED_EI","Median equivalised income","Below 50%","Two adults with two dependent children","Percentage",17.2,
2015,"EL","PC","A2_DCH2","B_50","MED_EI","Median equivalised income","Below 50%","Two adults with two dependent children","Percentage",17,
2016,"EL","PC","A2_DCH2","B_50","MED_EI","Median equivalised income","Below 50%","Two adults with two dependent children","Percentage",15.5,
2017,"EL","PC","A2_DCH2","B_50","MED_EI","Median equivalised income","Below 50%","Two adults with two dependent children","Percentage",16.1,
2018,"EL","PC","A2_DCH2","B_50","MED_EI","Median equivalised income","Below 50%","Two adults with two dependent children","Percentage",13.7,
2019,"EL","PC","A2_DCH2","B_50","MED_EI","Median equivalised income","Below 50%","Two adults with two dependent children","Percentage",12.3,
2020,"EL","PC","A2_DCH2","B_50","MED_EI","Median equivalised income","Below 50%","Two adults with two dependent children","Percentage",11.9,
2021,"EL","PC","A2_DCH2","B_50","MED_EI","Median equivalised income","Below 50%","Two adults with two dependent children","Percentage",14.2,
2022,"EL","PC","A2_DCH2","B_50","MED_EI","Median equivalised income","Below 50%","Two adults with two dependent children","Percentage",11.3,
2023,"EL","PC","A2_DCH2","B_50","MED_EI","Median equivalised income","Below 50%","Two adults with two dependent children","Percentage",10.9,
2024,"EL","PC","A2_DCH2","B_50","MED_EI","Median equivalised income","Below 50%","Two adults with two dependent children","Percentage",10.6,
2025,"EL","PC","A2_DCH2","B_50","MED_EI","Median equivalised income","Below 50%","Two adults with two dependent children","Percentage",11.7,
2015,"EL","THS_PER","A2_DCH_GE3","B_50","MED_EI","Median equivalised income","Below 50%","Two adults with three or more dependent children","Thousand persons",138,
2016,"EL","THS_PER","A2_DCH_GE3","B_50","MED_EI","Median equivalised income","Below 50%","Two adults with three or more dependent children","Thousand persons",135,
2017,"EL","THS_PER","A2_DCH_GE3","B_50","MED_EI","Median equivalised income","Below 50%","Two adults with three or more dependent children","Thousand persons",105,
2018,"EL","THS_PER","A2_DCH_GE3","B_50","MED_EI","Median equivalised income","Below 50%","Two adults with three or more dependent children","Thousand persons",117,
2019,"EL","THS_PER","A2_DCH_GE3","B_50","MED_EI","Median equivalised income","Below 50%","Two adults with three or more dependent children","Thousand persons",141,
2020,"EL","THS_PER","A2_DCH_GE3","B_50","MED_EI","Median equivalised income","Below 50%","Two adults with three or more dependent children","Thousand persons",129,
2021,"EL","THS_PER","A2_DCH_GE3","B_50","MED_EI","Median equivalised income","Below 50%","Two adults with three or more dependent children","Thousand persons",211,
2022,"EL","THS_PER","A2_DCH_GE3","B_50","MED_EI","Median equivalised income","Below 50%","Two adults with three or more dependent children","Thousand persons",198,
2023,"EL","THS_PER","A2_DCH_GE3","B_50","MED_EI","Median equivalised income","Below 50%","Two adults with three or more dependent children","Thousand persons",169,
2024,"EL","THS_PER","A2_DCH_GE3","B_50","MED_EI","Median equivalised income","Below 50%","Two adults with three or more dependent children","Thousand persons",151,
2025,"EL","THS_PER","A2_DCH_GE3","B_50","MED_EI","Median equivalised income","Below 50%","Two adults with three or more dependent children","Thousand persons",177,
1995,"EL","PC","A2_DCH_GE3","B_50","MED_EI","Median equivalised income","Below 50%","Two adults with three or more dependent children","Percentage",9,
1996,"EL","PC","A2_DCH_GE3","B_50","MED_EI","Median equivalised income","Below 50%","Two adults with three or more dependent children","Percentage",15,
1997,"EL","PC","A2_DCH_GE3","B_50","MED_EI","Median equivalised income","Below 50%","Two adults with three or more dependent children","Percentage",15,
1998,"EL","PC","A2_DCH_GE3","B_50","MED_EI","Median equivalised income","Below 50%","Two adults with three or more dependent children","Percentage",18,
1999,"EL","PC","A2_DCH_GE3","B_50","MED_EI","Median equivalised income","Below 50%","Two adults with three or more dependent children","Percentage",13,
2000,"EL","PC","A2_DCH_GE3","B_50","MED_EI","Median equivalised income","Below 50%","Two adults with three or more dependent children","Percentage",16,
2001,"EL","PC","A2_DCH_GE3","B_50","MED_EI","Median equivalised income","Below 50%","Two adults with three or more dependent children","Percentage",19,
2003,"EL","PC","A2_DCH_GE3","B_50","MED_EI","Median equivalised income","Below 50%","Two adults with three or more dependent children","Percentage",26.6,"b"
2004,"EL","PC","A2_DCH_GE3","B_50","MED_EI","Median equivalised income","Below 50%","Two adults with three or more dependent children","Percentage",21.7,
2005,"EL","PC","A2_DCH_GE3","B_50","MED_EI","Median equivalised income","Below 50%","Two adults with three or more dependent children","Percentage",17.5,
2006,"EL","PC","A2_DCH_GE3","B_50","MED_EI","Median equivalised income","Below 50%","Two adults with three or more dependent children","Percentage",25.8,
2007,"EL","PC","A2_DCH_GE3","B_50","MED_EI","Median equivalised income","Below 50%","Two adults with three or more dependent children","Percentage",24.1,
2008,"EL","PC","A2_DCH_GE3","B_50","MED_EI","Median equivalised income","Below 50%","Two adults with three or more dependent children","Percentage",16.6,
2009,"EL","PC","A2_DCH_GE3","B_50","MED_EI","Median equivalised income","Below 50%","Two adults with three or more dependent children","Percentage",15.1,
2010,"EL","PC","A2_DCH_GE3","B_50","MED_EI","Median equivalised income","Below 50%","Two adults with three or more dependent children","Percentage",17.3,
2011,"EL","PC","A2_DCH_GE3","B_50","MED_EI","Median equivalised income","Below 50%","Two adults with three or more dependent children","Percentage",16.7,
2012,"EL","PC","A2_DCH_GE3","B_50","MED_EI","Median equivalised income","Below 50%","Two adults with three or more dependent children","Percentage",26.9,
2013,"EL","PC","A2_DCH_GE3","B_50","MED_EI","Median equivalised income","Below 50%","Two adults with three or more dependent children","Percentage",22.3,
2014,"EL","PC","A2_DCH_GE3","B_50","MED_EI","Median equivalised income","Below 50%","Two adults with three or more dependent children","Percentage",23.2,
2015,"EL","PC","A2_DCH_GE3","B_50","MED_EI","Median equivalised income","Below 50%","Two adults with three or more dependent children","Percentage",21.5,
2016,"EL","PC","A2_DCH_GE3","B_50","MED_EI","Median equivalised income","Below 50%","Two adults with three or more dependent children","Percentage",22.1,
2017,"EL","PC","A2_DCH_GE3","B_50","MED_EI","Median equivalised income","Below 50%","Two adults with three or more dependent children","Percentage",17,
2018,"EL","PC","A2_DCH_GE3","B_50","MED_EI","Median equivalised income","Below 50%","Two adults with three or more dependent children","Percentage",18,
2019,"EL","PC","A2_DCH_GE3","B_50","MED_EI","Median equivalised income","Below 50%","Two adults with three or more dependent children","Percentage",16.5,
2020,"EL","PC","A2_DCH_GE3","B_50","MED_EI","Median equivalised income","Below 50%","Two adults with three or more dependent children","Percentage",17,
2021,"EL","PC","A2_DCH_GE3","B_50","MED_EI","Median equivalised income","Below 50%","Two adults with three or more dependent children","Percentage",20.4,
2022,"EL","PC","A2_DCH_GE3","B_50","MED_EI","Median equivalised income","Below 50%","Two adults with three or more dependent children","Percentage",18.7,
2023,"EL","PC","A2_DCH_GE3","B_50","MED_EI","Median equivalised income","Below 50%","Two adults with three or more dependent children","Percentage",19.4,
2024,"EL","PC","A2_DCH_GE3","B_50","MED_EI","Median equivalised income","Below 50%","Two adults with three or more dependent children","Percentage",17.4,
2025,"EL","PC","A2_DCH_GE3","B_50","MED_EI","Median equivalised income","Below 50%","Two adults with three or more dependent children","Percentage",20.6,
2015,"EL","THS_PER","A_GE2_DCH","B_50","MED_EI","Median equivalised income","Below 50%","Two or more adults with dependent children","Thousand persons",912,
2016,"EL","THS_PER","A_GE2_DCH","B_50","MED_EI","Median equivalised income","Below 50%","Two or more adults with dependent children","Thousand persons",882,
2017,"EL","THS_PER","A_GE2_DCH","B_50","MED_EI","Median equivalised income","Below 50%","Two or more adults with dependent children","Thousand persons",845,
2018,"EL","THS_PER","A_GE2_DCH","B_50","MED_EI","Median equivalised income","Below 50%","Two or more adults with dependent children","Thousand persons",767,
2019,"EL","THS_PER","A_GE2_DCH","B_50","MED_EI","Median equivalised income","Below 50%","Two or more adults with dependent children","Thousand persons",712,
2020,"EL","THS_PER","A_GE2_DCH","B_50","MED_EI","Median equivalised income","Below 50%","Two or more adults with dependent children","Thousand persons",701,
2021,"EL","THS_PER","A_GE2_DCH","B_50","MED_EI","Median equivalised income","Below 50%","Two or more adults with dependent children","Thousand persons",781,
2022,"EL","THS_PER","A_GE2_DCH","B_50","MED_EI","Median equivalised income","Below 50%","Two or more adults with dependent children","Thousand persons",651,
2023,"EL","THS_PER","A_GE2_DCH","B_50","MED_EI","Median equivalised income","Below 50%","Two or more adults with dependent children","Thousand persons",598,
2024,"EL","THS_PER","A_GE2_DCH","B_50","MED_EI","Median equivalised income","Below 50%","Two or more adults with dependent children","Thousand persons",558,
2025,"EL","THS_PER","A_GE2_DCH","B_50","MED_EI","Median equivalised income","Below 50%","Two or more adults with dependent children","Thousand persons",565,
2003,"EL","PC","A_GE2_DCH","B_50","MED_EI","Median equivalised income","Below 50%","Two or more adults with dependent children","Percentage",14.7,"b"
2004,"EL","PC","A_GE2_DCH","B_50","MED_EI","Median equivalised income","Below 50%","Two or more adults with dependent children","Percentage",11.7,
2005,"EL","PC","A_GE2_DCH","B_50","MED_EI","Median equivalised income","Below 50%","Two or more adults with dependent children","Percentage",12.2,
2006,"EL","PC","A_GE2_DCH","B_50","MED_EI","Median equivalised income","Below 50%","Two or more adults with dependent children","Percentage",14.8,
2007,"EL","PC","A_GE2_DCH","B_50","MED_EI","Median equivalised income","Below 50%","Two or more adults with dependent children","Percentage",14.5,
2008,"EL","PC","A_GE2_DCH","B_50","MED_EI","Median equivalised income","Below 50%","Two or more adults with dependent children","Percentage",14.8,
2009,"EL","PC","A_GE2_DCH","B_50","MED_EI","Median equivalised income","Below 50%","Two or more adults with dependent children","Percentage",15,
2010,"EL","PC","A_GE2_DCH","B_50","MED_EI","Median equivalised income","Below 50%","Two or more adults with dependent children","Percentage",15.2,
2011,"EL","PC","A_GE2_DCH","B_50","MED_EI","Median equivalised income","Below 50%","Two or more adults with dependent children","Percentage",14.8,
2012,"EL","PC","A_GE2_DCH","B_50","MED_EI","Median equivalised income","Below 50%","Two or more adults with dependent children","Percentage",20.7,
2013,"EL","PC","A_GE2_DCH","B_50","MED_EI","Median equivalised income","Below 50%","Two or more adults with dependent children","Percentage",22.1,
2014,"EL","PC","A_GE2_DCH","B_50","MED_EI","Median equivalised income","Below 50%","Two or more adults with dependent children","Percentage",19.6,
2015,"EL","PC","A_GE2_DCH","B_50","MED_EI","Median equivalised income","Below 50%","Two or more adults with dependent children","Percentage",18.6,
2016,"EL","PC","A_GE2_DCH","B_50","MED_EI","Median equivalised income","Below 50%","Two or more adults with dependent children","Percentage",18.2,
2017,"EL","PC","A_GE2_DCH","B_50","MED_EI","Median equivalised income","Below 50%","Two or more adults with dependent children","Percentage",17.6,
2018,"EL","PC","A_GE2_DCH","B_50","MED_EI","Median equivalised income","Below 50%","Two or more adults with dependent children","Percentage",15.9,
2019,"EL","PC","A_GE2_DCH","B_50","MED_EI","Median equivalised income","Below 50%","Two or more adults with dependent children","Percentage",14.7,
2020,"EL","PC","A_GE2_DCH","B_50","MED_EI","Median equivalised income","Below 50%","Two or more adults with dependent children","Percentage",14.5,
2021,"EL","PC","A_GE2_DCH","B_50","MED_EI","Median equivalised income","Below 50%","Two or more adults with dependent children","Percentage",15.7,
2022,"EL","PC","A_GE2_DCH","B_50","MED_EI","Median equivalised income","Below 50%","Two or more adults with dependent children","Percentage",13.7,
2023,"EL","PC","A_GE2_DCH","B_50","MED_EI","Median equivalised income","Below 50%","Two or more adults with dependent children","Percentage",13.1,
2024,"EL","PC","A_GE2_DCH","B_50","MED_EI","Median equivalised income","Below 50%","Two or more adults with dependent children","Percentage",12.3,
2025,"EL","PC","A_GE2_DCH","B_50","MED_EI","Median equivalised income","Below 50%","Two or more adults with dependent children","Percentage",12.5,
2015,"EL","THS_PER","A_GE2_NDCH","B_50","MED_EI","Median equivalised income","Below 50%","Two or more adults without dependent children","Thousand persons",498,
2016,"EL","THS_PER","A_GE2_NDCH","B_50","MED_EI","Median equivalised income","Below 50%","Two or more adults without dependent children","Thousand persons",555,
2017,"EL","THS_PER","A_GE2_NDCH","B_50","MED_EI","Median equivalised income","Below 50%","Two or more adults without dependent children","Thousand persons",513,
2018,"EL","THS_PER","A_GE2_NDCH","B_50","MED_EI","Median equivalised income","Below 50%","Two or more adults without dependent children","Thousand persons",415,
2019,"EL","THS_PER","A_GE2_NDCH","B_50","MED_EI","Median equivalised income","Below 50%","Two or more adults without dependent children","Thousand persons",412,
2020,"EL","THS_PER","A_GE2_NDCH","B_50","MED_EI","Median equivalised income","Below 50%","Two or more adults without dependent children","Thousand persons",388,
2021,"EL","THS_PER","A_GE2_NDCH","B_50","MED_EI","Median equivalised income","Below 50%","Two or more adults without dependent children","Thousand persons",432,
2022,"EL","THS_PER","A_GE2_NDCH","B_50","MED_EI","Median equivalised income","Below 50%","Two or more adults without dependent children","Thousand persons",392,
2023,"EL","THS_PER","A_GE2_NDCH","B_50","MED_EI","Median equivalised income","Below 50%","Two or more adults without dependent children","Thousand persons",328,
2024,"EL","THS_PER","A_GE2_NDCH","B_50","MED_EI","Median equivalised income","Below 50%","Two or more adults without dependent children","Thousand persons",365,
2025,"EL","THS_PER","A_GE2_NDCH","B_50","MED_EI","Median equivalised income","Below 50%","Two or more adults without dependent children","Thousand persons",344,
2003,"EL","PC","A_GE2_NDCH","B_50","MED_EI","Median equivalised income","Below 50%","Two or more adults without dependent children","Percentage",12.2,"b"
2004,"EL","PC","A_GE2_NDCH","B_50","MED_EI","Median equivalised income","Below 50%","Two or more adults without dependent children","Percentage",11.6,
2005,"EL","PC","A_GE2_NDCH","B_50","MED_EI","Median equivalised income","Below 50%","Two or more adults without dependent children","Percentage",11,
2006,"EL","PC","A_GE2_NDCH","B_50","MED_EI","Median equivalised income","Below 50%","Two or more adults without dependent children","Percentage",10.8,
2007,"EL","PC","A_GE2_NDCH","B_50","MED_EI","Median equivalised income","Below 50%","Two or more adults without dependent children","Percentage",10.3,
2008,"EL","PC","A_GE2_NDCH","B_50","MED_EI","Median equivalised income","Below 50%","Two or more adults without dependent children","Percentage",9.7,
2009,"EL","PC","A_GE2_NDCH","B_50","MED_EI","Median equivalised income","Below 50%","Two or more adults without dependent children","Percentage",8.2,
2010,"EL","PC","A_GE2_NDCH","B_50","MED_EI","Median equivalised income","Below 50%","Two or more adults without dependent children","Percentage",8.8,
2011,"EL","PC","A_GE2_NDCH","B_50","MED_EI","Median equivalised income","Below 50%","Two or more adults without dependent children","Percentage",12,
2012,"EL","PC","A_GE2_NDCH","B_50","MED_EI","Median equivalised income","Below 50%","Two or more adults without dependent children","Percentage",10.6,
2013,"EL","PC","A_GE2_NDCH","B_50","MED_EI","Median equivalised income","Below 50%","Two or more adults without dependent children","Percentage",11,
2014,"EL","PC","A_GE2_NDCH","B_50","MED_EI","Median equivalised income","Below 50%","Two or more adults without dependent children","Percentage",11.9,
2015,"EL","PC","A_GE2_NDCH","B_50","MED_EI","Median equivalised income","Below 50%","Two or more adults without dependent children","Percentage",11,
2016,"EL","PC","A_GE2_NDCH","B_50","MED_EI","Median equivalised income","Below 50%","Two or more adults without dependent children","Percentage",12.2,
2017,"EL","PC","A_GE2_NDCH","B_50","MED_EI","Median equivalised income","Below 50%","Two or more adults without dependent children","Percentage",11.3,
2018,"EL","PC","A_GE2_NDCH","B_50","MED_EI","Median equivalised income","Below 50%","Two or more adults without dependent children","Percentage",9.3,
2019,"EL","PC","A_GE2_NDCH","B_50","MED_EI","Median equivalised income","Below 50%","Two or more adults without dependent children","Percentage",9.2,
2020,"EL","PC","A_GE2_NDCH","B_50","MED_EI","Median equivalised income","Below 50%","Two or more adults without dependent children","Percentage",8.7,
2021,"EL","PC","A_GE2_NDCH","B_50","MED_EI","Median equivalised income","Below 50%","Two or more adults without dependent children","Percentage",10.1,
2022,"EL","PC","A_GE2_NDCH","B_50","MED_EI","Median equivalised income","Below 50%","Two or more adults without dependent children","Percentage",8.9,
2023,"EL","PC","A_GE2_NDCH","B_50","MED_EI","Median equivalised income","Below 50%","Two or more adults without dependent children","Percentage",8.1,
2024,"EL","PC","A_GE2_NDCH","B_50","MED_EI","Median equivalised income","Below 50%","Two or more adults without dependent children","Percentage",9,
2025,"EL","PC","A_GE2_NDCH","B_50","MED_EI","Median equivalised income","Below 50%","Two or more adults without dependent children","Percentage",8.5,
2015,"EL","THS_PER","A_GE3","B_50","MED_EI","Median equivalised income","Below 50%","Three or more adults","Thousand persons",266,
2016,"EL","THS_PER","A_GE3","B_50","MED_EI","Median equivalised income","Below 50%","Three or more adults","Thousand persons",320,
2017,"EL","THS_PER","A_GE3","B_50","MED_EI","Median equivalised income","Below 50%","Three or more adults","Thousand persons",293,
2018,"EL","THS_PER","A_GE3","B_50","MED_EI","Median equivalised income","Below 50%","Three or more adults","Thousand persons",234,
2019,"EL","THS_PER","A_GE3","B_50","MED_EI","Median equivalised income","Below 50%","Three or more adults","Thousand persons",220,
2020,"EL","THS_PER","A_GE3","B_50","MED_EI","Median equivalised income","Below 50%","Three or more adults","Thousand persons",223,
2021,"EL","THS_PER","A_GE3","B_50","MED_EI","Median equivalised income","Below 50%","Three or more adults","Thousand persons",229,
2022,"EL","THS_PER","A_GE3","B_50","MED_EI","Median equivalised income","Below 50%","Three or more adults","Thousand persons",190,
2023,"EL","THS_PER","A_GE3","B_50","MED_EI","Median equivalised income","Below 50%","Three or more adults","Thousand persons",133,
2024,"EL","THS_PER","A_GE3","B_50","MED_EI","Median equivalised income","Below 50%","Three or more adults","Thousand persons",158,
2025,"EL","THS_PER","A_GE3","B_50","MED_EI","Median equivalised income","Below 50%","Three or more adults","Thousand persons",142,
1995,"EL","PC","A_GE3","B_50","MED_EI","Median equivalised income","Below 50%","Three or more adults","Percentage",13,
1996,"EL","PC","A_GE3","B_50","MED_EI","Median equivalised income","Below 50%","Three or more adults","Percentage",12,
1997,"EL","PC","A_GE3","B_50","MED_EI","Median equivalised income","Below 50%","Three or more adults","Percentage",13,
1998,"EL","PC","A_GE3","B_50","MED_EI","Median equivalised income","Below 50%","Three or more adults","Percentage",13,
1999,"EL","PC","A_GE3","B_50","MED_EI","Median equivalised income","Below 50%","Three or more adults","Percentage",12,
2000,"EL","PC","A_GE3","B_50","MED_EI","Median equivalised income","Below 50%","Three or more adults","Percentage",13,
2001,"EL","PC","A_GE3","B_50","MED_EI","Median equivalised income","Below 50%","Three or more adults","Percentage",12,
2003,"EL","PC","A_GE3","B_50","MED_EI","Median equivalised income","Below 50%","Three or more adults","Percentage",9.4,"b"
2004,"EL","PC","A_GE3","B_50","MED_EI","Median equivalised income","Below 50%","Three or more adults","Percentage",9.5,
2005,"EL","PC","A_GE3","B_50","MED_EI","Median equivalised income","Below 50%","Three or more adults","Percentage",8.5,
2006,"EL","PC","A_GE3","B_50","MED_EI","Median equivalised income","Below 50%","Three or more adults","Percentage",9.3,
2007,"EL","PC","A_GE3","B_50","MED_EI","Median equivalised income","Below 50%","Three or more adults","Percentage",9.1,
2008,"EL","PC","A_GE3","B_50","MED_EI","Median equivalised income","Below 50%","Three or more adults","Percentage",9.8,
2009,"EL","PC","A_GE3","B_50","MED_EI","Median equivalised income","Below 50%","Three or more adults","Percentage",7.4,
2010,"EL","PC","A_GE3","B_50","MED_EI","Median equivalised income","Below 50%","Three or more adults","Percentage",8.2,
2011,"EL","PC","A_GE3","B_50","MED_EI","Median equivalised income","Below 50%","Three or more adults","Percentage",11.6,
2012,"EL","PC","A_GE3","B_50","MED_EI","Median equivalised income","Below 50%","Three or more adults","Percentage",13.5,
2013,"EL","PC","A_GE3","B_50","MED_EI","Median equivalised income","Below 50%","Three or more adults","Percentage",13.5,
2014,"EL","PC","A_GE3","B_50","MED_EI","Median equivalised income","Below 50%","Three or more adults","Percentage",13.8,
2015,"EL","PC","A_GE3","B_50","MED_EI","Median equivalised income","Below 50%","Three or more adults","Percentage",12.4,
2016,"EL","PC","A_GE3","B_50","MED_EI","Median equivalised income","Below 50%","Three or more adults","Percentage",14.8,
2017,"EL","PC","A_GE3","B_50","MED_EI","Median equivalised income","Below 50%","Three or more adults","Percentage",13.4,
2018,"EL","PC","A_GE3","B_50","MED_EI","Median equivalised income","Below 50%","Three or more adults","Percentage",11.1,
2019,"EL","PC","A_GE3","B_50","MED_EI","Median equivalised income","Below 50%","Three or more adults","Percentage",10.5,
2020,"EL","PC","A_GE3","B_50","MED_EI","Median equivalised income","Below 50%","Three or more adults","Percentage",10.6,
2021,"EL","PC","A_GE3","B_50","MED_EI","Median equivalised income","Below 50%","Three or more adults","Percentage",11.7,
2022,"EL","PC","A_GE3","B_50","MED_EI","Median equivalised income","Below 50%","Three or more adults","Percentage",9.1,
2023,"EL","PC","A_GE3","B_50","MED_EI","Median equivalised income","Below 50%","Three or more adults","Percentage",7.7,
2024,"EL","PC","A_GE3","B_50","MED_EI","Median equivalised income","Below 50%","Three or more adults","Percentage",9.3,
2025,"EL","PC","A_GE3","B_50","MED_EI","Median equivalised income","Below 50%","Three or more adults","Percentage",8.3,
2015,"EL","THS_PER","A_GE3_DCH","B_50","MED_EI","Median equivalised income","Below 50%","Three or more adults with dependent children","Thousand persons",299,
2016,"EL","THS_PER","A_GE3_DCH","B_50","MED_EI","Median equivalised income","Below 50%","Three or more adults with dependent children","Thousand persons",293,
2017,"EL","THS_PER","A_GE3_DCH","B_50","MED_EI","Median equivalised income","Below 50%","Three or more adults with dependent children","Thousand persons",297,
2018,"EL","THS_PER","A_GE3_DCH","B_50","MED_EI","Median equivalised income","Below 50%","Three or more adults with dependent children","Thousand persons",260,
2019,"EL","THS_PER","A_GE3_DCH","B_50","MED_EI","Median equivalised income","Below 50%","Three or more adults with dependent children","Thousand persons",241,
2020,"EL","THS_PER","A_GE3_DCH","B_50","MED_EI","Median equivalised income","Below 50%","Three or more adults with dependent children","Thousand persons",241,
2021,"EL","THS_PER","A_GE3_DCH","B_50","MED_EI","Median equivalised income","Below 50%","Three or more adults with dependent children","Thousand persons",204,
2022,"EL","THS_PER","A_GE3_DCH","B_50","MED_EI","Median equivalised income","Below 50%","Three or more adults with dependent children","Thousand persons",156,
2023,"EL","THS_PER","A_GE3_DCH","B_50","MED_EI","Median equivalised income","Below 50%","Three or more adults with dependent children","Thousand persons",132,
2024,"EL","THS_PER","A_GE3_DCH","B_50","MED_EI","Median equivalised income","Below 50%","Three or more adults with dependent children","Thousand persons",109,
2025,"EL","THS_PER","A_GE3_DCH","B_50","MED_EI","Median equivalised income","Below 50%","Three or more adults with dependent children","Thousand persons",75,
1995,"EL","PC","A_GE3_DCH","B_50","MED_EI","Median equivalised income","Below 50%","Three or more adults with dependent children","Percentage",19,
1996,"EL","PC","A_GE3_DCH","B_50","MED_EI","Median equivalised income","Below 50%","Three or more adults with dependent children","Percentage",18,
1997,"EL","PC","A_GE3_DCH","B_50","MED_EI","Median equivalised income","Below 50%","Three or more adults with dependent children","Percentage",20,
1998,"EL","PC","A_GE3_DCH","B_50","MED_EI","Median equivalised income","Below 50%","Three or more adults with dependent children","Percentage",18,
1999,"EL","PC","A_GE3_DCH","B_50","MED_EI","Median equivalised income","Below 50%","Three or more adults with dependent children","Percentage",17,
2000,"EL","PC","A_GE3_DCH","B_50","MED_EI","Median equivalised income","Below 50%","Three or more adults with dependent children","Percentage",16,
2001,"EL","PC","A_GE3_DCH","B_50","MED_EI","Median equivalised income","Below 50%","Three or more adults with dependent children","Percentage",18,
2003,"EL","PC","A_GE3_DCH","B_50","MED_EI","Median equivalised income","Below 50%","Three or more adults with dependent children","Percentage",19.7,"b"
2004,"EL","PC","A_GE3_DCH","B_50","MED_EI","Median equivalised income","Below 50%","Three or more adults with dependent children","Percentage",16.4,
2005,"EL","PC","A_GE3_DCH","B_50","MED_EI","Median equivalised income","Below 50%","Three or more adults with dependent children","Percentage",16.2,
2006,"EL","PC","A_GE3_DCH","B_50","MED_EI","Median equivalised income","Below 50%","Three or more adults with dependent children","Percentage",17.8,
2007,"EL","PC","A_GE3_DCH","B_50","MED_EI","Median equivalised income","Below 50%","Three or more adults with dependent children","Percentage",15.6,
2008,"EL","PC","A_GE3_DCH","B_50","MED_EI","Median equivalised income","Below 50%","Three or more adults with dependent children","Percentage",17.8,
2009,"EL","PC","A_GE3_DCH","B_50","MED_EI","Median equivalised income","Below 50%","Three or more adults with dependent children","Percentage",11.9,
2010,"EL","PC","A_GE3_DCH","B_50","MED_EI","Median equivalised income","Below 50%","Three or more adults with dependent children","Percentage",19.7,
2011,"EL","PC","A_GE3_DCH","B_50","MED_EI","Median equivalised income","Below 50%","Three or more adults with dependent children","Percentage",15.7,
2012,"EL","PC","A_GE3_DCH","B_50","MED_EI","Median equivalised income","Below 50%","Three or more adults with dependent children","Percentage",23.3,
2013,"EL","PC","A_GE3_DCH","B_50","MED_EI","Median equivalised income","Below 50%","Three or more adults with dependent children","Percentage",30.2,
2014,"EL","PC","A_GE3_DCH","B_50","MED_EI","Median equivalised income","Below 50%","Three or more adults with dependent children","Percentage",25.2,
2015,"EL","PC","A_GE3_DCH","B_50","MED_EI","Median equivalised income","Below 50%","Three or more adults with dependent children","Percentage",23.3,
2016,"EL","PC","A_GE3_DCH","B_50","MED_EI","Median equivalised income","Below 50%","Three or more adults with dependent children","Percentage",23.5,
2017,"EL","PC","A_GE3_DCH","B_50","MED_EI","Median equivalised income","Below 50%","Three or more adults with dependent children","Percentage",23.7,
2018,"EL","PC","A_GE3_DCH","B_50","MED_EI","Median equivalised income","Below 50%","Three or more adults with dependent children","Percentage",21.1,
2019,"EL","PC","A_GE3_DCH","B_50","MED_EI","Median equivalised income","Below 50%","Three or more adults with dependent children","Percentage",19,
2020,"EL","PC","A_GE3_DCH","B_50","MED_EI","Median equivalised income","Below 50%","Three or more adults with dependent children","Percentage",19.4,
2021,"EL","PC","A_GE3_DCH","B_50","MED_EI","Median equivalised income","Below 50%","Three or more adults with dependent children","Percentage",17.9,
2022,"EL","PC","A_GE3_DCH","B_50","MED_EI","Median equivalised income","Below 50%","Three or more adults with dependent children","Percentage",14.2,
2023,"EL","PC","A_GE3_DCH","B_50","MED_EI","Median equivalised income","Below 50%","Three or more adults with dependent children","Percentage",13.7,
2024,"EL","PC","A_GE3_DCH","B_50","MED_EI","Median equivalised income","Below 50%","Three or more adults with dependent children","Percentage",11.6,
2025,"EL","PC","A_GE3_DCH","B_50","MED_EI","Median equivalised income","Below 50%","Three or more adults with dependent children","Percentage",7.8,
2015,"EL","THS_PER","DCH","B_50","MED_EI","Median equivalised income","Below 50%","Household with dependent children","Thousand persons",955,
2016,"EL","THS_PER","DCH","B_50","MED_EI","Median equivalised income","Below 50%","Household with dependent children","Thousand persons",924,
2017,"EL","THS_PER","DCH","B_50","MED_EI","Median equivalised income","Below 50%","Household with dependent children","Thousand persons",883,
2018,"EL","THS_PER","DCH","B_50","MED_EI","Median equivalised income","Below 50%","Household with dependent children","Thousand persons",805,
2019,"EL","THS_PER","DCH","B_50","MED_EI","Median equivalised income","Below 50%","Household with dependent children","Thousand persons",743,
2020,"EL","THS_PER","DCH","B_50","MED_EI","Median equivalised income","Below 50%","Household with dependent children","Thousand persons",727,
2021,"EL","THS_PER","DCH","B_50","MED_EI","Median equivalised income","Below 50%","Household with dependent children","Thousand persons",816,
2022,"EL","THS_PER","DCH","B_50","MED_EI","Median equivalised income","Below 50%","Household with dependent children","Thousand persons",690,
2023,"EL","THS_PER","DCH","B_50","MED_EI","Median equivalised income","Below 50%","Household with dependent children","Thousand persons",646,
2024,"EL","THS_PER","DCH","B_50","MED_EI","Median equivalised income","Below 50%","Household with dependent children","Thousand persons",600,
2025,"EL","THS_PER","DCH","B_50","MED_EI","Median equivalised income","Below 50%","Household with dependent children","Thousand persons",597,
1995,"EL","PC","DCH","B_50","MED_EI","Median equivalised income","Below 50%","Household with dependent children","Percentage",13,
1996,"EL","PC","DCH","B_50","MED_EI","Median equivalised income","Below 50%","Household with dependent children","Percentage",13,
1997,"EL","PC","DCH","B_50","MED_EI","Median equivalised income","Below 50%","Household with dependent children","Percentage",13,
1998,"EL","PC","DCH","B_50","MED_EI","Median equivalised income","Below 50%","Household with dependent children","Percentage",12,
1999,"EL","PC","DCH","B_50","MED_EI","Median equivalised income","Below 50%","Household with dependent children","Percentage",12,
2000,"EL","PC","DCH","B_50","MED_EI","Median equivalised income","Below 50%","Household with dependent children","Percentage",12,
2001,"EL","PC","DCH","B_50","MED_EI","Median equivalised income","Below 50%","Household with dependent children","Percentage",12,
2003,"EL","PC","DCH","B_50","MED_EI","Median equivalised income","Below 50%","Household with dependent children","Percentage",14.9,"b"
2004,"EL","PC","DCH","B_50","MED_EI","Median equivalised income","Below 50%","Household with dependent children","Percentage",12.1,
2005,"EL","PC","DCH","B_50","MED_EI","Median equivalised income","Below 50%","Household with dependent children","Percentage",12.8,
2006,"EL","PC","DCH","B_50","MED_EI","Median equivalised income","Below 50%","Household with dependent children","Percentage",15.1,
2007,"EL","PC","DCH","B_50","MED_EI","Median equivalised income","Below 50%","Household with dependent children","Percentage",14.8,
2008,"EL","PC","DCH","B_50","MED_EI","Median equivalised income","Below 50%","Household with dependent children","Percentage",14.8,
2009,"EL","PC","DCH","B_50","MED_EI","Median equivalised income","Below 50%","Household with dependent children","Percentage",15,
2010,"EL","PC","DCH","B_50","MED_EI","Median equivalised income","Below 50%","Household with dependent children","Percentage",15.4,
2011,"EL","PC","DCH","B_50","MED_EI","Median equivalised income","Below 50%","Household with dependent children","Percentage",15.3,
2012,"EL","PC","DCH","B_50","MED_EI","Median equivalised income","Below 50%","Household with dependent children","Percentage",21.4,
2013,"EL","PC","DCH","B_50","MED_EI","Median equivalised income","Below 50%","Household with dependent children","Percentage",22.4,
2014,"EL","PC","DCH","B_50","MED_EI","Median equivalised income","Below 50%","Household with dependent children","Percentage",19.7,
2015,"EL","PC","DCH","B_50","MED_EI","Median equivalised income","Below 50%","Household with dependent children","Percentage",18.8,
2016,"EL","PC","DCH","B_50","MED_EI","Median equivalised income","Below 50%","Household with dependent children","Percentage",18.4,
2017,"EL","PC","DCH","B_50","MED_EI","Median equivalised income","Below 50%","Household with dependent children","Percentage",17.7,
2018,"EL","PC","DCH","B_50","MED_EI","Median equivalised income","Below 50%","Household with dependent children","Percentage",16.1,
2019,"EL","PC","DCH","B_50","MED_EI","Median equivalised income","Below 50%","Household with dependent children","Percentage",14.9,
2020,"EL","PC","DCH","B_50","MED_EI","Median equivalised income","Below 50%","Household with dependent children","Percentage",14.6,
2021,"EL","PC","DCH","B_50","MED_EI","Median equivalised income","Below 50%","Household with dependent children","Percentage",15.9,
2022,"EL","PC","DCH","B_50","MED_EI","Median equivalised income","Below 50%","Household with dependent children","Percentage",14.1,
2023,"EL","PC","DCH","B_50","MED_EI","Median equivalised income","Below 50%","Household with dependent children","Percentage",13.6,
2024,"EL","PC","DCH","B_50","MED_EI","Median equivalised income","Below 50%","Household with dependent children","Percentage",12.8,
2025,"EL","PC","DCH","B_50","MED_EI","Median equivalised income","Below 50%","Household with dependent children","Percentage",12.7,
2015,"EL","THS_PER","NDCH","B_50","MED_EI","Median equivalised income","Below 50%","Household without dependent children","Thousand persons",643,
2016,"EL","THS_PER","NDCH","B_50","MED_EI","Median equivalised income","Below 50%","Household without dependent children","Thousand persons",696,
2017,"EL","THS_PER","NDCH","B_50","MED_EI","Median equivalised income","Below 50%","Household without dependent children","Thousand persons",651,
2018,"EL","THS_PER","NDCH","B_50","MED_EI","Median equivalised income","Below 50%","Household without dependent children","Thousand persons",538,
2019,"EL","THS_PER","NDCH","B_50","MED_EI","Median equivalised income","Below 50%","Household without dependent children","Thousand persons",534,
2020,"EL","THS_PER","NDCH","B_50","MED_EI","Median equivalised income","Below 50%","Household without dependent children","Thousand persons",505,
2021,"EL","THS_PER","NDCH","B_50","MED_EI","Median equivalised income","Below 50%","Household without dependent children","Thousand persons",577,
2022,"EL","THS_PER","NDCH","B_50","MED_EI","Median equivalised income","Below 50%","Household without dependent children","Thousand persons",540,
2023,"EL","THS_PER","NDCH","B_50","MED_EI","Median equivalised income","Below 50%","Household without dependent children","Thousand persons",538,
2024,"EL","THS_PER","NDCH","B_50","MED_EI","Median equivalised income","Below 50%","Household without dependent children","Thousand persons",592,
2025,"EL","THS_PER","NDCH","B_50","MED_EI","Median equivalised income","Below 50%","Household without dependent children","Thousand persons",587,
1995,"EL","PC","NDCH","B_50","MED_EI","Median equivalised income","Below 50%","Household without dependent children","Percentage",19,
1996,"EL","PC","NDCH","B_50","MED_EI","Median equivalised income","Below 50%","Household without dependent children","Percentage",16,
1997,"EL","PC","NDCH","B_50","MED_EI","Median equivalised income","Below 50%","Household without dependent children","Percentage",18,
1998,"EL","PC","NDCH","B_50","MED_EI","Median equivalised income","Below 50%","Household without dependent children","Percentage",18,
1999,"EL","PC","NDCH","B_50","MED_EI","Median equivalised income","Below 50%","Household without dependent children","Percentage",17,
2000,"EL","PC","NDCH","B_50","MED_EI","Median equivalised income","Below 50%","Household without dependent children","Percentage",17,
2001,"EL","PC","NDCH","B_50","MED_EI","Median equivalised income","Below 50%","Household without dependent children","Percentage",17,
2003,"EL","PC","NDCH","B_50","MED_EI","Median equivalised income","Below 50%","Household without dependent children","Percentage",13.5,"b"
2004,"EL","PC","NDCH","B_50","MED_EI","Median equivalised income","Below 50%","Household without dependent children","Percentage",13.2,
2005,"EL","PC","NDCH","B_50","MED_EI","Median equivalised income","Below 50%","Household without dependent children","Percentage",12.5,
2006,"EL","PC","NDCH","B_50","MED_EI","Median equivalised income","Below 50%","Household without dependent children","Percentage",11.9,
2007,"EL","PC","NDCH","B_50","MED_EI","Median equivalised income","Below 50%","Household without dependent children","Percentage",11.6,
2008,"EL","PC","NDCH","B_50","MED_EI","Median equivalised income","Below 50%","Household without dependent children","Percentage",10.7,
2009,"EL","PC","NDCH","B_50","MED_EI","Median equivalised income","Below 50%","Household without dependent children","Percentage",9.7,
2010,"EL","PC","NDCH","B_50","MED_EI","Median equivalised income","Below 50%","Household without dependent children","Percentage",9.7,
2011,"EL","PC","NDCH","B_50","MED_EI","Median equivalised income","Below 50%","Household without dependent children","Percentage",12.9,
2012,"EL","PC","NDCH","B_50","MED_EI","Median equivalised income","Below 50%","Household without dependent children","Percentage",11,
2013,"EL","PC","NDCH","B_50","MED_EI","Median equivalised income","Below 50%","Household without dependent children","Percentage",11.3,
2014,"EL","PC","NDCH","B_50","MED_EI","Median equivalised income","Below 50%","Household without dependent children","Percentage",12,
2015,"EL","PC","NDCH","B_50","MED_EI","Median equivalised income","Below 50%","Household without dependent children","Percentage",11.5,
2016,"EL","PC","NDCH","B_50","MED_EI","Median equivalised income","Below 50%","Household without dependent children","Percentage",12.4,
2017,"EL","PC","NDCH","B_50","MED_EI","Median equivalised income","Below 50%","Household without dependent children","Percentage",11.6,
2018,"EL","PC","NDCH","B_50","MED_EI","Median equivalised income","Below 50%","Household without dependent children","Percentage",9.8,
2019,"EL","PC","NDCH","B_50","MED_EI","Median equivalised income","Below 50%","Household without dependent children","Percentage",9.7,
2020,"EL","PC","NDCH","B_50","MED_EI","Median equivalised income","Below 50%","Household without dependent children","Percentage",9.2,
2021,"EL","PC","NDCH","B_50","MED_EI","Median equivalised income","Below 50%","Household without dependent children","Percentage",10.8,
2022,"EL","PC","NDCH","B_50","MED_EI","Median equivalised income","Below 50%","Household without dependent children","Percentage",10,
2023,"EL","PC","NDCH","B_50","MED_EI","Median equivalised income","Below 50%","Household without dependent children","Percentage",9.9,
2024,"EL","PC","NDCH","B_50","MED_EI","Median equivalised income","Below 50%","Household without dependent children","Percentage",10.9,
2025,"EL","PC","NDCH","B_50","MED_EI","Median equivalised income","Below 50%","Household without dependent children","Percentage",10.8,
1995,"EL","PC","A1_LT64","B_50","MED_EI","Median equivalised income","Below 50%","One adult younger than 64 years","Percentage",17,
1996,"EL","PC","A1_LT64","B_50","MED_EI","Median equivalised income","Below 50%","One adult younger than 64 years","Percentage",14,
1997,"EL","PC","A1_LT64","B_50","MED_EI","Median equivalised income","Below 50%","One adult younger than 64 years","Percentage",14,
1998,"EL","PC","A1_LT64","B_50","MED_EI","Median equivalised income","Below 50%","One adult younger than 64 years","Percentage",18,
1999,"EL","PC","A1_LT64","B_50","MED_EI","Median equivalised income","Below 50%","One adult younger than 64 years","Percentage",17,
2000,"EL","PC","A1_LT64","B_50","MED_EI","Median equivalised income","Below 50%","One adult younger than 64 years","Percentage",17,
2001,"EL","PC","A1_LT64","B_50","MED_EI","Median equivalised income","Below 50%","One adult younger than 64 years","Percentage",16,
2015,"EL","THS_PER","A1_LT65","B_50","MED_EI","Median equivalised income","Below 50%","One adult younger than 65 years","Thousand persons",108,
2016,"EL","THS_PER","A1_LT65","B_50","MED_EI","Median equivalised income","Below 50%","One adult younger than 65 years","Thousand persons",100,
2017,"EL","THS_PER","A1_LT65","B_50","MED_EI","Median equivalised income","Below 50%","One adult younger than 65 years","Thousand persons",94,
2018,"EL","THS_PER","A1_LT65","B_50","MED_EI","Median equivalised income","Below 50%","One adult younger than 65 years","Thousand persons",86,
2019,"EL","THS_PER","A1_LT65","B_50","MED_EI","Median equivalised income","Below 50%","One adult younger than 65 years","Thousand persons",84,
2020,"EL","THS_PER","A1_LT65","B_50","MED_EI","Median equivalised income","Below 50%","One adult younger than 65 years","Thousand persons",84,
2021,"EL","THS_PER","A1_LT65","B_50","MED_EI","Median equivalised income","Below 50%","One adult younger than 65 years","Thousand persons",96,
2022,"EL","THS_PER","A1_LT65","B_50","MED_EI","Median equivalised income","Below 50%","One adult younger than 65 years","Thousand persons",86,
2023,"EL","THS_PER","A1_LT65","B_50","MED_EI","Median equivalised income","Below 50%","One adult younger than 65 years","Thousand persons",126,
2024,"EL","THS_PER","A1_LT65","B_50","MED_EI","Median equivalised income","Below 50%","One adult younger than 65 years","Thousand persons",131,
2025,"EL","THS_PER","A1_LT65","B_50","MED_EI","Median equivalised income","Below 50%","One adult younger than 65 years","Thousand persons",128,
2003,"EL","PC","A1_LT65","B_50","MED_EI","Median equivalised income","Below 50%","One adult younger than 65 years","Percentage",14,"b"
2004,"EL","PC","A1_LT65","B_50","MED_EI","Median equivalised income","Below 50%","One adult younger than 65 years","Percentage",16,
2005,"EL","PC","A1_LT65","B_50","MED_EI","Median equivalised income","Below 50%","One adult younger than 65 years","Percentage",13.7,
2006,"EL","PC","A1_LT65","B_50","MED_EI","Median equivalised income","Below 50%","One adult younger than 65 years","Percentage",10,
2007,"EL","PC","A1_LT65","B_50","MED_EI","Median equivalised income","Below 50%","One adult younger than 65 years","Percentage",13,
2008,"EL","PC","A1_LT65","B_50","MED_EI","Median equivalised income","Below 50%","One adult younger than 65 years","Percentage",11.9,
2009,"EL","PC","A1_LT65","B_50","MED_EI","Median equivalised income","Below 50%","One adult younger than 65 years","Percentage",14.9,
2010,"EL","PC","A1_LT65","B_50","MED_EI","Median equivalised income","Below 50%","One adult younger than 65 years","Percentage",12.2,
2011,"EL","PC","A1_LT65","B_50","MED_EI","Median equivalised income","Below 50%","One adult younger than 65 years","Percentage",16,
2012,"EL","PC","A1_LT65","B_50","MED_EI","Median equivalised income","Below 50%","One adult younger than 65 years","Percentage",15.6,
2013,"EL","PC","A1_LT65","B_50","MED_EI","Median equivalised income","Below 50%","One adult younger than 65 years","Percentage",18.7,
2014,"EL","PC","A1_LT65","B_50","MED_EI","Median equivalised income","Below 50%","One adult younger than 65 years","Percentage",15.4,
2015,"EL","PC","A1_LT65","B_50","MED_EI","Median equivalised income","Below 50%","One adult younger than 65 years","Percentage",19.8,
2016,"EL","PC","A1_LT65","B_50","MED_EI","Median equivalised income","Below 50%","One adult younger than 65 years","Percentage",19,
2017,"EL","PC","A1_LT65","B_50","MED_EI","Median equivalised income","Below 50%","One adult younger than 65 years","Percentage",18.5,
2018,"EL","PC","A1_LT65","B_50","MED_EI","Median equivalised income","Below 50%","One adult younger than 65 years","Percentage",17.2,
2019,"EL","PC","A1_LT65","B_50","MED_EI","Median equivalised income","Below 50%","One adult younger than 65 years","Percentage",16.7,
2020,"EL","PC","A1_LT65","B_50","MED_EI","Median equivalised income","Below 50%","One adult younger than 65 years","Percentage",16.9,
2021,"EL","PC","A1_LT65","B_50","MED_EI","Median equivalised income","Below 50%","One adult younger than 65 years","Percentage",19.2,
2022,"EL","PC","A1_LT65","B_50","MED_EI","Median equivalised income","Below 50%","One adult younger than 65 years","Percentage",17.7,
2023,"EL","PC","A1_LT65","B_50","MED_EI","Median equivalised income","Below 50%","One adult younger than 65 years","Percentage",17.9,
2024,"EL","PC","A1_LT65","B_50","MED_EI","Median equivalised income","Below 50%","One adult younger than 65 years","Percentage",18.6,
2025,"EL","PC","A1_LT65","B_50","MED_EI","Median equivalised income","Below 50%","One adult younger than 65 years","Percentage",18.7,
2015,"EL","THS_PER","A1_GE65","B_50","MED_EI","Median equivalised income","Below 50%","One adult 65 years or over","Thousand persons",36,
2016,"EL","THS_PER","A1_GE65","B_50","MED_EI","Median equivalised income","Below 50%","One adult 65 years or over","Thousand persons",41,
2017,"EL","THS_PER","A1_GE65","B_50","MED_EI","Median equivalised income","Below 50%","One adult 65 years or over","Thousand persons",44,
2018,"EL","THS_PER","A1_GE65","B_50","MED_EI","Median equivalised income","Below 50%","One adult 65 years or over","Thousand persons",37,
2019,"EL","THS_PER","A1_GE65","B_50","MED_EI","Median equivalised income","Below 50%","One adult 65 years or over","Thousand persons",39,
2020,"EL","THS_PER","A1_GE65","B_50","MED_EI","Median equivalised income","Below 50%","One adult 65 years or over","Thousand persons",34,
2021,"EL","THS_PER","A1_GE65","B_50","MED_EI","Median equivalised income","Below 50%","One adult 65 years or over","Thousand persons",50,
2022,"EL","THS_PER","A1_GE65","B_50","MED_EI","Median equivalised income","Below 50%","One adult 65 years or over","Thousand persons",63,
2023,"EL","THS_PER","A1_GE65","B_50","MED_EI","Median equivalised income","Below 50%","One adult 65 years or over","Thousand persons",83,
2024,"EL","THS_PER","A1_GE65","B_50","MED_EI","Median equivalised income","Below 50%","One adult 65 years or over","Thousand persons",96,
2025,"EL","THS_PER","A1_GE65","B_50","MED_EI","Median equivalised income","Below 50%","One adult 65 years or over","Thousand persons",116,
1995,"EL","PC","A1_GE65","B_50","MED_EI","Median equivalised income","Below 50%","One adult 65 years or over","Percentage",35,
1996,"EL","PC","A1_GE65","B_50","MED_EI","Median equivalised income","Below 50%","One adult 65 years or over","Percentage",30,
1997,"EL","PC","A1_GE65","B_50","MED_EI","Median equivalised income","Below 50%","One adult 65 years or over","Percentage",29,
1998,"EL","PC","A1_GE65","B_50","MED_EI","Median equivalised income","Below 50%","One adult 65 years or over","Percentage",34,
1999,"EL","PC","A1_GE65","B_50","MED_EI","Median equivalised income","Below 50%","One adult 65 years or over","Percentage",29,
2000,"EL","PC","A1_GE65","B_50","MED_EI","Median equivalised income","Below 50%","One adult 65 years or over","Percentage",28,
2001,"EL","PC","A1_GE65","B_50","MED_EI","Median equivalised income","Below 50%","One adult 65 years or over","Percentage",31,
2003,"EL","PC","A1_GE65","B_50","MED_EI","Median equivalised income","Below 50%","One adult 65 years or over","Percentage",27.7,"b"
2004,"EL","PC","A1_GE65","B_50","MED_EI","Median equivalised income","Below 50%","One adult 65 years or over","Percentage",27.9,
2005,"EL","PC","A1_GE65","B_50","MED_EI","Median equivalised income","Below 50%","One adult 65 years or over","Percentage",27.3,
2006,"EL","PC","A1_GE65","B_50","MED_EI","Median equivalised income","Below 50%","One adult 65 years or over","Percentage",26.2,
2007,"EL","PC","A1_GE65","B_50","MED_EI","Median equivalised income","Below 50%","One adult 65 years or over","Percentage",26.5,
2008,"EL","PC","A1_GE65","B_50","MED_EI","Median equivalised income","Below 50%","One adult 65 years or over","Percentage",22.3,
2009,"EL","PC","A1_GE65","B_50","MED_EI","Median equivalised income","Below 50%","One adult 65 years or over","Percentage",22.1,
2010,"EL","PC","A1_GE65","B_50","MED_EI","Median equivalised income","Below 50%","One adult 65 years or over","Percentage",18.1,
2011,"EL","PC","A1_GE65","B_50","MED_EI","Median equivalised income","Below 50%","One adult 65 years or over","Percentage",21.1,
2012,"EL","PC","A1_GE65","B_50","MED_EI","Median equivalised income","Below 50%","One adult 65 years or over","Percentage",11,
2013,"EL","PC","A1_GE65","B_50","MED_EI","Median equivalised income","Below 50%","One adult 65 years or over","Percentage",5.8,
2014,"EL","PC","A1_GE65","B_50","MED_EI","Median equivalised income","Below 50%","One adult 65 years or over","Percentage",9.5,
2015,"EL","PC","A1_GE65","B_50","MED_EI","Median equivalised income","Below 50%","One adult 65 years or over","Percentage",6.8,
2016,"EL","PC","A1_GE65","B_50","MED_EI","Median equivalised income","Below 50%","One adult 65 years or over","Percentage",7.6,
2017,"EL","PC","A1_GE65","B_50","MED_EI","Median equivalised income","Below 50%","One adult 65 years or over","Percentage",7.8,
2018,"EL","PC","A1_GE65","B_50","MED_EI","Median equivalised income","Below 50%","One adult 65 years or over","Percentage",6.6,
2019,"EL","PC","A1_GE65","B_50","MED_EI","Median equivalised income","Below 50%","One adult 65 years or over","Percentage",7,
2020,"EL","PC","A1_GE65","B_50","MED_EI","Median equivalised income","Below 50%","One adult 65 years or over","Percentage",6.1,
2021,"EL","PC","A1_GE65","B_50","MED_EI","Median equivalised income","Below 50%","One adult 65 years or over","Percentage",8.9,
2022,"EL","PC","A1_GE65","B_50","MED_EI","Median equivalised income","Below 50%","One adult 65 years or over","Percentage",11.3,
2023,"EL","PC","A1_GE65","B_50","MED_EI","Median equivalised income","Below 50%","One adult 65 years or over","Percentage",12.1,
2024,"EL","PC","A1_GE65","B_50","MED_EI","Median equivalised income","Below 50%","One adult 65 years or over","Percentage",14,
2025,"EL","PC","A1_GE65","B_50","MED_EI","Median equivalised income","Below 50%","One adult 65 years or over","Percentage",16.4,
2015,"EL","THS_PER","A2_2LT65","B_50","MED_EI","Median equivalised income","Below 50%","Two adults younger than 65 years","Thousand persons",139,
2016,"EL","THS_PER","A2_2LT65","B_50","MED_EI","Median equivalised income","Below 50%","Two adults younger than 65 years","Thousand persons",160,
2017,"EL","THS_PER","A2_2LT65","B_50","MED_EI","Median equivalised income","Below 50%","Two adults younger than 65 years","Thousand persons",138,
2018,"EL","THS_PER","A2_2LT65","B_50","MED_EI","Median equivalised income","Below 50%","Two adults younger than 65 years","Thousand persons",111,
2019,"EL","THS_PER","A2_2LT65","B_50","MED_EI","Median equivalised income","Below 50%","Two adults younger than 65 years","Thousand persons",111,
2020,"EL","THS_PER","A2_2LT65","B_50","MED_EI","Median equivalised income","Below 50%","Two adults younger than 65 years","Thousand persons",95,
2021,"EL","THS_PER","A2_2LT65","B_50","MED_EI","Median equivalised income","Below 50%","Two adults younger than 65 years","Thousand persons",108,
2022,"EL","THS_PER","A2_2LT65","B_50","MED_EI","Median equivalised income","Below 50%","Two adults younger than 65 years","Thousand persons",94,
2023,"EL","THS_PER","A2_2LT65","B_50","MED_EI","Median equivalised income","Below 50%","Two adults younger than 65 years","Thousand persons",93,
2024,"EL","THS_PER","A2_2LT65","B_50","MED_EI","Median equivalised income","Below 50%","Two adults younger than 65 years","Thousand persons",88,
2025,"EL","THS_PER","A2_2LT65","B_50","MED_EI","Median equivalised income","Below 50%","Two adults younger than 65 years","Thousand persons",77,
1995,"EL","PC","A2_2LT65","B_50","MED_EI","Median equivalised income","Below 50%","Two adults younger than 65 years","Percentage",12,
1996,"EL","PC","A2_2LT65","B_50","MED_EI","Median equivalised income","Below 50%","Two adults younger than 65 years","Percentage",8,
1997,"EL","PC","A2_2LT65","B_50","MED_EI","Median equivalised income","Below 50%","Two adults younger than 65 years","Percentage",12,
1998,"EL","PC","A2_2LT65","B_50","MED_EI","Median equivalised income","Below 50%","Two adults younger than 65 years","Percentage",12,
1999,"EL","PC","A2_2LT65","B_50","MED_EI","Median equivalised income","Below 50%","Two adults younger than 65 years","Percentage",11,
2000,"EL","PC","A2_2LT65","B_50","MED_EI","Median equivalised income","Below 50%","Two adults younger than 65 years","Percentage",13,
2001,"EL","PC","A2_2LT65","B_50","MED_EI","Median equivalised income","Below 50%","Two adults younger than 65 years","Percentage",11,
2003,"EL","PC","A2_2LT65","B_50","MED_EI","Median equivalised income","Below 50%","Two adults younger than 65 years","Percentage",11.5,"b"
2004,"EL","PC","A2_2LT65","B_50","MED_EI","Median equivalised income","Below 50%","Two adults younger than 65 years","Percentage",9.9,
2005,"EL","PC","A2_2LT65","B_50","MED_EI","Median equivalised income","Below 50%","Two adults younger than 65 years","Percentage",10.1,
2006,"EL","PC","A2_2LT65","B_50","MED_EI","Median equivalised income","Below 50%","Two adults younger than 65 years","Percentage",10.2,
2007,"EL","PC","A2_2LT65","B_50","MED_EI","Median equivalised income","Below 50%","Two adults younger than 65 years","Percentage",9.8,
2008,"EL","PC","A2_2LT65","B_50","MED_EI","Median equivalised income","Below 50%","Two adults younger than 65 years","Percentage",10,
2009,"EL","PC","A2_2LT65","B_50","MED_EI","Median equivalised income","Below 50%","Two adults younger than 65 years","Percentage",11.4,
2010,"EL","PC","A2_2LT65","B_50","MED_EI","Median equivalised income","Below 50%","Two adults younger than 65 years","Percentage",12.2,
2011,"EL","PC","A2_2LT65","B_50","MED_EI","Median equivalised income","Below 50%","Two adults younger than 65 years","Percentage",10.8,
2012,"EL","PC","A2_2LT65","B_50","MED_EI","Median equivalised income","Below 50%","Two adults younger than 65 years","Percentage",9.1,
2013,"EL","PC","A2_2LT65","B_50","MED_EI","Median equivalised income","Below 50%","Two adults younger than 65 years","Percentage",11.6,
2014,"EL","PC","A2_2LT65","B_50","MED_EI","Median equivalised income","Below 50%","Two adults younger than 65 years","Percentage",14.5,
2015,"EL","PC","A2_2LT65","B_50","MED_EI","Median equivalised income","Below 50%","Two adults younger than 65 years","Percentage",13.7,
2016,"EL","PC","A2_2LT65","B_50","MED_EI","Median equivalised income","Below 50%","Two adults younger than 65 years","Percentage",16.3,
2017,"EL","PC","A2_2LT65","B_50","MED_EI","Median equivalised income","Below 50%","Two adults younger than 65 years","Percentage",14.3,
2018,"EL","PC","A2_2LT65","B_50","MED_EI","Median equivalised income","Below 50%","Two adults younger than 65 years","Percentage",11.8,
2019,"EL","PC","A2_2LT65","B_50","MED_EI","Median equivalised income","Below 50%","Two adults younger than 65 years","Percentage",11.9,
2020,"EL","PC","A2_2LT65","B_50","MED_EI","Median equivalised income","Below 50%","Two adults younger than 65 years","Percentage",10.2,
2021,"EL","PC","A2_2LT65","B_50","MED_EI","Median equivalised income","Below 50%","Two adults younger than 65 years","Percentage",12.3,
2022,"EL","PC","A2_2LT65","B_50","MED_EI","Median equivalised income","Below 50%","Two adults younger than 65 years","Percentage",10.6,
2023,"EL","PC","A2_2LT65","B_50","MED_EI","Median equivalised income","Below 50%","Two adults younger than 65 years","Percentage",9.8,
2024,"EL","PC","A2_2LT65","B_50","MED_EI","Median equivalised income","Below 50%","Two adults younger than 65 years","Percentage",9.6,
2025,"EL","PC","A2_2LT65","B_50","MED_EI","Median equivalised income","Below 50%","Two adults younger than 65 years","Percentage",8.4,
2015,"EL","THS_PER","A2_GE1_GE65","B_50","MED_EI","Median equivalised income","Below 50%","Two adults, at least one aged 65 years or over","Thousand persons",93,
2016,"EL","THS_PER","A2_GE1_GE65","B_50","MED_EI","Median equivalised income","Below 50%","Two adults, at least one aged 65 years or over","Thousand persons",75,
2017,"EL","THS_PER","A2_GE1_GE65","B_50","MED_EI","Median equivalised income","Below 50%","Two adults, at least one aged 65 years or over","Thousand persons",82,
2018,"EL","THS_PER","A2_GE1_GE65","B_50","MED_EI","Median equivalised income","Below 50%","Two adults, at least one aged 65 years or over","Thousand persons",70,
2019,"EL","THS_PER","A2_GE1_GE65","B_50","MED_EI","Median equivalised income","Below 50%","Two adults, at least one aged 65 years or over","Thousand persons",81,
2020,"EL","THS_PER","A2_GE1_GE65","B_50","MED_EI","Median equivalised income","Below 50%","Two adults, at least one aged 65 years or over","Thousand persons",70,
2021,"EL","THS_PER","A2_GE1_GE65","B_50","MED_EI","Median equivalised income","Below 50%","Two adults, at least one aged 65 years or over","Thousand persons",95,
2022,"EL","THS_PER","A2_GE1_GE65","B_50","MED_EI","Median equivalised income","Below 50%","Two adults, at least one aged 65 years or over","Thousand persons",107,
2023,"EL","THS_PER","A2_GE1_GE65","B_50","MED_EI","Median equivalised income","Below 50%","Two adults, at least one aged 65 years or over","Thousand persons",103,
2024,"EL","THS_PER","A2_GE1_GE65","B_50","MED_EI","Median equivalised income","Below 50%","Two adults, at least one aged 65 years or over","Thousand persons",119,
2025,"EL","THS_PER","A2_GE1_GE65","B_50","MED_EI","Median equivalised income","Below 50%","Two adults, at least one aged 65 years or over","Thousand persons",126,
1995,"EL","PC","A2_GE1_GE65","B_50","MED_EI","Median equivalised income","Below 50%","Two adults, at least one aged 65 years or over","Percentage",28,
1996,"EL","PC","A2_GE1_GE65","B_50","MED_EI","Median equivalised income","Below 50%","Two adults, at least one aged 65 years or over","Percentage",24,
1997,"EL","PC","A2_GE1_GE65","B_50","MED_EI","Median equivalised income","Below 50%","Two adults, at least one aged 65 years or over","Percentage",26,
1998,"EL","PC","A2_GE1_GE65","B_50","MED_EI","Median equivalised income","Below 50%","Two adults, at least one aged 65 years or over","Percentage",27,
1999,"EL","PC","A2_GE1_GE65","B_50","MED_EI","Median equivalised income","Below 50%","Two adults, at least one aged 65 years or over","Percentage",27,
2000,"EL","PC","A2_GE1_GE65","B_50","MED_EI","Median equivalised income","Below 50%","Two adults, at least one aged 65 years or over","Percentage",25,
2001,"EL","PC","A2_GE1_GE65","B_50","MED_EI","Median equivalised income","Below 50%","Two adults, at least one aged 65 years or over","Percentage",24,
2003,"EL","PC","A2_GE1_GE65","B_50","MED_EI","Median equivalised income","Below 50%","Two adults, at least one aged 65 years or over","Percentage",18.8,"b"
2004,"EL","PC","A2_GE1_GE65","B_50","MED_EI","Median equivalised income","Below 50%","Two adults, at least one aged 65 years or over","Percentage",16.9,
2005,"EL","PC","A2_GE1_GE65","B_50","MED_EI","Median equivalised income","Below 50%","Two adults, at least one aged 65 years or over","Percentage",16.5,
2006,"EL","PC","A2_GE1_GE65","B_50","MED_EI","Median equivalised income","Below 50%","Two adults, at least one aged 65 years or over","Percentage",14.3,
2007,"EL","PC","A2_GE1_GE65","B_50","MED_EI","Median equivalised income","Below 50%","Two adults, at least one aged 65 years or over","Percentage",13,
2008,"EL","PC","A2_GE1_GE65","B_50","MED_EI","Median equivalised income","Below 50%","Two adults, at least one aged 65 years or over","Percentage",9.1,
2009,"EL","PC","A2_GE1_GE65","B_50","MED_EI","Median equivalised income","Below 50%","Two adults, at least one aged 65 years or over","Percentage",7.7,
2010,"EL","PC","A2_GE1_GE65","B_50","MED_EI","Median equivalised income","Below 50%","Two adults, at least one aged 65 years or over","Percentage",7.5,
2011,"EL","PC","A2_GE1_GE65","B_50","MED_EI","Median equivalised income","Below 50%","Two adults, at least one aged 65 years or over","Percentage",13.4,
2012,"EL","PC","A2_GE1_GE65","B_50","MED_EI","Median equivalised income","Below 50%","Two adults, at least one aged 65 years or over","Percentage",6.4,
2013,"EL","PC","A2_GE1_GE65","B_50","MED_EI","Median equivalised income","Below 50%","Two adults, at least one aged 65 years or over","Percentage",6.4,
2014,"EL","PC","A2_GE1_GE65","B_50","MED_EI","Median equivalised income","Below 50%","Two adults, at least one aged 65 years or over","Percentage",7.2,
2015,"EL","PC","A2_GE1_GE65","B_50","MED_EI","Median equivalised income","Below 50%","Two adults, at least one aged 65 years or over","Percentage",6.8,
2016,"EL","PC","A2_GE1_GE65","B_50","MED_EI","Median equivalised income","Below 50%","Two adults, at least one aged 65 years or over","Percentage",5.4,
2017,"EL","PC","A2_GE1_GE65","B_50","MED_EI","Median equivalised income","Below 50%","Two adults, at least one aged 65 years or over","Percentage",5.8,
2018,"EL","PC","A2_GE1_GE65","B_50","MED_EI","Median equivalised income","Below 50%","Two adults, at least one aged 65 years or over","Percentage",5,
2019,"EL","PC","A2_GE1_GE65","B_50","MED_EI","Median equivalised income","Below 50%","Two adults, at least one aged 65 years or over","Percentage",5.6,
2020,"EL","PC","A2_GE1_GE65","B_50","MED_EI","Median equivalised income","Below 50%","Two adults, at least one aged 65 years or over","Percentage",4.9,
2021,"EL","PC","A2_GE1_GE65","B_50","MED_EI","Median equivalised income","Below 50%","Two adults, at least one aged 65 years or over","Percentage",6.5,
2022,"EL","PC","A2_GE1_GE65","B_50","MED_EI","Median equivalised income","Below 50%","Two adults, at least one aged 65 years or over","Percentage",7.6,
2023,"EL","PC","A2_GE1_GE65","B_50","MED_EI","Median equivalised income","Below 50%","Two adults, at least one aged 65 years or over","Percentage",7.4,
2024,"EL","PC","A2_GE1_GE65","B_50","MED_EI","Median equivalised income","Below 50%","Two adults, at least one aged 65 years or over","Percentage",8.2,
2025,"EL","PC","A2_GE1_GE65","B_50","MED_EI","Median equivalised income","Below 50%","Two adults, at least one aged 65 years or over","Percentage",8.6,
2015,"EL","THS_PER","TOTAL","B_60","MED_EI","Median equivalised income","Below 60%","Total","Thousand persons",2280,
2016,"EL","THS_PER","TOTAL","B_60","MED_EI","Median equivalised income","Below 60%","Total","Thousand persons",2243,
2017,"EL","THS_PER","TOTAL","B_60","MED_EI","Median equivalised income","Below 60%","Total","Thousand persons",2139,
2018,"EL","THS_PER","TOTAL","B_60","MED_EI","Median equivalised income","Below 60%","Total","Thousand persons",1929,
2019,"EL","THS_PER","TOTAL","B_60","MED_EI","Median equivalised income","Below 60%","Total","Thousand persons",1861,
2020,"EL","THS_PER","TOTAL","B_60","MED_EI","Median equivalised income","Below 60%","Total","Thousand persons",1852,
2021,"EL","THS_PER","TOTAL","B_60","MED_EI","Median equivalised income","Below 60%","Total","Thousand persons",2041,
2022,"EL","THS_PER","TOTAL","B_60","MED_EI","Median equivalised income","Below 60%","Total","Thousand persons",1938,
2023,"EL","THS_PER","TOTAL","B_60","MED_EI","Median equivalised income","Below 60%","Total","Thousand persons",1927,
2024,"EL","THS_PER","TOTAL","B_60","MED_EI","Median equivalised income","Below 60%","Total","Thousand persons",1978,
2025,"EL","THS_PER","TOTAL","B_60","MED_EI","Median equivalised income","Below 60%","Total","Thousand persons",1980,
1995,"EL","PC","TOTAL","B_60","MED_EI","Median equivalised income","Below 60%","Total","Percentage",22,
1996,"EL","PC","TOTAL","B_60","MED_EI","Median equivalised income","Below 60%","Total","Percentage",21,
1997,"EL","PC","TOTAL","B_60","MED_EI","Median equivalised income","Below 60%","Total","Percentage",21,
1998,"EL","PC","TOTAL","B_60","MED_EI","Median equivalised income","Below 60%","Total","Percentage",21,
1999,"EL","PC","TOTAL","B_60","MED_EI","Median equivalised income","Below 60%","Total","Percentage",21,
2000,"EL","PC","TOTAL","B_60","MED_EI","Median equivalised income","Below 60%","Total","Percentage",20,
2001,"EL","PC","TOTAL","B_60","MED_EI","Median equivalised income","Below 60%","Total","Percentage",20,
2003,"EL","PC","TOTAL","B_60","MED_EI","Median equivalised income","Below 60%","Total","Percentage",20.7,"b"
2004,"EL","PC","TOTAL","B_60","MED_EI","Median equivalised income","Below 60%","Total","Percentage",19.9,
2005,"EL","PC","TOTAL","B_60","MED_EI","Median equivalised income","Below 60%","Total","Percentage",19.7,
2006,"EL","PC","TOTAL","B_60","MED_EI","Median equivalised income","Below 60%","Total","Percentage",20.6,
2007,"EL","PC","TOTAL","B_60","MED_EI","Median equivalised income","Below 60%","Total","Percentage",20.3,
2008,"EL","PC","TOTAL","B_60","MED_EI","Median equivalised income","Below 60%","Total","Percentage",20.1,
2009,"EL","PC","TOTAL","B_60","MED_EI","Median equivalised income","Below 60%","Total","Percentage",19.7,
2010,"EL","PC","TOTAL","B_60","MED_EI","Median equivalised income","Below 60%","Total","Percentage",20.1,
2011,"EL","PC","TOTAL","B_60","MED_EI","Median equivalised income","Below 60%","Total","Percentage",21.3,
2012,"EL","PC","TOTAL","B_60","MED_EI","Median equivalised income","Below 60%","Total","Percentage",23.1,
2013,"EL","PC","TOTAL","B_60","MED_EI","Median equivalised income","Below 60%","Total","Percentage",23.1,
2014,"EL","PC","TOTAL","B_60","MED_EI","Median equivalised income","Below 60%","Total","Percentage",22.1,
2015,"EL","PC","TOTAL","B_60","MED_EI","Median equivalised income","Below 60%","Total","Percentage",21.3,
2016,"EL","PC","TOTAL","B_60","MED_EI","Median equivalised income","Below 60%","Total","Percentage",21.1,
2017,"EL","PC","TOTAL","B_60","MED_EI","Median equivalised income","Below 60%","Total","Percentage",20.2,
2018,"EL","PC","TOTAL","B_60","MED_EI","Median equivalised income","Below 60%","Total","Percentage",18.4,
2019,"EL","PC","TOTAL","B_60","MED_EI","Median equivalised income","Below 60%","Total","Percentage",17.7,
2020,"EL","PC","TOTAL","B_60","MED_EI","Median equivalised income","Below 60%","Total","Percentage",17.6,
2021,"EL","PC","TOTAL","B_60","MED_EI","Median equivalised income","Below 60%","Total","Percentage",19.5,
2022,"EL","PC","TOTAL","B_60","MED_EI","Median equivalised income","Below 60%","Total","Percentage",18.8,
2023,"EL","PC","TOTAL","B_60","MED_EI","Median equivalised income","Below 60%","Total","Percentage",18.9,
2024,"EL","PC","TOTAL","B_60","MED_EI","Median equivalised income","Below 60%","Total","Percentage",19.5,
2025,"EL","PC","TOTAL","B_60","MED_EI","Median equivalised income","Below 60%","Total","Percentage",19.5,
2015,"EL","THS_PER","M1","B_60","MED_EI","Median equivalised income","Below 60%","One single male","Thousand persons",100,
2016,"EL","THS_PER","M1","B_60","MED_EI","Median equivalised income","Below 60%","One single male","Thousand persons",90,
2017,"EL","THS_PER","M1","B_60","MED_EI","Median equivalised income","Below 60%","One single male","Thousand persons",81,
2018,"EL","THS_PER","M1","B_60","MED_EI","Median equivalised income","Below 60%","One single male","Thousand persons",70,
2019,"EL","THS_PER","M1","B_60","MED_EI","Median equivalised income","Below 60%","One single male","Thousand persons",73,
2020,"EL","THS_PER","M1","B_60","MED_EI","Median equivalised income","Below 60%","One single male","Thousand persons",76,
2021,"EL","THS_PER","M1","B_60","MED_EI","Median equivalised income","Below 60%","One single male","Thousand persons",87,
2022,"EL","THS_PER","M1","B_60","MED_EI","Median equivalised income","Below 60%","One single male","Thousand persons",74,
2023,"EL","THS_PER","M1","B_60","MED_EI","Median equivalised income","Below 60%","One single male","Thousand persons",103,
2024,"EL","THS_PER","M1","B_60","MED_EI","Median equivalised income","Below 60%","One single male","Thousand persons",117,
2025,"EL","THS_PER","M1","B_60","MED_EI","Median equivalised income","Below 60%","One single male","Thousand persons",128,
1995,"EL","PC","M1","B_60","MED_EI","Median equivalised income","Below 60%","One single male","Percentage",22,
1996,"EL","PC","M1","B_60","MED_EI","Median equivalised income","Below 60%","One single male","Percentage",19,
1997,"EL","PC","M1","B_60","MED_EI","Median equivalised income","Below 60%","One single male","Percentage",16,
1998,"EL","PC","M1","B_60","MED_EI","Median equivalised income","Below 60%","One single male","Percentage",22,
1999,"EL","PC","M1","B_60","MED_EI","Median equivalised income","Below 60%","One single male","Percentage",21,
2000,"EL","PC","M1","B_60","MED_EI","Median equivalised income","Below 60%","One single male","Percentage",22,
2001,"EL","PC","M1","B_60","MED_EI","Median equivalised income","Below 60%","One single male","Percentage",16,
2003,"EL","PC","M1","B_60","MED_EI","Median equivalised income","Below 60%","One single male","Percentage",21,"b"
2004,"EL","PC","M1","B_60","MED_EI","Median equivalised income","Below 60%","One single male","Percentage",18.8,
2005,"EL","PC","M1","B_60","MED_EI","Median equivalised income","Below 60%","One single male","Percentage",18.6,
2006,"EL","PC","M1","B_60","MED_EI","Median equivalised income","Below 60%","One single male","Percentage",18,
2007,"EL","PC","M1","B_60","MED_EI","Median equivalised income","Below 60%","One single male","Percentage",24.6,
2008,"EL","PC","M1","B_60","MED_EI","Median equivalised income","Below 60%","One single male","Percentage",22.7,
2009,"EL","PC","M1","B_60","MED_EI","Median equivalised income","Below 60%","One single male","Percentage",23,
2010,"EL","PC","M1","B_60","MED_EI","Median equivalised income","Below 60%","One single male","Percentage",26.3,
2011,"EL","PC","M1","B_60","MED_EI","Median equivalised income","Below 60%","One single male","Percentage",24.3,
2012,"EL","PC","M1","B_60","MED_EI","Median equivalised income","Below 60%","One single male","Percentage",19.3,
2013,"EL","PC","M1","B_60","MED_EI","Median equivalised income","Below 60%","One single male","Percentage",21.8,
2014,"EL","PC","M1","B_60","MED_EI","Median equivalised income","Below 60%","One single male","Percentage",22.2,
2015,"EL","PC","M1","B_60","MED_EI","Median equivalised income","Below 60%","One single male","Percentage",24.1,
2016,"EL","PC","M1","B_60","MED_EI","Median equivalised income","Below 60%","One single male","Percentage",22.1,
2017,"EL","PC","M1","B_60","MED_EI","Median equivalised income","Below 60%","One single male","Percentage",19.8,
2018,"EL","PC","M1","B_60","MED_EI","Median equivalised income","Below 60%","One single male","Percentage",17.7,
2019,"EL","PC","M1","B_60","MED_EI","Median equivalised income","Below 60%","One single male","Percentage",19.2,
2020,"EL","PC","M1","B_60","MED_EI","Median equivalised income","Below 60%","One single male","Percentage",20,
2021,"EL","PC","M1","B_60","MED_EI","Median equivalised income","Below 60%","One single male","Percentage",22.4,
2022,"EL","PC","M1","B_60","MED_EI","Median equivalised income","Below 60%","One single male","Percentage",19.9,
2023,"EL","PC","M1","B_60","MED_EI","Median equivalised income","Below 60%","One single male","Percentage",18.8,
2024,"EL","PC","M1","B_60","MED_EI","Median equivalised income","Below 60%","One single male","Percentage",20.9,
2025,"EL","PC","M1","B_60","MED_EI","Median equivalised income","Below 60%","One single male","Percentage",22.8,
2015,"EL","THS_PER","F1","B_60","MED_EI","Median equivalised income","Below 60%","One single female","Thousand persons",160,
2016,"EL","THS_PER","F1","B_60","MED_EI","Median equivalised income","Below 60%","One single female","Thousand persons",140,
2017,"EL","THS_PER","F1","B_60","MED_EI","Median equivalised income","Below 60%","One single female","Thousand persons",136,
2018,"EL","THS_PER","F1","B_60","MED_EI","Median equivalised income","Below 60%","One single female","Thousand persons",128,
2019,"EL","THS_PER","F1","B_60","MED_EI","Median equivalised income","Below 60%","One single female","Thousand persons",128,
2020,"EL","THS_PER","F1","B_60","MED_EI","Median equivalised income","Below 60%","One single female","Thousand persons",147,
2021,"EL","THS_PER","F1","B_60","MED_EI","Median equivalised income","Below 60%","One single female","Thousand persons",149,
2022,"EL","THS_PER","F1","B_60","MED_EI","Median equivalised income","Below 60%","One single female","Thousand persons",153,
2023,"EL","THS_PER","F1","B_60","MED_EI","Median equivalised income","Below 60%","One single female","Thousand persons",230,
2024,"EL","THS_PER","F1","B_60","MED_EI","Median equivalised income","Below 60%","One single female","Thousand persons",235,
2025,"EL","THS_PER","F1","B_60","MED_EI","Median equivalised income","Below 60%","One single female","Thousand persons",263,
1995,"EL","PC","F1","B_60","MED_EI","Median equivalised income","Below 60%","One single female","Percentage",36,
1996,"EL","PC","F1","B_60","MED_EI","Median equivalised income","Below 60%","One single female","Percentage",33,
1997,"EL","PC","F1","B_60","MED_EI","Median equivalised income","Below 60%","One single female","Percentage",36,
1998,"EL","PC","F1","B_60","MED_EI","Median equivalised income","Below 60%","One single female","Percentage",41,
1999,"EL","PC","F1","B_60","MED_EI","Median equivalised income","Below 60%","One single female","Percentage",34,
2000,"EL","PC","F1","B_60","MED_EI","Median equivalised income","Below 60%","One single female","Percentage",33,
2001,"EL","PC","F1","B_60","MED_EI","Median equivalised income","Below 60%","One single female","Percentage",39,
2003,"EL","PC","F1","B_60","MED_EI","Median equivalised income","Below 60%","One single female","Percentage",30.2,"b"
2004,"EL","PC","F1","B_60","MED_EI","Median equivalised income","Below 60%","One single female","Percentage",34.2,
2005,"EL","PC","F1","B_60","MED_EI","Median equivalised income","Below 60%","One single female","Percentage",32.2,
2006,"EL","PC","F1","B_60","MED_EI","Median equivalised income","Below 60%","One single female","Percentage",27.9,
2007,"EL","PC","F1","B_60","MED_EI","Median equivalised income","Below 60%","One single female","Percentage",28.7,
2008,"EL","PC","F1","B_60","MED_EI","Median equivalised income","Below 60%","One single female","Percentage",26.7,
2009,"EL","PC","F1","B_60","MED_EI","Median equivalised income","Below 60%","One single female","Percentage",28.3,
2010,"EL","PC","F1","B_60","MED_EI","Median equivalised income","Below 60%","One single female","Percentage",27.7,
2011,"EL","PC","F1","B_60","MED_EI","Median equivalised income","Below 60%","One single female","Percentage",25.8,
2012,"EL","PC","F1","B_60","MED_EI","Median equivalised income","Below 60%","One single female","Percentage",24.1,
2013,"EL","PC","F1","B_60","MED_EI","Median equivalised income","Below 60%","One single female","Percentage",22.9,
2014,"EL","PC","F1","B_60","MED_EI","Median equivalised income","Below 60%","One single female","Percentage",22.9,
2015,"EL","PC","F1","B_60","MED_EI","Median equivalised income","Below 60%","One single female","Percentage",24,
2016,"EL","PC","F1","B_60","MED_EI","Median equivalised income","Below 60%","One single female","Percentage",21.1,
2017,"EL","PC","F1","B_60","MED_EI","Median equivalised income","Below 60%","One single female","Percentage",20.7,
2018,"EL","PC","F1","B_60","MED_EI","Median equivalised income","Below 60%","One single female","Percentage",19.3,
2019,"EL","PC","F1","B_60","MED_EI","Median equivalised income","Below 60%","One single female","Percentage",18.9,
2020,"EL","PC","F1","B_60","MED_EI","Median equivalised income","Below 60%","One single female","Percentage",21.6,
2021,"EL","PC","F1","B_60","MED_EI","Median equivalised income","Below 60%","One single female","Percentage",22.3,
2022,"EL","PC","F1","B_60","MED_EI","Median equivalised income","Below 60%","One single female","Percentage",23.1,
2023,"EL","PC","F1","B_60","MED_EI","Median equivalised income","Below 60%","One single female","Percentage",27.4,
2024,"EL","PC","F1","B_60","MED_EI","Median equivalised income","Below 60%","One single female","Percentage",28.3,
2025,"EL","PC","F1","B_60","MED_EI","Median equivalised income","Below 60%","One single female","Percentage",32,
2015,"EL","THS_PER","A1","B_60","MED_EI","Median equivalised income","Below 60%","One adult","Thousand persons",259,
2016,"EL","THS_PER","A1","B_60","MED_EI","Median equivalised income","Below 60%","One adult","Thousand persons",230,
2017,"EL","THS_PER","A1","B_60","MED_EI","Median equivalised income","Below 60%","One adult","Thousand persons",217,
2018,"EL","THS_PER","A1","B_60","MED_EI","Median equivalised income","Below 60%","One adult","Thousand persons",198,
2019,"EL","THS_PER","A1","B_60","MED_EI","Median equivalised income","Below 60%","One adult","Thousand persons",201,
2020,"EL","THS_PER","A1","B_60","MED_EI","Median equivalised income","Below 60%","One adult","Thousand persons",222,
2021,"EL","THS_PER","A1","B_60","MED_EI","Median equivalised income","Below 60%","One adult","Thousand persons",235,
2022,"EL","THS_PER","A1","B_60","MED_EI","Median equivalised income","Below 60%","One adult","Thousand persons",228,
2023,"EL","THS_PER","A1","B_60","MED_EI","Median equivalised income","Below 60%","One adult","Thousand persons",334,
2024,"EL","THS_PER","A1","B_60","MED_EI","Median equivalised income","Below 60%","One adult","Thousand persons",352,
2025,"EL","THS_PER","A1","B_60","MED_EI","Median equivalised income","Below 60%","One adult","Thousand persons",392,
1995,"EL","PC","A1","B_60","MED_EI","Median equivalised income","Below 60%","One adult","Percentage",31,
1996,"EL","PC","A1","B_60","MED_EI","Median equivalised income","Below 60%","One adult","Percentage",29,
1997,"EL","PC","A1","B_60","MED_EI","Median equivalised income","Below 60%","One adult","Percentage",30,
1998,"EL","PC","A1","B_60","MED_EI","Median equivalised income","Below 60%","One adult","Percentage",35,
1999,"EL","PC","A1","B_60","MED_EI","Median equivalised income","Below 60%","One adult","Percentage",30,
2000,"EL","PC","A1","B_60","MED_EI","Median equivalised income","Below 60%","One adult","Percentage",29,
2001,"EL","PC","A1","B_60","MED_EI","Median equivalised income","Below 60%","One adult","Percentage",32,
2003,"EL","PC","A1","B_60","MED_EI","Median equivalised income","Below 60%","One adult","Percentage",27.1,"b"
2004,"EL","PC","A1","B_60","MED_EI","Median equivalised income","Below 60%","One adult","Percentage",28.9,
2005,"EL","PC","A1","B_60","MED_EI","Median equivalised income","Below 60%","One adult","Percentage",27.9,
2006,"EL","PC","A1","B_60","MED_EI","Median equivalised income","Below 60%","One adult","Percentage",24.6,
2007,"EL","PC","A1","B_60","MED_EI","Median equivalised income","Below 60%","One adult","Percentage",27.3,
2008,"EL","PC","A1","B_60","MED_EI","Median equivalised income","Below 60%","One adult","Percentage",25.3,
2009,"EL","PC","A1","B_60","MED_EI","Median equivalised income","Below 60%","One adult","Percentage",26.5,
2010,"EL","PC","A1","B_60","MED_EI","Median equivalised income","Below 60%","One adult","Percentage",27.2,
2011,"EL","PC","A1","B_60","MED_EI","Median equivalised income","Below 60%","One adult","Percentage",25.2,
2012,"EL","PC","A1","B_60","MED_EI","Median equivalised income","Below 60%","One adult","Percentage",22.2,
2013,"EL","PC","A1","B_60","MED_EI","Median equivalised income","Below 60%","One adult","Percentage",22.4,
2014,"EL","PC","A1","B_60","MED_EI","Median equivalised income","Below 60%","One adult","Percentage",22.6,
2015,"EL","PC","A1","B_60","MED_EI","Median equivalised income","Below 60%","One adult","Percentage",24,
2016,"EL","PC","A1","B_60","MED_EI","Median equivalised income","Below 60%","One adult","Percentage",21.5,
2017,"EL","PC","A1","B_60","MED_EI","Median equivalised income","Below 60%","One adult","Percentage",20.3,
2018,"EL","PC","A1","B_60","MED_EI","Median equivalised income","Below 60%","One adult","Percentage",18.7,
2019,"EL","PC","A1","B_60","MED_EI","Median equivalised income","Below 60%","One adult","Percentage",19,
2020,"EL","PC","A1","B_60","MED_EI","Median equivalised income","Below 60%","One adult","Percentage",21.1,
2021,"EL","PC","A1","B_60","MED_EI","Median equivalised income","Below 60%","One adult","Percentage",22.3,
2022,"EL","PC","A1","B_60","MED_EI","Median equivalised income","Below 60%","One adult","Percentage",21.9,
2023,"EL","PC","A1","B_60","MED_EI","Median equivalised income","Below 60%","One adult","Percentage",24,
2024,"EL","PC","A1","B_60","MED_EI","Median equivalised income","Below 60%","One adult","Percentage",25.3,
2025,"EL","PC","A1","B_60","MED_EI","Median equivalised income","Below 60%","One adult","Percentage",28.3,
2015,"EL","THS_PER","A1_DCH","B_60","MED_EI","Median equivalised income","Below 60%","One adult with dependent children","Thousand persons",58,
2016,"EL","THS_PER","A1_DCH","B_60","MED_EI","Median equivalised income","Below 60%","One adult with dependent children","Thousand persons",53,
2017,"EL","THS_PER","A1_DCH","B_60","MED_EI","Median equivalised income","Below 60%","One adult with dependent children","Thousand persons",51,
2018,"EL","THS_PER","A1_DCH","B_60","MED_EI","Median equivalised income","Below 60%","One adult with dependent children","Thousand persons",53,
2019,"EL","THS_PER","A1_DCH","B_60","MED_EI","Median equivalised income","Below 60%","One adult with dependent children","Thousand persons",48,
2020,"EL","THS_PER","A1_DCH","B_60","MED_EI","Median equivalised income","Below 60%","One adult with dependent children","Thousand persons",34,
2021,"EL","THS_PER","A1_DCH","B_60","MED_EI","Median equivalised income","Below 60%","One adult with dependent children","Thousand persons",48,
2022,"EL","THS_PER","A1_DCH","B_60","MED_EI","Median equivalised income","Below 60%","One adult with dependent children","Thousand persons",56,
2023,"EL","THS_PER","A1_DCH","B_60","MED_EI","Median equivalised income","Below 60%","One adult with dependent children","Thousand persons",72,
2024,"EL","THS_PER","A1_DCH","B_60","MED_EI","Median equivalised income","Below 60%","One adult with dependent children","Thousand persons",61,
2025,"EL","THS_PER","A1_DCH","B_60","MED_EI","Median equivalised income","Below 60%","One adult with dependent children","Thousand persons",46,
1995,"EL","PC","A1_DCH","B_60","MED_EI","Median equivalised income","Below 60%","One adult with dependent children","Percentage",32,
1996,"EL","PC","A1_DCH","B_60","MED_EI","Median equivalised income","Below 60%","One adult with dependent children","Percentage",27,
1997,"EL","PC","A1_DCH","B_60","MED_EI","Median equivalised income","Below 60%","One adult with dependent children","Percentage",23,
1998,"EL","PC","A1_DCH","B_60","MED_EI","Median equivalised income","Below 60%","One adult with dependent children","Percentage",18,
1999,"EL","PC","A1_DCH","B_60","MED_EI","Median equivalised income","Below 60%","One adult with dependent children","Percentage",30,"u"
2000,"EL","PC","A1_DCH","B_60","MED_EI","Median equivalised income","Below 60%","One adult with dependent children","Percentage",23,"u"
2001,"EL","PC","A1_DCH","B_60","MED_EI","Median equivalised income","Below 60%","One adult with dependent children","Percentage",37,
2003,"EL","PC","A1_DCH","B_60","MED_EI","Median equivalised income","Below 60%","One adult with dependent children","Percentage",34.3,"b"
2004,"EL","PC","A1_DCH","B_60","MED_EI","Median equivalised income","Below 60%","One adult with dependent children","Percentage",37.9,
2005,"EL","PC","A1_DCH","B_60","MED_EI","Median equivalised income","Below 60%","One adult with dependent children","Percentage",43.5,
2006,"EL","PC","A1_DCH","B_60","MED_EI","Median equivalised income","Below 60%","One adult with dependent children","Percentage",29.6,
2007,"EL","PC","A1_DCH","B_60","MED_EI","Median equivalised income","Below 60%","One adult with dependent children","Percentage",34.2,
2008,"EL","PC","A1_DCH","B_60","MED_EI","Median equivalised income","Below 60%","One adult with dependent children","Percentage",27.1,
2009,"EL","PC","A1_DCH","B_60","MED_EI","Median equivalised income","Below 60%","One adult with dependent children","Percentage",32.1,
2010,"EL","PC","A1_DCH","B_60","MED_EI","Median equivalised income","Below 60%","One adult with dependent children","Percentage",33.4,
2011,"EL","PC","A1_DCH","B_60","MED_EI","Median equivalised income","Below 60%","One adult with dependent children","Percentage",43.2,
2012,"EL","PC","A1_DCH","B_60","MED_EI","Median equivalised income","Below 60%","One adult with dependent children","Percentage",66,
2013,"EL","PC","A1_DCH","B_60","MED_EI","Median equivalised income","Below 60%","One adult with dependent children","Percentage",37.2,
2014,"EL","PC","A1_DCH","B_60","MED_EI","Median equivalised income","Below 60%","One adult with dependent children","Percentage",27.8,
2015,"EL","PC","A1_DCH","B_60","MED_EI","Median equivalised income","Below 60%","One adult with dependent children","Percentage",32.2,
2016,"EL","PC","A1_DCH","B_60","MED_EI","Median equivalised income","Below 60%","One adult with dependent children","Percentage",31.4,
2017,"EL","PC","A1_DCH","B_60","MED_EI","Median equivalised income","Below 60%","One adult with dependent children","Percentage",30.3,
2018,"EL","PC","A1_DCH","B_60","MED_EI","Median equivalised income","Below 60%","One adult with dependent children","Percentage",32.8,
2019,"EL","PC","A1_DCH","B_60","MED_EI","Median equivalised income","Below 60%","One adult with dependent children","Percentage",36.9,
2020,"EL","PC","A1_DCH","B_60","MED_EI","Median equivalised income","Below 60%","One adult with dependent children","Percentage",24,
2021,"EL","PC","A1_DCH","B_60","MED_EI","Median equivalised income","Below 60%","One adult with dependent children","Percentage",33.9,
2022,"EL","PC","A1_DCH","B_60","MED_EI","Median equivalised income","Below 60%","One adult with dependent children","Percentage",37.7,
2023,"EL","PC","A1_DCH","B_60","MED_EI","Median equivalised income","Below 60%","One adult with dependent children","Percentage",37.1,
2024,"EL","PC","A1_DCH","B_60","MED_EI","Median equivalised income","Below 60%","One adult with dependent children","Percentage",35.7,
2025,"EL","PC","A1_DCH","B_60","MED_EI","Median equivalised income","Below 60%","One adult with dependent children","Percentage",27.4,
2015,"EL","THS_PER","A2","B_60","MED_EI","Median equivalised income","Below 60%","Two adults","Thousand persons",331,
2016,"EL","THS_PER","A2","B_60","MED_EI","Median equivalised income","Below 60%","Two adults","Thousand persons",323,
2017,"EL","THS_PER","A2","B_60","MED_EI","Median equivalised income","Below 60%","Two adults","Thousand persons",307,
2018,"EL","THS_PER","A2","B_60","MED_EI","Median equivalised income","Below 60%","Two adults","Thousand persons",275,
2019,"EL","THS_PER","A2","B_60","MED_EI","Median equivalised income","Below 60%","Two adults","Thousand persons",293,
2020,"EL","THS_PER","A2","B_60","MED_EI","Median equivalised income","Below 60%","Two adults","Thousand persons",267,
2021,"EL","THS_PER","A2","B_60","MED_EI","Median equivalised income","Below 60%","Two adults","Thousand persons",301,
2022,"EL","THS_PER","A2","B_60","MED_EI","Median equivalised income","Below 60%","Two adults","Thousand persons",327,
2023,"EL","THS_PER","A2","B_60","MED_EI","Median equivalised income","Below 60%","Two adults","Thousand persons",328,
2024,"EL","THS_PER","A2","B_60","MED_EI","Median equivalised income","Below 60%","Two adults","Thousand persons",353,
2025,"EL","THS_PER","A2","B_60","MED_EI","Median equivalised income","Below 60%","Two adults","Thousand persons",382,
2003,"EL","PC","A2","B_60","MED_EI","Median equivalised income","Below 60%","Two adults","Percentage",23.5,"b"
2004,"EL","PC","A2","B_60","MED_EI","Median equivalised income","Below 60%","Two adults","Percentage",22.3,
2005,"EL","PC","A2","B_60","MED_EI","Median equivalised income","Below 60%","Two adults","Percentage",21.9,
2006,"EL","PC","A2","B_60","MED_EI","Median equivalised income","Below 60%","Two adults","Percentage",20.5,
2007,"EL","PC","A2","B_60","MED_EI","Median equivalised income","Below 60%","Two adults","Percentage",18.5,
2008,"EL","PC","A2","B_60","MED_EI","Median equivalised income","Below 60%","Two adults","Percentage",18.7,
2009,"EL","PC","A2","B_60","MED_EI","Median equivalised income","Below 60%","Two adults","Percentage",19.5,
2010,"EL","PC","A2","B_60","MED_EI","Median equivalised income","Below 60%","Two adults","Percentage",19.9,
2011,"EL","PC","A2","B_60","MED_EI","Median equivalised income","Below 60%","Two adults","Percentage",19.9,
2012,"EL","PC","A2","B_60","MED_EI","Median equivalised income","Below 60%","Two adults","Percentage",15.1,
2013,"EL","PC","A2","B_60","MED_EI","Median equivalised income","Below 60%","Two adults","Percentage",13.1,
2014,"EL","PC","A2","B_60","MED_EI","Median equivalised income","Below 60%","Two adults","Percentage",14.3,
2015,"EL","PC","A2","B_60","MED_EI","Median equivalised income","Below 60%","Two adults","Percentage",13.9,
2016,"EL","PC","A2","B_60","MED_EI","Median equivalised income","Below 60%","Two adults","Percentage",13.6,
2017,"EL","PC","A2","B_60","MED_EI","Median equivalised income","Below 60%","Two adults","Percentage",12.9,
2018,"EL","PC","A2","B_60","MED_EI","Median equivalised income","Below 60%","Two adults","Percentage",11.7,
2019,"EL","PC","A2","B_60","MED_EI","Median equivalised income","Below 60%","Two adults","Percentage",12.4,
2020,"EL","PC","A2","B_60","MED_EI","Median equivalised income","Below 60%","Two adults","Percentage",11.4,
2021,"EL","PC","A2","B_60","MED_EI","Median equivalised income","Below 60%","Two adults","Percentage",12.9,
2022,"EL","PC","A2","B_60","MED_EI","Median equivalised income","Below 60%","Two adults","Percentage",14.2,
2023,"EL","PC","A2","B_60","MED_EI","Median equivalised income","Below 60%","Two adults","Percentage",14,
2024,"EL","PC","A2","B_60","MED_EI","Median equivalised income","Below 60%","Two adults","Percentage",15,
2025,"EL","PC","A2","B_60","MED_EI","Median equivalised income","Below 60%","Two adults","Percentage",16.2,
2015,"EL","THS_PER","A2_DCH1","B_60","MED_EI","Median equivalised income","Below 60%","Two adults with one dependent child","Thousand persons",215,
2016,"EL","THS_PER","A2_DCH1","B_60","MED_EI","Median equivalised income","Below 60%","Two adults with one dependent child","Thousand persons",238,
2017,"EL","THS_PER","A2_DCH1","B_60","MED_EI","Median equivalised income","Below 60%","Two adults with one dependent child","Thousand persons",215,
2018,"EL","THS_PER","A2_DCH1","B_60","MED_EI","Median equivalised income","Below 60%","Two adults with one dependent child","Thousand persons",213,
2019,"EL","THS_PER","A2_DCH1","B_60","MED_EI","Median equivalised income","Below 60%","Two adults with one dependent child","Thousand persons",172,
2020,"EL","THS_PER","A2_DCH1","B_60","MED_EI","Median equivalised income","Below 60%","Two adults with one dependent child","Thousand persons",165,
2021,"EL","THS_PER","A2_DCH1","B_60","MED_EI","Median equivalised income","Below 60%","Two adults with one dependent child","Thousand persons",198,
2022,"EL","THS_PER","A2_DCH1","B_60","MED_EI","Median equivalised income","Below 60%","Two adults with one dependent child","Thousand persons",167,
2023,"EL","THS_PER","A2_DCH1","B_60","MED_EI","Median equivalised income","Below 60%","Two adults with one dependent child","Thousand persons",195,
2024,"EL","THS_PER","A2_DCH1","B_60","MED_EI","Median equivalised income","Below 60%","Two adults with one dependent child","Thousand persons",219,
2025,"EL","THS_PER","A2_DCH1","B_60","MED_EI","Median equivalised income","Below 60%","Two adults with one dependent child","Thousand persons",192,
1995,"EL","PC","A2_DCH1","B_60","MED_EI","Median equivalised income","Below 60%","Two adults with one dependent child","Percentage",11,
1996,"EL","PC","A2_DCH1","B_60","MED_EI","Median equivalised income","Below 60%","Two adults with one dependent child","Percentage",11,
1997,"EL","PC","A2_DCH1","B_60","MED_EI","Median equivalised income","Below 60%","Two adults with one dependent child","Percentage",13,
1998,"EL","PC","A2_DCH1","B_60","MED_EI","Median equivalised income","Below 60%","Two adults with one dependent child","Percentage",11,
1999,"EL","PC","A2_DCH1","B_60","MED_EI","Median equivalised income","Below 60%","Two adults with one dependent child","Percentage",10,
2000,"EL","PC","A2_DCH1","B_60","MED_EI","Median equivalised income","Below 60%","Two adults with one dependent child","Percentage",9,
2001,"EL","PC","A2_DCH1","B_60","MED_EI","Median equivalised income","Below 60%","Two adults with one dependent child","Percentage",8,
2003,"EL","PC","A2_DCH1","B_60","MED_EI","Median equivalised income","Below 60%","Two adults with one dependent child","Percentage",14.6,"b"
2004,"EL","PC","A2_DCH1","B_60","MED_EI","Median equivalised income","Below 60%","Two adults with one dependent child","Percentage",15.4,
2005,"EL","PC","A2_DCH1","B_60","MED_EI","Median equivalised income","Below 60%","Two adults with one dependent child","Percentage",14.1,
2006,"EL","PC","A2_DCH1","B_60","MED_EI","Median equivalised income","Below 60%","Two adults with one dependent child","Percentage",15.2,
2007,"EL","PC","A2_DCH1","B_60","MED_EI","Median equivalised income","Below 60%","Two adults with one dependent child","Percentage",19.8,
2008,"EL","PC","A2_DCH1","B_60","MED_EI","Median equivalised income","Below 60%","Two adults with one dependent child","Percentage",17.5,
2009,"EL","PC","A2_DCH1","B_60","MED_EI","Median equivalised income","Below 60%","Two adults with one dependent child","Percentage",22.3,
2010,"EL","PC","A2_DCH1","B_60","MED_EI","Median equivalised income","Below 60%","Two adults with one dependent child","Percentage",21.6,
2011,"EL","PC","A2_DCH1","B_60","MED_EI","Median equivalised income","Below 60%","Two adults with one dependent child","Percentage",17.7,
2012,"EL","PC","A2_DCH1","B_60","MED_EI","Median equivalised income","Below 60%","Two adults with one dependent child","Percentage",25.3,
2013,"EL","PC","A2_DCH1","B_60","MED_EI","Median equivalised income","Below 60%","Two adults with one dependent child","Percentage",20.2,
2014,"EL","PC","A2_DCH1","B_60","MED_EI","Median equivalised income","Below 60%","Two adults with one dependent child","Percentage",22.6,
2015,"EL","PC","A2_DCH1","B_60","MED_EI","Median equivalised income","Below 60%","Two adults with one dependent child","Percentage",18.9,
2016,"EL","PC","A2_DCH1","B_60","MED_EI","Median equivalised income","Below 60%","Two adults with one dependent child","Percentage",20.2,
2017,"EL","PC","A2_DCH1","B_60","MED_EI","Median equivalised income","Below 60%","Two adults with one dependent child","Percentage",18.6,
2018,"EL","PC","A2_DCH1","B_60","MED_EI","Median equivalised income","Below 60%","Two adults with one dependent child","Percentage",17.7,
2019,"EL","PC","A2_DCH1","B_60","MED_EI","Median equivalised income","Below 60%","Two adults with one dependent child","Percentage",15.3,
2020,"EL","PC","A2_DCH1","B_60","MED_EI","Median equivalised income","Below 60%","Two adults with one dependent child","Percentage",14.4,
2021,"EL","PC","A2_DCH1","B_60","MED_EI","Median equivalised income","Below 60%","Two adults with one dependent child","Percentage",17.4,
2022,"EL","PC","A2_DCH1","B_60","MED_EI","Median equivalised income","Below 60%","Two adults with one dependent child","Percentage",17.6,
2023,"EL","PC","A2_DCH1","B_60","MED_EI","Median equivalised income","Below 60%","Two adults with one dependent child","Percentage",17,
2024,"EL","PC","A2_DCH1","B_60","MED_EI","Median equivalised income","Below 60%","Two adults with one dependent child","Percentage",18.9,
2025,"EL","PC","A2_DCH1","B_60","MED_EI","Median equivalised income","Below 60%","Two adults with one dependent child","Percentage",16.3,
2015,"EL","THS_PER","A2_DCH2","B_60","MED_EI","Median equivalised income","Below 60%","Two adults with two dependent children","Thousand persons",433,
2016,"EL","THS_PER","A2_DCH2","B_60","MED_EI","Median equivalised income","Below 60%","Two adults with two dependent children","Thousand persons",405,
2017,"EL","THS_PER","A2_DCH2","B_60","MED_EI","Median equivalised income","Below 60%","Two adults with two dependent children","Thousand persons",405,
2018,"EL","THS_PER","A2_DCH2","B_60","MED_EI","Median equivalised income","Below 60%","Two adults with two dependent children","Thousand persons",360,
2019,"EL","THS_PER","A2_DCH2","B_60","MED_EI","Median equivalised income","Below 60%","Two adults with two dependent children","Thousand persons",283,
2020,"EL","THS_PER","A2_DCH2","B_60","MED_EI","Median equivalised income","Below 60%","Two adults with two dependent children","Thousand persons",294,
2021,"EL","THS_PER","A2_DCH2","B_60","MED_EI","Median equivalised income","Below 60%","Two adults with two dependent children","Thousand persons",336,
2022,"EL","THS_PER","A2_DCH2","B_60","MED_EI","Median equivalised income","Below 60%","Two adults with two dependent children","Thousand persons",311,
2023,"EL","THS_PER","A2_DCH2","B_60","MED_EI","Median equivalised income","Below 60%","Two adults with two dependent children","Thousand persons",293,
2024,"EL","THS_PER","A2_DCH2","B_60","MED_EI","Median equivalised income","Below 60%","Two adults with two dependent children","Thousand persons",300,
2025,"EL","THS_PER","A2_DCH2","B_60","MED_EI","Median equivalised income","Below 60%","Two adults with two dependent children","Thousand persons",299,
1995,"EL","PC","A2_DCH2","B_60","MED_EI","Median equivalised income","Below 60%","Two adults with two dependent children","Percentage",16,
1996,"EL","PC","A2_DCH2","B_60","MED_EI","Median equivalised income","Below 60%","Two adults with two dependent children","Percentage",17,
1997,"EL","PC","A2_DCH2","B_60","MED_EI","Median equivalised income","Below 60%","Two adults with two dependent children","Percentage",14,
1998,"EL","PC","A2_DCH2","B_60","MED_EI","Median equivalised income","Below 60%","Two adults with two dependent children","Percentage",14,
1999,"EL","PC","A2_DCH2","B_60","MED_EI","Median equivalised income","Below 60%","Two adults with two dependent children","Percentage",15,
2000,"EL","PC","A2_DCH2","B_60","MED_EI","Median equivalised income","Below 60%","Two adults with two dependent children","Percentage",15,
2001,"EL","PC","A2_DCH2","B_60","MED_EI","Median equivalised income","Below 60%","Two adults with two dependent children","Percentage",14,
2003,"EL","PC","A2_DCH2","B_60","MED_EI","Median equivalised income","Below 60%","Two adults with two dependent children","Percentage",17.1,"b"
2004,"EL","PC","A2_DCH2","B_60","MED_EI","Median equivalised income","Below 60%","Two adults with two dependent children","Percentage",18.6,
2005,"EL","PC","A2_DCH2","B_60","MED_EI","Median equivalised income","Below 60%","Two adults with two dependent children","Percentage",18.2,
2006,"EL","PC","A2_DCH2","B_60","MED_EI","Median equivalised income","Below 60%","Two adults with two dependent children","Percentage",20.7,
2007,"EL","PC","A2_DCH2","B_60","MED_EI","Median equivalised income","Below 60%","Two adults with two dependent children","Percentage",22.1,
2008,"EL","PC","A2_DCH2","B_60","MED_EI","Median equivalised income","Below 60%","Two adults with two dependent children","Percentage",21.9,
2009,"EL","PC","A2_DCH2","B_60","MED_EI","Median equivalised income","Below 60%","Two adults with two dependent children","Percentage",22.4,
2010,"EL","PC","A2_DCH2","B_60","MED_EI","Median equivalised income","Below 60%","Two adults with two dependent children","Percentage",20.3,
2011,"EL","PC","A2_DCH2","B_60","MED_EI","Median equivalised income","Below 60%","Two adults with two dependent children","Percentage",24.2,
2012,"EL","PC","A2_DCH2","B_60","MED_EI","Median equivalised income","Below 60%","Two adults with two dependent children","Percentage",25.9,
2013,"EL","PC","A2_DCH2","B_60","MED_EI","Median equivalised income","Below 60%","Two adults with two dependent children","Percentage",25.6,
2014,"EL","PC","A2_DCH2","B_60","MED_EI","Median equivalised income","Below 60%","Two adults with two dependent children","Percentage",22,
2015,"EL","PC","A2_DCH2","B_60","MED_EI","Median equivalised income","Below 60%","Two adults with two dependent children","Percentage",23.6,
2016,"EL","PC","A2_DCH2","B_60","MED_EI","Median equivalised income","Below 60%","Two adults with two dependent children","Percentage",22.3,
2017,"EL","PC","A2_DCH2","B_60","MED_EI","Median equivalised income","Below 60%","Two adults with two dependent children","Percentage",22.8,
2018,"EL","PC","A2_DCH2","B_60","MED_EI","Median equivalised income","Below 60%","Two adults with two dependent children","Percentage",20.7,
2019,"EL","PC","A2_DCH2","B_60","MED_EI","Median equivalised income","Below 60%","Two adults with two dependent children","Percentage",17.6,
2020,"EL","PC","A2_DCH2","B_60","MED_EI","Median equivalised income","Below 60%","Two adults with two dependent children","Percentage",17.3,
2021,"EL","PC","A2_DCH2","B_60","MED_EI","Median equivalised income","Below 60%","Two adults with two dependent children","Percentage",20.2,
2022,"EL","PC","A2_DCH2","B_60","MED_EI","Median equivalised income","Below 60%","Two adults with two dependent children","Percentage",18.9,
2023,"EL","PC","A2_DCH2","B_60","MED_EI","Median equivalised income","Below 60%","Two adults with two dependent children","Percentage",18.7,
2024,"EL","PC","A2_DCH2","B_60","MED_EI","Median equivalised income","Below 60%","Two adults with two dependent children","Percentage",19.3,
2025,"EL","PC","A2_DCH2","B_60","MED_EI","Median equivalised income","Below 60%","Two adults with two dependent children","Percentage",19.7,
2015,"EL","THS_PER","A2_DCH_GE3","B_60","MED_EI","Median equivalised income","Below 60%","Two adults with three or more dependent children","Thousand persons",191,
2016,"EL","THS_PER","A2_DCH_GE3","B_60","MED_EI","Median equivalised income","Below 60%","Two adults with three or more dependent children","Thousand persons",195,
2017,"EL","THS_PER","A2_DCH_GE3","B_60","MED_EI","Median equivalised income","Below 60%","Two adults with three or more dependent children","Thousand persons",151,
2018,"EL","THS_PER","A2_DCH_GE3","B_60","MED_EI","Median equivalised income","Below 60%","Two adults with three or more dependent children","Thousand persons",151,
2019,"EL","THS_PER","A2_DCH_GE3","B_60","MED_EI","Median equivalised income","Below 60%","Two adults with three or more dependent children","Thousand persons",230,
2020,"EL","THS_PER","A2_DCH_GE3","B_60","MED_EI","Median equivalised income","Below 60%","Two adults with three or more dependent children","Thousand persons",208,
2021,"EL","THS_PER","A2_DCH_GE3","B_60","MED_EI","Median equivalised income","Below 60%","Two adults with three or more dependent children","Thousand persons",322,
2022,"EL","THS_PER","A2_DCH_GE3","B_60","MED_EI","Median equivalised income","Below 60%","Two adults with three or more dependent children","Thousand persons",321,
2023,"EL","THS_PER","A2_DCH_GE3","B_60","MED_EI","Median equivalised income","Below 60%","Two adults with three or more dependent children","Thousand persons",255,
2024,"EL","THS_PER","A2_DCH_GE3","B_60","MED_EI","Median equivalised income","Below 60%","Two adults with three or more dependent children","Thousand persons",270,
2025,"EL","THS_PER","A2_DCH_GE3","B_60","MED_EI","Median equivalised income","Below 60%","Two adults with three or more dependent children","Thousand persons",292,
1995,"EL","PC","A2_DCH_GE3","B_60","MED_EI","Median equivalised income","Below 60%","Two adults with three or more dependent children","Percentage",17,
1996,"EL","PC","A2_DCH_GE3","B_60","MED_EI","Median equivalised income","Below 60%","Two adults with three or more dependent children","Percentage",21,
1997,"EL","PC","A2_DCH_GE3","B_60","MED_EI","Median equivalised income","Below 60%","Two adults with three or more dependent children","Percentage",22,
1998,"EL","PC","A2_DCH_GE3","B_60","MED_EI","Median equivalised income","Below 60%","Two adults with three or more dependent children","Percentage",26,
1999,"EL","PC","A2_DCH_GE3","B_60","MED_EI","Median equivalised income","Below 60%","Two adults with three or more dependent children","Percentage",19,
2000,"EL","PC","A2_DCH_GE3","B_60","MED_EI","Median equivalised income","Below 60%","Two adults with three or more dependent children","Percentage",26,
2001,"EL","PC","A2_DCH_GE3","B_60","MED_EI","Median equivalised income","Below 60%","Two adults with three or more dependent children","Percentage",26,
2003,"EL","PC","A2_DCH_GE3","B_60","MED_EI","Median equivalised income","Below 60%","Two adults with three or more dependent children","Percentage",34,"b"
2004,"EL","PC","A2_DCH_GE3","B_60","MED_EI","Median equivalised income","Below 60%","Two adults with three or more dependent children","Percentage",32.7,
2005,"EL","PC","A2_DCH_GE3","B_60","MED_EI","Median equivalised income","Below 60%","Two adults with three or more dependent children","Percentage",32.7,
2006,"EL","PC","A2_DCH_GE3","B_60","MED_EI","Median equivalised income","Below 60%","Two adults with three or more dependent children","Percentage",38,
2007,"EL","PC","A2_DCH_GE3","B_60","MED_EI","Median equivalised income","Below 60%","Two adults with three or more dependent children","Percentage",29.7,
2008,"EL","PC","A2_DCH_GE3","B_60","MED_EI","Median equivalised income","Below 60%","Two adults with three or more dependent children","Percentage",27.2,
2009,"EL","PC","A2_DCH_GE3","B_60","MED_EI","Median equivalised income","Below 60%","Two adults with three or more dependent children","Percentage",28.6,
2010,"EL","PC","A2_DCH_GE3","B_60","MED_EI","Median equivalised income","Below 60%","Two adults with three or more dependent children","Percentage",26.7,
2011,"EL","PC","A2_DCH_GE3","B_60","MED_EI","Median equivalised income","Below 60%","Two adults with three or more dependent children","Percentage",20.8,
2012,"EL","PC","A2_DCH_GE3","B_60","MED_EI","Median equivalised income","Below 60%","Two adults with three or more dependent children","Percentage",36.8,
2013,"EL","PC","A2_DCH_GE3","B_60","MED_EI","Median equivalised income","Below 60%","Two adults with three or more dependent children","Percentage",31.4,
2014,"EL","PC","A2_DCH_GE3","B_60","MED_EI","Median equivalised income","Below 60%","Two adults with three or more dependent children","Percentage",32.4,
2015,"EL","PC","A2_DCH_GE3","B_60","MED_EI","Median equivalised income","Below 60%","Two adults with three or more dependent children","Percentage",29.6,
2016,"EL","PC","A2_DCH_GE3","B_60","MED_EI","Median equivalised income","Below 60%","Two adults with three or more dependent children","Percentage",32,
2017,"EL","PC","A2_DCH_GE3","B_60","MED_EI","Median equivalised income","Below 60%","Two adults with three or more dependent children","Percentage",24.4,
2018,"EL","PC","A2_DCH_GE3","B_60","MED_EI","Median equivalised income","Below 60%","Two adults with three or more dependent children","Percentage",23.3,
2019,"EL","PC","A2_DCH_GE3","B_60","MED_EI","Median equivalised income","Below 60%","Two adults with three or more dependent children","Percentage",27,
2020,"EL","PC","A2_DCH_GE3","B_60","MED_EI","Median equivalised income","Below 60%","Two adults with three or more dependent children","Percentage",27.4,
2021,"EL","PC","A2_DCH_GE3","B_60","MED_EI","Median equivalised income","Below 60%","Two adults with three or more dependent children","Percentage",31.2,
2022,"EL","PC","A2_DCH_GE3","B_60","MED_EI","Median equivalised income","Below 60%","Two adults with three or more dependent children","Percentage",30.3,
2023,"EL","PC","A2_DCH_GE3","B_60","MED_EI","Median equivalised income","Below 60%","Two adults with three or more dependent children","Percentage",29.2,
2024,"EL","PC","A2_DCH_GE3","B_60","MED_EI","Median equivalised income","Below 60%","Two adults with three or more dependent children","Percentage",31,
2025,"EL","PC","A2_DCH_GE3","B_60","MED_EI","Median equivalised income","Below 60%","Two adults with three or more dependent children","Percentage",33.9,
2015,"EL","THS_PER","A_GE2_DCH","B_60","MED_EI","Median equivalised income","Below 60%","Two or more adults with dependent children","Thousand persons",1233,
2016,"EL","THS_PER","A_GE2_DCH","B_60","MED_EI","Median equivalised income","Below 60%","Two or more adults with dependent children","Thousand persons",1213,
2017,"EL","THS_PER","A_GE2_DCH","B_60","MED_EI","Median equivalised income","Below 60%","Two or more adults with dependent children","Thousand persons",1139,
2018,"EL","THS_PER","A_GE2_DCH","B_60","MED_EI","Median equivalised income","Below 60%","Two or more adults with dependent children","Thousand persons",1083,
2019,"EL","THS_PER","A_GE2_DCH","B_60","MED_EI","Median equivalised income","Below 60%","Two or more adults with dependent children","Thousand persons",997,
2020,"EL","THS_PER","A_GE2_DCH","B_60","MED_EI","Median equivalised income","Below 60%","Two or more adults with dependent children","Thousand persons",970,
2021,"EL","THS_PER","A_GE2_DCH","B_60","MED_EI","Median equivalised income","Below 60%","Two or more adults with dependent children","Thousand persons",1159,
2022,"EL","THS_PER","A_GE2_DCH","B_60","MED_EI","Median equivalised income","Below 60%","Two or more adults with dependent children","Thousand persons",1037,
2023,"EL","THS_PER","A_GE2_DCH","B_60","MED_EI","Median equivalised income","Below 60%","Two or more adults with dependent children","Thousand persons",974,
2024,"EL","THS_PER","A_GE2_DCH","B_60","MED_EI","Median equivalised income","Below 60%","Two or more adults with dependent children","Thousand persons",964,
2025,"EL","THS_PER","A_GE2_DCH","B_60","MED_EI","Median equivalised income","Below 60%","Two or more adults with dependent children","Thousand persons",950,
2003,"EL","PC","A_GE2_DCH","B_60","MED_EI","Median equivalised income","Below 60%","Two or more adults with dependent children","Percentage",21,"b"
2004,"EL","PC","A_GE2_DCH","B_60","MED_EI","Median equivalised income","Below 60%","Two or more adults with dependent children","Percentage",19.5,
2005,"EL","PC","A_GE2_DCH","B_60","MED_EI","Median equivalised income","Below 60%","Two or more adults with dependent children","Percentage",19.7,
2006,"EL","PC","A_GE2_DCH","B_60","MED_EI","Median equivalised income","Below 60%","Two or more adults with dependent children","Percentage",22.4,
2007,"EL","PC","A_GE2_DCH","B_60","MED_EI","Median equivalised income","Below 60%","Two or more adults with dependent children","Percentage",22.3,
2008,"EL","PC","A_GE2_DCH","B_60","MED_EI","Median equivalised income","Below 60%","Two or more adults with dependent children","Percentage",21.9,
2009,"EL","PC","A_GE2_DCH","B_60","MED_EI","Median equivalised income","Below 60%","Two or more adults with dependent children","Percentage",22,
2010,"EL","PC","A_GE2_DCH","B_60","MED_EI","Median equivalised income","Below 60%","Two or more adults with dependent children","Percentage",22.7,
2011,"EL","PC","A_GE2_DCH","B_60","MED_EI","Median equivalised income","Below 60%","Two or more adults with dependent children","Percentage",22.7,
2012,"EL","PC","A_GE2_DCH","B_60","MED_EI","Median equivalised income","Below 60%","Two or more adults with dependent children","Percentage",27,
2013,"EL","PC","A_GE2_DCH","B_60","MED_EI","Median equivalised income","Below 60%","Two or more adults with dependent children","Percentage",28.6,
2014,"EL","PC","A_GE2_DCH","B_60","MED_EI","Median equivalised income","Below 60%","Two or more adults with dependent children","Percentage",25.6,
2015,"EL","PC","A_GE2_DCH","B_60","MED_EI","Median equivalised income","Below 60%","Two or more adults with dependent children","Percentage",25.2,
2016,"EL","PC","A_GE2_DCH","B_60","MED_EI","Median equivalised income","Below 60%","Two or more adults with dependent children","Percentage",25,
2017,"EL","PC","A_GE2_DCH","B_60","MED_EI","Median equivalised income","Below 60%","Two or more adults with dependent children","Percentage",23.7,
2018,"EL","PC","A_GE2_DCH","B_60","MED_EI","Median equivalised income","Below 60%","Two or more adults with dependent children","Percentage",22.4,
2019,"EL","PC","A_GE2_DCH","B_60","MED_EI","Median equivalised income","Below 60%","Two or more adults with dependent children","Percentage",20.6,
2020,"EL","PC","A_GE2_DCH","B_60","MED_EI","Median equivalised income","Below 60%","Two or more adults with dependent children","Percentage",20,
2021,"EL","PC","A_GE2_DCH","B_60","MED_EI","Median equivalised income","Below 60%","Two or more adults with dependent children","Percentage",23.3,
2022,"EL","PC","A_GE2_DCH","B_60","MED_EI","Median equivalised income","Below 60%","Two or more adults with dependent children","Percentage",21.9,
2023,"EL","PC","A_GE2_DCH","B_60","MED_EI","Median equivalised income","Below 60%","Two or more adults with dependent children","Percentage",21.4,
2024,"EL","PC","A_GE2_DCH","B_60","MED_EI","Median equivalised income","Below 60%","Two or more adults with dependent children","Percentage",21.3,
2025,"EL","PC","A_GE2_DCH","B_60","MED_EI","Median equivalised income","Below 60%","Two or more adults with dependent children","Percentage",21,
2015,"EL","THS_PER","A_GE2_NDCH","B_60","MED_EI","Median equivalised income","Below 60%","Two or more adults without dependent children","Thousand persons",730,
2016,"EL","THS_PER","A_GE2_NDCH","B_60","MED_EI","Median equivalised income","Below 60%","Two or more adults without dependent children","Thousand persons",746,
2017,"EL","THS_PER","A_GE2_NDCH","B_60","MED_EI","Median equivalised income","Below 60%","Two or more adults without dependent children","Thousand persons",732,
2018,"EL","THS_PER","A_GE2_NDCH","B_60","MED_EI","Median equivalised income","Below 60%","Two or more adults without dependent children","Thousand persons",595,
2019,"EL","THS_PER","A_GE2_NDCH","B_60","MED_EI","Median equivalised income","Below 60%","Two or more adults without dependent children","Thousand persons",614,
2020,"EL","THS_PER","A_GE2_NDCH","B_60","MED_EI","Median equivalised income","Below 60%","Two or more adults without dependent children","Thousand persons",625,
2021,"EL","THS_PER","A_GE2_NDCH","B_60","MED_EI","Median equivalised income","Below 60%","Two or more adults without dependent children","Thousand persons",598,
2022,"EL","THS_PER","A_GE2_NDCH","B_60","MED_EI","Median equivalised income","Below 60%","Two or more adults without dependent children","Thousand persons",618,
2023,"EL","THS_PER","A_GE2_NDCH","B_60","MED_EI","Median equivalised income","Below 60%","Two or more adults without dependent children","Thousand persons",548,
2024,"EL","THS_PER","A_GE2_NDCH","B_60","MED_EI","Median equivalised income","Below 60%","Two or more adults without dependent children","Thousand persons",601,
2025,"EL","THS_PER","A_GE2_NDCH","B_60","MED_EI","Median equivalised income","Below 60%","Two or more adults without dependent children","Thousand persons",592,
2003,"EL","PC","A_GE2_NDCH","B_60","MED_EI","Median equivalised income","Below 60%","Two or more adults without dependent children","Percentage",18.8,"b"
2004,"EL","PC","A_GE2_NDCH","B_60","MED_EI","Median equivalised income","Below 60%","Two or more adults without dependent children","Percentage",17.9,
2005,"EL","PC","A_GE2_NDCH","B_60","MED_EI","Median equivalised income","Below 60%","Two or more adults without dependent children","Percentage",17.2,
2006,"EL","PC","A_GE2_NDCH","B_60","MED_EI","Median equivalised income","Below 60%","Two or more adults without dependent children","Percentage",17.5,
2007,"EL","PC","A_GE2_NDCH","B_60","MED_EI","Median equivalised income","Below 60%","Two or more adults without dependent children","Percentage",16.4,
2008,"EL","PC","A_GE2_NDCH","B_60","MED_EI","Median equivalised income","Below 60%","Two or more adults without dependent children","Percentage",17.2,
2009,"EL","PC","A_GE2_NDCH","B_60","MED_EI","Median equivalised income","Below 60%","Two or more adults without dependent children","Percentage",15.8,
2010,"EL","PC","A_GE2_NDCH","B_60","MED_EI","Median equivalised income","Below 60%","Two or more adults without dependent children","Percentage",15.9,
2011,"EL","PC","A_GE2_NDCH","B_60","MED_EI","Median equivalised income","Below 60%","Two or more adults without dependent children","Percentage",18.5,
2012,"EL","PC","A_GE2_NDCH","B_60","MED_EI","Median equivalised income","Below 60%","Two or more adults without dependent children","Percentage",18,
2013,"EL","PC","A_GE2_NDCH","B_60","MED_EI","Median equivalised income","Below 60%","Two or more adults without dependent children","Percentage",16.9,
2014,"EL","PC","A_GE2_NDCH","B_60","MED_EI","Median equivalised income","Below 60%","Two or more adults without dependent children","Percentage",17.7,
2015,"EL","PC","A_GE2_NDCH","B_60","MED_EI","Median equivalised income","Below 60%","Two or more adults without dependent children","Percentage",16.1,
2016,"EL","PC","A_GE2_NDCH","B_60","MED_EI","Median equivalised income","Below 60%","Two or more adults without dependent children","Percentage",16.5,
2017,"EL","PC","A_GE2_NDCH","B_60","MED_EI","Median equivalised income","Below 60%","Two or more adults without dependent children","Percentage",16.1,
2018,"EL","PC","A_GE2_NDCH","B_60","MED_EI","Median equivalised income","Below 60%","Two or more adults without dependent children","Percentage",13.4,
2019,"EL","PC","A_GE2_NDCH","B_60","MED_EI","Median equivalised income","Below 60%","Two or more adults without dependent children","Percentage",13.8,
2020,"EL","PC","A_GE2_NDCH","B_60","MED_EI","Median equivalised income","Below 60%","Two or more adults without dependent children","Percentage",14,
2021,"EL","PC","A_GE2_NDCH","B_60","MED_EI","Median equivalised income","Below 60%","Two or more adults without dependent children","Percentage",13.9,
2022,"EL","PC","A_GE2_NDCH","B_60","MED_EI","Median equivalised income","Below 60%","Two or more adults without dependent children","Percentage",14.1,
2023,"EL","PC","A_GE2_NDCH","B_60","MED_EI","Median equivalised income","Below 60%","Two or more adults without dependent children","Percentage",13.5,
2024,"EL","PC","A_GE2_NDCH","B_60","MED_EI","Median equivalised income","Below 60%","Two or more adults without dependent children","Percentage",14.8,
2025,"EL","PC","A_GE2_NDCH","B_60","MED_EI","Median equivalised income","Below 60%","Two or more adults without dependent children","Percentage",14.6,
2015,"EL","THS_PER","A_GE3","B_60","MED_EI","Median equivalised income","Below 60%","Three or more adults","Thousand persons",399,
2016,"EL","THS_PER","A_GE3","B_60","MED_EI","Median equivalised income","Below 60%","Three or more adults","Thousand persons",423,
2017,"EL","THS_PER","A_GE3","B_60","MED_EI","Median equivalised income","Below 60%","Three or more adults","Thousand persons",425,
2018,"EL","THS_PER","A_GE3","B_60","MED_EI","Median equivalised income","Below 60%","Three or more adults","Thousand persons",320,
2019,"EL","THS_PER","A_GE3","B_60","MED_EI","Median equivalised income","Below 60%","Three or more adults","Thousand persons",321,
2020,"EL","THS_PER","A_GE3","B_60","MED_EI","Median equivalised income","Below 60%","Three or more adults","Thousand persons",358,
2021,"EL","THS_PER","A_GE3","B_60","MED_EI","Median equivalised income","Below 60%","Three or more adults","Thousand persons",297,
2022,"EL","THS_PER","A_GE3","B_60","MED_EI","Median equivalised income","Below 60%","Three or more adults","Thousand persons",290,
2023,"EL","THS_PER","A_GE3","B_60","MED_EI","Median equivalised income","Below 60%","Three or more adults","Thousand persons",219,
2024,"EL","THS_PER","A_GE3","B_60","MED_EI","Median equivalised income","Below 60%","Three or more adults","Thousand persons",247,
2025,"EL","THS_PER","A_GE3","B_60","MED_EI","Median equivalised income","Below 60%","Three or more adults","Thousand persons",210,
1995,"EL","PC","A_GE3","B_60","MED_EI","Median equivalised income","Below 60%","Three or more adults","Percentage",18,
1996,"EL","PC","A_GE3","B_60","MED_EI","Median equivalised income","Below 60%","Three or more adults","Percentage",16,
1997,"EL","PC","A_GE3","B_60","MED_EI","Median equivalised income","Below 60%","Three or more adults","Percentage",19,
1998,"EL","PC","A_GE3","B_60","MED_EI","Median equivalised income","Below 60%","Three or more adults","Percentage",17,
1999,"EL","PC","A_GE3","B_60","MED_EI","Median equivalised income","Below 60%","Three or more adults","Percentage",19,
2000,"EL","PC","A_GE3","B_60","MED_EI","Median equivalised income","Below 60%","Three or more adults","Percentage",16,
2001,"EL","PC","A_GE3","B_60","MED_EI","Median equivalised income","Below 60%","Three or more adults","Percentage",18,
2003,"EL","PC","A_GE3","B_60","MED_EI","Median equivalised income","Below 60%","Three or more adults","Percentage",14.5,"b"
2004,"EL","PC","A_GE3","B_60","MED_EI","Median equivalised income","Below 60%","Three or more adults","Percentage",13.8,
2005,"EL","PC","A_GE3","B_60","MED_EI","Median equivalised income","Below 60%","Three or more adults","Percentage",12.9,
2006,"EL","PC","A_GE3","B_60","MED_EI","Median equivalised income","Below 60%","Three or more adults","Percentage",14.9,
2007,"EL","PC","A_GE3","B_60","MED_EI","Median equivalised income","Below 60%","Three or more adults","Percentage",14.6,
2008,"EL","PC","A_GE3","B_60","MED_EI","Median equivalised income","Below 60%","Three or more adults","Percentage",15.9,
2009,"EL","PC","A_GE3","B_60","MED_EI","Median equivalised income","Below 60%","Three or more adults","Percentage",12.7,
2010,"EL","PC","A_GE3","B_60","MED_EI","Median equivalised income","Below 60%","Three or more adults","Percentage",12.5,
2011,"EL","PC","A_GE3","B_60","MED_EI","Median equivalised income","Below 60%","Three or more adults","Percentage",17.2,
2012,"EL","PC","A_GE3","B_60","MED_EI","Median equivalised income","Below 60%","Three or more adults","Percentage",20.5,
2013,"EL","PC","A_GE3","B_60","MED_EI","Median equivalised income","Below 60%","Three or more adults","Percentage",20.9,
2014,"EL","PC","A_GE3","B_60","MED_EI","Median equivalised income","Below 60%","Three or more adults","Percentage",21.7,
2015,"EL","PC","A_GE3","B_60","MED_EI","Median equivalised income","Below 60%","Three or more adults","Percentage",18.6,
2016,"EL","PC","A_GE3","B_60","MED_EI","Median equivalised income","Below 60%","Three or more adults","Percentage",19.6,
2017,"EL","PC","A_GE3","B_60","MED_EI","Median equivalised income","Below 60%","Three or more adults","Percentage",19.4,
2018,"EL","PC","A_GE3","B_60","MED_EI","Median equivalised income","Below 60%","Three or more adults","Percentage",15.3,
2019,"EL","PC","A_GE3","B_60","MED_EI","Median equivalised income","Below 60%","Three or more adults","Percentage",15.3,
2020,"EL","PC","A_GE3","B_60","MED_EI","Median equivalised income","Below 60%","Three or more adults","Percentage",17,
2021,"EL","PC","A_GE3","B_60","MED_EI","Median equivalised income","Below 60%","Three or more adults","Percentage",15.2,
2022,"EL","PC","A_GE3","B_60","MED_EI","Median equivalised income","Below 60%","Three or more adults","Percentage",13.9,
2023,"EL","PC","A_GE3","B_60","MED_EI","Median equivalised income","Below 60%","Three or more adults","Percentage",12.8,
2024,"EL","PC","A_GE3","B_60","MED_EI","Median equivalised income","Below 60%","Three or more adults","Percentage",14.5,
2025,"EL","PC","A_GE3","B_60","MED_EI","Median equivalised income","Below 60%","Three or more adults","Percentage",12.3,
2015,"EL","THS_PER","A_GE3_DCH","B_60","MED_EI","Median equivalised income","Below 60%","Three or more adults with dependent children","Thousand persons",394,
2016,"EL","THS_PER","A_GE3_DCH","B_60","MED_EI","Median equivalised income","Below 60%","Three or more adults with dependent children","Thousand persons",375,
2017,"EL","THS_PER","A_GE3_DCH","B_60","MED_EI","Median equivalised income","Below 60%","Three or more adults with dependent children","Thousand persons",367,
2018,"EL","THS_PER","A_GE3_DCH","B_60","MED_EI","Median equivalised income","Below 60%","Three or more adults with dependent children","Thousand persons",358,
2019,"EL","THS_PER","A_GE3_DCH","B_60","MED_EI","Median equivalised income","Below 60%","Three or more adults with dependent children","Thousand persons",312,
2020,"EL","THS_PER","A_GE3_DCH","B_60","MED_EI","Median equivalised income","Below 60%","Three or more adults with dependent children","Thousand persons",304,
2021,"EL","THS_PER","A_GE3_DCH","B_60","MED_EI","Median equivalised income","Below 60%","Three or more adults with dependent children","Thousand persons",302,
2022,"EL","THS_PER","A_GE3_DCH","B_60","MED_EI","Median equivalised income","Below 60%","Three or more adults with dependent children","Thousand persons",238,
2023,"EL","THS_PER","A_GE3_DCH","B_60","MED_EI","Median equivalised income","Below 60%","Three or more adults with dependent children","Thousand persons",231,
2024,"EL","THS_PER","A_GE3_DCH","B_60","MED_EI","Median equivalised income","Below 60%","Three or more adults with dependent children","Thousand persons",175,
2025,"EL","THS_PER","A_GE3_DCH","B_60","MED_EI","Median equivalised income","Below 60%","Three or more adults with dependent children","Thousand persons",168,
1995,"EL","PC","A_GE3_DCH","B_60","MED_EI","Median equivalised income","Below 60%","Three or more adults with dependent children","Percentage",25,
1996,"EL","PC","A_GE3_DCH","B_60","MED_EI","Median equivalised income","Below 60%","Three or more adults with dependent children","Percentage",28,
1997,"EL","PC","A_GE3_DCH","B_60","MED_EI","Median equivalised income","Below 60%","Three or more adults with dependent children","Percentage",27,
1998,"EL","PC","A_GE3_DCH","B_60","MED_EI","Median equivalised income","Below 60%","Three or more adults with dependent children","Percentage",26,
1999,"EL","PC","A_GE3_DCH","B_60","MED_EI","Median equivalised income","Below 60%","Three or more adults with dependent children","Percentage",25,
2000,"EL","PC","A_GE3_DCH","B_60","MED_EI","Median equivalised income","Below 60%","Three or more adults with dependent children","Percentage",22,
2001,"EL","PC","A_GE3_DCH","B_60","MED_EI","Median equivalised income","Below 60%","Three or more adults with dependent children","Percentage",23,
2003,"EL","PC","A_GE3_DCH","B_60","MED_EI","Median equivalised income","Below 60%","Three or more adults with dependent children","Percentage",28.9,"b"
2004,"EL","PC","A_GE3_DCH","B_60","MED_EI","Median equivalised income","Below 60%","Three or more adults with dependent children","Percentage",25.8,
2005,"EL","PC","A_GE3_DCH","B_60","MED_EI","Median equivalised income","Below 60%","Three or more adults with dependent children","Percentage",28.4,
2006,"EL","PC","A_GE3_DCH","B_60","MED_EI","Median equivalised income","Below 60%","Three or more adults with dependent children","Percentage",29.6,
2007,"EL","PC","A_GE3_DCH","B_60","MED_EI","Median equivalised income","Below 60%","Three or more adults with dependent children","Percentage",22.9,
2008,"EL","PC","A_GE3_DCH","B_60","MED_EI","Median equivalised income","Below 60%","Three or more adults with dependent children","Percentage",25.1,
2009,"EL","PC","A_GE3_DCH","B_60","MED_EI","Median equivalised income","Below 60%","Three or more adults with dependent children","Percentage",18.6,
2010,"EL","PC","A_GE3_DCH","B_60","MED_EI","Median equivalised income","Below 60%","Three or more adults with dependent children","Percentage",29.3,
2011,"EL","PC","A_GE3_DCH","B_60","MED_EI","Median equivalised income","Below 60%","Three or more adults with dependent children","Percentage",24.7,
2012,"EL","PC","A_GE3_DCH","B_60","MED_EI","Median equivalised income","Below 60%","Three or more adults with dependent children","Percentage",31.3,
2013,"EL","PC","A_GE3_DCH","B_60","MED_EI","Median equivalised income","Below 60%","Three or more adults with dependent children","Percentage",38,
2014,"EL","PC","A_GE3_DCH","B_60","MED_EI","Median equivalised income","Below 60%","Three or more adults with dependent children","Percentage",32,
2015,"EL","PC","A_GE3_DCH","B_60","MED_EI","Median equivalised income","Below 60%","Three or more adults with dependent children","Percentage",30.7,
2016,"EL","PC","A_GE3_DCH","B_60","MED_EI","Median equivalised income","Below 60%","Three or more adults with dependent children","Percentage",30.2,
2017,"EL","PC","A_GE3_DCH","B_60","MED_EI","Median equivalised income","Below 60%","Three or more adults with dependent children","Percentage",29.2,
2018,"EL","PC","A_GE3_DCH","B_60","MED_EI","Median equivalised income","Below 60%","Three or more adults with dependent children","Percentage",29.1,
2019,"EL","PC","A_GE3_DCH","B_60","MED_EI","Median equivalised income","Below 60%","Three or more adults with dependent children","Percentage",24.7,
2020,"EL","PC","A_GE3_DCH","B_60","MED_EI","Median equivalised income","Below 60%","Three or more adults with dependent children","Percentage",24.4,
2021,"EL","PC","A_GE3_DCH","B_60","MED_EI","Median equivalised income","Below 60%","Three or more adults with dependent children","Percentage",26.5,
2022,"EL","PC","A_GE3_DCH","B_60","MED_EI","Median equivalised income","Below 60%","Three or more adults with dependent children","Percentage",21.7,
2023,"EL","PC","A_GE3_DCH","B_60","MED_EI","Median equivalised income","Below 60%","Three or more adults with dependent children","Percentage",24.1,
2024,"EL","PC","A_GE3_DCH","B_60","MED_EI","Median equivalised income","Below 60%","Three or more adults with dependent children","Percentage",18.7,
2025,"EL","PC","A_GE3_DCH","B_60","MED_EI","Median equivalised income","Below 60%","Three or more adults with dependent children","Percentage",17.4,
2015,"EL","THS_PER","DCH","B_60","MED_EI","Median equivalised income","Below 60%","Household with dependent children","Thousand persons",1291,
2016,"EL","THS_PER","DCH","B_60","MED_EI","Median equivalised income","Below 60%","Household with dependent children","Thousand persons",1267,
2017,"EL","THS_PER","DCH","B_60","MED_EI","Median equivalised income","Below 60%","Household with dependent children","Thousand persons",1190,
2018,"EL","THS_PER","DCH","B_60","MED_EI","Median equivalised income","Below 60%","Household with dependent children","Thousand persons",1136,
2019,"EL","THS_PER","DCH","B_60","MED_EI","Median equivalised income","Below 60%","Household with dependent children","Thousand persons",1045,
2020,"EL","THS_PER","DCH","B_60","MED_EI","Median equivalised income","Below 60%","Household with dependent children","Thousand persons",1004,
2021,"EL","THS_PER","DCH","B_60","MED_EI","Median equivalised income","Below 60%","Household with dependent children","Thousand persons",1208,
2022,"EL","THS_PER","DCH","B_60","MED_EI","Median equivalised income","Below 60%","Household with dependent children","Thousand persons",1092,
2023,"EL","THS_PER","DCH","B_60","MED_EI","Median equivalised income","Below 60%","Household with dependent children","Thousand persons",1046,
2024,"EL","THS_PER","DCH","B_60","MED_EI","Median equivalised income","Below 60%","Household with dependent children","Thousand persons",1025,
2025,"EL","THS_PER","DCH","B_60","MED_EI","Median equivalised income","Below 60%","Household with dependent children","Thousand persons",996,
1995,"EL","PC","DCH","B_60","MED_EI","Median equivalised income","Below 60%","Household with dependent children","Percentage",19,
1996,"EL","PC","DCH","B_60","MED_EI","Median equivalised income","Below 60%","Household with dependent children","Percentage",20,
1997,"EL","PC","DCH","B_60","MED_EI","Median equivalised income","Below 60%","Household with dependent children","Percentage",19,
1998,"EL","PC","DCH","B_60","MED_EI","Median equivalised income","Below 60%","Household with dependent children","Percentage",18,
1999,"EL","PC","DCH","B_60","MED_EI","Median equivalised income","Below 60%","Household with dependent children","Percentage",18,
2000,"EL","PC","DCH","B_60","MED_EI","Median equivalised income","Below 60%","Household with dependent children","Percentage",17,
2001,"EL","PC","DCH","B_60","MED_EI","Median equivalised income","Below 60%","Household with dependent children","Percentage",17,
2003,"EL","PC","DCH","B_60","MED_EI","Median equivalised income","Below 60%","Household with dependent children","Percentage",21.4,"b"
2004,"EL","PC","DCH","B_60","MED_EI","Median equivalised income","Below 60%","Household with dependent children","Percentage",20.2,
2005,"EL","PC","DCH","B_60","MED_EI","Median equivalised income","Below 60%","Household with dependent children","Percentage",20.6,
2006,"EL","PC","DCH","B_60","MED_EI","Median equivalised income","Below 60%","Household with dependent children","Percentage",22.6,
2007,"EL","PC","DCH","B_60","MED_EI","Median equivalised income","Below 60%","Household with dependent children","Percentage",22.7,
2008,"EL","PC","DCH","B_60","MED_EI","Median equivalised income","Below 60%","Household with dependent children","Percentage",22.1,
2009,"EL","PC","DCH","B_60","MED_EI","Median equivalised income","Below 60%","Household with dependent children","Percentage",22.3,
2010,"EL","PC","DCH","B_60","MED_EI","Median equivalised income","Below 60%","Household with dependent children","Percentage",22.9,
2011,"EL","PC","DCH","B_60","MED_EI","Median equivalised income","Below 60%","Household with dependent children","Percentage",23.2,
2012,"EL","PC","DCH","B_60","MED_EI","Median equivalised income","Below 60%","Household with dependent children","Percentage",28.1,
2013,"EL","PC","DCH","B_60","MED_EI","Median equivalised income","Below 60%","Household with dependent children","Percentage",28.9,
2014,"EL","PC","DCH","B_60","MED_EI","Median equivalised income","Below 60%","Household with dependent children","Percentage",25.7,
2015,"EL","PC","DCH","B_60","MED_EI","Median equivalised income","Below 60%","Household with dependent children","Percentage",25.4,
2016,"EL","PC","DCH","B_60","MED_EI","Median equivalised income","Below 60%","Household with dependent children","Percentage",25.3,
2017,"EL","PC","DCH","B_60","MED_EI","Median equivalised income","Below 60%","Household with dependent children","Percentage",23.9,
2018,"EL","PC","DCH","B_60","MED_EI","Median equivalised income","Below 60%","Household with dependent children","Percentage",22.8,
2019,"EL","PC","DCH","B_60","MED_EI","Median equivalised income","Below 60%","Household with dependent children","Percentage",21,
2020,"EL","PC","DCH","B_60","MED_EI","Median equivalised income","Below 60%","Household with dependent children","Percentage",20.1,
2021,"EL","PC","DCH","B_60","MED_EI","Median equivalised income","Below 60%","Household with dependent children","Percentage",23.6,
2022,"EL","PC","DCH","B_60","MED_EI","Median equivalised income","Below 60%","Household with dependent children","Percentage",22.3,
2023,"EL","PC","DCH","B_60","MED_EI","Median equivalised income","Below 60%","Household with dependent children","Percentage",22,
2024,"EL","PC","DCH","B_60","MED_EI","Median equivalised income","Below 60%","Household with dependent children","Percentage",21.8,
2025,"EL","PC","DCH","B_60","MED_EI","Median equivalised income","Below 60%","Household with dependent children","Percentage",21.3,
2015,"EL","THS_PER","NDCH","B_60","MED_EI","Median equivalised income","Below 60%","Household without dependent children","Thousand persons",989,
2016,"EL","THS_PER","NDCH","B_60","MED_EI","Median equivalised income","Below 60%","Household without dependent children","Thousand persons",976,
2017,"EL","THS_PER","NDCH","B_60","MED_EI","Median equivalised income","Below 60%","Household without dependent children","Thousand persons",949,
2018,"EL","THS_PER","NDCH","B_60","MED_EI","Median equivalised income","Below 60%","Household without dependent children","Thousand persons",793,
2019,"EL","THS_PER","NDCH","B_60","MED_EI","Median equivalised income","Below 60%","Household without dependent children","Thousand persons",815,
2020,"EL","THS_PER","NDCH","B_60","MED_EI","Median equivalised income","Below 60%","Household without dependent children","Thousand persons",848,
2021,"EL","THS_PER","NDCH","B_60","MED_EI","Median equivalised income","Below 60%","Household without dependent children","Thousand persons",833,
2022,"EL","THS_PER","NDCH","B_60","MED_EI","Median equivalised income","Below 60%","Household without dependent children","Thousand persons",845,
2023,"EL","THS_PER","NDCH","B_60","MED_EI","Median equivalised income","Below 60%","Household without dependent children","Thousand persons",881,
2024,"EL","THS_PER","NDCH","B_60","MED_EI","Median equivalised income","Below 60%","Household without dependent children","Thousand persons",953,
2025,"EL","THS_PER","NDCH","B_60","MED_EI","Median equivalised income","Below 60%","Household without dependent children","Thousand persons",984,
1995,"EL","PC","NDCH","B_60","MED_EI","Median equivalised income","Below 60%","Household without dependent children","Percentage",25,
1996,"EL","PC","NDCH","B_60","MED_EI","Median equivalised income","Below 60%","Household without dependent children","Percentage",23,
1997,"EL","PC","NDCH","B_60","MED_EI","Median equivalised income","Below 60%","Household without dependent children","Percentage",25,
1998,"EL","PC","NDCH","B_60","MED_EI","Median equivalised income","Below 60%","Household without dependent children","Percentage",24,
1999,"EL","PC","NDCH","B_60","MED_EI","Median equivalised income","Below 60%","Household without dependent children","Percentage",24,
2000,"EL","PC","NDCH","B_60","MED_EI","Median equivalised income","Below 60%","Household without dependent children","Percentage",23,
2001,"EL","PC","NDCH","B_60","MED_EI","Median equivalised income","Below 60%","Household without dependent children","Percentage",24,
2003,"EL","PC","NDCH","B_60","MED_EI","Median equivalised income","Below 60%","Household without dependent children","Percentage",20,"b"
2004,"EL","PC","NDCH","B_60","MED_EI","Median equivalised income","Below 60%","Household without dependent children","Percentage",19.5,
2005,"EL","PC","NDCH","B_60","MED_EI","Median equivalised income","Below 60%","Household without dependent children","Percentage",18.8,
2006,"EL","PC","NDCH","B_60","MED_EI","Median equivalised income","Below 60%","Household without dependent children","Percentage",18.6,
2007,"EL","PC","NDCH","B_60","MED_EI","Median equivalised income","Below 60%","Household without dependent children","Percentage",18,
2008,"EL","PC","NDCH","B_60","MED_EI","Median equivalised income","Below 60%","Household without dependent children","Percentage",18.4,
2009,"EL","PC","NDCH","B_60","MED_EI","Median equivalised income","Below 60%","Household without dependent children","Percentage",17.4,
2010,"EL","PC","NDCH","B_60","MED_EI","Median equivalised income","Below 60%","Household without dependent children","Percentage",17.6,
2011,"EL","PC","NDCH","B_60","MED_EI","Median equivalised income","Below 60%","Household without dependent children","Percentage",19.5,
2012,"EL","PC","NDCH","B_60","MED_EI","Median equivalised income","Below 60%","Household without dependent children","Percentage",18.6,
2013,"EL","PC","NDCH","B_60","MED_EI","Median equivalised income","Below 60%","Household without dependent children","Percentage",17.9,
2014,"EL","PC","NDCH","B_60","MED_EI","Median equivalised income","Below 60%","Household without dependent children","Percentage",18.7,
2015,"EL","PC","NDCH","B_60","MED_EI","Median equivalised income","Below 60%","Household without dependent children","Percentage",17.6,
2016,"EL","PC","NDCH","B_60","MED_EI","Median equivalised income","Below 60%","Household without dependent children","Percentage",17.4,
2017,"EL","PC","NDCH","B_60","MED_EI","Median equivalised income","Below 60%","Household without dependent children","Percentage",16.9,
2018,"EL","PC","NDCH","B_60","MED_EI","Median equivalised income","Below 60%","Household without dependent children","Percentage",14.4,
2019,"EL","PC","NDCH","B_60","MED_EI","Median equivalised income","Below 60%","Household without dependent children","Percentage",14.8,
2020,"EL","PC","NDCH","B_60","MED_EI","Median equivalised income","Below 60%","Household without dependent children","Percentage",15.4,
2021,"EL","PC","NDCH","B_60","MED_EI","Median equivalised income","Below 60%","Household without dependent children","Percentage",15.6,
2022,"EL","PC","NDCH","B_60","MED_EI","Median equivalised income","Below 60%","Household without dependent children","Percentage",15.6,
2023,"EL","PC","NDCH","B_60","MED_EI","Median equivalised income","Below 60%","Household without dependent children","Percentage",16.2,
2024,"EL","PC","NDCH","B_60","MED_EI","Median equivalised income","Below 60%","Household without dependent children","Percentage",17.5,
2025,"EL","PC","NDCH","B_60","MED_EI","Median equivalised income","Below 60%","Household without dependent children","Percentage",18,
1995,"EL","PC","A1_LT64","B_60","MED_EI","Median equivalised income","Below 60%","One adult younger than 64 years","Percentage",20,
1996,"EL","PC","A1_LT64","B_60","MED_EI","Median equivalised income","Below 60%","One adult younger than 64 years","Percentage",18,
1997,"EL","PC","A1_LT64","B_60","MED_EI","Median equivalised income","Below 60%","One adult younger than 64 years","Percentage",20,
1998,"EL","PC","A1_LT64","B_60","MED_EI","Median equivalised income","Below 60%","One adult younger than 64 years","Percentage",24,
1999,"EL","PC","A1_LT64","B_60","MED_EI","Median equivalised income","Below 60%","One adult younger than 64 years","Percentage",20,
2000,"EL","PC","A1_LT64","B_60","MED_EI","Median equivalised income","Below 60%","One adult younger than 64 years","Percentage",22,
2001,"EL","PC","A1_LT64","B_60","MED_EI","Median equivalised income","Below 60%","One adult younger than 64 years","Percentage",19,
2015,"EL","THS_PER","A1_LT65","B_60","MED_EI","Median equivalised income","Below 60%","One adult younger than 65 years","Thousand persons",152,
2016,"EL","THS_PER","A1_LT65","B_60","MED_EI","Median equivalised income","Below 60%","One adult younger than 65 years","Thousand persons",128,
2017,"EL","THS_PER","A1_LT65","B_60","MED_EI","Median equivalised income","Below 60%","One adult younger than 65 years","Thousand persons",118,
2018,"EL","THS_PER","A1_LT65","B_60","MED_EI","Median equivalised income","Below 60%","One adult younger than 65 years","Thousand persons",109,
2019,"EL","THS_PER","A1_LT65","B_60","MED_EI","Median equivalised income","Below 60%","One adult younger than 65 years","Thousand persons",109,
2020,"EL","THS_PER","A1_LT65","B_60","MED_EI","Median equivalised income","Below 60%","One adult younger than 65 years","Thousand persons",109,
2021,"EL","THS_PER","A1_LT65","B_60","MED_EI","Median equivalised income","Below 60%","One adult younger than 65 years","Thousand persons",114,
2022,"EL","THS_PER","A1_LT65","B_60","MED_EI","Median equivalised income","Below 60%","One adult younger than 65 years","Thousand persons",108,
2023,"EL","THS_PER","A1_LT65","B_60","MED_EI","Median equivalised income","Below 60%","One adult younger than 65 years","Thousand persons",161,
2024,"EL","THS_PER","A1_LT65","B_60","MED_EI","Median equivalised income","Below 60%","One adult younger than 65 years","Thousand persons",167,
2025,"EL","THS_PER","A1_LT65","B_60","MED_EI","Median equivalised income","Below 60%","One adult younger than 65 years","Thousand persons",175,
2003,"EL","PC","A1_LT65","B_60","MED_EI","Median equivalised income","Below 60%","One adult younger than 65 years","Percentage",17.3,"b"
2004,"EL","PC","A1_LT65","B_60","MED_EI","Median equivalised income","Below 60%","One adult younger than 65 years","Percentage",19.7,
2005,"EL","PC","A1_LT65","B_60","MED_EI","Median equivalised income","Below 60%","One adult younger than 65 years","Percentage",19.1,
2006,"EL","PC","A1_LT65","B_60","MED_EI","Median equivalised income","Below 60%","One adult younger than 65 years","Percentage",15,
2007,"EL","PC","A1_LT65","B_60","MED_EI","Median equivalised income","Below 60%","One adult younger than 65 years","Percentage",21.7,
2008,"EL","PC","A1_LT65","B_60","MED_EI","Median equivalised income","Below 60%","One adult younger than 65 years","Percentage",20.7,
2009,"EL","PC","A1_LT65","B_60","MED_EI","Median equivalised income","Below 60%","One adult younger than 65 years","Percentage",23.1,
2010,"EL","PC","A1_LT65","B_60","MED_EI","Median equivalised income","Below 60%","One adult younger than 65 years","Percentage",24.8,
2011,"EL","PC","A1_LT65","B_60","MED_EI","Median equivalised income","Below 60%","One adult younger than 65 years","Percentage",21.8,
2012,"EL","PC","A1_LT65","B_60","MED_EI","Median equivalised income","Below 60%","One adult younger than 65 years","Percentage",21.1,
2013,"EL","PC","A1_LT65","B_60","MED_EI","Median equivalised income","Below 60%","One adult younger than 65 years","Percentage",24.4,
2014,"EL","PC","A1_LT65","B_60","MED_EI","Median equivalised income","Below 60%","One adult younger than 65 years","Percentage",23.6,
2015,"EL","PC","A1_LT65","B_60","MED_EI","Median equivalised income","Below 60%","One adult younger than 65 years","Percentage",27.8,
2016,"EL","PC","A1_LT65","B_60","MED_EI","Median equivalised income","Below 60%","One adult younger than 65 years","Percentage",24.3,
2017,"EL","PC","A1_LT65","B_60","MED_EI","Median equivalised income","Below 60%","One adult younger than 65 years","Percentage",23.1,
2018,"EL","PC","A1_LT65","B_60","MED_EI","Median equivalised income","Below 60%","One adult younger than 65 years","Percentage",21.7,
2019,"EL","PC","A1_LT65","B_60","MED_EI","Median equivalised income","Below 60%","One adult younger than 65 years","Percentage",21.7,
2020,"EL","PC","A1_LT65","B_60","MED_EI","Median equivalised income","Below 60%","One adult younger than 65 years","Percentage",22,
2021,"EL","PC","A1_LT65","B_60","MED_EI","Median equivalised income","Below 60%","One adult younger than 65 years","Percentage",22.9,
2022,"EL","PC","A1_LT65","B_60","MED_EI","Median equivalised income","Below 60%","One adult younger than 65 years","Percentage",22.3,
2023,"EL","PC","A1_LT65","B_60","MED_EI","Median equivalised income","Below 60%","One adult younger than 65 years","Percentage",22.9,
2024,"EL","PC","A1_LT65","B_60","MED_EI","Median equivalised income","Below 60%","One adult younger than 65 years","Percentage",23.8,
2025,"EL","PC","A1_LT65","B_60","MED_EI","Median equivalised income","Below 60%","One adult younger than 65 years","Percentage",25.8,
2015,"EL","THS_PER","A1_GE65","B_60","MED_EI","Median equivalised income","Below 60%","One adult 65 years or over","Thousand persons",107,
2016,"EL","THS_PER","A1_GE65","B_60","MED_EI","Median equivalised income","Below 60%","One adult 65 years or over","Thousand persons",102,
2017,"EL","THS_PER","A1_GE65","B_60","MED_EI","Median equivalised income","Below 60%","One adult 65 years or over","Thousand persons",99,
2018,"EL","THS_PER","A1_GE65","B_60","MED_EI","Median equivalised income","Below 60%","One adult 65 years or over","Thousand persons",89,
2019,"EL","THS_PER","A1_GE65","B_60","MED_EI","Median equivalised income","Below 60%","One adult 65 years or over","Thousand persons",92,
2020,"EL","THS_PER","A1_GE65","B_60","MED_EI","Median equivalised income","Below 60%","One adult 65 years or over","Thousand persons",113,
2021,"EL","THS_PER","A1_GE65","B_60","MED_EI","Median equivalised income","Below 60%","One adult 65 years or over","Thousand persons",122,
2022,"EL","THS_PER","A1_GE65","B_60","MED_EI","Median equivalised income","Below 60%","One adult 65 years or over","Thousand persons",119,
2023,"EL","THS_PER","A1_GE65","B_60","MED_EI","Median equivalised income","Below 60%","One adult 65 years or over","Thousand persons",172,
2024,"EL","THS_PER","A1_GE65","B_60","MED_EI","Median equivalised income","Below 60%","One adult 65 years or over","Thousand persons",184,
2025,"EL","THS_PER","A1_GE65","B_60","MED_EI","Median equivalised income","Below 60%","One adult 65 years or over","Thousand persons",216,
1995,"EL","PC","A1_GE65","B_60","MED_EI","Median equivalised income","Below 60%","One adult 65 years or over","Percentage",41,
1996,"EL","PC","A1_GE65","B_60","MED_EI","Median equivalised income","Below 60%","One adult 65 years or over","Percentage",37,
1997,"EL","PC","A1_GE65","B_60","MED_EI","Median equivalised income","Below 60%","One adult 65 years or over","Percentage",36,
1998,"EL","PC","A1_GE65","B_60","MED_EI","Median equivalised income","Below 60%","One adult 65 years or over","Percentage",41,
1999,"EL","PC","A1_GE65","B_60","MED_EI","Median equivalised income","Below 60%","One adult 65 years or over","Percentage",35,
2000,"EL","PC","A1_GE65","B_60","MED_EI","Median equivalised income","Below 60%","One adult 65 years or over","Percentage",33,
2001,"EL","PC","A1_GE65","B_60","MED_EI","Median equivalised income","Below 60%","One adult 65 years or over","Percentage",38,
2003,"EL","PC","A1_GE65","B_60","MED_EI","Median equivalised income","Below 60%","One adult 65 years or over","Percentage",36.7,"b"
2004,"EL","PC","A1_GE65","B_60","MED_EI","Median equivalised income","Below 60%","One adult 65 years or over","Percentage",36.6,
2005,"EL","PC","A1_GE65","B_60","MED_EI","Median equivalised income","Below 60%","One adult 65 years or over","Percentage",35.1,
2006,"EL","PC","A1_GE65","B_60","MED_EI","Median equivalised income","Below 60%","One adult 65 years or over","Percentage",34,
2007,"EL","PC","A1_GE65","B_60","MED_EI","Median equivalised income","Below 60%","One adult 65 years or over","Percentage",33.2,
2008,"EL","PC","A1_GE65","B_60","MED_EI","Median equivalised income","Below 60%","One adult 65 years or over","Percentage",30.6,
2009,"EL","PC","A1_GE65","B_60","MED_EI","Median equivalised income","Below 60%","One adult 65 years or over","Percentage",30.6,
2010,"EL","PC","A1_GE65","B_60","MED_EI","Median equivalised income","Below 60%","One adult 65 years or over","Percentage",30.1,
2011,"EL","PC","A1_GE65","B_60","MED_EI","Median equivalised income","Below 60%","One adult 65 years or over","Percentage",29.7,
2012,"EL","PC","A1_GE65","B_60","MED_EI","Median equivalised income","Below 60%","One adult 65 years or over","Percentage",23.5,
2013,"EL","PC","A1_GE65","B_60","MED_EI","Median equivalised income","Below 60%","One adult 65 years or over","Percentage",20.3,
2014,"EL","PC","A1_GE65","B_60","MED_EI","Median equivalised income","Below 60%","One adult 65 years or over","Percentage",21.6,
2015,"EL","PC","A1_GE65","B_60","MED_EI","Median equivalised income","Below 60%","One adult 65 years or over","Percentage",20.2,
2016,"EL","PC","A1_GE65","B_60","MED_EI","Median equivalised income","Below 60%","One adult 65 years or over","Percentage",18.7,
2017,"EL","PC","A1_GE65","B_60","MED_EI","Median equivalised income","Below 60%","One adult 65 years or over","Percentage",17.8,
2018,"EL","PC","A1_GE65","B_60","MED_EI","Median equivalised income","Below 60%","One adult 65 years or over","Percentage",16,
2019,"EL","PC","A1_GE65","B_60","MED_EI","Median equivalised income","Below 60%","One adult 65 years or over","Percentage",16.6,
2020,"EL","PC","A1_GE65","B_60","MED_EI","Median equivalised income","Below 60%","One adult 65 years or over","Percentage",20.2,
2021,"EL","PC","A1_GE65","B_60","MED_EI","Median equivalised income","Below 60%","One adult 65 years or over","Percentage",21.8,
2022,"EL","PC","A1_GE65","B_60","MED_EI","Median equivalised income","Below 60%","One adult 65 years or over","Percentage",21.6,
2023,"EL","PC","A1_GE65","B_60","MED_EI","Median equivalised income","Below 60%","One adult 65 years or over","Percentage",25.1,
2024,"EL","PC","A1_GE65","B_60","MED_EI","Median equivalised income","Below 60%","One adult 65 years or over","Percentage",26.9,
2025,"EL","PC","A1_GE65","B_60","MED_EI","Median equivalised income","Below 60%","One adult 65 years or over","Percentage",30.7,
2015,"EL","THS_PER","A2_2LT65","B_60","MED_EI","Median equivalised income","Below 60%","Two adults younger than 65 years","Thousand persons",182,
2016,"EL","THS_PER","A2_2LT65","B_60","MED_EI","Median equivalised income","Below 60%","Two adults younger than 65 years","Thousand persons",197,
2017,"EL","THS_PER","A2_2LT65","B_60","MED_EI","Median equivalised income","Below 60%","Two adults younger than 65 years","Thousand persons",174,
2018,"EL","THS_PER","A2_2LT65","B_60","MED_EI","Median equivalised income","Below 60%","Two adults younger than 65 years","Thousand persons",149,
2019,"EL","THS_PER","A2_2LT65","B_60","MED_EI","Median equivalised income","Below 60%","Two adults younger than 65 years","Thousand persons",141,
2020,"EL","THS_PER","A2_2LT65","B_60","MED_EI","Median equivalised income","Below 60%","Two adults younger than 65 years","Thousand persons",131,
2021,"EL","THS_PER","A2_2LT65","B_60","MED_EI","Median equivalised income","Below 60%","Two adults younger than 65 years","Thousand persons",141,
2022,"EL","THS_PER","A2_2LT65","B_60","MED_EI","Median equivalised income","Below 60%","Two adults younger than 65 years","Thousand persons",134,
2023,"EL","THS_PER","A2_2LT65","B_60","MED_EI","Median equivalised income","Below 60%","Two adults younger than 65 years","Thousand persons",128,
2024,"EL","THS_PER","A2_2LT65","B_60","MED_EI","Median equivalised income","Below 60%","Two adults younger than 65 years","Thousand persons",125,
2025,"EL","THS_PER","A2_2LT65","B_60","MED_EI","Median equivalised income","Below 60%","Two adults younger than 65 years","Thousand persons",123,
1995,"EL","PC","A2_2LT65","B_60","MED_EI","Median equivalised income","Below 60%","Two adults younger than 65 years","Percentage",17,
1996,"EL","PC","A2_2LT65","B_60","MED_EI","Median equivalised income","Below 60%","Two adults younger than 65 years","Percentage",14,
1997,"EL","PC","A2_2LT65","B_60","MED_EI","Median equivalised income","Below 60%","Two adults younger than 65 years","Percentage",18,
1998,"EL","PC","A2_2LT65","B_60","MED_EI","Median equivalised income","Below 60%","Two adults younger than 65 years","Percentage",17,
1999,"EL","PC","A2_2LT65","B_60","MED_EI","Median equivalised income","Below 60%","Two adults younger than 65 years","Percentage",17,
2000,"EL","PC","A2_2LT65","B_60","MED_EI","Median equivalised income","Below 60%","Two adults younger than 65 years","Percentage",20,
2001,"EL","PC","A2_2LT65","B_60","MED_EI","Median equivalised income","Below 60%","Two adults younger than 65 years","Percentage",17,
2003,"EL","PC","A2_2LT65","B_60","MED_EI","Median equivalised income","Below 60%","Two adults younger than 65 years","Percentage",16,"b"
2004,"EL","PC","A2_2LT65","B_60","MED_EI","Median equivalised income","Below 60%","Two adults younger than 65 years","Percentage",14.2,
2005,"EL","PC","A2_2LT65","B_60","MED_EI","Median equivalised income","Below 60%","Two adults younger than 65 years","Percentage",15,
2006,"EL","PC","A2_2LT65","B_60","MED_EI","Median equivalised income","Below 60%","Two adults younger than 65 years","Percentage",15.5,
2007,"EL","PC","A2_2LT65","B_60","MED_EI","Median equivalised income","Below 60%","Two adults younger than 65 years","Percentage",15,
2008,"EL","PC","A2_2LT65","B_60","MED_EI","Median equivalised income","Below 60%","Two adults younger than 65 years","Percentage",16,
2009,"EL","PC","A2_2LT65","B_60","MED_EI","Median equivalised income","Below 60%","Two adults younger than 65 years","Percentage",17.2,
2010,"EL","PC","A2_2LT65","B_60","MED_EI","Median equivalised income","Below 60%","Two adults younger than 65 years","Percentage",18.3,
2011,"EL","PC","A2_2LT65","B_60","MED_EI","Median equivalised income","Below 60%","Two adults younger than 65 years","Percentage",16.2,
2012,"EL","PC","A2_2LT65","B_60","MED_EI","Median equivalised income","Below 60%","Two adults younger than 65 years","Percentage",14.6,
2013,"EL","PC","A2_2LT65","B_60","MED_EI","Median equivalised income","Below 60%","Two adults younger than 65 years","Percentage",14.9,
2014,"EL","PC","A2_2LT65","B_60","MED_EI","Median equivalised income","Below 60%","Two adults younger than 65 years","Percentage",18.4,
2015,"EL","PC","A2_2LT65","B_60","MED_EI","Median equivalised income","Below 60%","Two adults younger than 65 years","Percentage",17.8,
2016,"EL","PC","A2_2LT65","B_60","MED_EI","Median equivalised income","Below 60%","Two adults younger than 65 years","Percentage",20.1,
2017,"EL","PC","A2_2LT65","B_60","MED_EI","Median equivalised income","Below 60%","Two adults younger than 65 years","Percentage",18,
2018,"EL","PC","A2_2LT65","B_60","MED_EI","Median equivalised income","Below 60%","Two adults younger than 65 years","Percentage",15.7,
2019,"EL","PC","A2_2LT65","B_60","MED_EI","Median equivalised income","Below 60%","Two adults younger than 65 years","Percentage",15.1,
2020,"EL","PC","A2_2LT65","B_60","MED_EI","Median equivalised income","Below 60%","Two adults younger than 65 years","Percentage",14.1,
2021,"EL","PC","A2_2LT65","B_60","MED_EI","Median equivalised income","Below 60%","Two adults younger than 65 years","Percentage",16,
2022,"EL","PC","A2_2LT65","B_60","MED_EI","Median equivalised income","Below 60%","Two adults younger than 65 years","Percentage",15.1,
2023,"EL","PC","A2_2LT65","B_60","MED_EI","Median equivalised income","Below 60%","Two adults younger than 65 years","Percentage",13.5,
2024,"EL","PC","A2_2LT65","B_60","MED_EI","Median equivalised income","Below 60%","Two adults younger than 65 years","Percentage",13.6,
2025,"EL","PC","A2_2LT65","B_60","MED_EI","Median equivalised income","Below 60%","Two adults younger than 65 years","Percentage",13.5,
2015,"EL","THS_PER","A2_GE1_GE65","B_60","MED_EI","Median equivalised income","Below 60%","Two adults, at least one aged 65 years or over","Thousand persons",149,
2016,"EL","THS_PER","A2_GE1_GE65","B_60","MED_EI","Median equivalised income","Below 60%","Two adults, at least one aged 65 years or over","Thousand persons",126,
2017,"EL","THS_PER","A2_GE1_GE65","B_60","MED_EI","Median equivalised income","Below 60%","Two adults, at least one aged 65 years or over","Thousand persons",133,
2018,"EL","THS_PER","A2_GE1_GE65","B_60","MED_EI","Median equivalised income","Below 60%","Two adults, at least one aged 65 years or over","Thousand persons",126,
2019,"EL","THS_PER","A2_GE1_GE65","B_60","MED_EI","Median equivalised income","Below 60%","Two adults, at least one aged 65 years or over","Thousand persons",152,
2020,"EL","THS_PER","A2_GE1_GE65","B_60","MED_EI","Median equivalised income","Below 60%","Two adults, at least one aged 65 years or over","Thousand persons",136,
2021,"EL","THS_PER","A2_GE1_GE65","B_60","MED_EI","Median equivalised income","Below 60%","Two adults, at least one aged 65 years or over","Thousand persons",160,
2022,"EL","THS_PER","A2_GE1_GE65","B_60","MED_EI","Median equivalised income","Below 60%","Two adults, at least one aged 65 years or over","Thousand persons",193,
2023,"EL","THS_PER","A2_GE1_GE65","B_60","MED_EI","Median equivalised income","Below 60%","Two adults, at least one aged 65 years or over","Thousand persons",200,
2024,"EL","THS_PER","A2_GE1_GE65","B_60","MED_EI","Median equivalised income","Below 60%","Two adults, at least one aged 65 years or over","Thousand persons",228,
2025,"EL","THS_PER","A2_GE1_GE65","B_60","MED_EI","Median equivalised income","Below 60%","Two adults, at least one aged 65 years or over","Thousand persons",259,
1995,"EL","PC","A2_GE1_GE65","B_60","MED_EI","Median equivalised income","Below 60%","Two adults, at least one aged 65 years or over","Percentage",38,
1996,"EL","PC","A2_GE1_GE65","B_60","MED_EI","Median equivalised income","Below 60%","Two adults, at least one aged 65 years or over","Percentage",34,
1997,"EL","PC","A2_GE1_GE65","B_60","MED_EI","Median equivalised income","Below 60%","Two adults, at least one aged 65 years or over","Percentage",36,
1998,"EL","PC","A2_GE1_GE65","B_60","MED_EI","Median equivalised income","Below 60%","Two adults, at least one aged 65 years or over","Percentage",36,
1999,"EL","PC","A2_GE1_GE65","B_60","MED_EI","Median equivalised income","Below 60%","Two adults, at least one aged 65 years or over","Percentage",36,
2000,"EL","PC","A2_GE1_GE65","B_60","MED_EI","Median equivalised income","Below 60%","Two adults, at least one aged 65 years or over","Percentage",33,
2001,"EL","PC","A2_GE1_GE65","B_60","MED_EI","Median equivalised income","Below 60%","Two adults, at least one aged 65 years or over","Percentage",36,
2003,"EL","PC","A2_GE1_GE65","B_60","MED_EI","Median equivalised income","Below 60%","Two adults, at least one aged 65 years or over","Percentage",30,"b"
2004,"EL","PC","A2_GE1_GE65","B_60","MED_EI","Median equivalised income","Below 60%","Two adults, at least one aged 65 years or over","Percentage",28.6,
2005,"EL","PC","A2_GE1_GE65","B_60","MED_EI","Median equivalised income","Below 60%","Two adults, at least one aged 65 years or over","Percentage",27.4,
2006,"EL","PC","A2_GE1_GE65","B_60","MED_EI","Median equivalised income","Below 60%","Two adults, at least one aged 65 years or over","Percentage",24.3,
2007,"EL","PC","A2_GE1_GE65","B_60","MED_EI","Median equivalised income","Below 60%","Two adults, at least one aged 65 years or over","Percentage",21.3,
2008,"EL","PC","A2_GE1_GE65","B_60","MED_EI","Median equivalised income","Below 60%","Two adults, at least one aged 65 years or over","Percentage",20.7,
2009,"EL","PC","A2_GE1_GE65","B_60","MED_EI","Median equivalised income","Below 60%","Two adults, at least one aged 65 years or over","Percentage",21,
2010,"EL","PC","A2_GE1_GE65","B_60","MED_EI","Median equivalised income","Below 60%","Two adults, at least one aged 65 years or over","Percentage",20.9,
2011,"EL","PC","A2_GE1_GE65","B_60","MED_EI","Median equivalised income","Below 60%","Two adults, at least one aged 65 years or over","Percentage",22.3,
2012,"EL","PC","A2_GE1_GE65","B_60","MED_EI","Median equivalised income","Below 60%","Two adults, at least one aged 65 years or over","Percentage",15.4,
2013,"EL","PC","A2_GE1_GE65","B_60","MED_EI","Median equivalised income","Below 60%","Two adults, at least one aged 65 years or over","Percentage",11.7,
2014,"EL","PC","A2_GE1_GE65","B_60","MED_EI","Median equivalised income","Below 60%","Two adults, at least one aged 65 years or over","Percentage",11.3,
2015,"EL","PC","A2_GE1_GE65","B_60","MED_EI","Median equivalised income","Below 60%","Two adults, at least one aged 65 years or over","Percentage",10.9,
2016,"EL","PC","A2_GE1_GE65","B_60","MED_EI","Median equivalised income","Below 60%","Two adults, at least one aged 65 years or over","Percentage",9,
2017,"EL","PC","A2_GE1_GE65","B_60","MED_EI","Median equivalised income","Below 60%","Two adults, at least one aged 65 years or over","Percentage",9.5,
2018,"EL","PC","A2_GE1_GE65","B_60","MED_EI","Median equivalised income","Below 60%","Two adults, at least one aged 65 years or over","Percentage",9,
2019,"EL","PC","A2_GE1_GE65","B_60","MED_EI","Median equivalised income","Below 60%","Two adults, at least one aged 65 years or over","Percentage",10.7,
2020,"EL","PC","A2_GE1_GE65","B_60","MED_EI","Median equivalised income","Below 60%","Two adults, at least one aged 65 years or over","Percentage",9.5,
2021,"EL","PC","A2_GE1_GE65","B_60","MED_EI","Median equivalised income","Below 60%","Two adults, at least one aged 65 years or over","Percentage",10.9,
2022,"EL","PC","A2_GE1_GE65","B_60","MED_EI","Median equivalised income","Below 60%","Two adults, at least one aged 65 years or over","Percentage",13.6,
2023,"EL","PC","A2_GE1_GE65","B_60","MED_EI","Median equivalised income","Below 60%","Two adults, at least one aged 65 years or over","Percentage",14.3,
2024,"EL","PC","A2_GE1_GE65","B_60","MED_EI","Median equivalised income","Below 60%","Two adults, at least one aged 65 years or over","Percentage",15.9,
2025,"EL","PC","A2_GE1_GE65","B_60","MED_EI","Median equivalised income","Below 60%","Two adults, at least one aged 65 years or over","Percentage",17.8,
2015,"EL","THS_PER","TOTAL","B_70","MED_EI","Median equivalised income","Below 70%","Total","Thousand persons",2978,
2016,"EL","THS_PER","TOTAL","B_70","MED_EI","Median equivalised income","Below 70%","Total","Thousand persons",2983,
2017,"EL","THS_PER","TOTAL","B_70","MED_EI","Median equivalised income","Below 70%","Total","Thousand persons",2798,
2018,"EL","THS_PER","TOTAL","B_70","MED_EI","Median equivalised income","Below 70%","Total","Thousand persons",2755,
2019,"EL","THS_PER","TOTAL","B_70","MED_EI","Median equivalised income","Below 70%","Total","Thousand persons",2642,
2020,"EL","THS_PER","TOTAL","B_70","MED_EI","Median equivalised income","Below 70%","Total","Thousand persons",2690,
2021,"EL","THS_PER","TOTAL","B_70","MED_EI","Median equivalised income","Below 70%","Total","Thousand persons",2794,
2022,"EL","THS_PER","TOTAL","B_70","MED_EI","Median equivalised income","Below 70%","Total","Thousand persons",2694,
2023,"EL","THS_PER","TOTAL","B_70","MED_EI","Median equivalised income","Below 70%","Total","Thousand persons",2557,
2024,"EL","THS_PER","TOTAL","B_70","MED_EI","Median equivalised income","Below 70%","Total","Thousand persons",2611,
2025,"EL","THS_PER","TOTAL","B_70","MED_EI","Median equivalised income","Below 70%","Total","Thousand persons",2556,
1995,"EL","PC","TOTAL","B_70","MED_EI","Median equivalised income","Below 70%","Total","Percentage",29,
1996,"EL","PC","TOTAL","B_70","MED_EI","Median equivalised income","Below 70%","Total","Percentage",28,
1997,"EL","PC","TOTAL","B_70","MED_EI","Median equivalised income","Below 70%","Total","Percentage",29,
1998,"EL","PC","TOTAL","B_70","MED_EI","Median equivalised income","Below 70%","Total","Percentage",28,
1999,"EL","PC","TOTAL","B_70","MED_EI","Median equivalised income","Below 70%","Total","Percentage",28,
2000,"EL","PC","TOTAL","B_70","MED_EI","Median equivalised income","Below 70%","Total","Percentage",27,
2001,"EL","PC","TOTAL","B_70","MED_EI","Median equivalised income","Below 70%","Total","Percentage",28,
2003,"EL","PC","TOTAL","B_70","MED_EI","Median equivalised income","Below 70%","Total","Percentage",28.4,"b"
2004,"EL","PC","TOTAL","B_70","MED_EI","Median equivalised income","Below 70%","Total","Percentage",27.6,
2005,"EL","PC","TOTAL","B_70","MED_EI","Median equivalised income","Below 70%","Total","Percentage",26,
2006,"EL","PC","TOTAL","B_70","MED_EI","Median equivalised income","Below 70%","Total","Percentage",28.1,
2007,"EL","PC","TOTAL","B_70","MED_EI","Median equivalised income","Below 70%","Total","Percentage",28.1,
2008,"EL","PC","TOTAL","B_70","MED_EI","Median equivalised income","Below 70%","Total","Percentage",27,
2009,"EL","PC","TOTAL","B_70","MED_EI","Median equivalised income","Below 70%","Total","Percentage",25.4,
2010,"EL","PC","TOTAL","B_70","MED_EI","Median equivalised income","Below 70%","Total","Percentage",27.2,
2011,"EL","PC","TOTAL","B_70","MED_EI","Median equivalised income","Below 70%","Total","Percentage",28.6,
2012,"EL","PC","TOTAL","B_70","MED_EI","Median equivalised income","Below 70%","Total","Percentage",30.5,
2013,"EL","PC","TOTAL","B_70","MED_EI","Median equivalised income","Below 70%","Total","Percentage",31.3,
2014,"EL","PC","TOTAL","B_70","MED_EI","Median equivalised income","Below 70%","Total","Percentage",28.8,
2015,"EL","PC","TOTAL","B_70","MED_EI","Median equivalised income","Below 70%","Total","Percentage",27.9,
2016,"EL","PC","TOTAL","B_70","MED_EI","Median equivalised income","Below 70%","Total","Percentage",28.1,
2017,"EL","PC","TOTAL","B_70","MED_EI","Median equivalised income","Below 70%","Total","Percentage",26.4,
2018,"EL","PC","TOTAL","B_70","MED_EI","Median equivalised income","Below 70%","Total","Percentage",26.2,
2019,"EL","PC","TOTAL","B_70","MED_EI","Median equivalised income","Below 70%","Total","Percentage",25.2,
2020,"EL","PC","TOTAL","B_70","MED_EI","Median equivalised income","Below 70%","Total","Percentage",25.6,
2021,"EL","PC","TOTAL","B_70","MED_EI","Median equivalised income","Below 70%","Total","Percentage",26.7,
2022,"EL","PC","TOTAL","B_70","MED_EI","Median equivalised income","Below 70%","Total","Percentage",26.1,
2023,"EL","PC","TOTAL","B_70","MED_EI","Median equivalised income","Below 70%","Total","Percentage",25.1,
2024,"EL","PC","TOTAL","B_70","MED_EI","Median equivalised income","Below 70%","Total","Percentage",25.7,
2025,"EL","PC","TOTAL","B_70","MED_EI","Median equivalised income","Below 70%","Total","Percentage",25.2,
2015,"EL","THS_PER","M1","B_70","MED_EI","Median equivalised income","Below 70%","One single male","Thousand persons",113,
2016,"EL","THS_PER","M1","B_70","MED_EI","Median equivalised income","Below 70%","One single male","Thousand persons",107,
2017,"EL","THS_PER","M1","B_70","MED_EI","Median equivalised income","Below 70%","One single male","Thousand persons",103,
2018,"EL","THS_PER","M1","B_70","MED_EI","Median equivalised income","Below 70%","One single male","Thousand persons",91,
2019,"EL","THS_PER","M1","B_70","MED_EI","Median equivalised income","Below 70%","One single male","Thousand persons",95,
2020,"EL","THS_PER","M1","B_70","MED_EI","Median equivalised income","Below 70%","One single male","Thousand persons",91,
2021,"EL","THS_PER","M1","B_70","MED_EI","Median equivalised income","Below 70%","One single male","Thousand persons",109,
2022,"EL","THS_PER","M1","B_70","MED_EI","Median equivalised income","Below 70%","One single male","Thousand persons",93,
2023,"EL","THS_PER","M1","B_70","MED_EI","Median equivalised income","Below 70%","One single male","Thousand persons",128,
2024,"EL","THS_PER","M1","B_70","MED_EI","Median equivalised income","Below 70%","One single male","Thousand persons",143,
2025,"EL","THS_PER","M1","B_70","MED_EI","Median equivalised income","Below 70%","One single male","Thousand persons",150,
1995,"EL","PC","M1","B_70","MED_EI","Median equivalised income","Below 70%","One single male","Percentage",27,
1996,"EL","PC","M1","B_70","MED_EI","Median equivalised income","Below 70%","One single male","Percentage",25,
1997,"EL","PC","M1","B_70","MED_EI","Median equivalised income","Below 70%","One single male","Percentage",23,
1998,"EL","PC","M1","B_70","MED_EI","Median equivalised income","Below 70%","One single male","Percentage",28,
1999,"EL","PC","M1","B_70","MED_EI","Median equivalised income","Below 70%","One single male","Percentage",24,
2000,"EL","PC","M1","B_70","MED_EI","Median equivalised income","Below 70%","One single male","Percentage",27,
2001,"EL","PC","M1","B_70","MED_EI","Median equivalised income","Below 70%","One single male","Percentage",22,
2003,"EL","PC","M1","B_70","MED_EI","Median equivalised income","Below 70%","One single male","Percentage",27.2,"b"
2004,"EL","PC","M1","B_70","MED_EI","Median equivalised income","Below 70%","One single male","Percentage",24.6,
2005,"EL","PC","M1","B_70","MED_EI","Median equivalised income","Below 70%","One single male","Percentage",24,
2006,"EL","PC","M1","B_70","MED_EI","Median equivalised income","Below 70%","One single male","Percentage",23.9,
2007,"EL","PC","M1","B_70","MED_EI","Median equivalised income","Below 70%","One single male","Percentage",27.5,
2008,"EL","PC","M1","B_70","MED_EI","Median equivalised income","Below 70%","One single male","Percentage",27.4,
2009,"EL","PC","M1","B_70","MED_EI","Median equivalised income","Below 70%","One single male","Percentage",28.6,
2010,"EL","PC","M1","B_70","MED_EI","Median equivalised income","Below 70%","One single male","Percentage",33,
2011,"EL","PC","M1","B_70","MED_EI","Median equivalised income","Below 70%","One single male","Percentage",30.3,
2012,"EL","PC","M1","B_70","MED_EI","Median equivalised income","Below 70%","One single male","Percentage",25,
2013,"EL","PC","M1","B_70","MED_EI","Median equivalised income","Below 70%","One single male","Percentage",25.4,
2014,"EL","PC","M1","B_70","MED_EI","Median equivalised income","Below 70%","One single male","Percentage",27,
2015,"EL","PC","M1","B_70","MED_EI","Median equivalised income","Below 70%","One single male","Percentage",27.4,
2016,"EL","PC","M1","B_70","MED_EI","Median equivalised income","Below 70%","One single male","Percentage",26.3,
2017,"EL","PC","M1","B_70","MED_EI","Median equivalised income","Below 70%","One single male","Percentage",25.1,
2018,"EL","PC","M1","B_70","MED_EI","Median equivalised income","Below 70%","One single male","Percentage",23.2,
2019,"EL","PC","M1","B_70","MED_EI","Median equivalised income","Below 70%","One single male","Percentage",24.9,
2020,"EL","PC","M1","B_70","MED_EI","Median equivalised income","Below 70%","One single male","Percentage",24.2,
2021,"EL","PC","M1","B_70","MED_EI","Median equivalised income","Below 70%","One single male","Percentage",28.1,
2022,"EL","PC","M1","B_70","MED_EI","Median equivalised income","Below 70%","One single male","Percentage",24.8,
2023,"EL","PC","M1","B_70","MED_EI","Median equivalised income","Below 70%","One single male","Percentage",23.2,
2024,"EL","PC","M1","B_70","MED_EI","Median equivalised income","Below 70%","One single male","Percentage",25.5,
2025,"EL","PC","M1","B_70","MED_EI","Median equivalised income","Below 70%","One single male","Percentage",26.6,
2015,"EL","THS_PER","F1","B_70","MED_EI","Median equivalised income","Below 70%","One single female","Thousand persons",197,
2016,"EL","THS_PER","F1","B_70","MED_EI","Median equivalised income","Below 70%","One single female","Thousand persons",193,
2017,"EL","THS_PER","F1","B_70","MED_EI","Median equivalised income","Below 70%","One single female","Thousand persons",191,
2018,"EL","THS_PER","F1","B_70","MED_EI","Median equivalised income","Below 70%","One single female","Thousand persons",188,
2019,"EL","THS_PER","F1","B_70","MED_EI","Median equivalised income","Below 70%","One single female","Thousand persons",189,
2020,"EL","THS_PER","F1","B_70","MED_EI","Median equivalised income","Below 70%","One single female","Thousand persons",189,
2021,"EL","THS_PER","F1","B_70","MED_EI","Median equivalised income","Below 70%","One single female","Thousand persons",216,
2022,"EL","THS_PER","F1","B_70","MED_EI","Median equivalised income","Below 70%","One single female","Thousand persons",222,
2023,"EL","THS_PER","F1","B_70","MED_EI","Median equivalised income","Below 70%","One single female","Thousand persons",299,
2024,"EL","THS_PER","F1","B_70","MED_EI","Median equivalised income","Below 70%","One single female","Thousand persons",303,
2025,"EL","THS_PER","F1","B_70","MED_EI","Median equivalised income","Below 70%","One single female","Thousand persons",316,
1995,"EL","PC","F1","B_70","MED_EI","Median equivalised income","Below 70%","One single female","Percentage",45,
1996,"EL","PC","F1","B_70","MED_EI","Median equivalised income","Below 70%","One single female","Percentage",40,
1997,"EL","PC","F1","B_70","MED_EI","Median equivalised income","Below 70%","One single female","Percentage",43,
1998,"EL","PC","F1","B_70","MED_EI","Median equivalised income","Below 70%","One single female","Percentage",47,
1999,"EL","PC","F1","B_70","MED_EI","Median equivalised income","Below 70%","One single female","Percentage",46,
2000,"EL","PC","F1","B_70","MED_EI","Median equivalised income","Below 70%","One single female","Percentage",42,
2001,"EL","PC","F1","B_70","MED_EI","Median equivalised income","Below 70%","One single female","Percentage",47,
2003,"EL","PC","F1","B_70","MED_EI","Median equivalised income","Below 70%","One single female","Percentage",39.9,"b"
2004,"EL","PC","F1","B_70","MED_EI","Median equivalised income","Below 70%","One single female","Percentage",43.3,
2005,"EL","PC","F1","B_70","MED_EI","Median equivalised income","Below 70%","One single female","Percentage",37.9,
2006,"EL","PC","F1","B_70","MED_EI","Median equivalised income","Below 70%","One single female","Percentage",36.9,
2007,"EL","PC","F1","B_70","MED_EI","Median equivalised income","Below 70%","One single female","Percentage",38.7,
2008,"EL","PC","F1","B_70","MED_EI","Median equivalised income","Below 70%","One single female","Percentage",33.1,
2009,"EL","PC","F1","B_70","MED_EI","Median equivalised income","Below 70%","One single female","Percentage",35,
2010,"EL","PC","F1","B_70","MED_EI","Median equivalised income","Below 70%","One single female","Percentage",37.2,
2011,"EL","PC","F1","B_70","MED_EI","Median equivalised income","Below 70%","One single female","Percentage",38.9,
2012,"EL","PC","F1","B_70","MED_EI","Median equivalised income","Below 70%","One single female","Percentage",30.7,
2013,"EL","PC","F1","B_70","MED_EI","Median equivalised income","Below 70%","One single female","Percentage",28.6,
2014,"EL","PC","F1","B_70","MED_EI","Median equivalised income","Below 70%","One single female","Percentage",29.1,
2015,"EL","PC","F1","B_70","MED_EI","Median equivalised income","Below 70%","One single female","Percentage",29.6,
2016,"EL","PC","F1","B_70","MED_EI","Median equivalised income","Below 70%","One single female","Percentage",29.1,
2017,"EL","PC","F1","B_70","MED_EI","Median equivalised income","Below 70%","One single female","Percentage",29.1,
2018,"EL","PC","F1","B_70","MED_EI","Median equivalised income","Below 70%","One single female","Percentage",28.2,
2019,"EL","PC","F1","B_70","MED_EI","Median equivalised income","Below 70%","One single female","Percentage",27.9,
2020,"EL","PC","F1","B_70","MED_EI","Median equivalised income","Below 70%","One single female","Percentage",27.8,
2021,"EL","PC","F1","B_70","MED_EI","Median equivalised income","Below 70%","One single female","Percentage",32.4,
2022,"EL","PC","F1","B_70","MED_EI","Median equivalised income","Below 70%","One single female","Percentage",33.4,
2023,"EL","PC","F1","B_70","MED_EI","Median equivalised income","Below 70%","One single female","Percentage",35.6,
2024,"EL","PC","F1","B_70","MED_EI","Median equivalised income","Below 70%","One single female","Percentage",36.6,
2025,"EL","PC","F1","B_70","MED_EI","Median equivalised income","Below 70%","One single female","Percentage",38.4,
2015,"EL","THS_PER","A1","B_70","MED_EI","Median equivalised income","Below 70%","One adult","Thousand persons",310,
2016,"EL","THS_PER","A1","B_70","MED_EI","Median equivalised income","Below 70%","One adult","Thousand persons",300,
2017,"EL","THS_PER","A1","B_70","MED_EI","Median equivalised income","Below 70%","One adult","Thousand persons",294,
2018,"EL","THS_PER","A1","B_70","MED_EI","Median equivalised income","Below 70%","One adult","Thousand persons",279,
2019,"EL","THS_PER","A1","B_70","MED_EI","Median equivalised income","Below 70%","One adult","Thousand persons",284,
2020,"EL","THS_PER","A1","B_70","MED_EI","Median equivalised income","Below 70%","One adult","Thousand persons",280,
2021,"EL","THS_PER","A1","B_70","MED_EI","Median equivalised income","Below 70%","One adult","Thousand persons",325,
2022,"EL","THS_PER","A1","B_70","MED_EI","Median equivalised income","Below 70%","One adult","Thousand persons",315,
2023,"EL","THS_PER","A1","B_70","MED_EI","Median equivalised income","Below 70%","One adult","Thousand persons",427,
2024,"EL","THS_PER","A1","B_70","MED_EI","Median equivalised income","Below 70%","One adult","Thousand persons",446,
2025,"EL","THS_PER","A1","B_70","MED_EI","Median equivalised income","Below 70%","One adult","Thousand persons",466,
1995,"EL","PC","A1","B_70","MED_EI","Median equivalised income","Below 70%","One adult","Percentage",40,
1996,"EL","PC","A1","B_70","MED_EI","Median equivalised income","Below 70%","One adult","Percentage",36,
1997,"EL","PC","A1","B_70","MED_EI","Median equivalised income","Below 70%","One adult","Percentage",37,
1998,"EL","PC","A1","B_70","MED_EI","Median equivalised income","Below 70%","One adult","Percentage",41,
1999,"EL","PC","A1","B_70","MED_EI","Median equivalised income","Below 70%","One adult","Percentage",39,
2000,"EL","PC","A1","B_70","MED_EI","Median equivalised income","Below 70%","One adult","Percentage",37,
2001,"EL","PC","A1","B_70","MED_EI","Median equivalised income","Below 70%","One adult","Percentage",39,
2003,"EL","PC","A1","B_70","MED_EI","Median equivalised income","Below 70%","One adult","Percentage",35.6,"b"
2004,"EL","PC","A1","B_70","MED_EI","Median equivalised income","Below 70%","One adult","Percentage",36.9,
2005,"EL","PC","A1","B_70","MED_EI","Median equivalised income","Below 70%","One adult","Percentage",33.5,
2006,"EL","PC","A1","B_70","MED_EI","Median equivalised income","Below 70%","One adult","Percentage",32.6,
2007,"EL","PC","A1","B_70","MED_EI","Median equivalised income","Below 70%","One adult","Percentage",34.7,
2008,"EL","PC","A1","B_70","MED_EI","Median equivalised income","Below 70%","One adult","Percentage",31.1,
2009,"EL","PC","A1","B_70","MED_EI","Median equivalised income","Below 70%","One adult","Percentage",32.7,
2010,"EL","PC","A1","B_70","MED_EI","Median equivalised income","Below 70%","One adult","Percentage",35.8,
2011,"EL","PC","A1","B_70","MED_EI","Median equivalised income","Below 70%","One adult","Percentage",35.8,
2012,"EL","PC","A1","B_70","MED_EI","Median equivalised income","Below 70%","One adult","Percentage",28.6,
2013,"EL","PC","A1","B_70","MED_EI","Median equivalised income","Below 70%","One adult","Percentage",27.4,
2014,"EL","PC","A1","B_70","MED_EI","Median equivalised income","Below 70%","One adult","Percentage",28.3,
2015,"EL","PC","A1","B_70","MED_EI","Median equivalised income","Below 70%","One adult","Percentage",28.8,
2016,"EL","PC","A1","B_70","MED_EI","Median equivalised income","Below 70%","One adult","Percentage",28,
2017,"EL","PC","A1","B_70","MED_EI","Median equivalised income","Below 70%","One adult","Percentage",27.5,
2018,"EL","PC","A1","B_70","MED_EI","Median equivalised income","Below 70%","One adult","Percentage",26.3,
2019,"EL","PC","A1","B_70","MED_EI","Median equivalised income","Below 70%","One adult","Percentage",26.8,
2020,"EL","PC","A1","B_70","MED_EI","Median equivalised income","Below 70%","One adult","Percentage",26.5,
2021,"EL","PC","A1","B_70","MED_EI","Median equivalised income","Below 70%","One adult","Percentage",30.8,
2022,"EL","PC","A1","B_70","MED_EI","Median equivalised income","Below 70%","One adult","Percentage",30.3,
2023,"EL","PC","A1","B_70","MED_EI","Median equivalised income","Below 70%","One adult","Percentage",30.7,
2024,"EL","PC","A1","B_70","MED_EI","Median equivalised income","Below 70%","One adult","Percentage",32.1,
2025,"EL","PC","A1","B_70","MED_EI","Median equivalised income","Below 70%","One adult","Percentage",33.6,
2015,"EL","THS_PER","A1_DCH","B_70","MED_EI","Median equivalised income","Below 70%","One adult with dependent children","Thousand persons",73,
2016,"EL","THS_PER","A1_DCH","B_70","MED_EI","Median equivalised income","Below 70%","One adult with dependent children","Thousand persons",73,
2017,"EL","THS_PER","A1_DCH","B_70","MED_EI","Median equivalised income","Below 70%","One adult with dependent children","Thousand persons",67,
2018,"EL","THS_PER","A1_DCH","B_70","MED_EI","Median equivalised income","Below 70%","One adult with dependent children","Thousand persons",72,
2019,"EL","THS_PER","A1_DCH","B_70","MED_EI","Median equivalised income","Below 70%","One adult with dependent children","Thousand persons",55,
2020,"EL","THS_PER","A1_DCH","B_70","MED_EI","Median equivalised income","Below 70%","One adult with dependent children","Thousand persons",47,
2021,"EL","THS_PER","A1_DCH","B_70","MED_EI","Median equivalised income","Below 70%","One adult with dependent children","Thousand persons",66,
2022,"EL","THS_PER","A1_DCH","B_70","MED_EI","Median equivalised income","Below 70%","One adult with dependent children","Thousand persons",65,
2023,"EL","THS_PER","A1_DCH","B_70","MED_EI","Median equivalised income","Below 70%","One adult with dependent children","Thousand persons",92,
2024,"EL","THS_PER","A1_DCH","B_70","MED_EI","Median equivalised income","Below 70%","One adult with dependent children","Thousand persons",69,
2025,"EL","THS_PER","A1_DCH","B_70","MED_EI","Median equivalised income","Below 70%","One adult with dependent children","Thousand persons",67,
1995,"EL","PC","A1_DCH","B_70","MED_EI","Median equivalised income","Below 70%","One adult with dependent children","Percentage",45,
1996,"EL","PC","A1_DCH","B_70","MED_EI","Median equivalised income","Below 70%","One adult with dependent children","Percentage",34,
1997,"EL","PC","A1_DCH","B_70","MED_EI","Median equivalised income","Below 70%","One adult with dependent children","Percentage",35,
1998,"EL","PC","A1_DCH","B_70","MED_EI","Median equivalised income","Below 70%","One adult with dependent children","Percentage",21,
1999,"EL","PC","A1_DCH","B_70","MED_EI","Median equivalised income","Below 70%","One adult with dependent children","Percentage",35,"u"
2000,"EL","PC","A1_DCH","B_70","MED_EI","Median equivalised income","Below 70%","One adult with dependent children","Percentage",37,"u"
2001,"EL","PC","A1_DCH","B_70","MED_EI","Median equivalised income","Below 70%","One adult with dependent children","Percentage",38,
2003,"EL","PC","A1_DCH","B_70","MED_EI","Median equivalised income","Below 70%","One adult with dependent children","Percentage",42.8,"b"
2004,"EL","PC","A1_DCH","B_70","MED_EI","Median equivalised income","Below 70%","One adult with dependent children","Percentage",47.5,
2005,"EL","PC","A1_DCH","B_70","MED_EI","Median equivalised income","Below 70%","One adult with dependent children","Percentage",50.2,
2006,"EL","PC","A1_DCH","B_70","MED_EI","Median equivalised income","Below 70%","One adult with dependent children","Percentage",35.6,
2007,"EL","PC","A1_DCH","B_70","MED_EI","Median equivalised income","Below 70%","One adult with dependent children","Percentage",44.7,
2008,"EL","PC","A1_DCH","B_70","MED_EI","Median equivalised income","Below 70%","One adult with dependent children","Percentage",39.5,
2009,"EL","PC","A1_DCH","B_70","MED_EI","Median equivalised income","Below 70%","One adult with dependent children","Percentage",37.1,
2010,"EL","PC","A1_DCH","B_70","MED_EI","Median equivalised income","Below 70%","One adult with dependent children","Percentage",41,
2011,"EL","PC","A1_DCH","B_70","MED_EI","Median equivalised income","Below 70%","One adult with dependent children","Percentage",55.1,
2012,"EL","PC","A1_DCH","B_70","MED_EI","Median equivalised income","Below 70%","One adult with dependent children","Percentage",71.3,
2013,"EL","PC","A1_DCH","B_70","MED_EI","Median equivalised income","Below 70%","One adult with dependent children","Percentage",48.5,
2014,"EL","PC","A1_DCH","B_70","MED_EI","Median equivalised income","Below 70%","One adult with dependent children","Percentage",32.7,
2015,"EL","PC","A1_DCH","B_70","MED_EI","Median equivalised income","Below 70%","One adult with dependent children","Percentage",40.6,
2016,"EL","PC","A1_DCH","B_70","MED_EI","Median equivalised income","Below 70%","One adult with dependent children","Percentage",43.2,
2017,"EL","PC","A1_DCH","B_70","MED_EI","Median equivalised income","Below 70%","One adult with dependent children","Percentage",40,
2018,"EL","PC","A1_DCH","B_70","MED_EI","Median equivalised income","Below 70%","One adult with dependent children","Percentage",44.4,
2019,"EL","PC","A1_DCH","B_70","MED_EI","Median equivalised income","Below 70%","One adult with dependent children","Percentage",42.1,
2020,"EL","PC","A1_DCH","B_70","MED_EI","Median equivalised income","Below 70%","One adult with dependent children","Percentage",33.9,
2021,"EL","PC","A1_DCH","B_70","MED_EI","Median equivalised income","Below 70%","One adult with dependent children","Percentage",46.3,
2022,"EL","PC","A1_DCH","B_70","MED_EI","Median equivalised income","Below 70%","One adult with dependent children","Percentage",43.9,
2023,"EL","PC","A1_DCH","B_70","MED_EI","Median equivalised income","Below 70%","One adult with dependent children","Percentage",47.6,
2024,"EL","PC","A1_DCH","B_70","MED_EI","Median equivalised income","Below 70%","One adult with dependent children","Percentage",40.2,
2025,"EL","PC","A1_DCH","B_70","MED_EI","Median equivalised income","Below 70%","One adult with dependent children","Percentage",40.2,
2015,"EL","THS_PER","A2","B_70","MED_EI","Median equivalised income","Below 70%","Two adults","Thousand persons",436,
2016,"EL","THS_PER","A2","B_70","MED_EI","Median equivalised income","Below 70%","Two adults","Thousand persons",426,
2017,"EL","THS_PER","A2","B_70","MED_EI","Median equivalised income","Below 70%","Two adults","Thousand persons",432,
2018,"EL","THS_PER","A2","B_70","MED_EI","Median equivalised income","Below 70%","Two adults","Thousand persons",430,
2019,"EL","THS_PER","A2","B_70","MED_EI","Median equivalised income","Below 70%","Two adults","Thousand persons",431,
2020,"EL","THS_PER","A2","B_70","MED_EI","Median equivalised income","Below 70%","Two adults","Thousand persons",416,
2021,"EL","THS_PER","A2","B_70","MED_EI","Median equivalised income","Below 70%","Two adults","Thousand persons",469,
2022,"EL","THS_PER","A2","B_70","MED_EI","Median equivalised income","Below 70%","Two adults","Thousand persons",506,
2023,"EL","THS_PER","A2","B_70","MED_EI","Median equivalised income","Below 70%","Two adults","Thousand persons",487,
2024,"EL","THS_PER","A2","B_70","MED_EI","Median equivalised income","Below 70%","Two adults","Thousand persons",537,
2025,"EL","THS_PER","A2","B_70","MED_EI","Median equivalised income","Below 70%","Two adults","Thousand persons",557,
2003,"EL","PC","A2","B_70","MED_EI","Median equivalised income","Below 70%","Two adults","Percentage",31,"b"
2004,"EL","PC","A2","B_70","MED_EI","Median equivalised income","Below 70%","Two adults","Percentage",31.7,
2005,"EL","PC","A2","B_70","MED_EI","Median equivalised income","Below 70%","Two adults","Percentage",29.3,
2006,"EL","PC","A2","B_70","MED_EI","Median equivalised income","Below 70%","Two adults","Percentage",28.9,
2007,"EL","PC","A2","B_70","MED_EI","Median equivalised income","Below 70%","Two adults","Percentage",27.2,
2008,"EL","PC","A2","B_70","MED_EI","Median equivalised income","Below 70%","Two adults","Percentage",25.7,
2009,"EL","PC","A2","B_70","MED_EI","Median equivalised income","Below 70%","Two adults","Percentage",26.4,
2010,"EL","PC","A2","B_70","MED_EI","Median equivalised income","Below 70%","Two adults","Percentage",28.5,
2011,"EL","PC","A2","B_70","MED_EI","Median equivalised income","Below 70%","Two adults","Percentage",29.1,
2012,"EL","PC","A2","B_70","MED_EI","Median equivalised income","Below 70%","Two adults","Percentage",23.2,
2013,"EL","PC","A2","B_70","MED_EI","Median equivalised income","Below 70%","Two adults","Percentage",19.3,
2014,"EL","PC","A2","B_70","MED_EI","Median equivalised income","Below 70%","Two adults","Percentage",19.8,
2015,"EL","PC","A2","B_70","MED_EI","Median equivalised income","Below 70%","Two adults","Percentage",18.3,
2016,"EL","PC","A2","B_70","MED_EI","Median equivalised income","Below 70%","Two adults","Percentage",17.9,
2017,"EL","PC","A2","B_70","MED_EI","Median equivalised income","Below 70%","Two adults","Percentage",18.2,
2018,"EL","PC","A2","B_70","MED_EI","Median equivalised income","Below 70%","Two adults","Percentage",18.3,
2019,"EL","PC","A2","B_70","MED_EI","Median equivalised income","Below 70%","Two adults","Percentage",18.2,
2020,"EL","PC","A2","B_70","MED_EI","Median equivalised income","Below 70%","Two adults","Percentage",17.7,
2021,"EL","PC","A2","B_70","MED_EI","Median equivalised income","Below 70%","Two adults","Percentage",20,
2022,"EL","PC","A2","B_70","MED_EI","Median equivalised income","Below 70%","Two adults","Percentage",21.9,
2023,"EL","PC","A2","B_70","MED_EI","Median equivalised income","Below 70%","Two adults","Percentage",20.7,
2024,"EL","PC","A2","B_70","MED_EI","Median equivalised income","Below 70%","Two adults","Percentage",22.7,
2025,"EL","PC","A2","B_70","MED_EI","Median equivalised income","Below 70%","Two adults","Percentage",23.5,
2015,"EL","THS_PER","A2_DCH1","B_70","MED_EI","Median equivalised income","Below 70%","Two adults with one dependent child","Thousand persons",283,
2016,"EL","THS_PER","A2_DCH1","B_70","MED_EI","Median equivalised income","Below 70%","Two adults with one dependent child","Thousand persons",303,
2017,"EL","THS_PER","A2_DCH1","B_70","MED_EI","Median equivalised income","Below 70%","Two adults with one dependent child","Thousand persons",283,
2018,"EL","THS_PER","A2_DCH1","B_70","MED_EI","Median equivalised income","Below 70%","Two adults with one dependent child","Thousand persons",306,
2019,"EL","THS_PER","A2_DCH1","B_70","MED_EI","Median equivalised income","Below 70%","Two adults with one dependent child","Thousand persons",229,
2020,"EL","THS_PER","A2_DCH1","B_70","MED_EI","Median equivalised income","Below 70%","Two adults with one dependent child","Thousand persons",245,
2021,"EL","THS_PER","A2_DCH1","B_70","MED_EI","Median equivalised income","Below 70%","Two adults with one dependent child","Thousand persons",269,
2022,"EL","THS_PER","A2_DCH1","B_70","MED_EI","Median equivalised income","Below 70%","Two adults with one dependent child","Thousand persons",233,
2023,"EL","THS_PER","A2_DCH1","B_70","MED_EI","Median equivalised income","Below 70%","Two adults with one dependent child","Thousand persons",252,
2024,"EL","THS_PER","A2_DCH1","B_70","MED_EI","Median equivalised income","Below 70%","Two adults with one dependent child","Thousand persons",275,
2025,"EL","THS_PER","A2_DCH1","B_70","MED_EI","Median equivalised income","Below 70%","Two adults with one dependent child","Thousand persons",240,
1995,"EL","PC","A2_DCH1","B_70","MED_EI","Median equivalised income","Below 70%","Two adults with one dependent child","Percentage",16,
1996,"EL","PC","A2_DCH1","B_70","MED_EI","Median equivalised income","Below 70%","Two adults with one dependent child","Percentage",16,
1997,"EL","PC","A2_DCH1","B_70","MED_EI","Median equivalised income","Below 70%","Two adults with one dependent child","Percentage",20,
1998,"EL","PC","A2_DCH1","B_70","MED_EI","Median equivalised income","Below 70%","Two adults with one dependent child","Percentage",16,
1999,"EL","PC","A2_DCH1","B_70","MED_EI","Median equivalised income","Below 70%","Two adults with one dependent child","Percentage",14,
2000,"EL","PC","A2_DCH1","B_70","MED_EI","Median equivalised income","Below 70%","Two adults with one dependent child","Percentage",13,
2001,"EL","PC","A2_DCH1","B_70","MED_EI","Median equivalised income","Below 70%","Two adults with one dependent child","Percentage",13,
2003,"EL","PC","A2_DCH1","B_70","MED_EI","Median equivalised income","Below 70%","Two adults with one dependent child","Percentage",21,"b"
2004,"EL","PC","A2_DCH1","B_70","MED_EI","Median equivalised income","Below 70%","Two adults with one dependent child","Percentage",22.3,
2005,"EL","PC","A2_DCH1","B_70","MED_EI","Median equivalised income","Below 70%","Two adults with one dependent child","Percentage",19,
2006,"EL","PC","A2_DCH1","B_70","MED_EI","Median equivalised income","Below 70%","Two adults with one dependent child","Percentage",23.5,
2007,"EL","PC","A2_DCH1","B_70","MED_EI","Median equivalised income","Below 70%","Two adults with one dependent child","Percentage",26.2,
2008,"EL","PC","A2_DCH1","B_70","MED_EI","Median equivalised income","Below 70%","Two adults with one dependent child","Percentage",22.4,
2009,"EL","PC","A2_DCH1","B_70","MED_EI","Median equivalised income","Below 70%","Two adults with one dependent child","Percentage",28.4,
2010,"EL","PC","A2_DCH1","B_70","MED_EI","Median equivalised income","Below 70%","Two adults with one dependent child","Percentage",28.5,
2011,"EL","PC","A2_DCH1","B_70","MED_EI","Median equivalised income","Below 70%","Two adults with one dependent child","Percentage",22.8,
2012,"EL","PC","A2_DCH1","B_70","MED_EI","Median equivalised income","Below 70%","Two adults with one dependent child","Percentage",31.9,
2013,"EL","PC","A2_DCH1","B_70","MED_EI","Median equivalised income","Below 70%","Two adults with one dependent child","Percentage",27.4,
2014,"EL","PC","A2_DCH1","B_70","MED_EI","Median equivalised income","Below 70%","Two adults with one dependent child","Percentage",28.7,
2015,"EL","PC","A2_DCH1","B_70","MED_EI","Median equivalised income","Below 70%","Two adults with one dependent child","Percentage",24.9,
2016,"EL","PC","A2_DCH1","B_70","MED_EI","Median equivalised income","Below 70%","Two adults with one dependent child","Percentage",25.8,
2017,"EL","PC","A2_DCH1","B_70","MED_EI","Median equivalised income","Below 70%","Two adults with one dependent child","Percentage",24.4,
2018,"EL","PC","A2_DCH1","B_70","MED_EI","Median equivalised income","Below 70%","Two adults with one dependent child","Percentage",25.3,
2019,"EL","PC","A2_DCH1","B_70","MED_EI","Median equivalised income","Below 70%","Two adults with one dependent child","Percentage",20.3,
2020,"EL","PC","A2_DCH1","B_70","MED_EI","Median equivalised income","Below 70%","Two adults with one dependent child","Percentage",21.4,
2021,"EL","PC","A2_DCH1","B_70","MED_EI","Median equivalised income","Below 70%","Two adults with one dependent child","Percentage",23.7,
2022,"EL","PC","A2_DCH1","B_70","MED_EI","Median equivalised income","Below 70%","Two adults with one dependent child","Percentage",24.7,
2023,"EL","PC","A2_DCH1","B_70","MED_EI","Median equivalised income","Below 70%","Two adults with one dependent child","Percentage",21.9,
2024,"EL","PC","A2_DCH1","B_70","MED_EI","Median equivalised income","Below 70%","Two adults with one dependent child","Percentage",23.7,
2025,"EL","PC","A2_DCH1","B_70","MED_EI","Median equivalised income","Below 70%","Two adults with one dependent child","Percentage",20.4,
2015,"EL","THS_PER","A2_DCH2","B_70","MED_EI","Median equivalised income","Below 70%","Two adults with two dependent children","Thousand persons",604,
2016,"EL","THS_PER","A2_DCH2","B_70","MED_EI","Median equivalised income","Below 70%","Two adults with two dependent children","Thousand persons",559,
2017,"EL","THS_PER","A2_DCH2","B_70","MED_EI","Median equivalised income","Below 70%","Two adults with two dependent children","Thousand persons",503,
2018,"EL","THS_PER","A2_DCH2","B_70","MED_EI","Median equivalised income","Below 70%","Two adults with two dependent children","Thousand persons",511,
2019,"EL","THS_PER","A2_DCH2","B_70","MED_EI","Median equivalised income","Below 70%","Two adults with two dependent children","Thousand persons",441,
2020,"EL","THS_PER","A2_DCH2","B_70","MED_EI","Median equivalised income","Below 70%","Two adults with two dependent children","Thousand persons",504,
2021,"EL","THS_PER","A2_DCH2","B_70","MED_EI","Median equivalised income","Below 70%","Two adults with two dependent children","Thousand persons",463,
2022,"EL","THS_PER","A2_DCH2","B_70","MED_EI","Median equivalised income","Below 70%","Two adults with two dependent children","Thousand persons",433,
2023,"EL","THS_PER","A2_DCH2","B_70","MED_EI","Median equivalised income","Below 70%","Two adults with two dependent children","Thousand persons",387,
2024,"EL","THS_PER","A2_DCH2","B_70","MED_EI","Median equivalised income","Below 70%","Two adults with two dependent children","Thousand persons",389,
2025,"EL","THS_PER","A2_DCH2","B_70","MED_EI","Median equivalised income","Below 70%","Two adults with two dependent children","Thousand persons",382,
1995,"EL","PC","A2_DCH2","B_70","MED_EI","Median equivalised income","Below 70%","Two adults with two dependent children","Percentage",22,
1996,"EL","PC","A2_DCH2","B_70","MED_EI","Median equivalised income","Below 70%","Two adults with two dependent children","Percentage",23,
1997,"EL","PC","A2_DCH2","B_70","MED_EI","Median equivalised income","Below 70%","Two adults with two dependent children","Percentage",21,
1998,"EL","PC","A2_DCH2","B_70","MED_EI","Median equivalised income","Below 70%","Two adults with two dependent children","Percentage",20,
1999,"EL","PC","A2_DCH2","B_70","MED_EI","Median equivalised income","Below 70%","Two adults with two dependent children","Percentage",22,
2000,"EL","PC","A2_DCH2","B_70","MED_EI","Median equivalised income","Below 70%","Two adults with two dependent children","Percentage",22,
2001,"EL","PC","A2_DCH2","B_70","MED_EI","Median equivalised income","Below 70%","Two adults with two dependent children","Percentage",22,
2003,"EL","PC","A2_DCH2","B_70","MED_EI","Median equivalised income","Below 70%","Two adults with two dependent children","Percentage",25.4,"b"
2004,"EL","PC","A2_DCH2","B_70","MED_EI","Median equivalised income","Below 70%","Two adults with two dependent children","Percentage",26.4,
2005,"EL","PC","A2_DCH2","B_70","MED_EI","Median equivalised income","Below 70%","Two adults with two dependent children","Percentage",25.2,
2006,"EL","PC","A2_DCH2","B_70","MED_EI","Median equivalised income","Below 70%","Two adults with two dependent children","Percentage",27.6,
2007,"EL","PC","A2_DCH2","B_70","MED_EI","Median equivalised income","Below 70%","Two adults with two dependent children","Percentage",30.5,
2008,"EL","PC","A2_DCH2","B_70","MED_EI","Median equivalised income","Below 70%","Two adults with two dependent children","Percentage",28.9,
2009,"EL","PC","A2_DCH2","B_70","MED_EI","Median equivalised income","Below 70%","Two adults with two dependent children","Percentage",29,
2010,"EL","PC","A2_DCH2","B_70","MED_EI","Median equivalised income","Below 70%","Two adults with two dependent children","Percentage",27.7,
2011,"EL","PC","A2_DCH2","B_70","MED_EI","Median equivalised income","Below 70%","Two adults with two dependent children","Percentage",31.2,
2012,"EL","PC","A2_DCH2","B_70","MED_EI","Median equivalised income","Below 70%","Two adults with two dependent children","Percentage",33.7,
2013,"EL","PC","A2_DCH2","B_70","MED_EI","Median equivalised income","Below 70%","Two adults with two dependent children","Percentage",33.2,
2014,"EL","PC","A2_DCH2","B_70","MED_EI","Median equivalised income","Below 70%","Two adults with two dependent children","Percentage",29.1,
2015,"EL","PC","A2_DCH2","B_70","MED_EI","Median equivalised income","Below 70%","Two adults with two dependent children","Percentage",32.9,
2016,"EL","PC","A2_DCH2","B_70","MED_EI","Median equivalised income","Below 70%","Two adults with two dependent children","Percentage",30.8,
2017,"EL","PC","A2_DCH2","B_70","MED_EI","Median equivalised income","Below 70%","Two adults with two dependent children","Percentage",28.4,
2018,"EL","PC","A2_DCH2","B_70","MED_EI","Median equivalised income","Below 70%","Two adults with two dependent children","Percentage",29.4,
2019,"EL","PC","A2_DCH2","B_70","MED_EI","Median equivalised income","Below 70%","Two adults with two dependent children","Percentage",27.5,
2020,"EL","PC","A2_DCH2","B_70","MED_EI","Median equivalised income","Below 70%","Two adults with two dependent children","Percentage",29.6,
2021,"EL","PC","A2_DCH2","B_70","MED_EI","Median equivalised income","Below 70%","Two adults with two dependent children","Percentage",27.7,
2022,"EL","PC","A2_DCH2","B_70","MED_EI","Median equivalised income","Below 70%","Two adults with two dependent children","Percentage",26.4,
2023,"EL","PC","A2_DCH2","B_70","MED_EI","Median equivalised income","Below 70%","Two adults with two dependent children","Percentage",24.6,
2024,"EL","PC","A2_DCH2","B_70","MED_EI","Median equivalised income","Below 70%","Two adults with two dependent children","Percentage",25.1,
2025,"EL","PC","A2_DCH2","B_70","MED_EI","Median equivalised income","Below 70%","Two adults with two dependent children","Percentage",25.2,
2015,"EL","THS_PER","A2_DCH_GE3","B_70","MED_EI","Median equivalised income","Below 70%","Two adults with three or more dependent children","Thousand persons",262,
2016,"EL","THS_PER","A2_DCH_GE3","B_70","MED_EI","Median equivalised income","Below 70%","Two adults with three or more dependent children","Thousand persons",260,
2017,"EL","THS_PER","A2_DCH_GE3","B_70","MED_EI","Median equivalised income","Below 70%","Two adults with three or more dependent children","Thousand persons",219,
2018,"EL","THS_PER","A2_DCH_GE3","B_70","MED_EI","Median equivalised income","Below 70%","Two adults with three or more dependent children","Thousand persons",242,
2019,"EL","THS_PER","A2_DCH_GE3","B_70","MED_EI","Median equivalised income","Below 70%","Two adults with three or more dependent children","Thousand persons",320,
2020,"EL","THS_PER","A2_DCH_GE3","B_70","MED_EI","Median equivalised income","Below 70%","Two adults with three or more dependent children","Thousand persons",310,
2021,"EL","THS_PER","A2_DCH_GE3","B_70","MED_EI","Median equivalised income","Below 70%","Two adults with three or more dependent children","Thousand persons",409,
2022,"EL","THS_PER","A2_DCH_GE3","B_70","MED_EI","Median equivalised income","Below 70%","Two adults with three or more dependent children","Thousand persons",399,
2023,"EL","THS_PER","A2_DCH_GE3","B_70","MED_EI","Median equivalised income","Below 70%","Two adults with three or more dependent children","Thousand persons",325,
2024,"EL","THS_PER","A2_DCH_GE3","B_70","MED_EI","Median equivalised income","Below 70%","Two adults with three or more dependent children","Thousand persons",322,
2025,"EL","THS_PER","A2_DCH_GE3","B_70","MED_EI","Median equivalised income","Below 70%","Two adults with three or more dependent children","Thousand persons",366,
1995,"EL","PC","A2_DCH_GE3","B_70","MED_EI","Median equivalised income","Below 70%","Two adults with three or more dependent children","Percentage",31,
1996,"EL","PC","A2_DCH_GE3","B_70","MED_EI","Median equivalised income","Below 70%","Two adults with three or more dependent children","Percentage",27,
1997,"EL","PC","A2_DCH_GE3","B_70","MED_EI","Median equivalised income","Below 70%","Two adults with three or more dependent children","Percentage",33,
1998,"EL","PC","A2_DCH_GE3","B_70","MED_EI","Median equivalised income","Below 70%","Two adults with three or more dependent children","Percentage",35,
1999,"EL","PC","A2_DCH_GE3","B_70","MED_EI","Median equivalised income","Below 70%","Two adults with three or more dependent children","Percentage",35,
2000,"EL","PC","A2_DCH_GE3","B_70","MED_EI","Median equivalised income","Below 70%","Two adults with three or more dependent children","Percentage",39,
2001,"EL","PC","A2_DCH_GE3","B_70","MED_EI","Median equivalised income","Below 70%","Two adults with three or more dependent children","Percentage",38,
2003,"EL","PC","A2_DCH_GE3","B_70","MED_EI","Median equivalised income","Below 70%","Two adults with three or more dependent children","Percentage",46.1,"b"
2004,"EL","PC","A2_DCH_GE3","B_70","MED_EI","Median equivalised income","Below 70%","Two adults with three or more dependent children","Percentage",45.9,
2005,"EL","PC","A2_DCH_GE3","B_70","MED_EI","Median equivalised income","Below 70%","Two adults with three or more dependent children","Percentage",40.6,
2006,"EL","PC","A2_DCH_GE3","B_70","MED_EI","Median equivalised income","Below 70%","Two adults with three or more dependent children","Percentage",44.8,
2007,"EL","PC","A2_DCH_GE3","B_70","MED_EI","Median equivalised income","Below 70%","Two adults with three or more dependent children","Percentage",39.7,
2008,"EL","PC","A2_DCH_GE3","B_70","MED_EI","Median equivalised income","Below 70%","Two adults with three or more dependent children","Percentage",35.3,
2009,"EL","PC","A2_DCH_GE3","B_70","MED_EI","Median equivalised income","Below 70%","Two adults with three or more dependent children","Percentage",35.4,
2010,"EL","PC","A2_DCH_GE3","B_70","MED_EI","Median equivalised income","Below 70%","Two adults with three or more dependent children","Percentage",35.7,
2011,"EL","PC","A2_DCH_GE3","B_70","MED_EI","Median equivalised income","Below 70%","Two adults with three or more dependent children","Percentage",36.3,
2012,"EL","PC","A2_DCH_GE3","B_70","MED_EI","Median equivalised income","Below 70%","Two adults with three or more dependent children","Percentage",45.1,
2013,"EL","PC","A2_DCH_GE3","B_70","MED_EI","Median equivalised income","Below 70%","Two adults with three or more dependent children","Percentage",46.3,
2014,"EL","PC","A2_DCH_GE3","B_70","MED_EI","Median equivalised income","Below 70%","Two adults with three or more dependent children","Percentage",40.5,
2015,"EL","PC","A2_DCH_GE3","B_70","MED_EI","Median equivalised income","Below 70%","Two adults with three or more dependent children","Percentage",40.6,
2016,"EL","PC","A2_DCH_GE3","B_70","MED_EI","Median equivalised income","Below 70%","Two adults with three or more dependent children","Percentage",42.7,
2017,"EL","PC","A2_DCH_GE3","B_70","MED_EI","Median equivalised income","Below 70%","Two adults with three or more dependent children","Percentage",35.3,
2018,"EL","PC","A2_DCH_GE3","B_70","MED_EI","Median equivalised income","Below 70%","Two adults with three or more dependent children","Percentage",37.2,
2019,"EL","PC","A2_DCH_GE3","B_70","MED_EI","Median equivalised income","Below 70%","Two adults with three or more dependent children","Percentage",37.5,
2020,"EL","PC","A2_DCH_GE3","B_70","MED_EI","Median equivalised income","Below 70%","Two adults with three or more dependent children","Percentage",40.8,
2021,"EL","PC","A2_DCH_GE3","B_70","MED_EI","Median equivalised income","Below 70%","Two adults with three or more dependent children","Percentage",39.6,
2022,"EL","PC","A2_DCH_GE3","B_70","MED_EI","Median equivalised income","Below 70%","Two adults with three or more dependent children","Percentage",37.7,
2023,"EL","PC","A2_DCH_GE3","B_70","MED_EI","Median equivalised income","Below 70%","Two adults with three or more dependent children","Percentage",37.2,
2024,"EL","PC","A2_DCH_GE3","B_70","MED_EI","Median equivalised income","Below 70%","Two adults with three or more dependent children","Percentage",37,
2025,"EL","PC","A2_DCH_GE3","B_70","MED_EI","Median equivalised income","Below 70%","Two adults with three or more dependent children","Percentage",42.5,
2015,"EL","THS_PER","A_GE2_DCH","B_70","MED_EI","Median equivalised income","Below 70%","Two or more adults with dependent children","Thousand persons",1647,
2016,"EL","THS_PER","A_GE2_DCH","B_70","MED_EI","Median equivalised income","Below 70%","Two or more adults with dependent children","Thousand persons",1643,
2017,"EL","THS_PER","A_GE2_DCH","B_70","MED_EI","Median equivalised income","Below 70%","Two or more adults with dependent children","Thousand persons",1469,
2018,"EL","THS_PER","A_GE2_DCH","B_70","MED_EI","Median equivalised income","Below 70%","Two or more adults with dependent children","Thousand persons",1529,
2019,"EL","THS_PER","A_GE2_DCH","B_70","MED_EI","Median equivalised income","Below 70%","Two or more adults with dependent children","Thousand persons",1444,
2020,"EL","THS_PER","A_GE2_DCH","B_70","MED_EI","Median equivalised income","Below 70%","Two or more adults with dependent children","Thousand persons",1498,
2021,"EL","THS_PER","A_GE2_DCH","B_70","MED_EI","Median equivalised income","Below 70%","Two or more adults with dependent children","Thousand persons",1554,
2022,"EL","THS_PER","A_GE2_DCH","B_70","MED_EI","Median equivalised income","Below 70%","Two or more adults with dependent children","Thousand persons",1405,
2023,"EL","THS_PER","A_GE2_DCH","B_70","MED_EI","Median equivalised income","Below 70%","Two or more adults with dependent children","Thousand persons",1266,
2024,"EL","THS_PER","A_GE2_DCH","B_70","MED_EI","Median equivalised income","Below 70%","Two or more adults with dependent children","Thousand persons",1254,
2025,"EL","THS_PER","A_GE2_DCH","B_70","MED_EI","Median equivalised income","Below 70%","Two or more adults with dependent children","Thousand persons",1209,
2003,"EL","PC","A_GE2_DCH","B_70","MED_EI","Median equivalised income","Below 70%","Two or more adults with dependent children","Percentage",29.4,"b"
2004,"EL","PC","A_GE2_DCH","B_70","MED_EI","Median equivalised income","Below 70%","Two or more adults with dependent children","Percentage",27.4,
2005,"EL","PC","A_GE2_DCH","B_70","MED_EI","Median equivalised income","Below 70%","Two or more adults with dependent children","Percentage",26.3,
2006,"EL","PC","A_GE2_DCH","B_70","MED_EI","Median equivalised income","Below 70%","Two or more adults with dependent children","Percentage",29.6,
2007,"EL","PC","A_GE2_DCH","B_70","MED_EI","Median equivalised income","Below 70%","Two or more adults with dependent children","Percentage",30.7,
2008,"EL","PC","A_GE2_DCH","B_70","MED_EI","Median equivalised income","Below 70%","Two or more adults with dependent children","Percentage",29.2,
2009,"EL","PC","A_GE2_DCH","B_70","MED_EI","Median equivalised income","Below 70%","Two or more adults with dependent children","Percentage",28.2,
2010,"EL","PC","A_GE2_DCH","B_70","MED_EI","Median equivalised income","Below 70%","Two or more adults with dependent children","Percentage",29.8,
2011,"EL","PC","A_GE2_DCH","B_70","MED_EI","Median equivalised income","Below 70%","Two or more adults with dependent children","Percentage",29.6,
2012,"EL","PC","A_GE2_DCH","B_70","MED_EI","Median equivalised income","Below 70%","Two or more adults with dependent children","Percentage",34.7,
2013,"EL","PC","A_GE2_DCH","B_70","MED_EI","Median equivalised income","Below 70%","Two or more adults with dependent children","Percentage",38.9,
2014,"EL","PC","A_GE2_DCH","B_70","MED_EI","Median equivalised income","Below 70%","Two or more adults with dependent children","Percentage",33.2,
2015,"EL","PC","A_GE2_DCH","B_70","MED_EI","Median equivalised income","Below 70%","Two or more adults with dependent children","Percentage",33.6,
2016,"EL","PC","A_GE2_DCH","B_70","MED_EI","Median equivalised income","Below 70%","Two or more adults with dependent children","Percentage",33.9,
2017,"EL","PC","A_GE2_DCH","B_70","MED_EI","Median equivalised income","Below 70%","Two or more adults with dependent children","Percentage",30.5,
2018,"EL","PC","A_GE2_DCH","B_70","MED_EI","Median equivalised income","Below 70%","Two or more adults with dependent children","Percentage",31.7,
2019,"EL","PC","A_GE2_DCH","B_70","MED_EI","Median equivalised income","Below 70%","Two or more adults with dependent children","Percentage",29.8,
2020,"EL","PC","A_GE2_DCH","B_70","MED_EI","Median equivalised income","Below 70%","Two or more adults with dependent children","Percentage",30.9,
2021,"EL","PC","A_GE2_DCH","B_70","MED_EI","Median equivalised income","Below 70%","Two or more adults with dependent children","Percentage",31.2,
2022,"EL","PC","A_GE2_DCH","B_70","MED_EI","Median equivalised income","Below 70%","Two or more adults with dependent children","Percentage",29.6,
2023,"EL","PC","A_GE2_DCH","B_70","MED_EI","Median equivalised income","Below 70%","Two or more adults with dependent children","Percentage",27.8,
2024,"EL","PC","A_GE2_DCH","B_70","MED_EI","Median equivalised income","Below 70%","Two or more adults with dependent children","Percentage",27.7,
2025,"EL","PC","A_GE2_DCH","B_70","MED_EI","Median equivalised income","Below 70%","Two or more adults with dependent children","Percentage",26.8,
2015,"EL","THS_PER","A_GE2_NDCH","B_70","MED_EI","Median equivalised income","Below 70%","Two or more adults without dependent children","Thousand persons",948,
2016,"EL","THS_PER","A_GE2_NDCH","B_70","MED_EI","Median equivalised income","Below 70%","Two or more adults without dependent children","Thousand persons",967,
2017,"EL","THS_PER","A_GE2_NDCH","B_70","MED_EI","Median equivalised income","Below 70%","Two or more adults without dependent children","Thousand persons",968,
2018,"EL","THS_PER","A_GE2_NDCH","B_70","MED_EI","Median equivalised income","Below 70%","Two or more adults without dependent children","Thousand persons",875,
2019,"EL","THS_PER","A_GE2_NDCH","B_70","MED_EI","Median equivalised income","Below 70%","Two or more adults without dependent children","Thousand persons",859,
2020,"EL","THS_PER","A_GE2_NDCH","B_70","MED_EI","Median equivalised income","Below 70%","Two or more adults without dependent children","Thousand persons",865,
2021,"EL","THS_PER","A_GE2_NDCH","B_70","MED_EI","Median equivalised income","Below 70%","Two or more adults without dependent children","Thousand persons",848,
2022,"EL","THS_PER","A_GE2_NDCH","B_70","MED_EI","Median equivalised income","Below 70%","Two or more adults without dependent children","Thousand persons",909,
2023,"EL","THS_PER","A_GE2_NDCH","B_70","MED_EI","Median equivalised income","Below 70%","Two or more adults without dependent children","Thousand persons",772,
2024,"EL","THS_PER","A_GE2_NDCH","B_70","MED_EI","Median equivalised income","Below 70%","Two or more adults without dependent children","Thousand persons",843,
2025,"EL","THS_PER","A_GE2_NDCH","B_70","MED_EI","Median equivalised income","Below 70%","Two or more adults without dependent children","Thousand persons",814,
2003,"EL","PC","A_GE2_NDCH","B_70","MED_EI","Median equivalised income","Below 70%","Two or more adults without dependent children","Percentage",25.6,"b"
2004,"EL","PC","A_GE2_NDCH","B_70","MED_EI","Median equivalised income","Below 70%","Two or more adults without dependent children","Percentage",25.3,
2005,"EL","PC","A_GE2_NDCH","B_70","MED_EI","Median equivalised income","Below 70%","Two or more adults without dependent children","Percentage",23.3,
2006,"EL","PC","A_GE2_NDCH","B_70","MED_EI","Median equivalised income","Below 70%","Two or more adults without dependent children","Percentage",25.3,
2007,"EL","PC","A_GE2_NDCH","B_70","MED_EI","Median equivalised income","Below 70%","Two or more adults without dependent children","Percentage",23.6,
2008,"EL","PC","A_GE2_NDCH","B_70","MED_EI","Median equivalised income","Below 70%","Two or more adults without dependent children","Percentage",23.5,
2009,"EL","PC","A_GE2_NDCH","B_70","MED_EI","Median equivalised income","Below 70%","Two or more adults without dependent children","Percentage",20.9,
2010,"EL","PC","A_GE2_NDCH","B_70","MED_EI","Median equivalised income","Below 70%","Two or more adults without dependent children","Percentage",22.7,
2011,"EL","PC","A_GE2_NDCH","B_70","MED_EI","Median equivalised income","Below 70%","Two or more adults without dependent children","Percentage",25.4,
2012,"EL","PC","A_GE2_NDCH","B_70","MED_EI","Median equivalised income","Below 70%","Two or more adults without dependent children","Percentage",25.2,
2013,"EL","PC","A_GE2_NDCH","B_70","MED_EI","Median equivalised income","Below 70%","Two or more adults without dependent children","Percentage",23.6,
2014,"EL","PC","A_GE2_NDCH","B_70","MED_EI","Median equivalised income","Below 70%","Two or more adults without dependent children","Percentage",24,
2015,"EL","PC","A_GE2_NDCH","B_70","MED_EI","Median equivalised income","Below 70%","Two or more adults without dependent children","Percentage",20.9,
2016,"EL","PC","A_GE2_NDCH","B_70","MED_EI","Median equivalised income","Below 70%","Two or more adults without dependent children","Percentage",21.3,
2017,"EL","PC","A_GE2_NDCH","B_70","MED_EI","Median equivalised income","Below 70%","Two or more adults without dependent children","Percentage",21.2,
2018,"EL","PC","A_GE2_NDCH","B_70","MED_EI","Median equivalised income","Below 70%","Two or more adults without dependent children","Percentage",19.7,
2019,"EL","PC","A_GE2_NDCH","B_70","MED_EI","Median equivalised income","Below 70%","Two or more adults without dependent children","Percentage",19.3,
2020,"EL","PC","A_GE2_NDCH","B_70","MED_EI","Median equivalised income","Below 70%","Two or more adults without dependent children","Percentage",19.4,
2021,"EL","PC","A_GE2_NDCH","B_70","MED_EI","Median equivalised income","Below 70%","Two or more adults without dependent children","Percentage",19.8,
2022,"EL","PC","A_GE2_NDCH","B_70","MED_EI","Median equivalised income","Below 70%","Two or more adults without dependent children","Percentage",20.7,
2023,"EL","PC","A_GE2_NDCH","B_70","MED_EI","Median equivalised income","Below 70%","Two or more adults without dependent children","Percentage",19,
2024,"EL","PC","A_GE2_NDCH","B_70","MED_EI","Median equivalised income","Below 70%","Two or more adults without dependent children","Percentage",20.8,
2025,"EL","PC","A_GE2_NDCH","B_70","MED_EI","Median equivalised income","Below 70%","Two or more adults without dependent children","Percentage",20,
2015,"EL","THS_PER","A_GE3","B_70","MED_EI","Median equivalised income","Below 70%","Three or more adults","Thousand persons",512,
2016,"EL","THS_PER","A_GE3","B_70","MED_EI","Median equivalised income","Below 70%","Three or more adults","Thousand persons",540,
2017,"EL","THS_PER","A_GE3","B_70","MED_EI","Median equivalised income","Below 70%","Three or more adults","Thousand persons",536,
2018,"EL","THS_PER","A_GE3","B_70","MED_EI","Median equivalised income","Below 70%","Three or more adults","Thousand persons",445,
2019,"EL","THS_PER","A_GE3","B_70","MED_EI","Median equivalised income","Below 70%","Three or more adults","Thousand persons",428,
2020,"EL","THS_PER","A_GE3","B_70","MED_EI","Median equivalised income","Below 70%","Three or more adults","Thousand persons",450,
2021,"EL","THS_PER","A_GE3","B_70","MED_EI","Median equivalised income","Below 70%","Three or more adults","Thousand persons",379,
2022,"EL","THS_PER","A_GE3","B_70","MED_EI","Median equivalised income","Below 70%","Three or more adults","Thousand persons",403,
2023,"EL","THS_PER","A_GE3","B_70","MED_EI","Median equivalised income","Below 70%","Three or more adults","Thousand persons",285,
2024,"EL","THS_PER","A_GE3","B_70","MED_EI","Median equivalised income","Below 70%","Three or more adults","Thousand persons",306,
2025,"EL","THS_PER","A_GE3","B_70","MED_EI","Median equivalised income","Below 70%","Three or more adults","Thousand persons",257,
1995,"EL","PC","A_GE3","B_70","MED_EI","Median equivalised income","Below 70%","Three or more adults","Percentage",24,
1996,"EL","PC","A_GE3","B_70","MED_EI","Median equivalised income","Below 70%","Three or more adults","Percentage",21,
1997,"EL","PC","A_GE3","B_70","MED_EI","Median equivalised income","Below 70%","Three or more adults","Percentage",24,
1998,"EL","PC","A_GE3","B_70","MED_EI","Median equivalised income","Below 70%","Three or more adults","Percentage",22,
1999,"EL","PC","A_GE3","B_70","MED_EI","Median equivalised income","Below 70%","Three or more adults","Percentage",25,
2000,"EL","PC","A_GE3","B_70","MED_EI","Median equivalised income","Below 70%","Three or more adults","Percentage",22,
2001,"EL","PC","A_GE3","B_70","MED_EI","Median equivalised income","Below 70%","Three or more adults","Percentage",22,
2003,"EL","PC","A_GE3","B_70","MED_EI","Median equivalised income","Below 70%","Three or more adults","Percentage",20.5,"b"
2004,"EL","PC","A_GE3","B_70","MED_EI","Median equivalised income","Below 70%","Three or more adults","Percentage",19.4,
2005,"EL","PC","A_GE3","B_70","MED_EI","Median equivalised income","Below 70%","Three or more adults","Percentage",17.7,
2006,"EL","PC","A_GE3","B_70","MED_EI","Median equivalised income","Below 70%","Three or more adults","Percentage",22.1,
2007,"EL","PC","A_GE3","B_70","MED_EI","Median equivalised income","Below 70%","Three or more adults","Percentage",20.5,
2008,"EL","PC","A_GE3","B_70","MED_EI","Median equivalised income","Below 70%","Three or more adults","Percentage",21.6,
2009,"EL","PC","A_GE3","B_70","MED_EI","Median equivalised income","Below 70%","Three or more adults","Percentage",16.1,
2010,"EL","PC","A_GE3","B_70","MED_EI","Median equivalised income","Below 70%","Three or more adults","Percentage",17.7,
2011,"EL","PC","A_GE3","B_70","MED_EI","Median equivalised income","Below 70%","Three or more adults","Percentage",22.1,
2012,"EL","PC","A_GE3","B_70","MED_EI","Median equivalised income","Below 70%","Three or more adults","Percentage",26.9,
2013,"EL","PC","A_GE3","B_70","MED_EI","Median equivalised income","Below 70%","Three or more adults","Percentage",28.2,
2014,"EL","PC","A_GE3","B_70","MED_EI","Median equivalised income","Below 70%","Three or more adults","Percentage",28.8,
2015,"EL","PC","A_GE3","B_70","MED_EI","Median equivalised income","Below 70%","Three or more adults","Percentage",23.9,
2016,"EL","PC","A_GE3","B_70","MED_EI","Median equivalised income","Below 70%","Three or more adults","Percentage",25,
2017,"EL","PC","A_GE3","B_70","MED_EI","Median equivalised income","Below 70%","Three or more adults","Percentage",24.5,
2018,"EL","PC","A_GE3","B_70","MED_EI","Median equivalised income","Below 70%","Three or more adults","Percentage",21.2,
2019,"EL","PC","A_GE3","B_70","MED_EI","Median equivalised income","Below 70%","Three or more adults","Percentage",20.5,
2020,"EL","PC","A_GE3","B_70","MED_EI","Median equivalised income","Below 70%","Three or more adults","Percentage",21.3,
2021,"EL","PC","A_GE3","B_70","MED_EI","Median equivalised income","Below 70%","Three or more adults","Percentage",19.4,
2022,"EL","PC","A_GE3","B_70","MED_EI","Median equivalised income","Below 70%","Three or more adults","Percentage",19.4,
2023,"EL","PC","A_GE3","B_70","MED_EI","Median equivalised income","Below 70%","Three or more adults","Percentage",16.6,
2024,"EL","PC","A_GE3","B_70","MED_EI","Median equivalised income","Below 70%","Three or more adults","Percentage",18,
2025,"EL","PC","A_GE3","B_70","MED_EI","Median equivalised income","Below 70%","Three or more adults","Percentage",15.1,
2015,"EL","THS_PER","A_GE3_DCH","B_70","MED_EI","Median equivalised income","Below 70%","Three or more adults with dependent children","Thousand persons",499,
2016,"EL","THS_PER","A_GE3_DCH","B_70","MED_EI","Median equivalised income","Below 70%","Three or more adults with dependent children","Thousand persons",521,
2017,"EL","THS_PER","A_GE3_DCH","B_70","MED_EI","Median equivalised income","Below 70%","Three or more adults with dependent children","Thousand persons",463,
2018,"EL","THS_PER","A_GE3_DCH","B_70","MED_EI","Median equivalised income","Below 70%","Three or more adults with dependent children","Thousand persons",470,
2019,"EL","THS_PER","A_GE3_DCH","B_70","MED_EI","Median equivalised income","Below 70%","Three or more adults with dependent children","Thousand persons",453,
2020,"EL","THS_PER","A_GE3_DCH","B_70","MED_EI","Median equivalised income","Below 70%","Three or more adults with dependent children","Thousand persons",439,
2021,"EL","THS_PER","A_GE3_DCH","B_70","MED_EI","Median equivalised income","Below 70%","Three or more adults with dependent children","Thousand persons",414,
2022,"EL","THS_PER","A_GE3_DCH","B_70","MED_EI","Median equivalised income","Below 70%","Three or more adults with dependent children","Thousand persons",340,
2023,"EL","THS_PER","A_GE3_DCH","B_70","MED_EI","Median equivalised income","Below 70%","Three or more adults with dependent children","Thousand persons",303,
2024,"EL","THS_PER","A_GE3_DCH","B_70","MED_EI","Median equivalised income","Below 70%","Three or more adults with dependent children","Thousand persons",268,
2025,"EL","THS_PER","A_GE3_DCH","B_70","MED_EI","Median equivalised income","Below 70%","Three or more adults with dependent children","Thousand persons",221,
1995,"EL","PC","A_GE3_DCH","B_70","MED_EI","Median equivalised income","Below 70%","Three or more adults with dependent children","Percentage",33,
1996,"EL","PC","A_GE3_DCH","B_70","MED_EI","Median equivalised income","Below 70%","Three or more adults with dependent children","Percentage",38,
1997,"EL","PC","A_GE3_DCH","B_70","MED_EI","Median equivalised income","Below 70%","Three or more adults with dependent children","Percentage",35,
1998,"EL","PC","A_GE3_DCH","B_70","MED_EI","Median equivalised income","Below 70%","Three or more adults with dependent children","Percentage",35,
1999,"EL","PC","A_GE3_DCH","B_70","MED_EI","Median equivalised income","Below 70%","Three or more adults with dependent children","Percentage",33,
2000,"EL","PC","A_GE3_DCH","B_70","MED_EI","Median equivalised income","Below 70%","Three or more adults with dependent children","Percentage",32,
2001,"EL","PC","A_GE3_DCH","B_70","MED_EI","Median equivalised income","Below 70%","Three or more adults with dependent children","Percentage",35,
2003,"EL","PC","A_GE3_DCH","B_70","MED_EI","Median equivalised income","Below 70%","Three or more adults with dependent children","Percentage",37.9,"b"
2004,"EL","PC","A_GE3_DCH","B_70","MED_EI","Median equivalised income","Below 70%","Three or more adults with dependent children","Percentage",34.4,
2005,"EL","PC","A_GE3_DCH","B_70","MED_EI","Median equivalised income","Below 70%","Three or more adults with dependent children","Percentage",35.6,
2006,"EL","PC","A_GE3_DCH","B_70","MED_EI","Median equivalised income","Below 70%","Three or more adults with dependent children","Percentage",36.8,
2007,"EL","PC","A_GE3_DCH","B_70","MED_EI","Median equivalised income","Below 70%","Three or more adults with dependent children","Percentage",32.7,
2008,"EL","PC","A_GE3_DCH","B_70","MED_EI","Median equivalised income","Below 70%","Three or more adults with dependent children","Percentage",35,
2009,"EL","PC","A_GE3_DCH","B_70","MED_EI","Median equivalised income","Below 70%","Three or more adults with dependent children","Percentage",23.7,
2010,"EL","PC","A_GE3_DCH","B_70","MED_EI","Median equivalised income","Below 70%","Three or more adults with dependent children","Percentage",35.6,
2011,"EL","PC","A_GE3_DCH","B_70","MED_EI","Median equivalised income","Below 70%","Three or more adults with dependent children","Percentage",31.3,
2012,"EL","PC","A_GE3_DCH","B_70","MED_EI","Median equivalised income","Below 70%","Three or more adults with dependent children","Percentage",40.6,
2013,"EL","PC","A_GE3_DCH","B_70","MED_EI","Median equivalised income","Below 70%","Three or more adults with dependent children","Percentage",51.1,
2014,"EL","PC","A_GE3_DCH","B_70","MED_EI","Median equivalised income","Below 70%","Three or more adults with dependent children","Percentage",41.6,
2015,"EL","PC","A_GE3_DCH","B_70","MED_EI","Median equivalised income","Below 70%","Three or more adults with dependent children","Percentage",38.8,
2016,"EL","PC","A_GE3_DCH","B_70","MED_EI","Median equivalised income","Below 70%","Three or more adults with dependent children","Percentage",41.9,
2017,"EL","PC","A_GE3_DCH","B_70","MED_EI","Median equivalised income","Below 70%","Three or more adults with dependent children","Percentage",36.9,
2018,"EL","PC","A_GE3_DCH","B_70","MED_EI","Median equivalised income","Below 70%","Three or more adults with dependent children","Percentage",38.2,
2019,"EL","PC","A_GE3_DCH","B_70","MED_EI","Median equivalised income","Below 70%","Three or more adults with dependent children","Percentage",35.8,
2020,"EL","PC","A_GE3_DCH","B_70","MED_EI","Median equivalised income","Below 70%","Three or more adults with dependent children","Percentage",35.3,
2021,"EL","PC","A_GE3_DCH","B_70","MED_EI","Median equivalised income","Below 70%","Three or more adults with dependent children","Percentage",36.2,
2022,"EL","PC","A_GE3_DCH","B_70","MED_EI","Median equivalised income","Below 70%","Three or more adults with dependent children","Percentage",31,
2023,"EL","PC","A_GE3_DCH","B_70","MED_EI","Median equivalised income","Below 70%","Three or more adults with dependent children","Percentage",31.6,
2024,"EL","PC","A_GE3_DCH","B_70","MED_EI","Median equivalised income","Below 70%","Three or more adults with dependent children","Percentage",28.5,
2025,"EL","PC","A_GE3_DCH","B_70","MED_EI","Median equivalised income","Below 70%","Three or more adults with dependent children","Percentage",22.9,
2015,"EL","THS_PER","DCH","B_70","MED_EI","Median equivalised income","Below 70%","Household with dependent children","Thousand persons",1720,
2016,"EL","THS_PER","DCH","B_70","MED_EI","Median equivalised income","Below 70%","Household with dependent children","Thousand persons",1717,
2017,"EL","THS_PER","DCH","B_70","MED_EI","Median equivalised income","Below 70%","Household with dependent children","Thousand persons",1536,
2018,"EL","THS_PER","DCH","B_70","MED_EI","Median equivalised income","Below 70%","Household with dependent children","Thousand persons",1601,
2019,"EL","THS_PER","DCH","B_70","MED_EI","Median equivalised income","Below 70%","Household with dependent children","Thousand persons",1499,
2020,"EL","THS_PER","DCH","B_70","MED_EI","Median equivalised income","Below 70%","Household with dependent children","Thousand persons",1545,
2021,"EL","THS_PER","DCH","B_70","MED_EI","Median equivalised income","Below 70%","Household with dependent children","Thousand persons",1621,
2022,"EL","THS_PER","DCH","B_70","MED_EI","Median equivalised income","Below 70%","Household with dependent children","Thousand persons",1470,
2023,"EL","THS_PER","DCH","B_70","MED_EI","Median equivalised income","Below 70%","Household with dependent children","Thousand persons",1358,
2024,"EL","THS_PER","DCH","B_70","MED_EI","Median equivalised income","Below 70%","Household with dependent children","Thousand persons",1322,
2025,"EL","THS_PER","DCH","B_70","MED_EI","Median equivalised income","Below 70%","Household with dependent children","Thousand persons",1277,
1995,"EL","PC","DCH","B_70","MED_EI","Median equivalised income","Below 70%","Household with dependent children","Percentage",26,
1996,"EL","PC","DCH","B_70","MED_EI","Median equivalised income","Below 70%","Household with dependent children","Percentage",27,
1997,"EL","PC","DCH","B_70","MED_EI","Median equivalised income","Below 70%","Household with dependent children","Percentage",26,
1998,"EL","PC","DCH","B_70","MED_EI","Median equivalised income","Below 70%","Household with dependent children","Percentage",26,
1999,"EL","PC","DCH","B_70","MED_EI","Median equivalised income","Below 70%","Household with dependent children","Percentage",25,
2000,"EL","PC","DCH","B_70","MED_EI","Median equivalised income","Below 70%","Household with dependent children","Percentage",25,
2001,"EL","PC","DCH","B_70","MED_EI","Median equivalised income","Below 70%","Household with dependent children","Percentage",26,
2003,"EL","PC","DCH","B_70","MED_EI","Median equivalised income","Below 70%","Household with dependent children","Percentage",29.7,"b"
2004,"EL","PC","DCH","B_70","MED_EI","Median equivalised income","Below 70%","Household with dependent children","Percentage",28.1,
2005,"EL","PC","DCH","B_70","MED_EI","Median equivalised income","Below 70%","Household with dependent children","Percentage",27.2,
2006,"EL","PC","DCH","B_70","MED_EI","Median equivalised income","Below 70%","Household with dependent children","Percentage",29.8,
2007,"EL","PC","DCH","B_70","MED_EI","Median equivalised income","Below 70%","Household with dependent children","Percentage",31.2,
2008,"EL","PC","DCH","B_70","MED_EI","Median equivalised income","Below 70%","Household with dependent children","Percentage",29.4,
2009,"EL","PC","DCH","B_70","MED_EI","Median equivalised income","Below 70%","Household with dependent children","Percentage",28.4,
2010,"EL","PC","DCH","B_70","MED_EI","Median equivalised income","Below 70%","Household with dependent children","Percentage",30.1,
2011,"EL","PC","DCH","B_70","MED_EI","Median equivalised income","Below 70%","Household with dependent children","Percentage",30.3,
2012,"EL","PC","DCH","B_70","MED_EI","Median equivalised income","Below 70%","Household with dependent children","Percentage",35.8,
2013,"EL","PC","DCH","B_70","MED_EI","Median equivalised income","Below 70%","Household with dependent children","Percentage",39.2,
2014,"EL","PC","DCH","B_70","MED_EI","Median equivalised income","Below 70%","Household with dependent children","Percentage",33.2,
2015,"EL","PC","DCH","B_70","MED_EI","Median equivalised income","Below 70%","Household with dependent children","Percentage",33.8,
2016,"EL","PC","DCH","B_70","MED_EI","Median equivalised income","Below 70%","Household with dependent children","Percentage",34.2,
2017,"EL","PC","DCH","B_70","MED_EI","Median equivalised income","Below 70%","Household with dependent children","Percentage",30.9,
2018,"EL","PC","DCH","B_70","MED_EI","Median equivalised income","Below 70%","Household with dependent children","Percentage",32.1,
2019,"EL","PC","DCH","B_70","MED_EI","Median equivalised income","Below 70%","Household with dependent children","Percentage",30.1,
2020,"EL","PC","DCH","B_70","MED_EI","Median equivalised income","Below 70%","Household with dependent children","Percentage",31,
2021,"EL","PC","DCH","B_70","MED_EI","Median equivalised income","Below 70%","Household with dependent children","Percentage",31.6,
2022,"EL","PC","DCH","B_70","MED_EI","Median equivalised income","Below 70%","Household with dependent children","Percentage",30.1,
2023,"EL","PC","DCH","B_70","MED_EI","Median equivalised income","Below 70%","Household with dependent children","Percentage",28.6,
2024,"EL","PC","DCH","B_70","MED_EI","Median equivalised income","Below 70%","Household with dependent children","Percentage",28.2,
2025,"EL","PC","DCH","B_70","MED_EI","Median equivalised income","Below 70%","Household with dependent children","Percentage",27.2,
2015,"EL","THS_PER","NDCH","B_70","MED_EI","Median equivalised income","Below 70%","Household without dependent children","Thousand persons",1258,
2016,"EL","THS_PER","NDCH","B_70","MED_EI","Median equivalised income","Below 70%","Household without dependent children","Thousand persons",1267,
2017,"EL","THS_PER","NDCH","B_70","MED_EI","Median equivalised income","Below 70%","Household without dependent children","Thousand persons",1262,
2018,"EL","THS_PER","NDCH","B_70","MED_EI","Median equivalised income","Below 70%","Household without dependent children","Thousand persons",1154,
2019,"EL","THS_PER","NDCH","B_70","MED_EI","Median equivalised income","Below 70%","Household without dependent children","Thousand persons",1143,
2020,"EL","THS_PER","NDCH","B_70","MED_EI","Median equivalised income","Below 70%","Household without dependent children","Thousand persons",1145,
2021,"EL","THS_PER","NDCH","B_70","MED_EI","Median equivalised income","Below 70%","Household without dependent children","Thousand persons",1173,
2022,"EL","THS_PER","NDCH","B_70","MED_EI","Median equivalised income","Below 70%","Household without dependent children","Thousand persons",1224,
2023,"EL","THS_PER","NDCH","B_70","MED_EI","Median equivalised income","Below 70%","Household without dependent children","Thousand persons",1199,
2024,"EL","THS_PER","NDCH","B_70","MED_EI","Median equivalised income","Below 70%","Household without dependent children","Thousand persons",1289,
2025,"EL","THS_PER","NDCH","B_70","MED_EI","Median equivalised income","Below 70%","Household without dependent children","Thousand persons",1279,
1995,"EL","PC","NDCH","B_70","MED_EI","Median equivalised income","Below 70%","Household without dependent children","Percentage",33,
1996,"EL","PC","NDCH","B_70","MED_EI","Median equivalised income","Below 70%","Household without dependent children","Percentage",29,
1997,"EL","PC","NDCH","B_70","MED_EI","Median equivalised income","Below 70%","Household without dependent children","Percentage",31,
1998,"EL","PC","NDCH","B_70","MED_EI","Median equivalised income","Below 70%","Household without dependent children","Percentage",31,
1999,"EL","PC","NDCH","B_70","MED_EI","Median equivalised income","Below 70%","Household without dependent children","Percentage",31,
2000,"EL","PC","NDCH","B_70","MED_EI","Median equivalised income","Below 70%","Household without dependent children","Percentage",30,
2001,"EL","PC","NDCH","B_70","MED_EI","Median equivalised income","Below 70%","Household without dependent children","Percentage",31,
2003,"EL","PC","NDCH","B_70","MED_EI","Median equivalised income","Below 70%","Household without dependent children","Percentage",27,"b"
2004,"EL","PC","NDCH","B_70","MED_EI","Median equivalised income","Below 70%","Household without dependent children","Percentage",27,
2005,"EL","PC","NDCH","B_70","MED_EI","Median equivalised income","Below 70%","Household without dependent children","Percentage",24.9,
2006,"EL","PC","NDCH","B_70","MED_EI","Median equivalised income","Below 70%","Household without dependent children","Percentage",26.4,
2007,"EL","PC","NDCH","B_70","MED_EI","Median equivalised income","Below 70%","Household without dependent children","Percentage",25.2,
2008,"EL","PC","NDCH","B_70","MED_EI","Median equivalised income","Below 70%","Household without dependent children","Percentage",24.6,
2009,"EL","PC","NDCH","B_70","MED_EI","Median equivalised income","Below 70%","Household without dependent children","Percentage",22.7,
2010,"EL","PC","NDCH","B_70","MED_EI","Median equivalised income","Below 70%","Household without dependent children","Percentage",24.6,
2011,"EL","PC","NDCH","B_70","MED_EI","Median equivalised income","Below 70%","Household without dependent children","Percentage",27,
2012,"EL","PC","NDCH","B_70","MED_EI","Median equivalised income","Below 70%","Household without dependent children","Percentage",25.7,
2013,"EL","PC","NDCH","B_70","MED_EI","Median equivalised income","Below 70%","Household without dependent children","Percentage",24.3,
2014,"EL","PC","NDCH","B_70","MED_EI","Median equivalised income","Below 70%","Household without dependent children","Percentage",24.8,
2015,"EL","PC","NDCH","B_70","MED_EI","Median equivalised income","Below 70%","Household without dependent children","Percentage",22.4,
2016,"EL","PC","NDCH","B_70","MED_EI","Median equivalised income","Below 70%","Household without dependent children","Percentage",22.6,
2017,"EL","PC","NDCH","B_70","MED_EI","Median equivalised income","Below 70%","Household without dependent children","Percentage",22.4,
2018,"EL","PC","NDCH","B_70","MED_EI","Median equivalised income","Below 70%","Household without dependent children","Percentage",20.9,
2019,"EL","PC","NDCH","B_70","MED_EI","Median equivalised income","Below 70%","Household without dependent children","Percentage",20.7,
2020,"EL","PC","NDCH","B_70","MED_EI","Median equivalised income","Below 70%","Household without dependent children","Percentage",20.8,
2021,"EL","PC","NDCH","B_70","MED_EI","Median equivalised income","Below 70%","Household without dependent children","Percentage",21.9,
2022,"EL","PC","NDCH","B_70","MED_EI","Median equivalised income","Below 70%","Household without dependent children","Percentage",22.5,
2023,"EL","PC","NDCH","B_70","MED_EI","Median equivalised income","Below 70%","Household without dependent children","Percentage",22,
2024,"EL","PC","NDCH","B_70","MED_EI","Median equivalised income","Below 70%","Household without dependent children","Percentage",23.6,
2025,"EL","PC","NDCH","B_70","MED_EI","Median equivalised income","Below 70%","Household without dependent children","Percentage",23.5,
1995,"EL","PC","A1_LT64","B_70","MED_EI","Median equivalised income","Below 70%","One adult younger than 64 years","Percentage",27,
1996,"EL","PC","A1_LT64","B_70","MED_EI","Median equivalised income","Below 70%","One adult younger than 64 years","Percentage",22,
1997,"EL","PC","A1_LT64","B_70","MED_EI","Median equivalised income","Below 70%","One adult younger than 64 years","Percentage",25,
1998,"EL","PC","A1_LT64","B_70","MED_EI","Median equivalised income","Below 70%","One adult younger than 64 years","Percentage",27,
1999,"EL","PC","A1_LT64","B_70","MED_EI","Median equivalised income","Below 70%","One adult younger than 64 years","Percentage",25,
2000,"EL","PC","A1_LT64","B_70","MED_EI","Median equivalised income","Below 70%","One adult younger than 64 years","Percentage",25,
2001,"EL","PC","A1_LT64","B_70","MED_EI","Median equivalised income","Below 70%","One adult younger than 64 years","Percentage",23,
2015,"EL","THS_PER","A1_LT65","B_70","MED_EI","Median equivalised income","Below 70%","One adult younger than 65 years","Thousand persons",171,
2016,"EL","THS_PER","A1_LT65","B_70","MED_EI","Median equivalised income","Below 70%","One adult younger than 65 years","Thousand persons",153,
2017,"EL","THS_PER","A1_LT65","B_70","MED_EI","Median equivalised income","Below 70%","One adult younger than 65 years","Thousand persons",140,
2018,"EL","THS_PER","A1_LT65","B_70","MED_EI","Median equivalised income","Below 70%","One adult younger than 65 years","Thousand persons",134,
2019,"EL","THS_PER","A1_LT65","B_70","MED_EI","Median equivalised income","Below 70%","One adult younger than 65 years","Thousand persons",133,
2020,"EL","THS_PER","A1_LT65","B_70","MED_EI","Median equivalised income","Below 70%","One adult younger than 65 years","Thousand persons",129,
2021,"EL","THS_PER","A1_LT65","B_70","MED_EI","Median equivalised income","Below 70%","One adult younger than 65 years","Thousand persons",143,
2022,"EL","THS_PER","A1_LT65","B_70","MED_EI","Median equivalised income","Below 70%","One adult younger than 65 years","Thousand persons",133,
2023,"EL","THS_PER","A1_LT65","B_70","MED_EI","Median equivalised income","Below 70%","One adult younger than 65 years","Thousand persons",185,
2024,"EL","THS_PER","A1_LT65","B_70","MED_EI","Median equivalised income","Below 70%","One adult younger than 65 years","Thousand persons",197,
2025,"EL","THS_PER","A1_LT65","B_70","MED_EI","Median equivalised income","Below 70%","One adult younger than 65 years","Thousand persons",196,
2003,"EL","PC","A1_LT65","B_70","MED_EI","Median equivalised income","Below 70%","One adult younger than 65 years","Percentage",24.3,"b"
2004,"EL","PC","A1_LT65","B_70","MED_EI","Median equivalised income","Below 70%","One adult younger than 65 years","Percentage",26.5,
2005,"EL","PC","A1_LT65","B_70","MED_EI","Median equivalised income","Below 70%","One adult younger than 65 years","Percentage",24.7,
2006,"EL","PC","A1_LT65","B_70","MED_EI","Median equivalised income","Below 70%","One adult younger than 65 years","Percentage",22.6,
2007,"EL","PC","A1_LT65","B_70","MED_EI","Median equivalised income","Below 70%","One adult younger than 65 years","Percentage",25.5,
2008,"EL","PC","A1_LT65","B_70","MED_EI","Median equivalised income","Below 70%","One adult younger than 65 years","Percentage",26,
2009,"EL","PC","A1_LT65","B_70","MED_EI","Median equivalised income","Below 70%","One adult younger than 65 years","Percentage",29.2,
2010,"EL","PC","A1_LT65","B_70","MED_EI","Median equivalised income","Below 70%","One adult younger than 65 years","Percentage",31.5,
2011,"EL","PC","A1_LT65","B_70","MED_EI","Median equivalised income","Below 70%","One adult younger than 65 years","Percentage",30.2,
2012,"EL","PC","A1_LT65","B_70","MED_EI","Median equivalised income","Below 70%","One adult younger than 65 years","Percentage",28.8,
2013,"EL","PC","A1_LT65","B_70","MED_EI","Median equivalised income","Below 70%","One adult younger than 65 years","Percentage",28.6,
2014,"EL","PC","A1_LT65","B_70","MED_EI","Median equivalised income","Below 70%","One adult younger than 65 years","Percentage",28.3,
2015,"EL","PC","A1_LT65","B_70","MED_EI","Median equivalised income","Below 70%","One adult younger than 65 years","Percentage",31.3,
2016,"EL","PC","A1_LT65","B_70","MED_EI","Median equivalised income","Below 70%","One adult younger than 65 years","Percentage",28.9,
2017,"EL","PC","A1_LT65","B_70","MED_EI","Median equivalised income","Below 70%","One adult younger than 65 years","Percentage",27.6,
2018,"EL","PC","A1_LT65","B_70","MED_EI","Median equivalised income","Below 70%","One adult younger than 65 years","Percentage",26.7,
2019,"EL","PC","A1_LT65","B_70","MED_EI","Median equivalised income","Below 70%","One adult younger than 65 years","Percentage",26.5,
2020,"EL","PC","A1_LT65","B_70","MED_EI","Median equivalised income","Below 70%","One adult younger than 65 years","Percentage",26,
2021,"EL","PC","A1_LT65","B_70","MED_EI","Median equivalised income","Below 70%","One adult younger than 65 years","Percentage",28.8,
2022,"EL","PC","A1_LT65","B_70","MED_EI","Median equivalised income","Below 70%","One adult younger than 65 years","Percentage",27.3,
2023,"EL","PC","A1_LT65","B_70","MED_EI","Median equivalised income","Below 70%","One adult younger than 65 years","Percentage",26.3,
2024,"EL","PC","A1_LT65","B_70","MED_EI","Median equivalised income","Below 70%","One adult younger than 65 years","Percentage",27.9,
2025,"EL","PC","A1_LT65","B_70","MED_EI","Median equivalised income","Below 70%","One adult younger than 65 years","Percentage",28.7,
2015,"EL","THS_PER","A1_GE65","B_70","MED_EI","Median equivalised income","Below 70%","One adult 65 years or over","Thousand persons",139,
2016,"EL","THS_PER","A1_GE65","B_70","MED_EI","Median equivalised income","Below 70%","One adult 65 years or over","Thousand persons",147,
2017,"EL","THS_PER","A1_GE65","B_70","MED_EI","Median equivalised income","Below 70%","One adult 65 years or over","Thousand persons",154,
2018,"EL","THS_PER","A1_GE65","B_70","MED_EI","Median equivalised income","Below 70%","One adult 65 years or over","Thousand persons",145,
2019,"EL","THS_PER","A1_GE65","B_70","MED_EI","Median equivalised income","Below 70%","One adult 65 years or over","Thousand persons",151,
2020,"EL","THS_PER","A1_GE65","B_70","MED_EI","Median equivalised income","Below 70%","One adult 65 years or over","Thousand persons",151,
2021,"EL","THS_PER","A1_GE65","B_70","MED_EI","Median equivalised income","Below 70%","One adult 65 years or over","Thousand persons",182,
2022,"EL","THS_PER","A1_GE65","B_70","MED_EI","Median equivalised income","Below 70%","One adult 65 years or over","Thousand persons",182,
2023,"EL","THS_PER","A1_GE65","B_70","MED_EI","Median equivalised income","Below 70%","One adult 65 years or over","Thousand persons",242,
2024,"EL","THS_PER","A1_GE65","B_70","MED_EI","Median equivalised income","Below 70%","One adult 65 years or over","Thousand persons",249,
2025,"EL","THS_PER","A1_GE65","B_70","MED_EI","Median equivalised income","Below 70%","One adult 65 years or over","Thousand persons",270,
1995,"EL","PC","A1_GE65","B_70","MED_EI","Median equivalised income","Below 70%","One adult 65 years or over","Percentage",51,
1996,"EL","PC","A1_GE65","B_70","MED_EI","Median equivalised income","Below 70%","One adult 65 years or over","Percentage",45,
1997,"EL","PC","A1_GE65","B_70","MED_EI","Median equivalised income","Below 70%","One adult 65 years or over","Percentage",45,
1998,"EL","PC","A1_GE65","B_70","MED_EI","Median equivalised income","Below 70%","One adult 65 years or over","Percentage",49,
1999,"EL","PC","A1_GE65","B_70","MED_EI","Median equivalised income","Below 70%","One adult 65 years or over","Percentage",46,
2000,"EL","PC","A1_GE65","B_70","MED_EI","Median equivalised income","Below 70%","One adult 65 years or over","Percentage",44,
2001,"EL","PC","A1_GE65","B_70","MED_EI","Median equivalised income","Below 70%","One adult 65 years or over","Percentage",47,
2003,"EL","PC","A1_GE65","B_70","MED_EI","Median equivalised income","Below 70%","One adult 65 years or over","Percentage",46.7,"b"
2004,"EL","PC","A1_GE65","B_70","MED_EI","Median equivalised income","Below 70%","One adult 65 years or over","Percentage",45.6,
2005,"EL","PC","A1_GE65","B_70","MED_EI","Median equivalised income","Below 70%","One adult 65 years or over","Percentage",40.8,
2006,"EL","PC","A1_GE65","B_70","MED_EI","Median equivalised income","Below 70%","One adult 65 years or over","Percentage",42.3,
2007,"EL","PC","A1_GE65","B_70","MED_EI","Median equivalised income","Below 70%","One adult 65 years or over","Percentage",44.5,
2008,"EL","PC","A1_GE65","B_70","MED_EI","Median equivalised income","Below 70%","One adult 65 years or over","Percentage",37,
2009,"EL","PC","A1_GE65","B_70","MED_EI","Median equivalised income","Below 70%","One adult 65 years or over","Percentage",37,
2010,"EL","PC","A1_GE65","B_70","MED_EI","Median equivalised income","Below 70%","One adult 65 years or over","Percentage",40.9,
2011,"EL","PC","A1_GE65","B_70","MED_EI","Median equivalised income","Below 70%","One adult 65 years or over","Percentage",43,
2012,"EL","PC","A1_GE65","B_70","MED_EI","Median equivalised income","Below 70%","One adult 65 years or over","Percentage",28.3,
2013,"EL","PC","A1_GE65","B_70","MED_EI","Median equivalised income","Below 70%","One adult 65 years or over","Percentage",26,
2014,"EL","PC","A1_GE65","B_70","MED_EI","Median equivalised income","Below 70%","One adult 65 years or over","Percentage",28.3,
2015,"EL","PC","A1_GE65","B_70","MED_EI","Median equivalised income","Below 70%","One adult 65 years or over","Percentage",26.2,
2016,"EL","PC","A1_GE65","B_70","MED_EI","Median equivalised income","Below 70%","One adult 65 years or over","Percentage",27.1,
2017,"EL","PC","A1_GE65","B_70","MED_EI","Median equivalised income","Below 70%","One adult 65 years or over","Percentage",27.5,
2018,"EL","PC","A1_GE65","B_70","MED_EI","Median equivalised income","Below 70%","One adult 65 years or over","Percentage",26,
2019,"EL","PC","A1_GE65","B_70","MED_EI","Median equivalised income","Below 70%","One adult 65 years or over","Percentage",27.1,
2020,"EL","PC","A1_GE65","B_70","MED_EI","Median equivalised income","Below 70%","One adult 65 years or over","Percentage",27,
2021,"EL","PC","A1_GE65","B_70","MED_EI","Median equivalised income","Below 70%","One adult 65 years or over","Percentage",32.6,
2022,"EL","PC","A1_GE65","B_70","MED_EI","Median equivalised income","Below 70%","One adult 65 years or over","Percentage",32.9,
2023,"EL","PC","A1_GE65","B_70","MED_EI","Median equivalised income","Below 70%","One adult 65 years or over","Percentage",35.2,
2024,"EL","PC","A1_GE65","B_70","MED_EI","Median equivalised income","Below 70%","One adult 65 years or over","Percentage",36.3,
2025,"EL","PC","A1_GE65","B_70","MED_EI","Median equivalised income","Below 70%","One adult 65 years or over","Percentage",38.3,
2015,"EL","THS_PER","A2_2LT65","B_70","MED_EI","Median equivalised income","Below 70%","Two adults younger than 65 years","Thousand persons",217,
2016,"EL","THS_PER","A2_2LT65","B_70","MED_EI","Median equivalised income","Below 70%","Two adults younger than 65 years","Thousand persons",227,
2017,"EL","THS_PER","A2_2LT65","B_70","MED_EI","Median equivalised income","Below 70%","Two adults younger than 65 years","Thousand persons",215,
2018,"EL","THS_PER","A2_2LT65","B_70","MED_EI","Median equivalised income","Below 70%","Two adults younger than 65 years","Thousand persons",197,
2019,"EL","THS_PER","A2_2LT65","B_70","MED_EI","Median equivalised income","Below 70%","Two adults younger than 65 years","Thousand persons",182,
2020,"EL","THS_PER","A2_2LT65","B_70","MED_EI","Median equivalised income","Below 70%","Two adults younger than 65 years","Thousand persons",175,
2021,"EL","THS_PER","A2_2LT65","B_70","MED_EI","Median equivalised income","Below 70%","Two adults younger than 65 years","Thousand persons",178,
2022,"EL","THS_PER","A2_2LT65","B_70","MED_EI","Median equivalised income","Below 70%","Two adults younger than 65 years","Thousand persons",187,
2023,"EL","THS_PER","A2_2LT65","B_70","MED_EI","Median equivalised income","Below 70%","Two adults younger than 65 years","Thousand persons",191,
2024,"EL","THS_PER","A2_2LT65","B_70","MED_EI","Median equivalised income","Below 70%","Two adults younger than 65 years","Thousand persons",189,
2025,"EL","THS_PER","A2_2LT65","B_70","MED_EI","Median equivalised income","Below 70%","Two adults younger than 65 years","Thousand persons",161,
1995,"EL","PC","A2_2LT65","B_70","MED_EI","Median equivalised income","Below 70%","Two adults younger than 65 years","Percentage",25,
1996,"EL","PC","A2_2LT65","B_70","MED_EI","Median equivalised income","Below 70%","Two adults younger than 65 years","Percentage",22,
1997,"EL","PC","A2_2LT65","B_70","MED_EI","Median equivalised income","Below 70%","Two adults younger than 65 years","Percentage",23,
1998,"EL","PC","A2_2LT65","B_70","MED_EI","Median equivalised income","Below 70%","Two adults younger than 65 years","Percentage",25,
1999,"EL","PC","A2_2LT65","B_70","MED_EI","Median equivalised income","Below 70%","Two adults younger than 65 years","Percentage",21,
2000,"EL","PC","A2_2LT65","B_70","MED_EI","Median equivalised income","Below 70%","Two adults younger than 65 years","Percentage",26,
2001,"EL","PC","A2_2LT65","B_70","MED_EI","Median equivalised income","Below 70%","Two adults younger than 65 years","Percentage",24,
2003,"EL","PC","A2_2LT65","B_70","MED_EI","Median equivalised income","Below 70%","Two adults younger than 65 years","Percentage",21.6,"b"
2004,"EL","PC","A2_2LT65","B_70","MED_EI","Median equivalised income","Below 70%","Two adults younger than 65 years","Percentage",22.3,
2005,"EL","PC","A2_2LT65","B_70","MED_EI","Median equivalised income","Below 70%","Two adults younger than 65 years","Percentage",20.4,
2006,"EL","PC","A2_2LT65","B_70","MED_EI","Median equivalised income","Below 70%","Two adults younger than 65 years","Percentage",21.5,
2007,"EL","PC","A2_2LT65","B_70","MED_EI","Median equivalised income","Below 70%","Two adults younger than 65 years","Percentage",21.1,
2008,"EL","PC","A2_2LT65","B_70","MED_EI","Median equivalised income","Below 70%","Two adults younger than 65 years","Percentage",20.4,
2009,"EL","PC","A2_2LT65","B_70","MED_EI","Median equivalised income","Below 70%","Two adults younger than 65 years","Percentage",20.8,
2010,"EL","PC","A2_2LT65","B_70","MED_EI","Median equivalised income","Below 70%","Two adults younger than 65 years","Percentage",26.1,
2011,"EL","PC","A2_2LT65","B_70","MED_EI","Median equivalised income","Below 70%","Two adults younger than 65 years","Percentage",22.1,
2012,"EL","PC","A2_2LT65","B_70","MED_EI","Median equivalised income","Below 70%","Two adults younger than 65 years","Percentage",23,
2013,"EL","PC","A2_2LT65","B_70","MED_EI","Median equivalised income","Below 70%","Two adults younger than 65 years","Percentage",21.8,
2014,"EL","PC","A2_2LT65","B_70","MED_EI","Median equivalised income","Below 70%","Two adults younger than 65 years","Percentage",22.2,
2015,"EL","PC","A2_2LT65","B_70","MED_EI","Median equivalised income","Below 70%","Two adults younger than 65 years","Percentage",21.2,
2016,"EL","PC","A2_2LT65","B_70","MED_EI","Median equivalised income","Below 70%","Two adults younger than 65 years","Percentage",23.1,
2017,"EL","PC","A2_2LT65","B_70","MED_EI","Median equivalised income","Below 70%","Two adults younger than 65 years","Percentage",22.2,
2018,"EL","PC","A2_2LT65","B_70","MED_EI","Median equivalised income","Below 70%","Two adults younger than 65 years","Percentage",20.9,
2019,"EL","PC","A2_2LT65","B_70","MED_EI","Median equivalised income","Below 70%","Two adults younger than 65 years","Percentage",19.4,
2020,"EL","PC","A2_2LT65","B_70","MED_EI","Median equivalised income","Below 70%","Two adults younger than 65 years","Percentage",18.9,
2021,"EL","PC","A2_2LT65","B_70","MED_EI","Median equivalised income","Below 70%","Two adults younger than 65 years","Percentage",20.1,
2022,"EL","PC","A2_2LT65","B_70","MED_EI","Median equivalised income","Below 70%","Two adults younger than 65 years","Percentage",21,
2023,"EL","PC","A2_2LT65","B_70","MED_EI","Median equivalised income","Below 70%","Two adults younger than 65 years","Percentage",20.2,
2024,"EL","PC","A2_2LT65","B_70","MED_EI","Median equivalised income","Below 70%","Two adults younger than 65 years","Percentage",20.5,
2025,"EL","PC","A2_2LT65","B_70","MED_EI","Median equivalised income","Below 70%","Two adults younger than 65 years","Percentage",17.7,
2015,"EL","THS_PER","A2_GE1_GE65","B_70","MED_EI","Median equivalised income","Below 70%","Two adults, at least one aged 65 years or over","Thousand persons",219,
2016,"EL","THS_PER","A2_GE1_GE65","B_70","MED_EI","Median equivalised income","Below 70%","Two adults, at least one aged 65 years or over","Thousand persons",200,
2017,"EL","THS_PER","A2_GE1_GE65","B_70","MED_EI","Median equivalised income","Below 70%","Two adults, at least one aged 65 years or over","Thousand persons",217,
2018,"EL","THS_PER","A2_GE1_GE65","B_70","MED_EI","Median equivalised income","Below 70%","Two adults, at least one aged 65 years or over","Thousand persons",233,
2019,"EL","THS_PER","A2_GE1_GE65","B_70","MED_EI","Median equivalised income","Below 70%","Two adults, at least one aged 65 years or over","Thousand persons",249,
2020,"EL","THS_PER","A2_GE1_GE65","B_70","MED_EI","Median equivalised income","Below 70%","Two adults, at least one aged 65 years or over","Thousand persons",241,
2021,"EL","THS_PER","A2_GE1_GE65","B_70","MED_EI","Median equivalised income","Below 70%","Two adults, at least one aged 65 years or over","Thousand persons",291,
2022,"EL","THS_PER","A2_GE1_GE65","B_70","MED_EI","Median equivalised income","Below 70%","Two adults, at least one aged 65 years or over","Thousand persons",319,
2023,"EL","THS_PER","A2_GE1_GE65","B_70","MED_EI","Median equivalised income","Below 70%","Two adults, at least one aged 65 years or over","Thousand persons",296,
2024,"EL","THS_PER","A2_GE1_GE65","B_70","MED_EI","Median equivalised income","Below 70%","Two adults, at least one aged 65 years or over","Thousand persons",348,
2025,"EL","THS_PER","A2_GE1_GE65","B_70","MED_EI","Median equivalised income","Below 70%","Two adults, at least one aged 65 years or over","Thousand persons",396,
1995,"EL","PC","A2_GE1_GE65","B_70","MED_EI","Median equivalised income","Below 70%","Two adults, at least one aged 65 years or over","Percentage",48,
1996,"EL","PC","A2_GE1_GE65","B_70","MED_EI","Median equivalised income","Below 70%","Two adults, at least one aged 65 years or over","Percentage",42,
1997,"EL","PC","A2_GE1_GE65","B_70","MED_EI","Median equivalised income","Below 70%","Two adults, at least one aged 65 years or over","Percentage",44,
1998,"EL","PC","A2_GE1_GE65","B_70","MED_EI","Median equivalised income","Below 70%","Two adults, at least one aged 65 years or over","Percentage",45,
1999,"EL","PC","A2_GE1_GE65","B_70","MED_EI","Median equivalised income","Below 70%","Two adults, at least one aged 65 years or over","Percentage",46,
2000,"EL","PC","A2_GE1_GE65","B_70","MED_EI","Median equivalised income","Below 70%","Two adults, at least one aged 65 years or over","Percentage",43,
2001,"EL","PC","A2_GE1_GE65","B_70","MED_EI","Median equivalised income","Below 70%","Two adults, at least one aged 65 years or over","Percentage",47,
2003,"EL","PC","A2_GE1_GE65","B_70","MED_EI","Median equivalised income","Below 70%","Two adults, at least one aged 65 years or over","Percentage",39.2,"b"
2004,"EL","PC","A2_GE1_GE65","B_70","MED_EI","Median equivalised income","Below 70%","Two adults, at least one aged 65 years or over","Percentage",38.8,
2005,"EL","PC","A2_GE1_GE65","B_70","MED_EI","Median equivalised income","Below 70%","Two adults, at least one aged 65 years or over","Percentage",36.4,
2006,"EL","PC","A2_GE1_GE65","B_70","MED_EI","Median equivalised income","Below 70%","Two adults, at least one aged 65 years or over","Percentage",34.4,
2007,"EL","PC","A2_GE1_GE65","B_70","MED_EI","Median equivalised income","Below 70%","Two adults, at least one aged 65 years or over","Percentage",32.1,
2008,"EL","PC","A2_GE1_GE65","B_70","MED_EI","Median equivalised income","Below 70%","Two adults, at least one aged 65 years or over","Percentage",29.8,
2009,"EL","PC","A2_GE1_GE65","B_70","MED_EI","Median equivalised income","Below 70%","Two adults, at least one aged 65 years or over","Percentage",30.2,
2010,"EL","PC","A2_GE1_GE65","B_70","MED_EI","Median equivalised income","Below 70%","Two adults, at least one aged 65 years or over","Percentage",30.1,
2011,"EL","PC","A2_GE1_GE65","B_70","MED_EI","Median equivalised income","Below 70%","Two adults, at least one aged 65 years or over","Percentage",33.7,
2012,"EL","PC","A2_GE1_GE65","B_70","MED_EI","Median equivalised income","Below 70%","Two adults, at least one aged 65 years or over","Percentage",23.4,
2013,"EL","PC","A2_GE1_GE65","B_70","MED_EI","Median equivalised income","Below 70%","Two adults, at least one aged 65 years or over","Percentage",17.4,
2014,"EL","PC","A2_GE1_GE65","B_70","MED_EI","Median equivalised income","Below 70%","Two adults, at least one aged 65 years or over","Percentage",18.1,
2015,"EL","PC","A2_GE1_GE65","B_70","MED_EI","Median equivalised income","Below 70%","Two adults, at least one aged 65 years or over","Percentage",16.1,
2016,"EL","PC","A2_GE1_GE65","B_70","MED_EI","Median equivalised income","Below 70%","Two adults, at least one aged 65 years or over","Percentage",14.3,
2017,"EL","PC","A2_GE1_GE65","B_70","MED_EI","Median equivalised income","Below 70%","Two adults, at least one aged 65 years or over","Percentage",15.5,
2018,"EL","PC","A2_GE1_GE65","B_70","MED_EI","Median equivalised income","Below 70%","Two adults, at least one aged 65 years or over","Percentage",16.6,
2019,"EL","PC","A2_GE1_GE65","B_70","MED_EI","Median equivalised income","Below 70%","Two adults, at least one aged 65 years or over","Percentage",17.4,
2020,"EL","PC","A2_GE1_GE65","B_70","MED_EI","Median equivalised income","Below 70%","Two adults, at least one aged 65 years or over","Percentage",16.9,
2021,"EL","PC","A2_GE1_GE65","B_70","MED_EI","Median equivalised income","Below 70%","Two adults, at least one aged 65 years or over","Percentage",19.9,
2022,"EL","PC","A2_GE1_GE65","B_70","MED_EI","Median equivalised income","Below 70%","Two adults, at least one aged 65 years or over","Percentage",22.5,
2023,"EL","PC","A2_GE1_GE65","B_70","MED_EI","Median equivalised income","Below 70%","Two adults, at least one aged 65 years or over","Percentage",21.1,
2024,"EL","PC","A2_GE1_GE65","B_70","MED_EI","Median equivalised income","Below 70%","Two adults, at least one aged 65 years or over","Percentage",24.2,
2025,"EL","PC","A2_GE1_GE65","B_70","MED_EI","Median equivalised income","Below 70%","Two adults, at least one aged 65 years or over","Percentage",27.2,
