"time","geo","unit","statinfo","hhcomp","hhcomp_label","statinfo_label","unit_label","value","flag"
1995,"EL","EUR","MEAN_EI","TOTAL","Total","Mean equivalised income","Euro",6180,
1996,"EL","EUR","MEAN_EI","TOTAL","Total","Mean equivalised income","Euro",6479,
1997,"EL","EUR","MEAN_EI","TOTAL","Total","Mean equivalised income","Euro",7066,
1998,"EL","EUR","MEAN_EI","TOTAL","Total","Mean equivalised income","Euro",7779,
1999,"EL","EUR","MEAN_EI","TOTAL","Total","Mean equivalised income","Euro",7601,
2000,"EL","EUR","MEAN_EI","TOTAL","Total","Mean equivalised income","Euro",8119,
2001,"EL","EUR","MEAN_EI","TOTAL","Total","Mean equivalised income","Euro",8262,
2003,"EL","EUR","MEAN_EI","TOTAL","Total","Mean equivalised income","Euro",9671,"b"
2004,"EL","EUR","MEAN_EI","TOTAL","Total","Mean equivalised income","Euro",10205,
2005,"EL","EUR","MEAN_EI","TOTAL","Total","Mean equivalised income","Euro",11086,
2006,"EL","EUR","MEAN_EI","TOTAL","Total","Mean equivalised income","Euro",11579,
2007,"EL","EUR","MEAN_EI","TOTAL","Total","Mean equivalised income","Euro",12031,
2008,"EL","EUR","MEAN_EI","TOTAL","Total","Mean equivalised income","Euro",12766,
2009,"EL","EUR","MEAN_EI","TOTAL","Total","Mean equivalised income","Euro",13484,
2010,"EL","EUR","MEAN_EI","TOTAL","Total","Mean equivalised income","Euro",13955,
2011,"EL","EUR","MEAN_EI","TOTAL","Total","Mean equivalised income","Euro",12599,
2012,"EL","EUR","MEAN_EI","TOTAL","Total","Mean equivalised income","Euro",10628,
2013,"EL","EUR","MEAN_EI","TOTAL","Total","Mean equivalised income","Euro",9316,
2014,"EL","EUR","MEAN_EI","TOTAL","Total","Mean equivalised income","Euro",8884,
2015,"EL","EUR","MEAN_EI","TOTAL","Total","Mean equivalised income","Euro",8691,
2016,"EL","EUR","MEAN_EI","TOTAL","Total","Mean equivalised income","Euro",8682,
2017,"EL","EUR","MEAN_EI","TOTAL","Total","Mean equivalised income","Euro",8809,
2018,"EL","EUR","MEAN_EI","TOTAL","Total","Mean equivalised income","Euro",9049,
2019,"EL","EUR","MEAN_EI","TOTAL","Total","Mean equivalised income","Euro",9396,
2020,"EL","EUR","MEAN_EI","TOTAL","Total","Mean equivalised income","Euro",10044,
2021,"EL","EUR","MEAN_EI","TOTAL","Total","Mean equivalised income","Euro",9962,
2022,"EL","EUR","MEAN_EI","TOTAL","Total","Mean equivalised income","Euro",10840,
2023,"EL","EUR","MEAN_EI","TOTAL","Total","Mean equivalised income","Euro",11548,
2024,"EL","EUR","MEAN_EI","TOTAL","Total","Mean equivalised income","Euro",12407,
2025,"EL","EUR","MEAN_EI","TOTAL","Total","Mean equivalised income","Euro",13389,
1995,"EL","NAC","MEAN_EI","TOTAL","Total","Mean equivalised income","National currency",5287,
1996,"EL","NAC","MEAN_EI","TOTAL","Total","Mean equivalised income","National currency",5831,
1997,"EL","NAC","MEAN_EI","TOTAL","Total","Mean equivalised income","National currency",6412,
1998,"EL","NAC","MEAN_EI","TOTAL","Total","Mean equivalised income","National currency",7147,
1999,"EL","NAC","MEAN_EI","TOTAL","Total","Mean equivalised income","National currency",7467,
2000,"EL","NAC","MEAN_EI","TOTAL","Total","Mean equivalised income","National currency",7857,
2001,"EL","NAC","MEAN_EI","TOTAL","Total","Mean equivalised income","National currency",8262,
2003,"EL","NAC","MEAN_EI","TOTAL","Total","Mean equivalised income","National currency",9671,"b"
2004,"EL","NAC","MEAN_EI","TOTAL","Total","Mean equivalised income","National currency",10205,
2005,"EL","NAC","MEAN_EI","TOTAL","Total","Mean equivalised income","National currency",11086,
2006,"EL","NAC","MEAN_EI","TOTAL","Total","Mean equivalised income","National currency",11579,
2007,"EL","NAC","MEAN_EI","TOTAL","Total","Mean equivalised income","National currency",12031,
2008,"EL","NAC","MEAN_EI","TOTAL","Total","Mean equivalised income","National currency",12766,
2009,"EL","NAC","MEAN_EI","TOTAL","Total","Mean equivalised income","National currency",13484,
2010,"EL","NAC","MEAN_EI","TOTAL","Total","Mean equivalised income","National currency",13955,
2011,"EL","NAC","MEAN_EI","TOTAL","Total","Mean equivalised income","National currency",12599,
2012,"EL","NAC","MEAN_EI","TOTAL","Total","Mean equivalised income","National currency",10628,
2013,"EL","NAC","MEAN_EI","TOTAL","Total","Mean equivalised income","National currency",9316,
2014,"EL","NAC","MEAN_EI","TOTAL","Total","Mean equivalised income","National currency",8884,
2015,"EL","NAC","MEAN_EI","TOTAL","Total","Mean equivalised income","National currency",8691,
2016,"EL","NAC","MEAN_EI","TOTAL","Total","Mean equivalised income","National currency",8682,
2017,"EL","NAC","MEAN_EI","TOTAL","Total","Mean equivalised income","National currency",8809,
2018,"EL","NAC","MEAN_EI","TOTAL","Total","Mean equivalised income","National currency",9049,
2019,"EL","NAC","MEAN_EI","TOTAL","Total","Mean equivalised income","National currency",9396,
2020,"EL","NAC","MEAN_EI","TOTAL","Total","Mean equivalised income","National currency",10044,
2021,"EL","NAC","MEAN_EI","TOTAL","Total","Mean equivalised income","National currency",9962,
2022,"EL","NAC","MEAN_EI","TOTAL","Total","Mean equivalised income","National currency",10840,
2023,"EL","NAC","MEAN_EI","TOTAL","Total","Mean equivalised income","National currency",11548,
2024,"EL","NAC","MEAN_EI","TOTAL","Total","Mean equivalised income","National currency",12407,
2025,"EL","NAC","MEAN_EI","TOTAL","Total","Mean equivalised income","National currency",13389,
1995,"EL","PPS","MEAN_EI","TOTAL","Total","Mean equivalised income","Purchasing power standard (PPS)",7953,
1996,"EL","PPS","MEAN_EI","TOTAL","Total","Mean equivalised income","Purchasing power standard (PPS)",8300,
1997,"EL","PPS","MEAN_EI","TOTAL","Total","Mean equivalised income","Purchasing power standard (PPS)",8772,
1998,"EL","PPS","MEAN_EI","TOTAL","Total","Mean equivalised income","Purchasing power standard (PPS)",9396,
1999,"EL","PPS","MEAN_EI","TOTAL","Total","Mean equivalised income","Purchasing power standard (PPS)",9483,
2000,"EL","PPS","MEAN_EI","TOTAL","Total","Mean equivalised income","Purchasing power standard (PPS)",10343,
2001,"EL","PPS","MEAN_EI","TOTAL","Total","Mean equivalised income","Purchasing power standard (PPS)",10546,
2003,"EL","PPS","MEAN_EI","TOTAL","Total","Mean equivalised income","Purchasing power standard (PPS)",12061,"b"
2004,"EL","PPS","MEAN_EI","TOTAL","Total","Mean equivalised income","Purchasing power standard (PPS)",11883,
2005,"EL","PPS","MEAN_EI","TOTAL","Total","Mean equivalised income","Purchasing power standard (PPS)",12656,
2006,"EL","PPS","MEAN_EI","TOTAL","Total","Mean equivalised income","Purchasing power standard (PPS)",13120,
2007,"EL","PPS","MEAN_EI","TOTAL","Total","Mean equivalised income","Purchasing power standard (PPS)",13510,
2008,"EL","PPS","MEAN_EI","TOTAL","Total","Mean equivalised income","Purchasing power standard (PPS)",14222,
2009,"EL","PPS","MEAN_EI","TOTAL","Total","Mean equivalised income","Purchasing power standard (PPS)",14809,
2010,"EL","PPS","MEAN_EI","TOTAL","Total","Mean equivalised income","Purchasing power standard (PPS)",14697,
2011,"EL","PPS","MEAN_EI","TOTAL","Total","Mean equivalised income","Purchasing power standard (PPS)",13336,
2012,"EL","PPS","MEAN_EI","TOTAL","Total","Mean equivalised income","Purchasing power standard (PPS)",11243,
2013,"EL","PPS","MEAN_EI","TOTAL","Total","Mean equivalised income","Purchasing power standard (PPS)",10066,
2014,"EL","PPS","MEAN_EI","TOTAL","Total","Mean equivalised income","Purchasing power standard (PPS)",10033,
2015,"EL","PPS","MEAN_EI","TOTAL","Total","Mean equivalised income","Purchasing power standard (PPS)",10173,
2016,"EL","PPS","MEAN_EI","TOTAL","Total","Mean equivalised income","Purchasing power standard (PPS)",10474,
2017,"EL","PPS","MEAN_EI","TOTAL","Total","Mean equivalised income","Purchasing power standard (PPS)",10473,
2018,"EL","PPS","MEAN_EI","TOTAL","Total","Mean equivalised income","Purchasing power standard (PPS)",10639,
2019,"EL","PPS","MEAN_EI","TOTAL","Total","Mean equivalised income","Purchasing power standard (PPS)",11196,
2020,"EL","PPS","MEAN_EI","TOTAL","Total","Mean equivalised income","Purchasing power standard (PPS)",11638,
2021,"EL","PPS","MEAN_EI","TOTAL","Total","Mean equivalised income","Purchasing power standard (PPS)",11289,
2022,"EL","PPS","MEAN_EI","TOTAL","Total","Mean equivalised income","Purchasing power standard (PPS)",12344,
2023,"EL","PPS","MEAN_EI","TOTAL","Total","Mean equivalised income","Purchasing power standard (PPS)",13086,
2024,"EL","PPS","MEAN_EI","TOTAL","Total","Mean equivalised income","Purchasing power standard (PPS)",14221,
2025,"EL","PPS","MEAN_EI","TOTAL","Total","Mean equivalised income","Purchasing power standard (PPS)",15576,
1995,"EL","EUR","MED_EI","TOTAL","Total","Median equivalised income","Euro",5208,
1996,"EL","EUR","MED_EI","TOTAL","Total","Median equivalised income","Euro",5466,
1997,"EL","EUR","MED_EI","TOTAL","Total","Median equivalised income","Euro",5891,
1998,"EL","EUR","MED_EI","TOTAL","Total","Median equivalised income","Euro",6412,
1999,"EL","EUR","MED_EI","TOTAL","Total","Median equivalised income","Euro",6350,
2000,"EL","EUR","MED_EI","TOTAL","Total","Median equivalised income","Euro",6923,
2001,"EL","EUR","MED_EI","TOTAL","Total","Median equivalised income","Euro",7107,
2003,"EL","EUR","MED_EI","TOTAL","Total","Median equivalised income","Euro",8207,"b"
2004,"EL","EUR","MED_EI","TOTAL","Total","Median equivalised income","Euro",8857,
2005,"EL","EUR","MED_EI","TOTAL","Total","Median equivalised income","Euro",9400,
2006,"EL","EUR","MED_EI","TOTAL","Total","Median equivalised income","Euro",9833,
2007,"EL","EUR","MED_EI","TOTAL","Total","Median equivalised income","Euro",10080,
2008,"EL","EUR","MED_EI","TOTAL","Total","Median equivalised income","Euro",10800,
2009,"EL","EUR","MED_EI","TOTAL","Total","Median equivalised income","Euro",11530,
2010,"EL","EUR","MED_EI","TOTAL","Total","Median equivalised income","Euro",11963,
2011,"EL","EUR","MED_EI","TOTAL","Total","Median equivalised income","Euro",10985,
2012,"EL","EUR","MED_EI","TOTAL","Total","Median equivalised income","Euro",9460,
2013,"EL","EUR","MED_EI","TOTAL","Total","Median equivalised income","Euro",8377,
2014,"EL","EUR","MED_EI","TOTAL","Total","Median equivalised income","Euro",7680,
2015,"EL","EUR","MED_EI","TOTAL","Total","Median equivalised income","Euro",7527,
2016,"EL","EUR","MED_EI","TOTAL","Total","Median equivalised income","Euro",7504,
2017,"EL","EUR","MED_EI","TOTAL","Total","Median equivalised income","Euro",7611,
2018,"EL","EUR","MED_EI","TOTAL","Total","Median equivalised income","Euro",7875,
2019,"EL","EUR","MED_EI","TOTAL","Total","Median equivalised income","Euro",8200,
2020,"EL","EUR","MED_EI","TOTAL","Total","Median equivalised income","Euro",8781,
2021,"EL","EUR","MED_EI","TOTAL","Total","Median equivalised income","Euro",8755,
2022,"EL","EUR","MED_EI","TOTAL","Total","Median equivalised income","Euro",9520,
2023,"EL","EUR","MED_EI","TOTAL","Total","Median equivalised income","Euro",10060,
2024,"EL","EUR","MED_EI","TOTAL","Total","Median equivalised income","Euro",10862,
2025,"EL","EUR","MED_EI","TOTAL","Total","Median equivalised income","Euro",11700,
1995,"EL","NAC","MED_EI","TOTAL","Total","Median equivalised income","National currency",4455,
1996,"EL","NAC","MED_EI","TOTAL","Total","Median equivalised income","National currency",4919,
1997,"EL","NAC","MED_EI","TOTAL","Total","Median equivalised income","National currency",5346,
1998,"EL","NAC","MED_EI","TOTAL","Total","Median equivalised income","National currency",5892,
1999,"EL","NAC","MED_EI","TOTAL","Total","Median equivalised income","National currency",6237,
2000,"EL","NAC","MED_EI","TOTAL","Total","Median equivalised income","National currency",6699,
2001,"EL","NAC","MED_EI","TOTAL","Total","Median equivalised income","National currency",7107,
2003,"EL","NAC","MED_EI","TOTAL","Total","Median equivalised income","National currency",8207,"b"
2004,"EL","NAC","MED_EI","TOTAL","Total","Median equivalised income","National currency",8857,
2005,"EL","NAC","MED_EI","TOTAL","Total","Median equivalised income","National currency",9400,
2006,"EL","NAC","MED_EI","TOTAL","Total","Median equivalised income","National currency",9833,
2007,"EL","NAC","MED_EI","TOTAL","Total","Median equivalised income","National currency",10080,
2008,"EL","NAC","MED_EI","TOTAL","Total","Median equivalised income","National currency",10800,
2009,"EL","NAC","MED_EI","TOTAL","Total","Median equivalised income","National currency",11530,
2010,"EL","NAC","MED_EI","TOTAL","Total","Median equivalised income","National currency",11963,
2011,"EL","NAC","MED_EI","TOTAL","Total","Median equivalised income","National currency",10985,
2012,"EL","NAC","MED_EI","TOTAL","Total","Median equivalised income","National currency",9460,
2013,"EL","NAC","MED_EI","TOTAL","Total","Median equivalised income","National currency",8377,
2014,"EL","NAC","MED_EI","TOTAL","Total","Median equivalised income","National currency",7680,
2015,"EL","NAC","MED_EI","TOTAL","Total","Median equivalised income","National currency",7527,
2016,"EL","NAC","MED_EI","TOTAL","Total","Median equivalised income","National currency",7504,
2017,"EL","NAC","MED_EI","TOTAL","Total","Median equivalised income","National currency",7611,
2018,"EL","NAC","MED_EI","TOTAL","Total","Median equivalised income","National currency",7875,
2019,"EL","NAC","MED_EI","TOTAL","Total","Median equivalised income","National currency",8200,
2020,"EL","NAC","MED_EI","TOTAL","Total","Median equivalised income","National currency",8781,
2021,"EL","NAC","MED_EI","TOTAL","Total","Median equivalised income","National currency",8755,
2022,"EL","NAC","MED_EI","TOTAL","Total","Median equivalised income","National currency",9520,
2023,"EL","NAC","MED_EI","TOTAL","Total","Median equivalised income","National currency",10060,
2024,"EL","NAC","MED_EI","TOTAL","Total","Median equivalised income","National currency",10862,
2025,"EL","NAC","MED_EI","TOTAL","Total","Median equivalised income","National currency",11700,
1995,"EL","PPS","MED_EI","TOTAL","Total","Median equivalised income","Purchasing power standard (PPS)",6702,
1996,"EL","PPS","MED_EI","TOTAL","Total","Median equivalised income","Purchasing power standard (PPS)",7002,
1997,"EL","PPS","MED_EI","TOTAL","Total","Median equivalised income","Purchasing power standard (PPS)",7314,
1998,"EL","PPS","MED_EI","TOTAL","Total","Median equivalised income","Purchasing power standard (PPS)",7746,
1999,"EL","PPS","MED_EI","TOTAL","Total","Median equivalised income","Purchasing power standard (PPS)",7922,
2000,"EL","PPS","MED_EI","TOTAL","Total","Median equivalised income","Purchasing power standard (PPS)",8819,
2001,"EL","PPS","MED_EI","TOTAL","Total","Median equivalised income","Purchasing power standard (PPS)",9072,
2003,"EL","PPS","MED_EI","TOTAL","Total","Median equivalised income","Purchasing power standard (PPS)",10234,"b"
2004,"EL","PPS","MED_EI","TOTAL","Total","Median equivalised income","Purchasing power standard (PPS)",10314,
2005,"EL","PPS","MED_EI","TOTAL","Total","Median equivalised income","Purchasing power standard (PPS)",10731,
2006,"EL","PPS","MED_EI","TOTAL","Total","Median equivalised income","Purchasing power standard (PPS)",11143,
2007,"EL","PPS","MED_EI","TOTAL","Total","Median equivalised income","Purchasing power standard (PPS)",11320,
2008,"EL","PPS","MED_EI","TOTAL","Total","Median equivalised income","Purchasing power standard (PPS)",12032,
2009,"EL","PPS","MED_EI","TOTAL","Total","Median equivalised income","Purchasing power standard (PPS)",12663,
2010,"EL","PPS","MED_EI","TOTAL","Total","Median equivalised income","Purchasing power standard (PPS)",12599,
2011,"EL","PPS","MED_EI","TOTAL","Total","Median equivalised income","Purchasing power standard (PPS)",11627,
2012,"EL","PPS","MED_EI","TOTAL","Total","Median equivalised income","Purchasing power standard (PPS)",10007,
2013,"EL","PPS","MED_EI","TOTAL","Total","Median equivalised income","Purchasing power standard (PPS)",9052,
2014,"EL","PPS","MED_EI","TOTAL","Total","Median equivalised income","Purchasing power standard (PPS)",8674,
2015,"EL","PPS","MED_EI","TOTAL","Total","Median equivalised income","Purchasing power standard (PPS)",8810,
2016,"EL","PPS","MED_EI","TOTAL","Total","Median equivalised income","Purchasing power standard (PPS)",9052,
2017,"EL","PPS","MED_EI","TOTAL","Total","Median equivalised income","Purchasing power standard (PPS)",9048,
2018,"EL","PPS","MED_EI","TOTAL","Total","Median equivalised income","Purchasing power standard (PPS)",9258,
2019,"EL","PPS","MED_EI","TOTAL","Total","Median equivalised income","Purchasing power standard (PPS)",9771,
2020,"EL","PPS","MED_EI","TOTAL","Total","Median equivalised income","Purchasing power standard (PPS)",10175,
2021,"EL","PPS","MED_EI","TOTAL","Total","Median equivalised income","Purchasing power standard (PPS)",9920,
2022,"EL","PPS","MED_EI","TOTAL","Total","Median equivalised income","Purchasing power standard (PPS)",10841,
2023,"EL","PPS","MED_EI","TOTAL","Total","Median equivalised income","Purchasing power standard (PPS)",11400,
2024,"EL","PPS","MED_EI","TOTAL","Total","Median equivalised income","Purchasing power standard (PPS)",12451,
2025,"EL","PPS","MED_EI","TOTAL","Total","Median equivalised income","Purchasing power standard (PPS)",13612,
1995,"EL","EUR","MEAN_EI","M1","One single male","Mean equivalised income","Euro",7068,
1996,"EL","EUR","MEAN_EI","M1","One single male","Mean equivalised income","Euro",8142,
1997,"EL","EUR","MEAN_EI","M1","One single male","Mean equivalised income","Euro",9027,
1998,"EL","EUR","MEAN_EI","M1","One single male","Mean equivalised income","Euro",8989,
1999,"EL","EUR","MEAN_EI","M1","One single male","Mean equivalised income","Euro",10191,
2000,"EL","EUR","MEAN_EI","M1","One single male","Mean equivalised income","Euro",11479,
2001,"EL","EUR","MEAN_EI","M1","One single male","Mean equivalised income","Euro",10933,
1995,"EL","NAC","MEAN_EI","M1","One single male","Mean equivalised income","National currency",6046,
1996,"EL","NAC","MEAN_EI","M1","One single male","Mean equivalised income","National currency",7327,
1997,"EL","NAC","MEAN_EI","M1","One single male","Mean equivalised income","National currency",8192,
1998,"EL","NAC","MEAN_EI","M1","One single male","Mean equivalised income","National currency",8260,
1999,"EL","NAC","MEAN_EI","M1","One single male","Mean equivalised income","National currency",10011,
2000,"EL","NAC","MEAN_EI","M1","One single male","Mean equivalised income","National currency",11108,
2001,"EL","NAC","MEAN_EI","M1","One single male","Mean equivalised income","National currency",10933,
1995,"EL","PPS","MEAN_EI","M1","One single male","Mean equivalised income","Purchasing power standard (PPS)",9096,
1996,"EL","PPS","MEAN_EI","M1","One single male","Mean equivalised income","Purchasing power standard (PPS)",10431,
1997,"EL","PPS","MEAN_EI","M1","One single male","Mean equivalised income","Purchasing power standard (PPS)",11207,
1998,"EL","PPS","MEAN_EI","M1","One single male","Mean equivalised income","Purchasing power standard (PPS)",10858,
1999,"EL","PPS","MEAN_EI","M1","One single male","Mean equivalised income","Purchasing power standard (PPS)",12714,
2000,"EL","PPS","MEAN_EI","M1","One single male","Mean equivalised income","Purchasing power standard (PPS)",14622,
2001,"EL","PPS","MEAN_EI","M1","One single male","Mean equivalised income","Purchasing power standard (PPS)",13956,
1995,"EL","EUR","MED_EI","M1","One single male","Median equivalised income","Euro",5736,
1996,"EL","EUR","MED_EI","M1","One single male","Median equivalised income","Euro",6040,
1997,"EL","EUR","MED_EI","M1","One single male","Median equivalised income","Euro",6840,
1998,"EL","EUR","MED_EI","M1","One single male","Median equivalised income","Euro",6865,
1999,"EL","EUR","MED_EI","M1","One single male","Median equivalised income","Euro",7982,
2000,"EL","EUR","MED_EI","M1","One single male","Median equivalised income","Euro",8471,
2001,"EL","EUR","MED_EI","M1","One single male","Median equivalised income","Euro",8495,
1995,"EL","NAC","MED_EI","M1","One single male","Median equivalised income","National currency",4907,
1996,"EL","NAC","MED_EI","M1","One single male","Median equivalised income","National currency",5435,
1997,"EL","NAC","MED_EI","M1","One single male","Median equivalised income","National currency",6208,
1998,"EL","NAC","MED_EI","M1","One single male","Median equivalised income","National currency",6308,
1999,"EL","NAC","MED_EI","M1","One single male","Median equivalised income","National currency",7841,
2000,"EL","NAC","MED_EI","M1","One single male","Median equivalised income","National currency",8198,
2001,"EL","NAC","MED_EI","M1","One single male","Median equivalised income","National currency",8495,
1995,"EL","PPS","MED_EI","M1","One single male","Median equivalised income","Purchasing power standard (PPS)",7382,
1996,"EL","PPS","MED_EI","M1","One single male","Median equivalised income","Purchasing power standard (PPS)",7738,
1997,"EL","PPS","MED_EI","M1","One single male","Median equivalised income","Purchasing power standard (PPS)",8492,
1998,"EL","PPS","MED_EI","M1","One single male","Median equivalised income","Purchasing power standard (PPS)",8292,
1999,"EL","PPS","MED_EI","M1","One single male","Median equivalised income","Purchasing power standard (PPS)",9959,
2000,"EL","PPS","MED_EI","M1","One single male","Median equivalised income","Purchasing power standard (PPS)",10791,
2001,"EL","PPS","MED_EI","M1","One single male","Median equivalised income","Purchasing power standard (PPS)",10843,
1995,"EL","EUR","MEAN_EI","F1","One single female","Mean equivalised income","Euro",4797,
1996,"EL","EUR","MEAN_EI","F1","One single female","Mean equivalised income","Euro",5233,
1997,"EL","EUR","MEAN_EI","F1","One single female","Mean equivalised income","Euro",5476,
1998,"EL","EUR","MEAN_EI","F1","One single female","Mean equivalised income","Euro",5767,
1999,"EL","EUR","MEAN_EI","F1","One single female","Mean equivalised income","Euro",5511,
2000,"EL","EUR","MEAN_EI","F1","One single female","Mean equivalised income","Euro",6193,
2001,"EL","EUR","MEAN_EI","F1","One single female","Mean equivalised income","Euro",6017,
1995,"EL","NAC","MEAN_EI","F1","One single female","Mean equivalised income","National currency",4104,
1996,"EL","NAC","MEAN_EI","F1","One single female","Mean equivalised income","National currency",4710,
1997,"EL","NAC","MEAN_EI","F1","One single female","Mean equivalised income","National currency",4969,
1998,"EL","NAC","MEAN_EI","F1","One single female","Mean equivalised income","National currency",5299,
1999,"EL","NAC","MEAN_EI","F1","One single female","Mean equivalised income","National currency",5413,
2000,"EL","NAC","MEAN_EI","F1","One single female","Mean equivalised income","National currency",5993,
2001,"EL","NAC","MEAN_EI","F1","One single female","Mean equivalised income","National currency",6017,
1995,"EL","PPS","MEAN_EI","F1","One single female","Mean equivalised income","Purchasing power standard (PPS)",6174,
1996,"EL","PPS","MEAN_EI","F1","One single female","Mean equivalised income","Purchasing power standard (PPS)",6704,
1997,"EL","PPS","MEAN_EI","F1","One single female","Mean equivalised income","Purchasing power standard (PPS)",6798,
1998,"EL","PPS","MEAN_EI","F1","One single female","Mean equivalised income","Purchasing power standard (PPS)",6966,
1999,"EL","PPS","MEAN_EI","F1","One single female","Mean equivalised income","Purchasing power standard (PPS)",6875,
2000,"EL","PPS","MEAN_EI","F1","One single female","Mean equivalised income","Purchasing power standard (PPS)",7889,
2001,"EL","PPS","MEAN_EI","F1","One single female","Mean equivalised income","Purchasing power standard (PPS)",7681,
1995,"EL","EUR","MED_EI","F1","One single female","Median equivalised income","Euro",3806,
1996,"EL","EUR","MED_EI","F1","One single female","Median equivalised income","Euro",4343,
1997,"EL","EUR","MED_EI","F1","One single female","Median equivalised income","Euro",4582,
1998,"EL","EUR","MED_EI","F1","One single female","Median equivalised income","Euro",4616,
1999,"EL","EUR","MED_EI","F1","One single female","Median equivalised income","Euro",4656,
2000,"EL","EUR","MED_EI","F1","One single female","Median equivalised income","Euro",5371,
2001,"EL","EUR","MED_EI","F1","One single female","Median equivalised income","Euro",5100,
1995,"EL","NAC","MED_EI","F1","One single female","Median equivalised income","National currency",3256,
1996,"EL","NAC","MED_EI","F1","One single female","Median equivalised income","National currency",3909,
1997,"EL","NAC","MED_EI","F1","One single female","Median equivalised income","National currency",4158,
1998,"EL","NAC","MED_EI","F1","One single female","Median equivalised income","National currency",4241,
1999,"EL","NAC","MED_EI","F1","One single female","Median equivalised income","National currency",4574,
2000,"EL","NAC","MED_EI","F1","One single female","Median equivalised income","National currency",5198,
2001,"EL","NAC","MED_EI","F1","One single female","Median equivalised income","National currency",5100,
1995,"EL","PPS","MED_EI","F1","One single female","Median equivalised income","Purchasing power standard (PPS)",4898,
1996,"EL","PPS","MED_EI","F1","One single female","Median equivalised income","Purchasing power standard (PPS)",5564,
1997,"EL","PPS","MED_EI","F1","One single female","Median equivalised income","Purchasing power standard (PPS)",5689,
1998,"EL","PPS","MED_EI","F1","One single female","Median equivalised income","Purchasing power standard (PPS)",5576,
1999,"EL","PPS","MED_EI","F1","One single female","Median equivalised income","Purchasing power standard (PPS)",5809,
2000,"EL","PPS","MED_EI","F1","One single female","Median equivalised income","Purchasing power standard (PPS)",6842,
2001,"EL","PPS","MED_EI","F1","One single female","Median equivalised income","Purchasing power standard (PPS)",6510,
1995,"EL","EUR","MEAN_EI","A1","One adult","Mean equivalised income","Euro",5487,
1996,"EL","EUR","MEAN_EI","A1","One adult","Mean equivalised income","Euro",6108,
1997,"EL","EUR","MEAN_EI","A1","One adult","Mean equivalised income","Euro",6544,
1998,"EL","EUR","MEAN_EI","A1","One adult","Mean equivalised income","Euro",6825,
1999,"EL","EUR","MEAN_EI","A1","One adult","Mean equivalised income","Euro",6925,
2000,"EL","EUR","MEAN_EI","A1","One adult","Mean equivalised income","Euro",7834,
2001,"EL","EUR","MEAN_EI","A1","One adult","Mean equivalised income","Euro",7514,
2003,"EL","EUR","MEAN_EI","A1","One adult","Mean equivalised income","Euro",8740,"b"
2004,"EL","EUR","MEAN_EI","A1","One adult","Mean equivalised income","Euro",8803,
2005,"EL","EUR","MEAN_EI","A1","One adult","Mean equivalised income","Euro",9655,
2006,"EL","EUR","MEAN_EI","A1","One adult","Mean equivalised income","Euro",10087,
2007,"EL","EUR","MEAN_EI","A1","One adult","Mean equivalised income","Euro",10430,
2008,"EL","EUR","MEAN_EI","A1","One adult","Mean equivalised income","Euro",11652,
2009,"EL","EUR","MEAN_EI","A1","One adult","Mean equivalised income","Euro",11758,
2010,"EL","EUR","MEAN_EI","A1","One adult","Mean equivalised income","Euro",11938,
2011,"EL","EUR","MEAN_EI","A1","One adult","Mean equivalised income","Euro",11105,
2012,"EL","EUR","MEAN_EI","A1","One adult","Mean equivalised income","Euro",10086,
2013,"EL","EUR","MEAN_EI","A1","One adult","Mean equivalised income","Euro",9305,
2014,"EL","EUR","MEAN_EI","A1","One adult","Mean equivalised income","Euro",8680,
2015,"EL","EUR","MEAN_EI","A1","One adult","Mean equivalised income","Euro",8486,
2016,"EL","EUR","MEAN_EI","A1","One adult","Mean equivalised income","Euro",8554,
2017,"EL","EUR","MEAN_EI","A1","One adult","Mean equivalised income","Euro",8384,
2018,"EL","EUR","MEAN_EI","A1","One adult","Mean equivalised income","Euro",8687,
2019,"EL","EUR","MEAN_EI","A1","One adult","Mean equivalised income","Euro",8816,
2020,"EL","EUR","MEAN_EI","A1","One adult","Mean equivalised income","Euro",9159,
2021,"EL","EUR","MEAN_EI","A1","One adult","Mean equivalised income","Euro",8954,
2022,"EL","EUR","MEAN_EI","A1","One adult","Mean equivalised income","Euro",9569,
2023,"EL","EUR","MEAN_EI","A1","One adult","Mean equivalised income","Euro",10374,
2024,"EL","EUR","MEAN_EI","A1","One adult","Mean equivalised income","Euro",10920,
2025,"EL","EUR","MEAN_EI","A1","One adult","Mean equivalised income","Euro",11544,
1995,"EL","NAC","MEAN_EI","A1","One adult","Mean equivalised income","National currency",4694,
1996,"EL","NAC","MEAN_EI","A1","One adult","Mean equivalised income","National currency",5497,
1997,"EL","NAC","MEAN_EI","A1","One adult","Mean equivalised income","National currency",5939,
1998,"EL","NAC","MEAN_EI","A1","One adult","Mean equivalised income","National currency",6271,
1999,"EL","NAC","MEAN_EI","A1","One adult","Mean equivalised income","National currency",6802,
2000,"EL","NAC","MEAN_EI","A1","One adult","Mean equivalised income","National currency",7582,
2001,"EL","NAC","MEAN_EI","A1","One adult","Mean equivalised income","National currency",7514,
2003,"EL","NAC","MEAN_EI","A1","One adult","Mean equivalised income","National currency",8740,"b"
2004,"EL","NAC","MEAN_EI","A1","One adult","Mean equivalised income","National currency",8803,
2005,"EL","NAC","MEAN_EI","A1","One adult","Mean equivalised income","National currency",9655,
2006,"EL","NAC","MEAN_EI","A1","One adult","Mean equivalised income","National currency",10087,
2007,"EL","NAC","MEAN_EI","A1","One adult","Mean equivalised income","National currency",10430,
2008,"EL","NAC","MEAN_EI","A1","One adult","Mean equivalised income","National currency",11652,
2009,"EL","NAC","MEAN_EI","A1","One adult","Mean equivalised income","National currency",11758,
2010,"EL","NAC","MEAN_EI","A1","One adult","Mean equivalised income","National currency",11938,
2011,"EL","NAC","MEAN_EI","A1","One adult","Mean equivalised income","National currency",11105,
2012,"EL","NAC","MEAN_EI","A1","One adult","Mean equivalised income","National currency",10086,
2013,"EL","NAC","MEAN_EI","A1","One adult","Mean equivalised income","National currency",9305,
2014,"EL","NAC","MEAN_EI","A1","One adult","Mean equivalised income","National currency",8680,
2015,"EL","NAC","MEAN_EI","A1","One adult","Mean equivalised income","National currency",8486,
2016,"EL","NAC","MEAN_EI","A1","One adult","Mean equivalised income","National currency",8554,
2017,"EL","NAC","MEAN_EI","A1","One adult","Mean equivalised income","National currency",8384,
2018,"EL","NAC","MEAN_EI","A1","One adult","Mean equivalised income","National currency",8687,
2019,"EL","NAC","MEAN_EI","A1","One adult","Mean equivalised income","National currency",8816,
2020,"EL","NAC","MEAN_EI","A1","One adult","Mean equivalised income","National currency",9159,
2021,"EL","NAC","MEAN_EI","A1","One adult","Mean equivalised income","National currency",8954,
2022,"EL","NAC","MEAN_EI","A1","One adult","Mean equivalised income","National currency",9569,
2023,"EL","NAC","MEAN_EI","A1","One adult","Mean equivalised income","National currency",10374,
2024,"EL","NAC","MEAN_EI","A1","One adult","Mean equivalised income","National currency",10920,
2025,"EL","NAC","MEAN_EI","A1","One adult","Mean equivalised income","National currency",11544,
1995,"EL","PPS","MEAN_EI","A1","One adult","Mean equivalised income","Purchasing power standard (PPS)",7062,
1996,"EL","PPS","MEAN_EI","A1","One adult","Mean equivalised income","Purchasing power standard (PPS)",7826,
1997,"EL","PPS","MEAN_EI","A1","One adult","Mean equivalised income","Purchasing power standard (PPS)",8125,
1998,"EL","PPS","MEAN_EI","A1","One adult","Mean equivalised income","Purchasing power standard (PPS)",8244,
1999,"EL","PPS","MEAN_EI","A1","One adult","Mean equivalised income","Purchasing power standard (PPS)",8639,
2000,"EL","PPS","MEAN_EI","A1","One adult","Mean equivalised income","Purchasing power standard (PPS)",9980,
2001,"EL","PPS","MEAN_EI","A1","One adult","Mean equivalised income","Purchasing power standard (PPS)",9592,
2003,"EL","PPS","MEAN_EI","A1","One adult","Mean equivalised income","Purchasing power standard (PPS)",10900,"b"
2004,"EL","PPS","MEAN_EI","A1","One adult","Mean equivalised income","Purchasing power standard (PPS)",10251,
2005,"EL","PPS","MEAN_EI","A1","One adult","Mean equivalised income","Purchasing power standard (PPS)",11022,
2006,"EL","PPS","MEAN_EI","A1","One adult","Mean equivalised income","Purchasing power standard (PPS)",11431,
2007,"EL","PPS","MEAN_EI","A1","One adult","Mean equivalised income","Purchasing power standard (PPS)",11712,
2008,"EL","PPS","MEAN_EI","A1","One adult","Mean equivalised income","Purchasing power standard (PPS)",12981,
2009,"EL","PPS","MEAN_EI","A1","One adult","Mean equivalised income","Purchasing power standard (PPS)",12913,
2010,"EL","PPS","MEAN_EI","A1","One adult","Mean equivalised income","Purchasing power standard (PPS)",12572,
2011,"EL","PPS","MEAN_EI","A1","One adult","Mean equivalised income","Purchasing power standard (PPS)",11754,
2012,"EL","PPS","MEAN_EI","A1","One adult","Mean equivalised income","Purchasing power standard (PPS)",10669,
2013,"EL","PPS","MEAN_EI","A1","One adult","Mean equivalised income","Purchasing power standard (PPS)",10055,
2014,"EL","PPS","MEAN_EI","A1","One adult","Mean equivalised income","Purchasing power standard (PPS)",9804,
2015,"EL","PPS","MEAN_EI","A1","One adult","Mean equivalised income","Purchasing power standard (PPS)",9933,
2016,"EL","PPS","MEAN_EI","A1","One adult","Mean equivalised income","Purchasing power standard (PPS)",10319,
2017,"EL","PPS","MEAN_EI","A1","One adult","Mean equivalised income","Purchasing power standard (PPS)",9967,
2018,"EL","PPS","MEAN_EI","A1","One adult","Mean equivalised income","Purchasing power standard (PPS)",10213,
2019,"EL","PPS","MEAN_EI","A1","One adult","Mean equivalised income","Purchasing power standard (PPS)",10505,
2020,"EL","PPS","MEAN_EI","A1","One adult","Mean equivalised income","Purchasing power standard (PPS)",10613,
2021,"EL","PPS","MEAN_EI","A1","One adult","Mean equivalised income","Purchasing power standard (PPS)",10146,
2022,"EL","PPS","MEAN_EI","A1","One adult","Mean equivalised income","Purchasing power standard (PPS)",10896,
2023,"EL","PPS","MEAN_EI","A1","One adult","Mean equivalised income","Purchasing power standard (PPS)",11756,
2024,"EL","PPS","MEAN_EI","A1","One adult","Mean equivalised income","Purchasing power standard (PPS)",12516,
2025,"EL","PPS","MEAN_EI","A1","One adult","Mean equivalised income","Purchasing power standard (PPS)",13431,
1995,"EL","EUR","MED_EI","A1","One adult","Median equivalised income","Euro",4289,
1996,"EL","EUR","MED_EI","A1","One adult","Median equivalised income","Euro",4746,
1997,"EL","EUR","MED_EI","A1","One adult","Median equivalised income","Euro",5040,
1998,"EL","EUR","MED_EI","A1","One adult","Median equivalised income","Euro",5043,
1999,"EL","EUR","MED_EI","A1","One adult","Median equivalised income","Euro",5080,
2000,"EL","EUR","MED_EI","A1","One adult","Median equivalised income","Euro",5758,
2001,"EL","EUR","MED_EI","A1","One adult","Median equivalised income","Euro",5804,
2003,"EL","EUR","MED_EI","A1","One adult","Median equivalised income","Euro",7000,"b"
2004,"EL","EUR","MED_EI","A1","One adult","Median equivalised income","Euro",7430,
2005,"EL","EUR","MED_EI","A1","One adult","Median equivalised income","Euro",8150,
2006,"EL","EUR","MED_EI","A1","One adult","Median equivalised income","Euro",8700,
2007,"EL","EUR","MED_EI","A1","One adult","Median equivalised income","Euro",8700,
2008,"EL","EUR","MED_EI","A1","One adult","Median equivalised income","Euro",9600,
2009,"EL","EUR","MED_EI","A1","One adult","Median equivalised income","Euro",9836,
2010,"EL","EUR","MED_EI","A1","One adult","Median equivalised income","Euro",10000,
2011,"EL","EUR","MED_EI","A1","One adult","Median equivalised income","Euro",9130,
2012,"EL","EUR","MED_EI","A1","One adult","Median equivalised income","Euro",9050,
2013,"EL","EUR","MED_EI","A1","One adult","Median equivalised income","Euro",8400,
2014,"EL","EUR","MED_EI","A1","One adult","Median equivalised income","Euro",7730,
2015,"EL","EUR","MED_EI","A1","One adult","Median equivalised income","Euro",7440,
2016,"EL","EUR","MED_EI","A1","One adult","Median equivalised income","Euro",7420,
2017,"EL","EUR","MED_EI","A1","One adult","Median equivalised income","Euro",7355,
2018,"EL","EUR","MED_EI","A1","One adult","Median equivalised income","Euro",7406,
2019,"EL","EUR","MED_EI","A1","One adult","Median equivalised income","Euro",7650,
2020,"EL","EUR","MED_EI","A1","One adult","Median equivalised income","Euro",8064,
2021,"EL","EUR","MED_EI","A1","One adult","Median equivalised income","Euro",8084,
2022,"EL","EUR","MED_EI","A1","One adult","Median equivalised income","Euro",8820,
2023,"EL","EUR","MED_EI","A1","One adult","Median equivalised income","Euro",9340,
2024,"EL","EUR","MED_EI","A1","One adult","Median equivalised income","Euro",9800,
2025,"EL","EUR","MED_EI","A1","One adult","Median equivalised income","Euro",10330,
1995,"EL","NAC","MED_EI","A1","One adult","Median equivalised income","National currency",3669,
1996,"EL","NAC","MED_EI","A1","One adult","Median equivalised income","National currency",4271,
1997,"EL","NAC","MED_EI","A1","One adult","Median equivalised income","National currency",4574,
1998,"EL","NAC","MED_EI","A1","One adult","Median equivalised income","National currency",4634,
1999,"EL","NAC","MED_EI","A1","One adult","Median equivalised income","National currency",4990,
2000,"EL","NAC","MED_EI","A1","One adult","Median equivalised income","National currency",5572,
2001,"EL","NAC","MED_EI","A1","One adult","Median equivalised income","National currency",5804,
2003,"EL","NAC","MED_EI","A1","One adult","Median equivalised income","National currency",7000,"b"
2004,"EL","NAC","MED_EI","A1","One adult","Median equivalised income","National currency",7430,
2005,"EL","NAC","MED_EI","A1","One adult","Median equivalised income","National currency",8150,
2006,"EL","NAC","MED_EI","A1","One adult","Median equivalised income","National currency",8700,
2007,"EL","NAC","MED_EI","A1","One adult","Median equivalised income","National currency",8700,
2008,"EL","NAC","MED_EI","A1","One adult","Median equivalised income","National currency",9600,
2009,"EL","NAC","MED_EI","A1","One adult","Median equivalised income","National currency",9836,
2010,"EL","NAC","MED_EI","A1","One adult","Median equivalised income","National currency",10000,
2011,"EL","NAC","MED_EI","A1","One adult","Median equivalised income","National currency",9130,
2012,"EL","NAC","MED_EI","A1","One adult","Median equivalised income","National currency",9050,
2013,"EL","NAC","MED_EI","A1","One adult","Median equivalised income","National currency",8400,
2014,"EL","NAC","MED_EI","A1","One adult","Median equivalised income","National currency",7730,
2015,"EL","NAC","MED_EI","A1","One adult","Median equivalised income","National currency",7440,
2016,"EL","NAC","MED_EI","A1","One adult","Median equivalised income","National currency",7420,
2017,"EL","NAC","MED_EI","A1","One adult","Median equivalised income","National currency",7355,
2018,"EL","NAC","MED_EI","A1","One adult","Median equivalised income","National currency",7406,
2019,"EL","NAC","MED_EI","A1","One adult","Median equivalised income","National currency",7650,
2020,"EL","NAC","MED_EI","A1","One adult","Median equivalised income","National currency",8064,
2021,"EL","NAC","MED_EI","A1","One adult","Median equivalised income","National currency",8084,
2022,"EL","NAC","MED_EI","A1","One adult","Median equivalised income","National currency",8820,
2023,"EL","NAC","MED_EI","A1","One adult","Median equivalised income","National currency",9340,
2024,"EL","NAC","MED_EI","A1","One adult","Median equivalised income","National currency",9800,
2025,"EL","NAC","MED_EI","A1","One adult","Median equivalised income","National currency",10330,
1995,"EL","PPS","MED_EI","A1","One adult","Median equivalised income","Purchasing power standard (PPS)",5520,
1996,"EL","PPS","MED_EI","A1","One adult","Median equivalised income","Purchasing power standard (PPS)",6080,
1997,"EL","PPS","MED_EI","A1","One adult","Median equivalised income","Purchasing power standard (PPS)",6258,
1998,"EL","PPS","MED_EI","A1","One adult","Median equivalised income","Purchasing power standard (PPS)",6091,
1999,"EL","PPS","MED_EI","A1","One adult","Median equivalised income","Purchasing power standard (PPS)",6337,
2000,"EL","PPS","MED_EI","A1","One adult","Median equivalised income","Purchasing power standard (PPS)",7335,
2001,"EL","PPS","MED_EI","A1","One adult","Median equivalised income","Purchasing power standard (PPS)",7408,
2003,"EL","PPS","MED_EI","A1","One adult","Median equivalised income","Purchasing power standard (PPS)",8729,"b"
2004,"EL","PPS","MED_EI","A1","One adult","Median equivalised income","Purchasing power standard (PPS)",8652,
2005,"EL","PPS","MED_EI","A1","One adult","Median equivalised income","Purchasing power standard (PPS)",9304,
2006,"EL","PPS","MED_EI","A1","One adult","Median equivalised income","Purchasing power standard (PPS)",9858,
2007,"EL","PPS","MED_EI","A1","One adult","Median equivalised income","Purchasing power standard (PPS)",9770,
2008,"EL","PPS","MED_EI","A1","One adult","Median equivalised income","Purchasing power standard (PPS)",10695,
2009,"EL","PPS","MED_EI","A1","One adult","Median equivalised income","Purchasing power standard (PPS)",10803,
2010,"EL","PPS","MED_EI","A1","One adult","Median equivalised income","Purchasing power standard (PPS)",10532,
2011,"EL","PPS","MED_EI","A1","One adult","Median equivalised income","Purchasing power standard (PPS)",9664,
2012,"EL","PPS","MED_EI","A1","One adult","Median equivalised income","Purchasing power standard (PPS)",9573,
2013,"EL","PPS","MED_EI","A1","One adult","Median equivalised income","Purchasing power standard (PPS)",9077,
2014,"EL","PPS","MED_EI","A1","One adult","Median equivalised income","Purchasing power standard (PPS)",8731,
2015,"EL","PPS","MED_EI","A1","One adult","Median equivalised income","Purchasing power standard (PPS)",8708,
2016,"EL","PPS","MED_EI","A1","One adult","Median equivalised income","Purchasing power standard (PPS)",8951,
2017,"EL","PPS","MED_EI","A1","One adult","Median equivalised income","Purchasing power standard (PPS)",8744,
2018,"EL","PPS","MED_EI","A1","One adult","Median equivalised income","Purchasing power standard (PPS)",8707,
2019,"EL","PPS","MED_EI","A1","One adult","Median equivalised income","Purchasing power standard (PPS)",9115,
2020,"EL","PPS","MED_EI","A1","One adult","Median equivalised income","Purchasing power standard (PPS)",9344,
2021,"EL","PPS","MED_EI","A1","One adult","Median equivalised income","Purchasing power standard (PPS)",9160,
2022,"EL","PPS","MED_EI","A1","One adult","Median equivalised income","Purchasing power standard (PPS)",10044,
2023,"EL","PPS","MED_EI","A1","One adult","Median equivalised income","Purchasing power standard (PPS)",10584,
2024,"EL","PPS","MED_EI","A1","One adult","Median equivalised income","Purchasing power standard (PPS)",11233,
2025,"EL","PPS","MED_EI","A1","One adult","Median equivalised income","Purchasing power standard (PPS)",12018,
1995,"EL","EUR","MEAN_EI","A1_DCH","One adult with dependent children","Mean equivalised income","Euro",5523,
1996,"EL","EUR","MEAN_EI","A1_DCH","One adult with dependent children","Mean equivalised income","Euro",5756,
1997,"EL","EUR","MEAN_EI","A1_DCH","One adult with dependent children","Mean equivalised income","Euro",7099,
1998,"EL","EUR","MEAN_EI","A1_DCH","One adult with dependent children","Mean equivalised income","Euro",7541,
1999,"EL","EUR","MEAN_EI","A1_DCH","One adult with dependent children","Mean equivalised income","Euro",6814,"u"
2000,"EL","EUR","MEAN_EI","A1_DCH","One adult with dependent children","Mean equivalised income","Euro",6599,"u"
2001,"EL","EUR","MEAN_EI","A1_DCH","One adult with dependent children","Mean equivalised income","Euro",6603,
2003,"EL","EUR","MEAN_EI","A1_DCH","One adult with dependent children","Mean equivalised income","Euro",7396,"b"
2004,"EL","EUR","MEAN_EI","A1_DCH","One adult with dependent children","Mean equivalised income","Euro",7862,
2005,"EL","EUR","MEAN_EI","A1_DCH","One adult with dependent children","Mean equivalised income","Euro",7737,
2006,"EL","EUR","MEAN_EI","A1_DCH","One adult with dependent children","Mean equivalised income","Euro",9494,
2007,"EL","EUR","MEAN_EI","A1_DCH","One adult with dependent children","Mean equivalised income","Euro",10240,
2008,"EL","EUR","MEAN_EI","A1_DCH","One adult with dependent children","Mean equivalised income","Euro",11275,
2009,"EL","EUR","MEAN_EI","A1_DCH","One adult with dependent children","Mean equivalised income","Euro",10408,
2010,"EL","EUR","MEAN_EI","A1_DCH","One adult with dependent children","Mean equivalised income","Euro",10669,
2011,"EL","EUR","MEAN_EI","A1_DCH","One adult with dependent children","Mean equivalised income","Euro",8256,
2012,"EL","EUR","MEAN_EI","A1_DCH","One adult with dependent children","Mean equivalised income","Euro",6295,
2013,"EL","EUR","MEAN_EI","A1_DCH","One adult with dependent children","Mean equivalised income","Euro",6398,
2014,"EL","EUR","MEAN_EI","A1_DCH","One adult with dependent children","Mean equivalised income","Euro",7439,
2015,"EL","EUR","MEAN_EI","A1_DCH","One adult with dependent children","Mean equivalised income","Euro",6590,
2016,"EL","EUR","MEAN_EI","A1_DCH","One adult with dependent children","Mean equivalised income","Euro",6705,
2017,"EL","EUR","MEAN_EI","A1_DCH","One adult with dependent children","Mean equivalised income","Euro",6827,
2018,"EL","EUR","MEAN_EI","A1_DCH","One adult with dependent children","Mean equivalised income","Euro",7074,
2019,"EL","EUR","MEAN_EI","A1_DCH","One adult with dependent children","Mean equivalised income","Euro",7905,
2020,"EL","EUR","MEAN_EI","A1_DCH","One adult with dependent children","Mean equivalised income","Euro",8238,
2021,"EL","EUR","MEAN_EI","A1_DCH","One adult with dependent children","Mean equivalised income","Euro",7833,
2022,"EL","EUR","MEAN_EI","A1_DCH","One adult with dependent children","Mean equivalised income","Euro",7673,
2023,"EL","EUR","MEAN_EI","A1_DCH","One adult with dependent children","Mean equivalised income","Euro",7904,
2024,"EL","EUR","MEAN_EI","A1_DCH","One adult with dependent children","Mean equivalised income","Euro",9039,
2025,"EL","EUR","MEAN_EI","A1_DCH","One adult with dependent children","Mean equivalised income","Euro",10246,
1995,"EL","NAC","MEAN_EI","A1_DCH","One adult with dependent children","Mean equivalised income","National currency",4725,
1996,"EL","NAC","MEAN_EI","A1_DCH","One adult with dependent children","Mean equivalised income","National currency",5180,
1997,"EL","NAC","MEAN_EI","A1_DCH","One adult with dependent children","Mean equivalised income","National currency",6443,
1998,"EL","NAC","MEAN_EI","A1_DCH","One adult with dependent children","Mean equivalised income","National currency",6929,
1999,"EL","NAC","MEAN_EI","A1_DCH","One adult with dependent children","Mean equivalised income","National currency",6693,"u"
2000,"EL","NAC","MEAN_EI","A1_DCH","One adult with dependent children","Mean equivalised income","National currency",6386,"u"
2001,"EL","NAC","MEAN_EI","A1_DCH","One adult with dependent children","Mean equivalised income","National currency",6603,
2003,"EL","NAC","MEAN_EI","A1_DCH","One adult with dependent children","Mean equivalised income","National currency",7396,"b"
2004,"EL","NAC","MEAN_EI","A1_DCH","One adult with dependent children","Mean equivalised income","National currency",7862,
2005,"EL","NAC","MEAN_EI","A1_DCH","One adult with dependent children","Mean equivalised income","National currency",7737,
2006,"EL","NAC","MEAN_EI","A1_DCH","One adult with dependent children","Mean equivalised income","National currency",9494,
2007,"EL","NAC","MEAN_EI","A1_DCH","One adult with dependent children","Mean equivalised income","National currency",10240,
2008,"EL","NAC","MEAN_EI","A1_DCH","One adult with dependent children","Mean equivalised income","National currency",11275,
2009,"EL","NAC","MEAN_EI","A1_DCH","One adult with dependent children","Mean equivalised income","National currency",10408,
2010,"EL","NAC","MEAN_EI","A1_DCH","One adult with dependent children","Mean equivalised income","National currency",10669,
2011,"EL","NAC","MEAN_EI","A1_DCH","One adult with dependent children","Mean equivalised income","National currency",8256,
2012,"EL","NAC","MEAN_EI","A1_DCH","One adult with dependent children","Mean equivalised income","National currency",6295,
2013,"EL","NAC","MEAN_EI","A1_DCH","One adult with dependent children","Mean equivalised income","National currency",6398,
2014,"EL","NAC","MEAN_EI","A1_DCH","One adult with dependent children","Mean equivalised income","National currency",7439,
2015,"EL","NAC","MEAN_EI","A1_DCH","One adult with dependent children","Mean equivalised income","National currency",6590,
2016,"EL","NAC","MEAN_EI","A1_DCH","One adult with dependent children","Mean equivalised income","National currency",6705,
2017,"EL","NAC","MEAN_EI","A1_DCH","One adult with dependent children","Mean equivalised income","National currency",6827,
2018,"EL","NAC","MEAN_EI","A1_DCH","One adult with dependent children","Mean equivalised income","National currency",7074,
2019,"EL","NAC","MEAN_EI","A1_DCH","One adult with dependent children","Mean equivalised income","National currency",7905,
2020,"EL","NAC","MEAN_EI","A1_DCH","One adult with dependent children","Mean equivalised income","National currency",8238,
2021,"EL","NAC","MEAN_EI","A1_DCH","One adult with dependent children","Mean equivalised income","National currency",7833,
2022,"EL","NAC","MEAN_EI","A1_DCH","One adult with dependent children","Mean equivalised income","National currency",7673,
2023,"EL","NAC","MEAN_EI","A1_DCH","One adult with dependent children","Mean equivalised income","National currency",7904,
2024,"EL","NAC","MEAN_EI","A1_DCH","One adult with dependent children","Mean equivalised income","National currency",9039,
2025,"EL","NAC","MEAN_EI","A1_DCH","One adult with dependent children","Mean equivalised income","National currency",10246,
1995,"EL","PPS","MEAN_EI","A1_DCH","One adult with dependent children","Mean equivalised income","Purchasing power standard (PPS)",7108,
1996,"EL","PPS","MEAN_EI","A1_DCH","One adult with dependent children","Mean equivalised income","Purchasing power standard (PPS)",7375,
1997,"EL","PPS","MEAN_EI","A1_DCH","One adult with dependent children","Mean equivalised income","Purchasing power standard (PPS)",8814,
1998,"EL","PPS","MEAN_EI","A1_DCH","One adult with dependent children","Mean equivalised income","Purchasing power standard (PPS)",9109,
1999,"EL","PPS","MEAN_EI","A1_DCH","One adult with dependent children","Mean equivalised income","Purchasing power standard (PPS)",8501,"u"
2000,"EL","PPS","MEAN_EI","A1_DCH","One adult with dependent children","Mean equivalised income","Purchasing power standard (PPS)",8406,"u"
2001,"EL","PPS","MEAN_EI","A1_DCH","One adult with dependent children","Mean equivalised income","Purchasing power standard (PPS)",8428,
2003,"EL","PPS","MEAN_EI","A1_DCH","One adult with dependent children","Mean equivalised income","Purchasing power standard (PPS)",9224,"b"
2004,"EL","PPS","MEAN_EI","A1_DCH","One adult with dependent children","Mean equivalised income","Purchasing power standard (PPS)",9155,
2005,"EL","PPS","MEAN_EI","A1_DCH","One adult with dependent children","Mean equivalised income","Purchasing power standard (PPS)",8832,
2006,"EL","PPS","MEAN_EI","A1_DCH","One adult with dependent children","Mean equivalised income","Purchasing power standard (PPS)",10759,
2007,"EL","PPS","MEAN_EI","A1_DCH","One adult with dependent children","Mean equivalised income","Purchasing power standard (PPS)",11500,
2008,"EL","PPS","MEAN_EI","A1_DCH","One adult with dependent children","Mean equivalised income","Purchasing power standard (PPS)",12561,
2009,"EL","PPS","MEAN_EI","A1_DCH","One adult with dependent children","Mean equivalised income","Purchasing power standard (PPS)",11431,
2010,"EL","PPS","MEAN_EI","A1_DCH","One adult with dependent children","Mean equivalised income","Purchasing power standard (PPS)",11236,
2011,"EL","PPS","MEAN_EI","A1_DCH","One adult with dependent children","Mean equivalised income","Purchasing power standard (PPS)",8739,
2012,"EL","PPS","MEAN_EI","A1_DCH","One adult with dependent children","Mean equivalised income","Purchasing power standard (PPS)",6659,
2013,"EL","PPS","MEAN_EI","A1_DCH","One adult with dependent children","Mean equivalised income","Purchasing power standard (PPS)",6913,
2014,"EL","PPS","MEAN_EI","A1_DCH","One adult with dependent children","Mean equivalised income","Purchasing power standard (PPS)",8402,
2015,"EL","PPS","MEAN_EI","A1_DCH","One adult with dependent children","Mean equivalised income","Purchasing power standard (PPS)",7714,
2016,"EL","PPS","MEAN_EI","A1_DCH","One adult with dependent children","Mean equivalised income","Purchasing power standard (PPS)",8089,
2017,"EL","PPS","MEAN_EI","A1_DCH","One adult with dependent children","Mean equivalised income","Purchasing power standard (PPS)",8117,
2018,"EL","PPS","MEAN_EI","A1_DCH","One adult with dependent children","Mean equivalised income","Purchasing power standard (PPS)",8316,
2019,"EL","PPS","MEAN_EI","A1_DCH","One adult with dependent children","Mean equivalised income","Purchasing power standard (PPS)",9419,
2020,"EL","PPS","MEAN_EI","A1_DCH","One adult with dependent children","Mean equivalised income","Purchasing power standard (PPS)",9545,
2021,"EL","PPS","MEAN_EI","A1_DCH","One adult with dependent children","Mean equivalised income","Purchasing power standard (PPS)",8876,
2022,"EL","PPS","MEAN_EI","A1_DCH","One adult with dependent children","Mean equivalised income","Purchasing power standard (PPS)",8737,
2023,"EL","PPS","MEAN_EI","A1_DCH","One adult with dependent children","Mean equivalised income","Purchasing power standard (PPS)",8957,
2024,"EL","PPS","MEAN_EI","A1_DCH","One adult with dependent children","Mean equivalised income","Purchasing power standard (PPS)",10360,
2025,"EL","PPS","MEAN_EI","A1_DCH","One adult with dependent children","Mean equivalised income","Purchasing power standard (PPS)",11921,
1995,"EL","EUR","MED_EI","A1_DCH","One adult with dependent children","Median equivalised income","Euro",4487,
1996,"EL","EUR","MED_EI","A1_DCH","One adult with dependent children","Median equivalised income","Euro",4697,
1997,"EL","EUR","MED_EI","A1_DCH","One adult with dependent children","Median equivalised income","Euro",4970,
1998,"EL","EUR","MED_EI","A1_DCH","One adult with dependent children","Median equivalised income","Euro",6109,
1999,"EL","EUR","MED_EI","A1_DCH","One adult with dependent children","Median equivalised income","Euro",5919,"u"
2000,"EL","EUR","MED_EI","A1_DCH","One adult with dependent children","Median equivalised income","Euro",5893,"u"
2001,"EL","EUR","MED_EI","A1_DCH","One adult with dependent children","Median equivalised income","Euro",6443,
2003,"EL","EUR","MED_EI","A1_DCH","One adult with dependent children","Median equivalised income","Euro",6770,"b"
2004,"EL","EUR","MED_EI","A1_DCH","One adult with dependent children","Median equivalised income","Euro",6425,
2005,"EL","EUR","MED_EI","A1_DCH","One adult with dependent children","Median equivalised income","Euro",6267,
2006,"EL","EUR","MED_EI","A1_DCH","One adult with dependent children","Median equivalised income","Euro",9095,
2007,"EL","EUR","MED_EI","A1_DCH","One adult with dependent children","Median equivalised income","Euro",7641,
2008,"EL","EUR","MED_EI","A1_DCH","One adult with dependent children","Median equivalised income","Euro",9080,
2009,"EL","EUR","MED_EI","A1_DCH","One adult with dependent children","Median equivalised income","Euro",9000,
2010,"EL","EUR","MED_EI","A1_DCH","One adult with dependent children","Median equivalised income","Euro",9833,
2011,"EL","EUR","MED_EI","A1_DCH","One adult with dependent children","Median equivalised income","Euro",7220,
2012,"EL","EUR","MED_EI","A1_DCH","One adult with dependent children","Median equivalised income","Euro",5019,
2013,"EL","EUR","MED_EI","A1_DCH","One adult with dependent children","Median equivalised income","Euro",5910,
2014,"EL","EUR","MED_EI","A1_DCH","One adult with dependent children","Median equivalised income","Euro",6400,
2015,"EL","EUR","MED_EI","A1_DCH","One adult with dependent children","Median equivalised income","Euro",6125,
2016,"EL","EUR","MED_EI","A1_DCH","One adult with dependent children","Median equivalised income","Euro",5829,
2017,"EL","EUR","MED_EI","A1_DCH","One adult with dependent children","Median equivalised income","Euro",6120,
2018,"EL","EUR","MED_EI","A1_DCH","One adult with dependent children","Median equivalised income","Euro",6025,
2019,"EL","EUR","MED_EI","A1_DCH","One adult with dependent children","Median equivalised income","Euro",6460,
2020,"EL","EUR","MED_EI","A1_DCH","One adult with dependent children","Median equivalised income","Euro",7468,
2021,"EL","EUR","MED_EI","A1_DCH","One adult with dependent children","Median equivalised income","Euro",6665,
2022,"EL","EUR","MED_EI","A1_DCH","One adult with dependent children","Median equivalised income","Euro",7155,
2023,"EL","EUR","MED_EI","A1_DCH","One adult with dependent children","Median equivalised income","Euro",7227,
2024,"EL","EUR","MED_EI","A1_DCH","One adult with dependent children","Median equivalised income","Euro",8602,
2025,"EL","EUR","MED_EI","A1_DCH","One adult with dependent children","Median equivalised income","Euro",9175,
1995,"EL","NAC","MED_EI","A1_DCH","One adult with dependent children","Median equivalised income","National currency",3838,
1996,"EL","NAC","MED_EI","A1_DCH","One adult with dependent children","Median equivalised income","National currency",4227,
1997,"EL","NAC","MED_EI","A1_DCH","One adult with dependent children","Median equivalised income","National currency",4511,
1998,"EL","NAC","MED_EI","A1_DCH","One adult with dependent children","Median equivalised income","National currency",5614,
1999,"EL","NAC","MED_EI","A1_DCH","One adult with dependent children","Median equivalised income","National currency",5814,"u"
2000,"EL","NAC","MED_EI","A1_DCH","One adult with dependent children","Median equivalised income","National currency",5703,"u"
2001,"EL","NAC","MED_EI","A1_DCH","One adult with dependent children","Median equivalised income","National currency",6443,
2003,"EL","NAC","MED_EI","A1_DCH","One adult with dependent children","Median equivalised income","National currency",6770,"b"
2004,"EL","NAC","MED_EI","A1_DCH","One adult with dependent children","Median equivalised income","National currency",6425,
2005,"EL","NAC","MED_EI","A1_DCH","One adult with dependent children","Median equivalised income","National currency",6267,
2006,"EL","NAC","MED_EI","A1_DCH","One adult with dependent children","Median equivalised income","National currency",9095,
2007,"EL","NAC","MED_EI","A1_DCH","One adult with dependent children","Median equivalised income","National currency",7641,
2008,"EL","NAC","MED_EI","A1_DCH","One adult with dependent children","Median equivalised income","National currency",9080,
2009,"EL","NAC","MED_EI","A1_DCH","One adult with dependent children","Median equivalised income","National currency",9000,
2010,"EL","NAC","MED_EI","A1_DCH","One adult with dependent children","Median equivalised income","National currency",9833,
2011,"EL","NAC","MED_EI","A1_DCH","One adult with dependent children","Median equivalised income","National currency",7220,
2012,"EL","NAC","MED_EI","A1_DCH","One adult with dependent children","Median equivalised income","National currency",5019,
2013,"EL","NAC","MED_EI","A1_DCH","One adult with dependent children","Median equivalised income","National currency",5910,
2014,"EL","NAC","MED_EI","A1_DCH","One adult with dependent children","Median equivalised income","National currency",6400,
2015,"EL","NAC","MED_EI","A1_DCH","One adult with dependent children","Median equivalised income","National currency",6125,
2016,"EL","NAC","MED_EI","A1_DCH","One adult with dependent children","Median equivalised income","National currency",5829,
2017,"EL","NAC","MED_EI","A1_DCH","One adult with dependent children","Median equivalised income","National currency",6120,
2018,"EL","NAC","MED_EI","A1_DCH","One adult with dependent children","Median equivalised income","National currency",6025,
2019,"EL","NAC","MED_EI","A1_DCH","One adult with dependent children","Median equivalised income","National currency",6460,
2020,"EL","NAC","MED_EI","A1_DCH","One adult with dependent children","Median equivalised income","National currency",7468,
2021,"EL","NAC","MED_EI","A1_DCH","One adult with dependent children","Median equivalised income","National currency",6665,
2022,"EL","NAC","MED_EI","A1_DCH","One adult with dependent children","Median equivalised income","National currency",7155,
2023,"EL","NAC","MED_EI","A1_DCH","One adult with dependent children","Median equivalised income","National currency",7227,
2024,"EL","NAC","MED_EI","A1_DCH","One adult with dependent children","Median equivalised income","National currency",8602,
2025,"EL","NAC","MED_EI","A1_DCH","One adult with dependent children","Median equivalised income","National currency",9175,
1995,"EL","PPS","MED_EI","A1_DCH","One adult with dependent children","Median equivalised income","Purchasing power standard (PPS)",5774,
1996,"EL","PPS","MED_EI","A1_DCH","One adult with dependent children","Median equivalised income","Purchasing power standard (PPS)",6017,
1997,"EL","PPS","MED_EI","A1_DCH","One adult with dependent children","Median equivalised income","Purchasing power standard (PPS)",6171,
1998,"EL","PPS","MED_EI","A1_DCH","One adult with dependent children","Median equivalised income","Purchasing power standard (PPS)",7380,
1999,"EL","PPS","MED_EI","A1_DCH","One adult with dependent children","Median equivalised income","Purchasing power standard (PPS)",7384,"u"
2000,"EL","PPS","MED_EI","A1_DCH","One adult with dependent children","Median equivalised income","Purchasing power standard (PPS)",7507,"u"
2001,"EL","PPS","MED_EI","A1_DCH","One adult with dependent children","Median equivalised income","Purchasing power standard (PPS)",8224,
2003,"EL","PPS","MED_EI","A1_DCH","One adult with dependent children","Median equivalised income","Purchasing power standard (PPS)",8443,"b"
2004,"EL","PPS","MED_EI","A1_DCH","One adult with dependent children","Median equivalised income","Purchasing power standard (PPS)",7482,
2005,"EL","PPS","MED_EI","A1_DCH","One adult with dependent children","Median equivalised income","Purchasing power standard (PPS)",7154,
2006,"EL","PPS","MED_EI","A1_DCH","One adult with dependent children","Median equivalised income","Purchasing power standard (PPS)",10307,
2007,"EL","PPS","MED_EI","A1_DCH","One adult with dependent children","Median equivalised income","Purchasing power standard (PPS)",8581,
2008,"EL","PPS","MED_EI","A1_DCH","One adult with dependent children","Median equivalised income","Purchasing power standard (PPS)",10116,
2009,"EL","PPS","MED_EI","A1_DCH","One adult with dependent children","Median equivalised income","Purchasing power standard (PPS)",9885,
2010,"EL","PPS","MED_EI","A1_DCH","One adult with dependent children","Median equivalised income","Purchasing power standard (PPS)",10356,
2011,"EL","PPS","MED_EI","A1_DCH","One adult with dependent children","Median equivalised income","Purchasing power standard (PPS)",7642,
2012,"EL","PPS","MED_EI","A1_DCH","One adult with dependent children","Median equivalised income","Purchasing power standard (PPS)",5309,
2013,"EL","PPS","MED_EI","A1_DCH","One adult with dependent children","Median equivalised income","Purchasing power standard (PPS)",6386,
2014,"EL","PPS","MED_EI","A1_DCH","One adult with dependent children","Median equivalised income","Purchasing power standard (PPS)",7228,
2015,"EL","PPS","MED_EI","A1_DCH","One adult with dependent children","Median equivalised income","Purchasing power standard (PPS)",7169,
2016,"EL","PPS","MED_EI","A1_DCH","One adult with dependent children","Median equivalised income","Purchasing power standard (PPS)",7032,
2017,"EL","PPS","MED_EI","A1_DCH","One adult with dependent children","Median equivalised income","Purchasing power standard (PPS)",7276,
2018,"EL","PPS","MED_EI","A1_DCH","One adult with dependent children","Median equivalised income","Purchasing power standard (PPS)",7083,
2019,"EL","PPS","MED_EI","A1_DCH","One adult with dependent children","Median equivalised income","Purchasing power standard (PPS)",7697,
2020,"EL","PPS","MED_EI","A1_DCH","One adult with dependent children","Median equivalised income","Purchasing power standard (PPS)",8653,
2021,"EL","PPS","MED_EI","A1_DCH","One adult with dependent children","Median equivalised income","Purchasing power standard (PPS)",7552,
2022,"EL","PPS","MED_EI","A1_DCH","One adult with dependent children","Median equivalised income","Purchasing power standard (PPS)",8148,
2023,"EL","PPS","MED_EI","A1_DCH","One adult with dependent children","Median equivalised income","Purchasing power standard (PPS)",8189,
2024,"EL","PPS","MED_EI","A1_DCH","One adult with dependent children","Median equivalised income","Purchasing power standard (PPS)",9860,
2025,"EL","PPS","MED_EI","A1_DCH","One adult with dependent children","Median equivalised income","Purchasing power standard (PPS)",10674,
2003,"EL","EUR","MEAN_EI","A2","Two adults","Mean equivalised income","Euro",9626,"b"
2004,"EL","EUR","MEAN_EI","A2","Two adults","Mean equivalised income","Euro",9926,
2005,"EL","EUR","MEAN_EI","A2","Two adults","Mean equivalised income","Euro",10710,
2006,"EL","EUR","MEAN_EI","A2","Two adults","Mean equivalised income","Euro",11411,
2007,"EL","EUR","MEAN_EI","A2","Two adults","Mean equivalised income","Euro",12431,
2008,"EL","EUR","MEAN_EI","A2","Two adults","Mean equivalised income","Euro",13109,
2009,"EL","EUR","MEAN_EI","A2","Two adults","Mean equivalised income","Euro",13904,
2010,"EL","EUR","MEAN_EI","A2","Two adults","Mean equivalised income","Euro",13904,
2011,"EL","EUR","MEAN_EI","A2","Two adults","Mean equivalised income","Euro",12584,
2012,"EL","EUR","MEAN_EI","A2","Two adults","Mean equivalised income","Euro",11406,
2013,"EL","EUR","MEAN_EI","A2","Two adults","Mean equivalised income","Euro",10579,
2014,"EL","EUR","MEAN_EI","A2","Two adults","Mean equivalised income","Euro",9501,
2015,"EL","EUR","MEAN_EI","A2","Two adults","Mean equivalised income","Euro",9498,
2016,"EL","EUR","MEAN_EI","A2","Two adults","Mean equivalised income","Euro",9464,
2017,"EL","EUR","MEAN_EI","A2","Two adults","Mean equivalised income","Euro",9695,
2018,"EL","EUR","MEAN_EI","A2","Two adults","Mean equivalised income","Euro",10123,
2019,"EL","EUR","MEAN_EI","A2","Two adults","Mean equivalised income","Euro",10578,
2020,"EL","EUR","MEAN_EI","A2","Two adults","Mean equivalised income","Euro",11184,
2021,"EL","EUR","MEAN_EI","A2","Two adults","Mean equivalised income","Euro",11010,
2022,"EL","EUR","MEAN_EI","A2","Two adults","Mean equivalised income","Euro",11702,
2023,"EL","EUR","MEAN_EI","A2","Two adults","Mean equivalised income","Euro",12332,
2024,"EL","EUR","MEAN_EI","A2","Two adults","Mean equivalised income","Euro",13025,
2025,"EL","EUR","MEAN_EI","A2","Two adults","Mean equivalised income","Euro",14053,
2003,"EL","NAC","MEAN_EI","A2","Two adults","Mean equivalised income","National currency",9626,"b"
2004,"EL","NAC","MEAN_EI","A2","Two adults","Mean equivalised income","National currency",9926,
2005,"EL","NAC","MEAN_EI","A2","Two adults","Mean equivalised income","National currency",10710,
2006,"EL","NAC","MEAN_EI","A2","Two adults","Mean equivalised income","National currency",11411,
2007,"EL","NAC","MEAN_EI","A2","Two adults","Mean equivalised income","National currency",12431,
2008,"EL","NAC","MEAN_EI","A2","Two adults","Mean equivalised income","National currency",13109,
2009,"EL","NAC","MEAN_EI","A2","Two adults","Mean equivalised income","National currency",13904,
2010,"EL","NAC","MEAN_EI","A2","Two adults","Mean equivalised income","National currency",13904,
2011,"EL","NAC","MEAN_EI","A2","Two adults","Mean equivalised income","National currency",12584,
2012,"EL","NAC","MEAN_EI","A2","Two adults","Mean equivalised income","National currency",11406,
2013,"EL","NAC","MEAN_EI","A2","Two adults","Mean equivalised income","National currency",10579,
2014,"EL","NAC","MEAN_EI","A2","Two adults","Mean equivalised income","National currency",9501,
2015,"EL","NAC","MEAN_EI","A2","Two adults","Mean equivalised income","National currency",9498,
2016,"EL","NAC","MEAN_EI","A2","Two adults","Mean equivalised income","National currency",9464,
2017,"EL","NAC","MEAN_EI","A2","Two adults","Mean equivalised income","National currency",9695,
2018,"EL","NAC","MEAN_EI","A2","Two adults","Mean equivalised income","National currency",10123,
2019,"EL","NAC","MEAN_EI","A2","Two adults","Mean equivalised income","National currency",10578,
2020,"EL","NAC","MEAN_EI","A2","Two adults","Mean equivalised income","National currency",11184,
2021,"EL","NAC","MEAN_EI","A2","Two adults","Mean equivalised income","National currency",11010,
2022,"EL","NAC","MEAN_EI","A2","Two adults","Mean equivalised income","National currency",11702,
2023,"EL","NAC","MEAN_EI","A2","Two adults","Mean equivalised income","National currency",12332,
2024,"EL","NAC","MEAN_EI","A2","Two adults","Mean equivalised income","National currency",13025,
2025,"EL","NAC","MEAN_EI","A2","Two adults","Mean equivalised income","National currency",14053,
2003,"EL","PPS","MEAN_EI","A2","Two adults","Mean equivalised income","Purchasing power standard (PPS)",12004,"b"
2004,"EL","PPS","MEAN_EI","A2","Two adults","Mean equivalised income","Purchasing power standard (PPS)",11558,
2005,"EL","PPS","MEAN_EI","A2","Two adults","Mean equivalised income","Purchasing power standard (PPS)",12226,
2006,"EL","PPS","MEAN_EI","A2","Two adults","Mean equivalised income","Purchasing power standard (PPS)",12931,
2007,"EL","PPS","MEAN_EI","A2","Two adults","Mean equivalised income","Purchasing power standard (PPS)",13960,
2008,"EL","PPS","MEAN_EI","A2","Two adults","Mean equivalised income","Purchasing power standard (PPS)",14604,
2009,"EL","PPS","MEAN_EI","A2","Two adults","Mean equivalised income","Purchasing power standard (PPS)",15271,
2010,"EL","PPS","MEAN_EI","A2","Two adults","Mean equivalised income","Purchasing power standard (PPS)",14643,
2011,"EL","PPS","MEAN_EI","A2","Two adults","Mean equivalised income","Purchasing power standard (PPS)",13320,
2012,"EL","PPS","MEAN_EI","A2","Two adults","Mean equivalised income","Purchasing power standard (PPS)",12066,
2013,"EL","PPS","MEAN_EI","A2","Two adults","Mean equivalised income","Purchasing power standard (PPS)",11431,
2014,"EL","PPS","MEAN_EI","A2","Two adults","Mean equivalised income","Purchasing power standard (PPS)",10731,
2015,"EL","PPS","MEAN_EI","A2","Two adults","Mean equivalised income","Purchasing power standard (PPS)",11117,
2016,"EL","PPS","MEAN_EI","A2","Two adults","Mean equivalised income","Purchasing power standard (PPS)",11417,
2017,"EL","PPS","MEAN_EI","A2","Two adults","Mean equivalised income","Purchasing power standard (PPS)",11526,
2018,"EL","PPS","MEAN_EI","A2","Two adults","Mean equivalised income","Purchasing power standard (PPS)",11902,
2019,"EL","PPS","MEAN_EI","A2","Two adults","Mean equivalised income","Purchasing power standard (PPS)",12604,
2020,"EL","PPS","MEAN_EI","A2","Two adults","Mean equivalised income","Purchasing power standard (PPS)",12959,
2021,"EL","PPS","MEAN_EI","A2","Two adults","Mean equivalised income","Purchasing power standard (PPS)",12477,
2022,"EL","PPS","MEAN_EI","A2","Two adults","Mean equivalised income","Purchasing power standard (PPS)",13326,
2023,"EL","PPS","MEAN_EI","A2","Two adults","Mean equivalised income","Purchasing power standard (PPS)",13974,
2024,"EL","PPS","MEAN_EI","A2","Two adults","Mean equivalised income","Purchasing power standard (PPS)",14930,
2025,"EL","PPS","MEAN_EI","A2","Two adults","Mean equivalised income","Purchasing power standard (PPS)",16349,
2003,"EL","EUR","MED_EI","A2","Two adults","Median equivalised income","Euro",7733,"b"
2004,"EL","EUR","MED_EI","A2","Two adults","Median equivalised income","Euro",8107,
2005,"EL","EUR","MED_EI","A2","Two adults","Median equivalised income","Euro",8793,
2006,"EL","EUR","MED_EI","A2","Two adults","Median equivalised income","Euro",9533,
2007,"EL","EUR","MED_EI","A2","Two adults","Median equivalised income","Euro",10080,
2008,"EL","EUR","MED_EI","A2","Two adults","Median equivalised income","Euro",10737,
2009,"EL","EUR","MED_EI","A2","Two adults","Median equivalised income","Euro",11220,
2010,"EL","EUR","MED_EI","A2","Two adults","Median equivalised income","Euro",11400,
2011,"EL","EUR","MED_EI","A2","Two adults","Median equivalised income","Euro",10400,
2012,"EL","EUR","MED_EI","A2","Two adults","Median equivalised income","Euro",9880,
2013,"EL","EUR","MED_EI","A2","Two adults","Median equivalised income","Euro",9040,
2014,"EL","EUR","MED_EI","A2","Two adults","Median equivalised income","Euro",8167,
2015,"EL","EUR","MED_EI","A2","Two adults","Median equivalised income","Euro",8240,
2016,"EL","EUR","MED_EI","A2","Two adults","Median equivalised income","Euro",8253,
2017,"EL","EUR","MED_EI","A2","Two adults","Median equivalised income","Euro",8327,
2018,"EL","EUR","MED_EI","A2","Two adults","Median equivalised income","Euro",8533,
2019,"EL","EUR","MED_EI","A2","Two adults","Median equivalised income","Euro",9033,
2020,"EL","EUR","MED_EI","A2","Two adults","Median equivalised income","Euro",9513,
2021,"EL","EUR","MED_EI","A2","Two adults","Median equivalised income","Euro",9272,
2022,"EL","EUR","MED_EI","A2","Two adults","Median equivalised income","Euro",10027,
2023,"EL","EUR","MED_EI","A2","Two adults","Median equivalised income","Euro",10657,
2024,"EL","EUR","MED_EI","A2","Two adults","Median equivalised income","Euro",11347,
2025,"EL","EUR","MED_EI","A2","Two adults","Median equivalised income","Euro",12153,
2003,"EL","NAC","MED_EI","A2","Two adults","Median equivalised income","National currency",7733,"b"
2004,"EL","NAC","MED_EI","A2","Two adults","Median equivalised income","National currency",8107,
2005,"EL","NAC","MED_EI","A2","Two adults","Median equivalised income","National currency",8793,
2006,"EL","NAC","MED_EI","A2","Two adults","Median equivalised income","National currency",9533,
2007,"EL","NAC","MED_EI","A2","Two adults","Median equivalised income","National currency",10080,
2008,"EL","NAC","MED_EI","A2","Two adults","Median equivalised income","National currency",10737,
2009,"EL","NAC","MED_EI","A2","Two adults","Median equivalised income","National currency",11220,
2010,"EL","NAC","MED_EI","A2","Two adults","Median equivalised income","National currency",11400,
2011,"EL","NAC","MED_EI","A2","Two adults","Median equivalised income","National currency",10400,
2012,"EL","NAC","MED_EI","A2","Two adults","Median equivalised income","National currency",9880,
2013,"EL","NAC","MED_EI","A2","Two adults","Median equivalised income","National currency",9040,
2014,"EL","NAC","MED_EI","A2","Two adults","Median equivalised income","National currency",8167,
2015,"EL","NAC","MED_EI","A2","Two adults","Median equivalised income","National currency",8240,
2016,"EL","NAC","MED_EI","A2","Two adults","Median equivalised income","National currency",8253,
2017,"EL","NAC","MED_EI","A2","Two adults","Median equivalised income","National currency",8327,
2018,"EL","NAC","MED_EI","A2","Two adults","Median equivalised income","National currency",8533,
2019,"EL","NAC","MED_EI","A2","Two adults","Median equivalised income","National currency",9033,
2020,"EL","NAC","MED_EI","A2","Two adults","Median equivalised income","National currency",9513,
2021,"EL","NAC","MED_EI","A2","Two adults","Median equivalised income","National currency",9272,
2022,"EL","NAC","MED_EI","A2","Two adults","Median equivalised income","National currency",10027,
2023,"EL","NAC","MED_EI","A2","Two adults","Median equivalised income","National currency",10657,
2024,"EL","NAC","MED_EI","A2","Two adults","Median equivalised income","National currency",11347,
2025,"EL","NAC","MED_EI","A2","Two adults","Median equivalised income","National currency",12153,
2003,"EL","PPS","MED_EI","A2","Two adults","Median equivalised income","Purchasing power standard (PPS)",9644,"b"
2004,"EL","PPS","MED_EI","A2","Two adults","Median equivalised income","Purchasing power standard (PPS)",9440,
2005,"EL","PPS","MED_EI","A2","Two adults","Median equivalised income","Purchasing power standard (PPS)",10038,
2006,"EL","PPS","MED_EI","A2","Two adults","Median equivalised income","Purchasing power standard (PPS)",10803,
2007,"EL","PPS","MED_EI","A2","Two adults","Median equivalised income","Purchasing power standard (PPS)",11320,
2008,"EL","PPS","MED_EI","A2","Two adults","Median equivalised income","Purchasing power standard (PPS)",11961,
2009,"EL","PPS","MED_EI","A2","Two adults","Median equivalised income","Purchasing power standard (PPS)",12323,
2010,"EL","PPS","MED_EI","A2","Two adults","Median equivalised income","Purchasing power standard (PPS)",12006,
2011,"EL","PPS","MED_EI","A2","Two adults","Median equivalised income","Purchasing power standard (PPS)",11008,
2012,"EL","PPS","MED_EI","A2","Two adults","Median equivalised income","Purchasing power standard (PPS)",10451,
2013,"EL","PPS","MED_EI","A2","Two adults","Median equivalised income","Purchasing power standard (PPS)",9768,
2014,"EL","PPS","MED_EI","A2","Two adults","Median equivalised income","Purchasing power standard (PPS)",9224,
2015,"EL","PPS","MED_EI","A2","Two adults","Median equivalised income","Purchasing power standard (PPS)",9645,
2016,"EL","PPS","MED_EI","A2","Two adults","Median equivalised income","Purchasing power standard (PPS)",9956,
2017,"EL","PPS","MED_EI","A2","Two adults","Median equivalised income","Purchasing power standard (PPS)",9899,
2018,"EL","PPS","MED_EI","A2","Two adults","Median equivalised income","Purchasing power standard (PPS)",10032,
2019,"EL","PPS","MED_EI","A2","Two adults","Median equivalised income","Purchasing power standard (PPS)",10764,
2020,"EL","PPS","MED_EI","A2","Two adults","Median equivalised income","Purchasing power standard (PPS)",11023,
2021,"EL","PPS","MED_EI","A2","Two adults","Median equivalised income","Purchasing power standard (PPS)",10507,
2022,"EL","PPS","MED_EI","A2","Two adults","Median equivalised income","Purchasing power standard (PPS)",11418,
2023,"EL","PPS","MED_EI","A2","Two adults","Median equivalised income","Purchasing power standard (PPS)",12077,
2024,"EL","PPS","MED_EI","A2","Two adults","Median equivalised income","Purchasing power standard (PPS)",13006,
2025,"EL","PPS","MED_EI","A2","Two adults","Median equivalised income","Purchasing power standard (PPS)",14139,
1995,"EL","EUR","MEAN_EI","A2_DCH1","Two adults with one dependent child","Mean equivalised income","Euro",7463,
1996,"EL","EUR","MEAN_EI","A2_DCH1","Two adults with one dependent child","Mean equivalised income","Euro",8004,
1997,"EL","EUR","MEAN_EI","A2_DCH1","Two adults with one dependent child","Mean equivalised income","Euro",8373,
1998,"EL","EUR","MEAN_EI","A2_DCH1","Two adults with one dependent child","Mean equivalised income","Euro",9318,
1999,"EL","EUR","MEAN_EI","A2_DCH1","Two adults with one dependent child","Mean equivalised income","Euro",9094,
2000,"EL","EUR","MEAN_EI","A2_DCH1","Two adults with one dependent child","Mean equivalised income","Euro",9611,
2001,"EL","EUR","MEAN_EI","A2_DCH1","Two adults with one dependent child","Mean equivalised income","Euro",9871,
2003,"EL","EUR","MEAN_EI","A2_DCH1","Two adults with one dependent child","Mean equivalised income","Euro",11967,"b"
2004,"EL","EUR","MEAN_EI","A2_DCH1","Two adults with one dependent child","Mean equivalised income","Euro",11525,
2005,"EL","EUR","MEAN_EI","A2_DCH1","Two adults with one dependent child","Mean equivalised income","Euro",12849,
2006,"EL","EUR","MEAN_EI","A2_DCH1","Two adults with one dependent child","Mean equivalised income","Euro",13288,
2007,"EL","EUR","MEAN_EI","A2_DCH1","Two adults with one dependent child","Mean equivalised income","Euro",13227,
2008,"EL","EUR","MEAN_EI","A2_DCH1","Two adults with one dependent child","Mean equivalised income","Euro",14002,
2009,"EL","EUR","MEAN_EI","A2_DCH1","Two adults with one dependent child","Mean equivalised income","Euro",13569,
2010,"EL","EUR","MEAN_EI","A2_DCH1","Two adults with one dependent child","Mean equivalised income","Euro",14370,
2011,"EL","EUR","MEAN_EI","A2_DCH1","Two adults with one dependent child","Mean equivalised income","Euro",13434,
2012,"EL","EUR","MEAN_EI","A2_DCH1","Two adults with one dependent child","Mean equivalised income","Euro",10684,
2013,"EL","EUR","MEAN_EI","A2_DCH1","Two adults with one dependent child","Mean equivalised income","Euro",10827,
2014,"EL","EUR","MEAN_EI","A2_DCH1","Two adults with one dependent child","Mean equivalised income","Euro",10126,
2015,"EL","EUR","MEAN_EI","A2_DCH1","Two adults with one dependent child","Mean equivalised income","Euro",9785,
2016,"EL","EUR","MEAN_EI","A2_DCH1","Two adults with one dependent child","Mean equivalised income","Euro",9652,
2017,"EL","EUR","MEAN_EI","A2_DCH1","Two adults with one dependent child","Mean equivalised income","Euro",9781,
2018,"EL","EUR","MEAN_EI","A2_DCH1","Two adults with one dependent child","Mean equivalised income","Euro",10017,
2019,"EL","EUR","MEAN_EI","A2_DCH1","Two adults with one dependent child","Mean equivalised income","Euro",10764,
2020,"EL","EUR","MEAN_EI","A2_DCH1","Two adults with one dependent child","Mean equivalised income","Euro",11403,
2021,"EL","EUR","MEAN_EI","A2_DCH1","Two adults with one dependent child","Mean equivalised income","Euro",10838,
2022,"EL","EUR","MEAN_EI","A2_DCH1","Two adults with one dependent child","Mean equivalised income","Euro",11819,
2023,"EL","EUR","MEAN_EI","A2_DCH1","Two adults with one dependent child","Mean equivalised income","Euro",13110,
2024,"EL","EUR","MEAN_EI","A2_DCH1","Two adults with one dependent child","Mean equivalised income","Euro",13585,
2025,"EL","EUR","MEAN_EI","A2_DCH1","Two adults with one dependent child","Mean equivalised income","Euro",15091,
1995,"EL","NAC","MEAN_EI","A2_DCH1","Two adults with one dependent child","Mean equivalised income","National currency",6384,
1996,"EL","NAC","MEAN_EI","A2_DCH1","Two adults with one dependent child","Mean equivalised income","National currency",7203,
1997,"EL","NAC","MEAN_EI","A2_DCH1","Two adults with one dependent child","Mean equivalised income","National currency",7598,
1998,"EL","NAC","MEAN_EI","A2_DCH1","Two adults with one dependent child","Mean equivalised income","National currency",8562,
1999,"EL","NAC","MEAN_EI","A2_DCH1","Two adults with one dependent child","Mean equivalised income","National currency",8933,
2000,"EL","NAC","MEAN_EI","A2_DCH1","Two adults with one dependent child","Mean equivalised income","National currency",9301,
2001,"EL","NAC","MEAN_EI","A2_DCH1","Two adults with one dependent child","Mean equivalised income","National currency",9871,
2003,"EL","NAC","MEAN_EI","A2_DCH1","Two adults with one dependent child","Mean equivalised income","National currency",11967,"b"
2004,"EL","NAC","MEAN_EI","A2_DCH1","Two adults with one dependent child","Mean equivalised income","National currency",11525,
2005,"EL","NAC","MEAN_EI","A2_DCH1","Two adults with one dependent child","Mean equivalised income","National currency",12849,
2006,"EL","NAC","MEAN_EI","A2_DCH1","Two adults with one dependent child","Mean equivalised income","National currency",13288,
2007,"EL","NAC","MEAN_EI","A2_DCH1","Two adults with one dependent child","Mean equivalised income","National currency",13227,
2008,"EL","NAC","MEAN_EI","A2_DCH1","Two adults with one dependent child","Mean equivalised income","National currency",14002,
2009,"EL","NAC","MEAN_EI","A2_DCH1","Two adults with one dependent child","Mean equivalised income","National currency",13569,
2010,"EL","NAC","MEAN_EI","A2_DCH1","Two adults with one dependent child","Mean equivalised income","National currency",14370,
2011,"EL","NAC","MEAN_EI","A2_DCH1","Two adults with one dependent child","Mean equivalised income","National currency",13434,
2012,"EL","NAC","MEAN_EI","A2_DCH1","Two adults with one dependent child","Mean equivalised income","National currency",10684,
2013,"EL","NAC","MEAN_EI","A2_DCH1","Two adults with one dependent child","Mean equivalised income","National currency",10827,
2014,"EL","NAC","MEAN_EI","A2_DCH1","Two adults with one dependent child","Mean equivalised income","National currency",10126,
2015,"EL","NAC","MEAN_EI","A2_DCH1","Two adults with one dependent child","Mean equivalised income","National currency",9785,
2016,"EL","NAC","MEAN_EI","A2_DCH1","Two adults with one dependent child","Mean equivalised income","National currency",9652,
2017,"EL","NAC","MEAN_EI","A2_DCH1","Two adults with one dependent child","Mean equivalised income","National currency",9781,
2018,"EL","NAC","MEAN_EI","A2_DCH1","Two adults with one dependent child","Mean equivalised income","National currency",10017,
2019,"EL","NAC","MEAN_EI","A2_DCH1","Two adults with one dependent child","Mean equivalised income","National currency",10764,
2020,"EL","NAC","MEAN_EI","A2_DCH1","Two adults with one dependent child","Mean equivalised income","National currency",11403,
2021,"EL","NAC","MEAN_EI","A2_DCH1","Two adults with one dependent child","Mean equivalised income","National currency",10838,
2022,"EL","NAC","MEAN_EI","A2_DCH1","Two adults with one dependent child","Mean equivalised income","National currency",11819,
2023,"EL","NAC","MEAN_EI","A2_DCH1","Two adults with one dependent child","Mean equivalised income","National currency",13110,
2024,"EL","NAC","MEAN_EI","A2_DCH1","Two adults with one dependent child","Mean equivalised income","National currency",13585,
2025,"EL","NAC","MEAN_EI","A2_DCH1","Two adults with one dependent child","Mean equivalised income","National currency",15091,
1995,"EL","PPS","MEAN_EI","A2_DCH1","Two adults with one dependent child","Mean equivalised income","Purchasing power standard (PPS)",9604,
1996,"EL","PPS","MEAN_EI","A2_DCH1","Two adults with one dependent child","Mean equivalised income","Purchasing power standard (PPS)",10254,
1997,"EL","PPS","MEAN_EI","A2_DCH1","Two adults with one dependent child","Mean equivalised income","Purchasing power standard (PPS)",10395,
1998,"EL","PPS","MEAN_EI","A2_DCH1","Two adults with one dependent child","Mean equivalised income","Purchasing power standard (PPS)",11256,
1999,"EL","PPS","MEAN_EI","A2_DCH1","Two adults with one dependent child","Mean equivalised income","Purchasing power standard (PPS)",11345,
2000,"EL","PPS","MEAN_EI","A2_DCH1","Two adults with one dependent child","Mean equivalised income","Purchasing power standard (PPS)",12243,
2001,"EL","PPS","MEAN_EI","A2_DCH1","Two adults with one dependent child","Mean equivalised income","Purchasing power standard (PPS)",12601,
2003,"EL","PPS","MEAN_EI","A2_DCH1","Two adults with one dependent child","Mean equivalised income","Purchasing power standard (PPS)",14924,"b"
2004,"EL","PPS","MEAN_EI","A2_DCH1","Two adults with one dependent child","Mean equivalised income","Purchasing power standard (PPS)",13420,
2005,"EL","PPS","MEAN_EI","A2_DCH1","Two adults with one dependent child","Mean equivalised income","Purchasing power standard (PPS)",14668,
2006,"EL","PPS","MEAN_EI","A2_DCH1","Two adults with one dependent child","Mean equivalised income","Purchasing power standard (PPS)",15058,
2007,"EL","PPS","MEAN_EI","A2_DCH1","Two adults with one dependent child","Mean equivalised income","Purchasing power standard (PPS)",14854,
2008,"EL","PPS","MEAN_EI","A2_DCH1","Two adults with one dependent child","Mean equivalised income","Purchasing power standard (PPS)",15599,
2009,"EL","PPS","MEAN_EI","A2_DCH1","Two adults with one dependent child","Mean equivalised income","Purchasing power standard (PPS)",14903,
2010,"EL","PPS","MEAN_EI","A2_DCH1","Two adults with one dependent child","Mean equivalised income","Purchasing power standard (PPS)",15134,
2011,"EL","PPS","MEAN_EI","A2_DCH1","Two adults with one dependent child","Mean equivalised income","Purchasing power standard (PPS)",14219,
2012,"EL","PPS","MEAN_EI","A2_DCH1","Two adults with one dependent child","Mean equivalised income","Purchasing power standard (PPS)",11302,
2013,"EL","PPS","MEAN_EI","A2_DCH1","Two adults with one dependent child","Mean equivalised income","Purchasing power standard (PPS)",11700,
2014,"EL","PPS","MEAN_EI","A2_DCH1","Two adults with one dependent child","Mean equivalised income","Purchasing power standard (PPS)",11436,
2015,"EL","PPS","MEAN_EI","A2_DCH1","Two adults with one dependent child","Mean equivalised income","Purchasing power standard (PPS)",11454,
2016,"EL","PPS","MEAN_EI","A2_DCH1","Two adults with one dependent child","Mean equivalised income","Purchasing power standard (PPS)",11643,
2017,"EL","PPS","MEAN_EI","A2_DCH1","Two adults with one dependent child","Mean equivalised income","Purchasing power standard (PPS)",11627,
2018,"EL","PPS","MEAN_EI","A2_DCH1","Two adults with one dependent child","Mean equivalised income","Purchasing power standard (PPS)",11777,
2019,"EL","PPS","MEAN_EI","A2_DCH1","Two adults with one dependent child","Mean equivalised income","Purchasing power standard (PPS)",12826,
2020,"EL","PPS","MEAN_EI","A2_DCH1","Two adults with one dependent child","Mean equivalised income","Purchasing power standard (PPS)",13213,
2021,"EL","PPS","MEAN_EI","A2_DCH1","Two adults with one dependent child","Mean equivalised income","Purchasing power standard (PPS)",12281,
2022,"EL","PPS","MEAN_EI","A2_DCH1","Two adults with one dependent child","Mean equivalised income","Purchasing power standard (PPS)",13459,
2023,"EL","PPS","MEAN_EI","A2_DCH1","Two adults with one dependent child","Mean equivalised income","Purchasing power standard (PPS)",14856,
2024,"EL","PPS","MEAN_EI","A2_DCH1","Two adults with one dependent child","Mean equivalised income","Purchasing power standard (PPS)",15571,
2025,"EL","PPS","MEAN_EI","A2_DCH1","Two adults with one dependent child","Mean equivalised income","Purchasing power standard (PPS)",17556,
1995,"EL","EUR","MED_EI","A2_DCH1","Two adults with one dependent child","Median equivalised income","Euro",6610,
1996,"EL","EUR","MED_EI","A2_DCH1","Two adults with one dependent child","Median equivalised income","Euro",6924,
1997,"EL","EUR","MED_EI","A2_DCH1","Two adults with one dependent child","Median equivalised income","Euro",7127,
1998,"EL","EUR","MED_EI","A2_DCH1","Two adults with one dependent child","Median equivalised income","Euro",7431,
1999,"EL","EUR","MED_EI","A2_DCH1","Two adults with one dependent child","Median equivalised income","Euro",7828,
2000,"EL","EUR","MED_EI","A2_DCH1","Two adults with one dependent child","Median equivalised income","Euro",8635,
2001,"EL","EUR","MED_EI","A2_DCH1","Two adults with one dependent child","Median equivalised income","Euro",8646,
2003,"EL","EUR","MED_EI","A2_DCH1","Two adults with one dependent child","Median equivalised income","Euro",9800,"b"
2004,"EL","EUR","MED_EI","A2_DCH1","Two adults with one dependent child","Median equivalised income","Euro",10253,
2005,"EL","EUR","MED_EI","A2_DCH1","Two adults with one dependent child","Median equivalised income","Euro",11278,
2006,"EL","EUR","MED_EI","A2_DCH1","Two adults with one dependent child","Median equivalised income","Euro",10889,
2007,"EL","EUR","MED_EI","A2_DCH1","Two adults with one dependent child","Median equivalised income","Euro",11180,
2008,"EL","EUR","MED_EI","A2_DCH1","Two adults with one dependent child","Median equivalised income","Euro",12199,
2009,"EL","EUR","MED_EI","A2_DCH1","Two adults with one dependent child","Median equivalised income","Euro",11756,
2010,"EL","EUR","MED_EI","A2_DCH1","Two adults with one dependent child","Median equivalised income","Euro",11667,
2011,"EL","EUR","MED_EI","A2_DCH1","Two adults with one dependent child","Median equivalised income","Euro",12440,
2012,"EL","EUR","MED_EI","A2_DCH1","Two adults with one dependent child","Median equivalised income","Euro",9299,
2013,"EL","EUR","MED_EI","A2_DCH1","Two adults with one dependent child","Median equivalised income","Euro",9125,
2014,"EL","EUR","MED_EI","A2_DCH1","Two adults with one dependent child","Median equivalised income","Euro",8574,
2015,"EL","EUR","MED_EI","A2_DCH1","Two adults with one dependent child","Median equivalised income","Euro",8603,
2016,"EL","EUR","MED_EI","A2_DCH1","Two adults with one dependent child","Median equivalised income","Euro",8178,
2017,"EL","EUR","MED_EI","A2_DCH1","Two adults with one dependent child","Median equivalised income","Euro",8398,
2018,"EL","EUR","MED_EI","A2_DCH1","Two adults with one dependent child","Median equivalised income","Euro",8595,
2019,"EL","EUR","MED_EI","A2_DCH1","Two adults with one dependent child","Median equivalised income","Euro",9601,
2020,"EL","EUR","MED_EI","A2_DCH1","Two adults with one dependent child","Median equivalised income","Euro",10409,
2021,"EL","EUR","MED_EI","A2_DCH1","Two adults with one dependent child","Median equivalised income","Euro",9995,
2022,"EL","EUR","MED_EI","A2_DCH1","Two adults with one dependent child","Median equivalised income","Euro",10344,
2023,"EL","EUR","MED_EI","A2_DCH1","Two adults with one dependent child","Median equivalised income","Euro",11051,
2024,"EL","EUR","MED_EI","A2_DCH1","Two adults with one dependent child","Median equivalised income","Euro",11547,
2025,"EL","EUR","MED_EI","A2_DCH1","Two adults with one dependent child","Median equivalised income","Euro",12853,
1995,"EL","NAC","MED_EI","A2_DCH1","Two adults with one dependent child","Median equivalised income","National currency",5655,
1996,"EL","NAC","MED_EI","A2_DCH1","Two adults with one dependent child","Median equivalised income","National currency",6231,
1997,"EL","NAC","MED_EI","A2_DCH1","Two adults with one dependent child","Median equivalised income","National currency",6468,
1998,"EL","NAC","MED_EI","A2_DCH1","Two adults with one dependent child","Median equivalised income","National currency",6828,
1999,"EL","NAC","MED_EI","A2_DCH1","Two adults with one dependent child","Median equivalised income","National currency",7690,
2000,"EL","NAC","MED_EI","A2_DCH1","Two adults with one dependent child","Median equivalised income","National currency",8357,
2001,"EL","NAC","MED_EI","A2_DCH1","Two adults with one dependent child","Median equivalised income","National currency",8646,
2003,"EL","NAC","MED_EI","A2_DCH1","Two adults with one dependent child","Median equivalised income","National currency",9800,"b"
2004,"EL","NAC","MED_EI","A2_DCH1","Two adults with one dependent child","Median equivalised income","National currency",10253,
2005,"EL","NAC","MED_EI","A2_DCH1","Two adults with one dependent child","Median equivalised income","National currency",11278,
2006,"EL","NAC","MED_EI","A2_DCH1","Two adults with one dependent child","Median equivalised income","National currency",10889,
2007,"EL","NAC","MED_EI","A2_DCH1","Two adults with one dependent child","Median equivalised income","National currency",11180,
2008,"EL","NAC","MED_EI","A2_DCH1","Two adults with one dependent child","Median equivalised income","National currency",12199,
2009,"EL","NAC","MED_EI","A2_DCH1","Two adults with one dependent child","Median equivalised income","National currency",11756,
2010,"EL","NAC","MED_EI","A2_DCH1","Two adults with one dependent child","Median equivalised income","National currency",11667,
2011,"EL","NAC","MED_EI","A2_DCH1","Two adults with one dependent child","Median equivalised income","National currency",12440,
2012,"EL","NAC","MED_EI","A2_DCH1","Two adults with one dependent child","Median equivalised income","National currency",9299,
2013,"EL","NAC","MED_EI","A2_DCH1","Two adults with one dependent child","Median equivalised income","National currency",9125,
2014,"EL","NAC","MED_EI","A2_DCH1","Two adults with one dependent child","Median equivalised income","National currency",8574,
2015,"EL","NAC","MED_EI","A2_DCH1","Two adults with one dependent child","Median equivalised income","National currency",8603,
2016,"EL","NAC","MED_EI","A2_DCH1","Two adults with one dependent child","Median equivalised income","National currency",8178,
2017,"EL","NAC","MED_EI","A2_DCH1","Two adults with one dependent child","Median equivalised income","National currency",8398,
2018,"EL","NAC","MED_EI","A2_DCH1","Two adults with one dependent child","Median equivalised income","National currency",8595,
2019,"EL","NAC","MED_EI","A2_DCH1","Two adults with one dependent child","Median equivalised income","National currency",9601,
2020,"EL","NAC","MED_EI","A2_DCH1","Two adults with one dependent child","Median equivalised income","National currency",10409,
2021,"EL","NAC","MED_EI","A2_DCH1","Two adults with one dependent child","Median equivalised income","National currency",9995,
2022,"EL","NAC","MED_EI","A2_DCH1","Two adults with one dependent child","Median equivalised income","National currency",10344,
2023,"EL","NAC","MED_EI","A2_DCH1","Two adults with one dependent child","Median equivalised income","National currency",11051,
2024,"EL","NAC","MED_EI","A2_DCH1","Two adults with one dependent child","Median equivalised income","National currency",11547,
2025,"EL","NAC","MED_EI","A2_DCH1","Two adults with one dependent child","Median equivalised income","National currency",12853,
1995,"EL","PPS","MED_EI","A2_DCH1","Two adults with one dependent child","Median equivalised income","Purchasing power standard (PPS)",8507,
1996,"EL","PPS","MED_EI","A2_DCH1","Two adults with one dependent child","Median equivalised income","Purchasing power standard (PPS)",8871,
1997,"EL","PPS","MED_EI","A2_DCH1","Two adults with one dependent child","Median equivalised income","Purchasing power standard (PPS)",8849,
1998,"EL","PPS","MED_EI","A2_DCH1","Two adults with one dependent child","Median equivalised income","Purchasing power standard (PPS)",8977,
1999,"EL","PPS","MED_EI","A2_DCH1","Two adults with one dependent child","Median equivalised income","Purchasing power standard (PPS)",9766,
2000,"EL","PPS","MED_EI","A2_DCH1","Two adults with one dependent child","Median equivalised income","Purchasing power standard (PPS)",11000,
2001,"EL","PPS","MED_EI","A2_DCH1","Two adults with one dependent child","Median equivalised income","Purchasing power standard (PPS)",11036,
2003,"EL","PPS","MED_EI","A2_DCH1","Two adults with one dependent child","Median equivalised income","Purchasing power standard (PPS)",12221,"b"
2004,"EL","PPS","MED_EI","A2_DCH1","Two adults with one dependent child","Median equivalised income","Purchasing power standard (PPS)",11938,
2005,"EL","PPS","MED_EI","A2_DCH1","Two adults with one dependent child","Median equivalised income","Purchasing power standard (PPS)",12875,
2006,"EL","PPS","MED_EI","A2_DCH1","Two adults with one dependent child","Median equivalised income","Purchasing power standard (PPS)",12339,
2007,"EL","PPS","MED_EI","A2_DCH1","Two adults with one dependent child","Median equivalised income","Purchasing power standard (PPS)",12555,
2008,"EL","PPS","MED_EI","A2_DCH1","Two adults with one dependent child","Median equivalised income","Purchasing power standard (PPS)",13591,
2009,"EL","PPS","MED_EI","A2_DCH1","Two adults with one dependent child","Median equivalised income","Purchasing power standard (PPS)",12912,
2010,"EL","PPS","MED_EI","A2_DCH1","Two adults with one dependent child","Median equivalised income","Purchasing power standard (PPS)",12287,
2011,"EL","PPS","MED_EI","A2_DCH1","Two adults with one dependent child","Median equivalised income","Purchasing power standard (PPS)",13168,
2012,"EL","PPS","MED_EI","A2_DCH1","Two adults with one dependent child","Median equivalised income","Purchasing power standard (PPS)",9837,
2013,"EL","PPS","MED_EI","A2_DCH1","Two adults with one dependent child","Median equivalised income","Purchasing power standard (PPS)",9860,
2014,"EL","PPS","MED_EI","A2_DCH1","Two adults with one dependent child","Median equivalised income","Purchasing power standard (PPS)",9684,
2015,"EL","PPS","MED_EI","A2_DCH1","Two adults with one dependent child","Median equivalised income","Purchasing power standard (PPS)",10069,
2016,"EL","PPS","MED_EI","A2_DCH1","Two adults with one dependent child","Median equivalised income","Purchasing power standard (PPS)",9865,
2017,"EL","PPS","MED_EI","A2_DCH1","Two adults with one dependent child","Median equivalised income","Purchasing power standard (PPS)",9983,
2018,"EL","PPS","MED_EI","A2_DCH1","Two adults with one dependent child","Median equivalised income","Purchasing power standard (PPS)",10105,
2019,"EL","PPS","MED_EI","A2_DCH1","Two adults with one dependent child","Median equivalised income","Purchasing power standard (PPS)",11440,
2020,"EL","PPS","MED_EI","A2_DCH1","Two adults with one dependent child","Median equivalised income","Purchasing power standard (PPS)",12061,
2021,"EL","PPS","MED_EI","A2_DCH1","Two adults with one dependent child","Median equivalised income","Purchasing power standard (PPS)",11326,
2022,"EL","PPS","MED_EI","A2_DCH1","Two adults with one dependent child","Median equivalised income","Purchasing power standard (PPS)",11780,
2023,"EL","PPS","MED_EI","A2_DCH1","Two adults with one dependent child","Median equivalised income","Purchasing power standard (PPS)",12523,
2024,"EL","PPS","MED_EI","A2_DCH1","Two adults with one dependent child","Median equivalised income","Purchasing power standard (PPS)",13235,
2025,"EL","PPS","MED_EI","A2_DCH1","Two adults with one dependent child","Median equivalised income","Purchasing power standard (PPS)",14953,
1995,"EL","EUR","MEAN_EI","A2_DCH2","Two adults with two dependent children","Mean equivalised income","Euro",6446,
1996,"EL","EUR","MEAN_EI","A2_DCH2","Two adults with two dependent children","Mean equivalised income","Euro",6900,
1997,"EL","EUR","MEAN_EI","A2_DCH2","Two adults with two dependent children","Mean equivalised income","Euro",7747,
1998,"EL","EUR","MEAN_EI","A2_DCH2","Two adults with two dependent children","Mean equivalised income","Euro",8236,
1999,"EL","EUR","MEAN_EI","A2_DCH2","Two adults with two dependent children","Mean equivalised income","Euro",8213,
2000,"EL","EUR","MEAN_EI","A2_DCH2","Two adults with two dependent children","Mean equivalised income","Euro",8606,
2001,"EL","EUR","MEAN_EI","A2_DCH2","Two adults with two dependent children","Mean equivalised income","Euro",8842,
2003,"EL","EUR","MEAN_EI","A2_DCH2","Two adults with two dependent children","Mean equivalised income","Euro",9916,"b"
2004,"EL","EUR","MEAN_EI","A2_DCH2","Two adults with two dependent children","Mean equivalised income","Euro",10368,
2005,"EL","EUR","MEAN_EI","A2_DCH2","Two adults with two dependent children","Mean equivalised income","Euro",11156,
2006,"EL","EUR","MEAN_EI","A2_DCH2","Two adults with two dependent children","Mean equivalised income","Euro",11579,
2007,"EL","EUR","MEAN_EI","A2_DCH2","Two adults with two dependent children","Mean equivalised income","Euro",11575,
2008,"EL","EUR","MEAN_EI","A2_DCH2","Two adults with two dependent children","Mean equivalised income","Euro",12831,
2009,"EL","EUR","MEAN_EI","A2_DCH2","Two adults with two dependent children","Mean equivalised income","Euro",12977,
2010,"EL","EUR","MEAN_EI","A2_DCH2","Two adults with two dependent children","Mean equivalised income","Euro",13709,
2011,"EL","EUR","MEAN_EI","A2_DCH2","Two adults with two dependent children","Mean equivalised income","Euro",12239,
2012,"EL","EUR","MEAN_EI","A2_DCH2","Two adults with two dependent children","Mean equivalised income","Euro",10407,
2013,"EL","EUR","MEAN_EI","A2_DCH2","Two adults with two dependent children","Mean equivalised income","Euro",9565,
2014,"EL","EUR","MEAN_EI","A2_DCH2","Two adults with two dependent children","Mean equivalised income","Euro",9329,
2015,"EL","EUR","MEAN_EI","A2_DCH2","Two adults with two dependent children","Mean equivalised income","Euro",8973,
2016,"EL","EUR","MEAN_EI","A2_DCH2","Two adults with two dependent children","Mean equivalised income","Euro",8956,
2017,"EL","EUR","MEAN_EI","A2_DCH2","Two adults with two dependent children","Mean equivalised income","Euro",8938,
2018,"EL","EUR","MEAN_EI","A2_DCH2","Two adults with two dependent children","Mean equivalised income","Euro",9020,
2019,"EL","EUR","MEAN_EI","A2_DCH2","Two adults with two dependent children","Mean equivalised income","Euro",9370,
2020,"EL","EUR","MEAN_EI","A2_DCH2","Two adults with two dependent children","Mean equivalised income","Euro",9856,
2021,"EL","EUR","MEAN_EI","A2_DCH2","Two adults with two dependent children","Mean equivalised income","Euro",9945,
2022,"EL","EUR","MEAN_EI","A2_DCH2","Two adults with two dependent children","Mean equivalised income","Euro",10525,
2023,"EL","EUR","MEAN_EI","A2_DCH2","Two adults with two dependent children","Mean equivalised income","Euro",10959,
2024,"EL","EUR","MEAN_EI","A2_DCH2","Two adults with two dependent children","Mean equivalised income","Euro",11981,
2025,"EL","EUR","MEAN_EI","A2_DCH2","Two adults with two dependent children","Mean equivalised income","Euro",12292,
1995,"EL","NAC","MEAN_EI","A2_DCH2","Two adults with two dependent children","Mean equivalised income","National currency",5515,
1996,"EL","NAC","MEAN_EI","A2_DCH2","Two adults with two dependent children","Mean equivalised income","National currency",6210,
1997,"EL","NAC","MEAN_EI","A2_DCH2","Two adults with two dependent children","Mean equivalised income","National currency",7031,
1998,"EL","NAC","MEAN_EI","A2_DCH2","Two adults with two dependent children","Mean equivalised income","National currency",7567,
1999,"EL","NAC","MEAN_EI","A2_DCH2","Two adults with two dependent children","Mean equivalised income","National currency",8068,
2000,"EL","NAC","MEAN_EI","A2_DCH2","Two adults with two dependent children","Mean equivalised income","National currency",8329,
2001,"EL","NAC","MEAN_EI","A2_DCH2","Two adults with two dependent children","Mean equivalised income","National currency",8842,
2003,"EL","NAC","MEAN_EI","A2_DCH2","Two adults with two dependent children","Mean equivalised income","National currency",9916,"b"
2004,"EL","NAC","MEAN_EI","A2_DCH2","Two adults with two dependent children","Mean equivalised income","National currency",10368,
2005,"EL","NAC","MEAN_EI","A2_DCH2","Two adults with two dependent children","Mean equivalised income","National currency",11156,
2006,"EL","NAC","MEAN_EI","A2_DCH2","Two adults with two dependent children","Mean equivalised income","National currency",11579,
2007,"EL","NAC","MEAN_EI","A2_DCH2","Two adults with two dependent children","Mean equivalised income","National currency",11575,
2008,"EL","NAC","MEAN_EI","A2_DCH2","Two adults with two dependent children","Mean equivalised income","National currency",12831,
2009,"EL","NAC","MEAN_EI","A2_DCH2","Two adults with two dependent children","Mean equivalised income","National currency",12977,
2010,"EL","NAC","MEAN_EI","A2_DCH2","Two adults with two dependent children","Mean equivalised income","National currency",13709,
2011,"EL","NAC","MEAN_EI","A2_DCH2","Two adults with two dependent children","Mean equivalised income","National currency",12239,
2012,"EL","NAC","MEAN_EI","A2_DCH2","Two adults with two dependent children","Mean equivalised income","National currency",10407,
2013,"EL","NAC","MEAN_EI","A2_DCH2","Two adults with two dependent children","Mean equivalised income","National currency",9565,
2014,"EL","NAC","MEAN_EI","A2_DCH2","Two adults with two dependent children","Mean equivalised income","National currency",9329,
2015,"EL","NAC","MEAN_EI","A2_DCH2","Two adults with two dependent children","Mean equivalised income","National currency",8973,
2016,"EL","NAC","MEAN_EI","A2_DCH2","Two adults with two dependent children","Mean equivalised income","National currency",8956,
2017,"EL","NAC","MEAN_EI","A2_DCH2","Two adults with two dependent children","Mean equivalised income","National currency",8938,
2018,"EL","NAC","MEAN_EI","A2_DCH2","Two adults with two dependent children","Mean equivalised income","National currency",9020,
2019,"EL","NAC","MEAN_EI","A2_DCH2","Two adults with two dependent children","Mean equivalised income","National currency",9370,
2020,"EL","NAC","MEAN_EI","A2_DCH2","Two adults with two dependent children","Mean equivalised income","National currency",9856,
2021,"EL","NAC","MEAN_EI","A2_DCH2","Two adults with two dependent children","Mean equivalised income","National currency",9945,
2022,"EL","NAC","MEAN_EI","A2_DCH2","Two adults with two dependent children","Mean equivalised income","National currency",10525,
2023,"EL","NAC","MEAN_EI","A2_DCH2","Two adults with two dependent children","Mean equivalised income","National currency",10959,
2024,"EL","NAC","MEAN_EI","A2_DCH2","Two adults with two dependent children","Mean equivalised income","National currency",11981,
2025,"EL","NAC","MEAN_EI","A2_DCH2","Two adults with two dependent children","Mean equivalised income","National currency",12292,
1995,"EL","PPS","MEAN_EI","A2_DCH2","Two adults with two dependent children","Mean equivalised income","Purchasing power standard (PPS)",8296,
1996,"EL","PPS","MEAN_EI","A2_DCH2","Two adults with two dependent children","Mean equivalised income","Purchasing power standard (PPS)",8840,
1997,"EL","PPS","MEAN_EI","A2_DCH2","Two adults with two dependent children","Mean equivalised income","Purchasing power standard (PPS)",9618,
1998,"EL","PPS","MEAN_EI","A2_DCH2","Two adults with two dependent children","Mean equivalised income","Purchasing power standard (PPS)",9948,
1999,"EL","PPS","MEAN_EI","A2_DCH2","Two adults with two dependent children","Mean equivalised income","Purchasing power standard (PPS)",10246,
2000,"EL","PPS","MEAN_EI","A2_DCH2","Two adults with two dependent children","Mean equivalised income","Purchasing power standard (PPS)",10964,
2001,"EL","PPS","MEAN_EI","A2_DCH2","Two adults with two dependent children","Mean equivalised income","Purchasing power standard (PPS)",11286,
2003,"EL","PPS","MEAN_EI","A2_DCH2","Two adults with two dependent children","Mean equivalised income","Purchasing power standard (PPS)",12366,"b"
2004,"EL","PPS","MEAN_EI","A2_DCH2","Two adults with two dependent children","Mean equivalised income","Purchasing power standard (PPS)",12073,
2005,"EL","PPS","MEAN_EI","A2_DCH2","Two adults with two dependent children","Mean equivalised income","Purchasing power standard (PPS)",12735,
2006,"EL","PPS","MEAN_EI","A2_DCH2","Two adults with two dependent children","Mean equivalised income","Purchasing power standard (PPS)",13121,
2007,"EL","PPS","MEAN_EI","A2_DCH2","Two adults with two dependent children","Mean equivalised income","Purchasing power standard (PPS)",12999,
2008,"EL","PPS","MEAN_EI","A2_DCH2","Two adults with two dependent children","Mean equivalised income","Purchasing power standard (PPS)",14295,
2009,"EL","PPS","MEAN_EI","A2_DCH2","Two adults with two dependent children","Mean equivalised income","Purchasing power standard (PPS)",14253,
2010,"EL","PPS","MEAN_EI","A2_DCH2","Two adults with two dependent children","Mean equivalised income","Purchasing power standard (PPS)",14438,
2011,"EL","PPS","MEAN_EI","A2_DCH2","Two adults with two dependent children","Mean equivalised income","Purchasing power standard (PPS)",12955,
2012,"EL","PPS","MEAN_EI","A2_DCH2","Two adults with two dependent children","Mean equivalised income","Purchasing power standard (PPS)",11008,
2013,"EL","PPS","MEAN_EI","A2_DCH2","Two adults with two dependent children","Mean equivalised income","Purchasing power standard (PPS)",10335,
2014,"EL","PPS","MEAN_EI","A2_DCH2","Two adults with two dependent children","Mean equivalised income","Purchasing power standard (PPS)",10536,
2015,"EL","PPS","MEAN_EI","A2_DCH2","Two adults with two dependent children","Mean equivalised income","Purchasing power standard (PPS)",10503,
2016,"EL","PPS","MEAN_EI","A2_DCH2","Two adults with two dependent children","Mean equivalised income","Purchasing power standard (PPS)",10804,
2017,"EL","PPS","MEAN_EI","A2_DCH2","Two adults with two dependent children","Mean equivalised income","Purchasing power standard (PPS)",10626,
2018,"EL","PPS","MEAN_EI","A2_DCH2","Two adults with two dependent children","Mean equivalised income","Purchasing power standard (PPS)",10604,
2019,"EL","PPS","MEAN_EI","A2_DCH2","Two adults with two dependent children","Mean equivalised income","Purchasing power standard (PPS)",11164,
2020,"EL","PPS","MEAN_EI","A2_DCH2","Two adults with two dependent children","Mean equivalised income","Purchasing power standard (PPS)",11421,
2021,"EL","PPS","MEAN_EI","A2_DCH2","Two adults with two dependent children","Mean equivalised income","Purchasing power standard (PPS)",11270,
2022,"EL","PPS","MEAN_EI","A2_DCH2","Two adults with two dependent children","Mean equivalised income","Purchasing power standard (PPS)",11986,
2023,"EL","PPS","MEAN_EI","A2_DCH2","Two adults with two dependent children","Mean equivalised income","Purchasing power standard (PPS)",12419,
2024,"EL","PPS","MEAN_EI","A2_DCH2","Two adults with two dependent children","Mean equivalised income","Purchasing power standard (PPS)",13732,
2025,"EL","PPS","MEAN_EI","A2_DCH2","Two adults with two dependent children","Mean equivalised income","Purchasing power standard (PPS)",14301,
1995,"EL","EUR","MED_EI","A2_DCH2","Two adults with two dependent children","Median equivalised income","Euro",5525,
1996,"EL","EUR","MED_EI","A2_DCH2","Two adults with two dependent children","Median equivalised income","Euro",5597,
1997,"EL","EUR","MED_EI","A2_DCH2","Two adults with two dependent children","Median equivalised income","Euro",6533,
1998,"EL","EUR","MED_EI","A2_DCH2","Two adults with two dependent children","Median equivalised income","Euro",7122,
1999,"EL","EUR","MED_EI","A2_DCH2","Two adults with two dependent children","Median equivalised income","Euro",6976,
2000,"EL","EUR","MED_EI","A2_DCH2","Two adults with two dependent children","Median equivalised income","Euro",7250,
2001,"EL","EUR","MED_EI","A2_DCH2","Two adults with two dependent children","Median equivalised income","Euro",7672,
2003,"EL","EUR","MED_EI","A2_DCH2","Two adults with two dependent children","Median equivalised income","Euro",8457,"b"
2004,"EL","EUR","MED_EI","A2_DCH2","Two adults with two dependent children","Median equivalised income","Euro",8988,
2005,"EL","EUR","MED_EI","A2_DCH2","Two adults with two dependent children","Median equivalised income","Euro",9405,
2006,"EL","EUR","MED_EI","A2_DCH2","Two adults with two dependent children","Median equivalised income","Euro",9769,
2007,"EL","EUR","MED_EI","A2_DCH2","Two adults with two dependent children","Median equivalised income","Euro",9740,
2008,"EL","EUR","MED_EI","A2_DCH2","Two adults with two dependent children","Median equivalised income","Euro",10760,
2009,"EL","EUR","MED_EI","A2_DCH2","Two adults with two dependent children","Median equivalised income","Euro",10994,
2010,"EL","EUR","MED_EI","A2_DCH2","Two adults with two dependent children","Median equivalised income","Euro",12122,
2011,"EL","EUR","MED_EI","A2_DCH2","Two adults with two dependent children","Median equivalised income","Euro",10985,
2012,"EL","EUR","MED_EI","A2_DCH2","Two adults with two dependent children","Median equivalised income","Euro",9086,
2013,"EL","EUR","MED_EI","A2_DCH2","Two adults with two dependent children","Median equivalised income","Euro",8214,
2014,"EL","EUR","MED_EI","A2_DCH2","Two adults with two dependent children","Median equivalised income","Euro",7452,
2015,"EL","EUR","MED_EI","A2_DCH2","Two adults with two dependent children","Median equivalised income","Euro",7062,
2016,"EL","EUR","MED_EI","A2_DCH2","Two adults with two dependent children","Median equivalised income","Euro",7268,
2017,"EL","EUR","MED_EI","A2_DCH2","Two adults with two dependent children","Median equivalised income","Euro",7412,
2018,"EL","EUR","MED_EI","A2_DCH2","Two adults with two dependent children","Median equivalised income","Euro",7648,
2019,"EL","EUR","MED_EI","A2_DCH2","Two adults with two dependent children","Median equivalised income","Euro",8010,
2020,"EL","EUR","MED_EI","A2_DCH2","Two adults with two dependent children","Median equivalised income","Euro",8447,
2021,"EL","EUR","MED_EI","A2_DCH2","Two adults with two dependent children","Median equivalised income","Euro",8594,
2022,"EL","EUR","MED_EI","A2_DCH2","Two adults with two dependent children","Median equivalised income","Euro",9138,
2023,"EL","EUR","MED_EI","A2_DCH2","Two adults with two dependent children","Median equivalised income","Euro",9746,
2024,"EL","EUR","MED_EI","A2_DCH2","Two adults with two dependent children","Median equivalised income","Euro",10769,
2025,"EL","EUR","MED_EI","A2_DCH2","Two adults with two dependent children","Median equivalised income","Euro",11160,
1995,"EL","NAC","MED_EI","A2_DCH2","Two adults with two dependent children","Median equivalised income","National currency",4726,
1996,"EL","NAC","MED_EI","A2_DCH2","Two adults with two dependent children","Median equivalised income","National currency",5037,
1997,"EL","NAC","MED_EI","A2_DCH2","Two adults with two dependent children","Median equivalised income","National currency",5929,
1998,"EL","NAC","MED_EI","A2_DCH2","Two adults with two dependent children","Median equivalised income","National currency",6544,
1999,"EL","NAC","MED_EI","A2_DCH2","Two adults with two dependent children","Median equivalised income","National currency",6852,
2000,"EL","NAC","MED_EI","A2_DCH2","Two adults with two dependent children","Median equivalised income","National currency",7016,
2001,"EL","NAC","MED_EI","A2_DCH2","Two adults with two dependent children","Median equivalised income","National currency",7672,
2003,"EL","NAC","MED_EI","A2_DCH2","Two adults with two dependent children","Median equivalised income","National currency",8457,"b"
2004,"EL","NAC","MED_EI","A2_DCH2","Two adults with two dependent children","Median equivalised income","National currency",8988,
2005,"EL","NAC","MED_EI","A2_DCH2","Two adults with two dependent children","Median equivalised income","National currency",9405,
2006,"EL","NAC","MED_EI","A2_DCH2","Two adults with two dependent children","Median equivalised income","National currency",9769,
2007,"EL","NAC","MED_EI","A2_DCH2","Two adults with two dependent children","Median equivalised income","National currency",9740,
2008,"EL","NAC","MED_EI","A2_DCH2","Two adults with two dependent children","Median equivalised income","National currency",10760,
2009,"EL","NAC","MED_EI","A2_DCH2","Two adults with two dependent children","Median equivalised income","National currency",10994,
2010,"EL","NAC","MED_EI","A2_DCH2","Two adults with two dependent children","Median equivalised income","National currency",12122,
2011,"EL","NAC","MED_EI","A2_DCH2","Two adults with two dependent children","Median equivalised income","National currency",10985,
2012,"EL","NAC","MED_EI","A2_DCH2","Two adults with two dependent children","Median equivalised income","National currency",9086,
2013,"EL","NAC","MED_EI","A2_DCH2","Two adults with two dependent children","Median equivalised income","National currency",8214,
2014,"EL","NAC","MED_EI","A2_DCH2","Two adults with two dependent children","Median equivalised income","National currency",7452,
2015,"EL","NAC","MED_EI","A2_DCH2","Two adults with two dependent children","Median equivalised income","National currency",7062,
2016,"EL","NAC","MED_EI","A2_DCH2","Two adults with two dependent children","Median equivalised income","National currency",7268,
2017,"EL","NAC","MED_EI","A2_DCH2","Two adults with two dependent children","Median equivalised income","National currency",7412,
2018,"EL","NAC","MED_EI","A2_DCH2","Two adults with two dependent children","Median equivalised income","National currency",7648,
2019,"EL","NAC","MED_EI","A2_DCH2","Two adults with two dependent children","Median equivalised income","National currency",8010,
2020,"EL","NAC","MED_EI","A2_DCH2","Two adults with two dependent children","Median equivalised income","National currency",8447,
2021,"EL","NAC","MED_EI","A2_DCH2","Two adults with two dependent children","Median equivalised income","National currency",8594,
2022,"EL","NAC","MED_EI","A2_DCH2","Two adults with two dependent children","Median equivalised income","National currency",9138,
2023,"EL","NAC","MED_EI","A2_DCH2","Two adults with two dependent children","Median equivalised income","National currency",9746,
2024,"EL","NAC","MED_EI","A2_DCH2","Two adults with two dependent children","Median equivalised income","National currency",10769,
2025,"EL","NAC","MED_EI","A2_DCH2","Two adults with two dependent children","Median equivalised income","National currency",11160,
1995,"EL","PPS","MED_EI","A2_DCH2","Two adults with two dependent children","Median equivalised income","Purchasing power standard (PPS)",7110,
1996,"EL","PPS","MED_EI","A2_DCH2","Two adults with two dependent children","Median equivalised income","Purchasing power standard (PPS)",7170,
1997,"EL","PPS","MED_EI","A2_DCH2","Two adults with two dependent children","Median equivalised income","Purchasing power standard (PPS)",8111,
1998,"EL","PPS","MED_EI","A2_DCH2","Two adults with two dependent children","Median equivalised income","Purchasing power standard (PPS)",8603,
1999,"EL","PPS","MED_EI","A2_DCH2","Two adults with two dependent children","Median equivalised income","Purchasing power standard (PPS)",8702,
2000,"EL","PPS","MED_EI","A2_DCH2","Two adults with two dependent children","Median equivalised income","Purchasing power standard (PPS)",9235,
2001,"EL","PPS","MED_EI","A2_DCH2","Two adults with two dependent children","Median equivalised income","Purchasing power standard (PPS)",9793,
2003,"EL","PPS","MED_EI","A2_DCH2","Two adults with two dependent children","Median equivalised income","Purchasing power standard (PPS)",10546,"b"
2004,"EL","PPS","MED_EI","A2_DCH2","Two adults with two dependent children","Median equivalised income","Purchasing power standard (PPS)",10466,
2005,"EL","PPS","MED_EI","A2_DCH2","Two adults with two dependent children","Median equivalised income","Purchasing power standard (PPS)",10736,
2006,"EL","PPS","MED_EI","A2_DCH2","Two adults with two dependent children","Median equivalised income","Purchasing power standard (PPS)",11070,
2007,"EL","PPS","MED_EI","A2_DCH2","Two adults with two dependent children","Median equivalised income","Purchasing power standard (PPS)",10938,
2008,"EL","PPS","MED_EI","A2_DCH2","Two adults with two dependent children","Median equivalised income","Purchasing power standard (PPS)",11987,
2009,"EL","PPS","MED_EI","A2_DCH2","Two adults with two dependent children","Median equivalised income","Purchasing power standard (PPS)",12075,
2010,"EL","PPS","MED_EI","A2_DCH2","Two adults with two dependent children","Median equivalised income","Purchasing power standard (PPS)",12766,
2011,"EL","PPS","MED_EI","A2_DCH2","Two adults with two dependent children","Median equivalised income","Purchasing power standard (PPS)",11627,
2012,"EL","PPS","MED_EI","A2_DCH2","Two adults with two dependent children","Median equivalised income","Purchasing power standard (PPS)",9611,
2013,"EL","PPS","MED_EI","A2_DCH2","Two adults with two dependent children","Median equivalised income","Purchasing power standard (PPS)",8876,
2014,"EL","PPS","MED_EI","A2_DCH2","Two adults with two dependent children","Median equivalised income","Purchasing power standard (PPS)",8417,
2015,"EL","PPS","MED_EI","A2_DCH2","Two adults with two dependent children","Median equivalised income","Purchasing power standard (PPS)",8266,
2016,"EL","PPS","MED_EI","A2_DCH2","Two adults with two dependent children","Median equivalised income","Purchasing power standard (PPS)",8768,
2017,"EL","PPS","MED_EI","A2_DCH2","Two adults with two dependent children","Median equivalised income","Purchasing power standard (PPS)",8811,
2018,"EL","PPS","MED_EI","A2_DCH2","Two adults with two dependent children","Median equivalised income","Purchasing power standard (PPS)",8991,
2019,"EL","PPS","MED_EI","A2_DCH2","Two adults with two dependent children","Median equivalised income","Purchasing power standard (PPS)",9544,
2020,"EL","PPS","MED_EI","A2_DCH2","Two adults with two dependent children","Median equivalised income","Purchasing power standard (PPS)",9787,
2021,"EL","PPS","MED_EI","A2_DCH2","Two adults with two dependent children","Median equivalised income","Purchasing power standard (PPS)",9738,
2022,"EL","PPS","MED_EI","A2_DCH2","Two adults with two dependent children","Median equivalised income","Purchasing power standard (PPS)",10406,
2023,"EL","PPS","MED_EI","A2_DCH2","Two adults with two dependent children","Median equivalised income","Purchasing power standard (PPS)",11044,
2024,"EL","PPS","MED_EI","A2_DCH2","Two adults with two dependent children","Median equivalised income","Purchasing power standard (PPS)",12343,
2025,"EL","PPS","MED_EI","A2_DCH2","Two adults with two dependent children","Median equivalised income","Purchasing power standard (PPS)",12984,
1995,"EL","EUR","MEAN_EI","A2_DCH_GE3","Two adults with three or more dependent children","Mean equivalised income","Euro",5537,
1996,"EL","EUR","MEAN_EI","A2_DCH_GE3","Two adults with three or more dependent children","Mean equivalised income","Euro",5640,
1997,"EL","EUR","MEAN_EI","A2_DCH_GE3","Two adults with three or more dependent children","Mean equivalised income","Euro",6937,
1998,"EL","EUR","MEAN_EI","A2_DCH_GE3","Two adults with three or more dependent children","Mean equivalised income","Euro",7522,
1999,"EL","EUR","MEAN_EI","A2_DCH_GE3","Two adults with three or more dependent children","Mean equivalised income","Euro",6642,
2000,"EL","EUR","MEAN_EI","A2_DCH_GE3","Two adults with three or more dependent children","Mean equivalised income","Euro",6868,
2001,"EL","EUR","MEAN_EI","A2_DCH_GE3","Two adults with three or more dependent children","Mean equivalised income","Euro",7124,
2003,"EL","EUR","MEAN_EI","A2_DCH_GE3","Two adults with three or more dependent children","Mean equivalised income","Euro",7587,"b"
2004,"EL","EUR","MEAN_EI","A2_DCH_GE3","Two adults with three or more dependent children","Mean equivalised income","Euro",8182,
2005,"EL","EUR","MEAN_EI","A2_DCH_GE3","Two adults with three or more dependent children","Mean equivalised income","Euro",8976,
2006,"EL","EUR","MEAN_EI","A2_DCH_GE3","Two adults with three or more dependent children","Mean equivalised income","Euro",9492,
2007,"EL","EUR","MEAN_EI","A2_DCH_GE3","Two adults with three or more dependent children","Mean equivalised income","Euro",10734,
2008,"EL","EUR","MEAN_EI","A2_DCH_GE3","Two adults with three or more dependent children","Mean equivalised income","Euro",11708,
2009,"EL","EUR","MEAN_EI","A2_DCH_GE3","Two adults with three or more dependent children","Mean equivalised income","Euro",11779,
2010,"EL","EUR","MEAN_EI","A2_DCH_GE3","Two adults with three or more dependent children","Mean equivalised income","Euro",11721,
2011,"EL","EUR","MEAN_EI","A2_DCH_GE3","Two adults with three or more dependent children","Mean equivalised income","Euro",11198,
2012,"EL","EUR","MEAN_EI","A2_DCH_GE3","Two adults with three or more dependent children","Mean equivalised income","Euro",7744,
2013,"EL","EUR","MEAN_EI","A2_DCH_GE3","Two adults with three or more dependent children","Mean equivalised income","Euro",6975,
2014,"EL","EUR","MEAN_EI","A2_DCH_GE3","Two adults with three or more dependent children","Mean equivalised income","Euro",7126,
2015,"EL","EUR","MEAN_EI","A2_DCH_GE3","Two adults with three or more dependent children","Mean equivalised income","Euro",6847,
2016,"EL","EUR","MEAN_EI","A2_DCH_GE3","Two adults with three or more dependent children","Mean equivalised income","Euro",6404,
2017,"EL","EUR","MEAN_EI","A2_DCH_GE3","Two adults with three or more dependent children","Mean equivalised income","Euro",7139,
2018,"EL","EUR","MEAN_EI","A2_DCH_GE3","Two adults with three or more dependent children","Mean equivalised income","Euro",7224,
2019,"EL","EUR","MEAN_EI","A2_DCH_GE3","Two adults with three or more dependent children","Mean equivalised income","Euro",7104,
2020,"EL","EUR","MEAN_EI","A2_DCH_GE3","Two adults with three or more dependent children","Mean equivalised income","Euro",7660,
2021,"EL","EUR","MEAN_EI","A2_DCH_GE3","Two adults with three or more dependent children","Mean equivalised income","Euro",7667,
2022,"EL","EUR","MEAN_EI","A2_DCH_GE3","Two adults with three or more dependent children","Mean equivalised income","Euro",9006,
2023,"EL","EUR","MEAN_EI","A2_DCH_GE3","Two adults with three or more dependent children","Mean equivalised income","Euro",9164,
2024,"EL","EUR","MEAN_EI","A2_DCH_GE3","Two adults with three or more dependent children","Mean equivalised income","Euro",10053,
2025,"EL","EUR","MEAN_EI","A2_DCH_GE3","Two adults with three or more dependent children","Mean equivalised income","Euro",10453,
1995,"EL","NAC","MEAN_EI","A2_DCH_GE3","Two adults with three or more dependent children","Mean equivalised income","National currency",4737,
1996,"EL","NAC","MEAN_EI","A2_DCH_GE3","Two adults with three or more dependent children","Mean equivalised income","National currency",5076,
1997,"EL","NAC","MEAN_EI","A2_DCH_GE3","Two adults with three or more dependent children","Mean equivalised income","National currency",6295,
1998,"EL","NAC","MEAN_EI","A2_DCH_GE3","Two adults with three or more dependent children","Mean equivalised income","National currency",6911,
1999,"EL","NAC","MEAN_EI","A2_DCH_GE3","Two adults with three or more dependent children","Mean equivalised income","National currency",6524,
2000,"EL","NAC","MEAN_EI","A2_DCH_GE3","Two adults with three or more dependent children","Mean equivalised income","National currency",6647,
2001,"EL","NAC","MEAN_EI","A2_DCH_GE3","Two adults with three or more dependent children","Mean equivalised income","National currency",7124,
2003,"EL","NAC","MEAN_EI","A2_DCH_GE3","Two adults with three or more dependent children","Mean equivalised income","National currency",7587,"b"
2004,"EL","NAC","MEAN_EI","A2_DCH_GE3","Two adults with three or more dependent children","Mean equivalised income","National currency",8182,
2005,"EL","NAC","MEAN_EI","A2_DCH_GE3","Two adults with three or more dependent children","Mean equivalised income","National currency",8976,
2006,"EL","NAC","MEAN_EI","A2_DCH_GE3","Two adults with three or more dependent children","Mean equivalised income","National currency",9492,
2007,"EL","NAC","MEAN_EI","A2_DCH_GE3","Two adults with three or more dependent children","Mean equivalised income","National currency",10734,
2008,"EL","NAC","MEAN_EI","A2_DCH_GE3","Two adults with three or more dependent children","Mean equivalised income","National currency",11708,
2009,"EL","NAC","MEAN_EI","A2_DCH_GE3","Two adults with three or more dependent children","Mean equivalised income","National currency",11779,
2010,"EL","NAC","MEAN_EI","A2_DCH_GE3","Two adults with three or more dependent children","Mean equivalised income","National currency",11721,
2011,"EL","NAC","MEAN_EI","A2_DCH_GE3","Two adults with three or more dependent children","Mean equivalised income","National currency",11198,
2012,"EL","NAC","MEAN_EI","A2_DCH_GE3","Two adults with three or more dependent children","Mean equivalised income","National currency",7744,
2013,"EL","NAC","MEAN_EI","A2_DCH_GE3","Two adults with three or more dependent children","Mean equivalised income","National currency",6975,
2014,"EL","NAC","MEAN_EI","A2_DCH_GE3","Two adults with three or more dependent children","Mean equivalised income","National currency",7126,
2015,"EL","NAC","MEAN_EI","A2_DCH_GE3","Two adults with three or more dependent children","Mean equivalised income","National currency",6847,
2016,"EL","NAC","MEAN_EI","A2_DCH_GE3","Two adults with three or more dependent children","Mean equivalised income","National currency",6404,
2017,"EL","NAC","MEAN_EI","A2_DCH_GE3","Two adults with three or more dependent children","Mean equivalised income","National currency",7139,
2018,"EL","NAC","MEAN_EI","A2_DCH_GE3","Two adults with three or more dependent children","Mean equivalised income","National currency",7224,
2019,"EL","NAC","MEAN_EI","A2_DCH_GE3","Two adults with three or more dependent children","Mean equivalised income","National currency",7104,
2020,"EL","NAC","MEAN_EI","A2_DCH_GE3","Two adults with three or more dependent children","Mean equivalised income","National currency",7660,
2021,"EL","NAC","MEAN_EI","A2_DCH_GE3","Two adults with three or more dependent children","Mean equivalised income","National currency",7667,
2022,"EL","NAC","MEAN_EI","A2_DCH_GE3","Two adults with three or more dependent children","Mean equivalised income","National currency",9006,
2023,"EL","NAC","MEAN_EI","A2_DCH_GE3","Two adults with three or more dependent children","Mean equivalised income","National currency",9164,
2024,"EL","NAC","MEAN_EI","A2_DCH_GE3","Two adults with three or more dependent children","Mean equivalised income","National currency",10053,
2025,"EL","NAC","MEAN_EI","A2_DCH_GE3","Two adults with three or more dependent children","Mean equivalised income","National currency",10453,
1995,"EL","PPS","MEAN_EI","A2_DCH_GE3","Two adults with three or more dependent children","Mean equivalised income","Purchasing power standard (PPS)",7126,
1996,"EL","PPS","MEAN_EI","A2_DCH_GE3","Two adults with three or more dependent children","Mean equivalised income","Purchasing power standard (PPS)",7226,
1997,"EL","PPS","MEAN_EI","A2_DCH_GE3","Two adults with three or more dependent children","Mean equivalised income","Purchasing power standard (PPS)",8613,
1998,"EL","PPS","MEAN_EI","A2_DCH_GE3","Two adults with three or more dependent children","Mean equivalised income","Purchasing power standard (PPS)",9086,
1999,"EL","PPS","MEAN_EI","A2_DCH_GE3","Two adults with three or more dependent children","Mean equivalised income","Purchasing power standard (PPS)",8286,
2000,"EL","PPS","MEAN_EI","A2_DCH_GE3","Two adults with three or more dependent children","Mean equivalised income","Purchasing power standard (PPS)",8749,
2001,"EL","PPS","MEAN_EI","A2_DCH_GE3","Two adults with three or more dependent children","Mean equivalised income","Purchasing power standard (PPS)",9093,
2003,"EL","PPS","MEAN_EI","A2_DCH_GE3","Two adults with three or more dependent children","Mean equivalised income","Purchasing power standard (PPS)",9461,"b"
2004,"EL","PPS","MEAN_EI","A2_DCH_GE3","Two adults with three or more dependent children","Mean equivalised income","Purchasing power standard (PPS)",9528,
2005,"EL","PPS","MEAN_EI","A2_DCH_GE3","Two adults with three or more dependent children","Mean equivalised income","Purchasing power standard (PPS)",10247,
2006,"EL","PPS","MEAN_EI","A2_DCH_GE3","Two adults with three or more dependent children","Mean equivalised income","Purchasing power standard (PPS)",10756,
2007,"EL","PPS","MEAN_EI","A2_DCH_GE3","Two adults with three or more dependent children","Mean equivalised income","Purchasing power standard (PPS)",12055,
2008,"EL","PPS","MEAN_EI","A2_DCH_GE3","Two adults with three or more dependent children","Mean equivalised income","Purchasing power standard (PPS)",13044,
2009,"EL","PPS","MEAN_EI","A2_DCH_GE3","Two adults with three or more dependent children","Mean equivalised income","Purchasing power standard (PPS)",12937,
2010,"EL","PPS","MEAN_EI","A2_DCH_GE3","Two adults with three or more dependent children","Mean equivalised income","Purchasing power standard (PPS)",12344,
2011,"EL","PPS","MEAN_EI","A2_DCH_GE3","Two adults with three or more dependent children","Mean equivalised income","Purchasing power standard (PPS)",11853,
2012,"EL","PPS","MEAN_EI","A2_DCH_GE3","Two adults with three or more dependent children","Mean equivalised income","Purchasing power standard (PPS)",8192,
2013,"EL","PPS","MEAN_EI","A2_DCH_GE3","Two adults with three or more dependent children","Mean equivalised income","Purchasing power standard (PPS)",7537,
2014,"EL","PPS","MEAN_EI","A2_DCH_GE3","Two adults with three or more dependent children","Mean equivalised income","Purchasing power standard (PPS)",8048,
2015,"EL","PPS","MEAN_EI","A2_DCH_GE3","Two adults with three or more dependent children","Mean equivalised income","Purchasing power standard (PPS)",8014,
2016,"EL","PPS","MEAN_EI","A2_DCH_GE3","Two adults with three or more dependent children","Mean equivalised income","Purchasing power standard (PPS)",7725,
2017,"EL","PPS","MEAN_EI","A2_DCH_GE3","Two adults with three or more dependent children","Mean equivalised income","Purchasing power standard (PPS)",8487,
2018,"EL","PPS","MEAN_EI","A2_DCH_GE3","Two adults with three or more dependent children","Mean equivalised income","Purchasing power standard (PPS)",8493,
2019,"EL","PPS","MEAN_EI","A2_DCH_GE3","Two adults with three or more dependent children","Mean equivalised income","Purchasing power standard (PPS)",8465,
2020,"EL","PPS","MEAN_EI","A2_DCH_GE3","Two adults with three or more dependent children","Mean equivalised income","Purchasing power standard (PPS)",8876,
2021,"EL","PPS","MEAN_EI","A2_DCH_GE3","Two adults with three or more dependent children","Mean equivalised income","Purchasing power standard (PPS)",8688,
2022,"EL","PPS","MEAN_EI","A2_DCH_GE3","Two adults with three or more dependent children","Mean equivalised income","Purchasing power standard (PPS)",10256,
2023,"EL","PPS","MEAN_EI","A2_DCH_GE3","Two adults with three or more dependent children","Mean equivalised income","Purchasing power standard (PPS)",10385,
2024,"EL","PPS","MEAN_EI","A2_DCH_GE3","Two adults with three or more dependent children","Mean equivalised income","Purchasing power standard (PPS)",11523,
2025,"EL","PPS","MEAN_EI","A2_DCH_GE3","Two adults with three or more dependent children","Mean equivalised income","Purchasing power standard (PPS)",12161,
1995,"EL","EUR","MED_EI","A2_DCH_GE3","Two adults with three or more dependent children","Median equivalised income","Euro",4774,
1996,"EL","EUR","MED_EI","A2_DCH_GE3","Two adults with three or more dependent children","Median equivalised income","Euro",5113,
1997,"EL","EUR","MED_EI","A2_DCH_GE3","Two adults with three or more dependent children","Median equivalised income","Euro",4833,
1998,"EL","EUR","MED_EI","A2_DCH_GE3","Two adults with three or more dependent children","Median equivalised income","Euro",5312,
1999,"EL","EUR","MED_EI","A2_DCH_GE3","Two adults with three or more dependent children","Median equivalised income","Euro",5547,
2000,"EL","EUR","MED_EI","A2_DCH_GE3","Two adults with three or more dependent children","Median equivalised income","Euro",5644,
2001,"EL","EUR","MED_EI","A2_DCH_GE3","Two adults with three or more dependent children","Median equivalised income","Euro",5960,
2003,"EL","EUR","MED_EI","A2_DCH_GE3","Two adults with three or more dependent children","Median equivalised income","Euro",6100,"b"
2004,"EL","EUR","MED_EI","A2_DCH_GE3","Two adults with three or more dependent children","Median equivalised income","Euro",6716,
2005,"EL","EUR","MED_EI","A2_DCH_GE3","Two adults with three or more dependent children","Median equivalised income","Euro",7893,
2006,"EL","EUR","MED_EI","A2_DCH_GE3","Two adults with three or more dependent children","Median equivalised income","Euro",7616,
2007,"EL","EUR","MED_EI","A2_DCH_GE3","Two adults with three or more dependent children","Median equivalised income","Euro",8929,
2008,"EL","EUR","MED_EI","A2_DCH_GE3","Two adults with three or more dependent children","Median equivalised income","Euro",9560,
2009,"EL","EUR","MED_EI","A2_DCH_GE3","Two adults with three or more dependent children","Median equivalised income","Euro",9859,
2010,"EL","EUR","MED_EI","A2_DCH_GE3","Two adults with three or more dependent children","Median equivalised income","Euro",10667,
2011,"EL","EUR","MED_EI","A2_DCH_GE3","Two adults with three or more dependent children","Median equivalised income","Euro",10261,
2012,"EL","EUR","MED_EI","A2_DCH_GE3","Two adults with three or more dependent children","Median equivalised income","Euro",7263,
2013,"EL","EUR","MED_EI","A2_DCH_GE3","Two adults with three or more dependent children","Median equivalised income","Euro",6260,
2014,"EL","EUR","MED_EI","A2_DCH_GE3","Two adults with three or more dependent children","Median equivalised income","Euro",5963,
2015,"EL","EUR","MED_EI","A2_DCH_GE3","Two adults with three or more dependent children","Median equivalised income","Euro",6103,
2016,"EL","EUR","MED_EI","A2_DCH_GE3","Two adults with three or more dependent children","Median equivalised income","Euro",5838,
2017,"EL","EUR","MED_EI","A2_DCH_GE3","Two adults with three or more dependent children","Median equivalised income","Euro",6467,
2018,"EL","EUR","MED_EI","A2_DCH_GE3","Two adults with three or more dependent children","Median equivalised income","Euro",6622,
2019,"EL","EUR","MED_EI","A2_DCH_GE3","Two adults with three or more dependent children","Median equivalised income","Euro",6744,
2020,"EL","EUR","MED_EI","A2_DCH_GE3","Two adults with three or more dependent children","Median equivalised income","Euro",7102,
2021,"EL","EUR","MED_EI","A2_DCH_GE3","Two adults with three or more dependent children","Median equivalised income","Euro",7115,
2022,"EL","EUR","MED_EI","A2_DCH_GE3","Two adults with three or more dependent children","Median equivalised income","Euro",7542,
2023,"EL","EUR","MED_EI","A2_DCH_GE3","Two adults with three or more dependent children","Median equivalised income","Euro",8363,
2024,"EL","EUR","MED_EI","A2_DCH_GE3","Two adults with three or more dependent children","Median equivalised income","Euro",9039,
2025,"EL","EUR","MED_EI","A2_DCH_GE3","Two adults with three or more dependent children","Median equivalised income","Euro",8938,
1995,"EL","NAC","MED_EI","A2_DCH_GE3","Two adults with three or more dependent children","Median equivalised income","National currency",4084,
1996,"EL","NAC","MED_EI","A2_DCH_GE3","Two adults with three or more dependent children","Median equivalised income","National currency",4601,
1997,"EL","NAC","MED_EI","A2_DCH_GE3","Two adults with three or more dependent children","Median equivalised income","National currency",4387,
1998,"EL","NAC","MED_EI","A2_DCH_GE3","Two adults with three or more dependent children","Median equivalised income","National currency",4881,
1999,"EL","NAC","MED_EI","A2_DCH_GE3","Two adults with three or more dependent children","Median equivalised income","National currency",5449,
2000,"EL","NAC","MED_EI","A2_DCH_GE3","Two adults with three or more dependent children","Median equivalised income","National currency",5462,
2001,"EL","NAC","MED_EI","A2_DCH_GE3","Two adults with three or more dependent children","Median equivalised income","National currency",5960,
2003,"EL","NAC","MED_EI","A2_DCH_GE3","Two adults with three or more dependent children","Median equivalised income","National currency",6100,"b"
2004,"EL","NAC","MED_EI","A2_DCH_GE3","Two adults with three or more dependent children","Median equivalised income","National currency",6716,
2005,"EL","NAC","MED_EI","A2_DCH_GE3","Two adults with three or more dependent children","Median equivalised income","National currency",7893,
2006,"EL","NAC","MED_EI","A2_DCH_GE3","Two adults with three or more dependent children","Median equivalised income","National currency",7616,
2007,"EL","NAC","MED_EI","A2_DCH_GE3","Two adults with three or more dependent children","Median equivalised income","National currency",8929,
2008,"EL","NAC","MED_EI","A2_DCH_GE3","Two adults with three or more dependent children","Median equivalised income","National currency",9560,
2009,"EL","NAC","MED_EI","A2_DCH_GE3","Two adults with three or more dependent children","Median equivalised income","National currency",9859,
2010,"EL","NAC","MED_EI","A2_DCH_GE3","Two adults with three or more dependent children","Median equivalised income","National currency",10667,
2011,"EL","NAC","MED_EI","A2_DCH_GE3","Two adults with three or more dependent children","Median equivalised income","National currency",10261,
2012,"EL","NAC","MED_EI","A2_DCH_GE3","Two adults with three or more dependent children","Median equivalised income","National currency",7263,
2013,"EL","NAC","MED_EI","A2_DCH_GE3","Two adults with three or more dependent children","Median equivalised income","National currency",6260,
2014,"EL","NAC","MED_EI","A2_DCH_GE3","Two adults with three or more dependent children","Median equivalised income","National currency",5963,
2015,"EL","NAC","MED_EI","A2_DCH_GE3","Two adults with three or more dependent children","Median equivalised income","National currency",6103,
2016,"EL","NAC","MED_EI","A2_DCH_GE3","Two adults with three or more dependent children","Median equivalised income","National currency",5838,
2017,"EL","NAC","MED_EI","A2_DCH_GE3","Two adults with three or more dependent children","Median equivalised income","National currency",6467,
2018,"EL","NAC","MED_EI","A2_DCH_GE3","Two adults with three or more dependent children","Median equivalised income","National currency",6622,
2019,"EL","NAC","MED_EI","A2_DCH_GE3","Two adults with three or more dependent children","Median equivalised income","National currency",6744,
2020,"EL","NAC","MED_EI","A2_DCH_GE3","Two adults with three or more dependent children","Median equivalised income","National currency",7102,
2021,"EL","NAC","MED_EI","A2_DCH_GE3","Two adults with three or more dependent children","Median equivalised income","National currency",7115,
2022,"EL","NAC","MED_EI","A2_DCH_GE3","Two adults with three or more dependent children","Median equivalised income","National currency",7542,
2023,"EL","NAC","MED_EI","A2_DCH_GE3","Two adults with three or more dependent children","Median equivalised income","National currency",8363,
2024,"EL","NAC","MED_EI","A2_DCH_GE3","Two adults with three or more dependent children","Median equivalised income","National currency",9039,
2025,"EL","NAC","MED_EI","A2_DCH_GE3","Two adults with three or more dependent children","Median equivalised income","National currency",8938,
1995,"EL","PPS","MED_EI","A2_DCH_GE3","Two adults with three or more dependent children","Median equivalised income","Purchasing power standard (PPS)",6144,
1996,"EL","PPS","MED_EI","A2_DCH_GE3","Two adults with three or more dependent children","Median equivalised income","Purchasing power standard (PPS)",6550,
1997,"EL","PPS","MED_EI","A2_DCH_GE3","Two adults with three or more dependent children","Median equivalised income","Purchasing power standard (PPS)",6001,
1998,"EL","PPS","MED_EI","A2_DCH_GE3","Two adults with three or more dependent children","Median equivalised income","Purchasing power standard (PPS)",6417,
1999,"EL","PPS","MED_EI","A2_DCH_GE3","Two adults with three or more dependent children","Median equivalised income","Purchasing power standard (PPS)",6920,
2000,"EL","PPS","MED_EI","A2_DCH_GE3","Two adults with three or more dependent children","Median equivalised income","Purchasing power standard (PPS)",7190,
2001,"EL","PPS","MED_EI","A2_DCH_GE3","Two adults with three or more dependent children","Median equivalised income","Purchasing power standard (PPS)",7608,
2003,"EL","PPS","MED_EI","A2_DCH_GE3","Two adults with three or more dependent children","Median equivalised income","Purchasing power standard (PPS)",7607,"b"
2004,"EL","PPS","MED_EI","A2_DCH_GE3","Two adults with three or more dependent children","Median equivalised income","Purchasing power standard (PPS)",7821,
2005,"EL","PPS","MED_EI","A2_DCH_GE3","Two adults with three or more dependent children","Median equivalised income","Purchasing power standard (PPS)",9010,
2006,"EL","PPS","MED_EI","A2_DCH_GE3","Two adults with three or more dependent children","Median equivalised income","Purchasing power standard (PPS)",8631,
2007,"EL","PPS","MED_EI","A2_DCH_GE3","Two adults with three or more dependent children","Median equivalised income","Purchasing power standard (PPS)",10027,
2008,"EL","PPS","MED_EI","A2_DCH_GE3","Two adults with three or more dependent children","Median equivalised income","Purchasing power standard (PPS)",10650,
2009,"EL","PPS","MED_EI","A2_DCH_GE3","Two adults with three or more dependent children","Median equivalised income","Purchasing power standard (PPS)",10829,
2010,"EL","PPS","MED_EI","A2_DCH_GE3","Two adults with three or more dependent children","Median equivalised income","Purchasing power standard (PPS)",11234,
2011,"EL","PPS","MED_EI","A2_DCH_GE3","Two adults with three or more dependent children","Median equivalised income","Purchasing power standard (PPS)",10861,
2012,"EL","PPS","MED_EI","A2_DCH_GE3","Two adults with three or more dependent children","Median equivalised income","Purchasing power standard (PPS)",7683,
2013,"EL","PPS","MED_EI","A2_DCH_GE3","Two adults with three or more dependent children","Median equivalised income","Purchasing power standard (PPS)",6765,
2014,"EL","PPS","MED_EI","A2_DCH_GE3","Two adults with three or more dependent children","Median equivalised income","Purchasing power standard (PPS)",6734,
2015,"EL","PPS","MED_EI","A2_DCH_GE3","Two adults with three or more dependent children","Median equivalised income","Purchasing power standard (PPS)",7144,
2016,"EL","PPS","MED_EI","A2_DCH_GE3","Two adults with three or more dependent children","Median equivalised income","Purchasing power standard (PPS)",7042,
2017,"EL","PPS","MED_EI","A2_DCH_GE3","Two adults with three or more dependent children","Median equivalised income","Purchasing power standard (PPS)",7688,
2018,"EL","PPS","MED_EI","A2_DCH_GE3","Two adults with three or more dependent children","Median equivalised income","Purchasing power standard (PPS)",7786,
2019,"EL","PPS","MED_EI","A2_DCH_GE3","Two adults with three or more dependent children","Median equivalised income","Purchasing power standard (PPS)",8036,
2020,"EL","PPS","MED_EI","A2_DCH_GE3","Two adults with three or more dependent children","Median equivalised income","Purchasing power standard (PPS)",8229,
2021,"EL","PPS","MED_EI","A2_DCH_GE3","Two adults with three or more dependent children","Median equivalised income","Purchasing power standard (PPS)",8062,
2022,"EL","PPS","MED_EI","A2_DCH_GE3","Two adults with three or more dependent children","Median equivalised income","Purchasing power standard (PPS)",8588,
2023,"EL","PPS","MED_EI","A2_DCH_GE3","Two adults with three or more dependent children","Median equivalised income","Purchasing power standard (PPS)",9477,
2024,"EL","PPS","MED_EI","A2_DCH_GE3","Two adults with three or more dependent children","Median equivalised income","Purchasing power standard (PPS)",10361,
2025,"EL","PPS","MED_EI","A2_DCH_GE3","Two adults with three or more dependent children","Median equivalised income","Purchasing power standard (PPS)",10399,
2003,"EL","EUR","MEAN_EI","A_GE2_DCH","Two or more adults with dependent children","Mean equivalised income","Euro",9627,"b"
2004,"EL","EUR","MEAN_EI","A_GE2_DCH","Two or more adults with dependent children","Mean equivalised income","Euro",10263,
2005,"EL","EUR","MEAN_EI","A_GE2_DCH","Two or more adults with dependent children","Mean equivalised income","Euro",11214,
2006,"EL","EUR","MEAN_EI","A_GE2_DCH","Two or more adults with dependent children","Mean equivalised income","Euro",11684,
2007,"EL","EUR","MEAN_EI","A_GE2_DCH","Two or more adults with dependent children","Mean equivalised income","Euro",11680,
2008,"EL","EUR","MEAN_EI","A_GE2_DCH","Two or more adults with dependent children","Mean equivalised income","Euro",12624,
2009,"EL","EUR","MEAN_EI","A_GE2_DCH","Two or more adults with dependent children","Mean equivalised income","Euro",13042,
2010,"EL","EUR","MEAN_EI","A_GE2_DCH","Two or more adults with dependent children","Mean equivalised income","Euro",13371,
2011,"EL","EUR","MEAN_EI","A_GE2_DCH","Two or more adults with dependent children","Mean equivalised income","Euro",12265,
2012,"EL","EUR","MEAN_EI","A_GE2_DCH","Two or more adults with dependent children","Mean equivalised income","Euro",10150,
2013,"EL","EUR","MEAN_EI","A_GE2_DCH","Two or more adults with dependent children","Mean equivalised income","Euro",8672,
2014,"EL","EUR","MEAN_EI","A_GE2_DCH","Two or more adults with dependent children","Mean equivalised income","Euro",8686,
2015,"EL","EUR","MEAN_EI","A_GE2_DCH","Two or more adults with dependent children","Mean equivalised income","Euro",8341,
2016,"EL","EUR","MEAN_EI","A_GE2_DCH","Two or more adults with dependent children","Mean equivalised income","Euro",8306,
2017,"EL","EUR","MEAN_EI","A_GE2_DCH","Two or more adults with dependent children","Mean equivalised income","Euro",8518,
2018,"EL","EUR","MEAN_EI","A_GE2_DCH","Two or more adults with dependent children","Mean equivalised income","Euro",8548,
2019,"EL","EUR","MEAN_EI","A_GE2_DCH","Two or more adults with dependent children","Mean equivalised income","Euro",8853,
2020,"EL","EUR","MEAN_EI","A_GE2_DCH","Two or more adults with dependent children","Mean equivalised income","Euro",9457,
2021,"EL","EUR","MEAN_EI","A_GE2_DCH","Two or more adults with dependent children","Mean equivalised income","Euro",9310,
2022,"EL","EUR","MEAN_EI","A_GE2_DCH","Two or more adults with dependent children","Mean equivalised income","Euro",10260,
2023,"EL","EUR","MEAN_EI","A_GE2_DCH","Two or more adults with dependent children","Mean equivalised income","Euro",11141,
2024,"EL","EUR","MEAN_EI","A_GE2_DCH","Two or more adults with dependent children","Mean equivalised income","Euro",11950,
2025,"EL","EUR","MEAN_EI","A_GE2_DCH","Two or more adults with dependent children","Mean equivalised income","Euro",12797,
2003,"EL","NAC","MEAN_EI","A_GE2_DCH","Two or more adults with dependent children","Mean equivalised income","National currency",9627,"b"
2004,"EL","NAC","MEAN_EI","A_GE2_DCH","Two or more adults with dependent children","Mean equivalised income","National currency",10263,
2005,"EL","NAC","MEAN_EI","A_GE2_DCH","Two or more adults with dependent children","Mean equivalised income","National currency",11214,
2006,"EL","NAC","MEAN_EI","A_GE2_DCH","Two or more adults with dependent children","Mean equivalised income","National currency",11684,
2007,"EL","NAC","MEAN_EI","A_GE2_DCH","Two or more adults with dependent children","Mean equivalised income","National currency",11680,
2008,"EL","NAC","MEAN_EI","A_GE2_DCH","Two or more adults with dependent children","Mean equivalised income","National currency",12624,
2009,"EL","NAC","MEAN_EI","A_GE2_DCH","Two or more adults with dependent children","Mean equivalised income","National currency",13042,
2010,"EL","NAC","MEAN_EI","A_GE2_DCH","Two or more adults with dependent children","Mean equivalised income","National currency",13371,
2011,"EL","NAC","MEAN_EI","A_GE2_DCH","Two or more adults with dependent children","Mean equivalised income","National currency",12265,
2012,"EL","NAC","MEAN_EI","A_GE2_DCH","Two or more adults with dependent children","Mean equivalised income","National currency",10150,
2013,"EL","NAC","MEAN_EI","A_GE2_DCH","Two or more adults with dependent children","Mean equivalised income","National currency",8672,
2014,"EL","NAC","MEAN_EI","A_GE2_DCH","Two or more adults with dependent children","Mean equivalised income","National currency",8686,
2015,"EL","NAC","MEAN_EI","A_GE2_DCH","Two or more adults with dependent children","Mean equivalised income","National currency",8341,
2016,"EL","NAC","MEAN_EI","A_GE2_DCH","Two or more adults with dependent children","Mean equivalised income","National currency",8306,
2017,"EL","NAC","MEAN_EI","A_GE2_DCH","Two or more adults with dependent children","Mean equivalised income","National currency",8518,
2018,"EL","NAC","MEAN_EI","A_GE2_DCH","Two or more adults with dependent children","Mean equivalised income","National currency",8548,
2019,"EL","NAC","MEAN_EI","A_GE2_DCH","Two or more adults with dependent children","Mean equivalised income","National currency",8853,
2020,"EL","NAC","MEAN_EI","A_GE2_DCH","Two or more adults with dependent children","Mean equivalised income","National currency",9457,
2021,"EL","NAC","MEAN_EI","A_GE2_DCH","Two or more adults with dependent children","Mean equivalised income","National currency",9310,
2022,"EL","NAC","MEAN_EI","A_GE2_DCH","Two or more adults with dependent children","Mean equivalised income","National currency",10260,
2023,"EL","NAC","MEAN_EI","A_GE2_DCH","Two or more adults with dependent children","Mean equivalised income","National currency",11141,
2024,"EL","NAC","MEAN_EI","A_GE2_DCH","Two or more adults with dependent children","Mean equivalised income","National currency",11950,
2025,"EL","NAC","MEAN_EI","A_GE2_DCH","Two or more adults with dependent children","Mean equivalised income","National currency",12797,
2003,"EL","PPS","MEAN_EI","A_GE2_DCH","Two or more adults with dependent children","Mean equivalised income","Purchasing power standard (PPS)",12005,"b"
2004,"EL","PPS","MEAN_EI","A_GE2_DCH","Two or more adults with dependent children","Mean equivalised income","Purchasing power standard (PPS)",11951,
2005,"EL","PPS","MEAN_EI","A_GE2_DCH","Two or more adults with dependent children","Mean equivalised income","Purchasing power standard (PPS)",12802,
2006,"EL","PPS","MEAN_EI","A_GE2_DCH","Two or more adults with dependent children","Mean equivalised income","Purchasing power standard (PPS)",13240,
2007,"EL","PPS","MEAN_EI","A_GE2_DCH","Two or more adults with dependent children","Mean equivalised income","Purchasing power standard (PPS)",13117,
2008,"EL","PPS","MEAN_EI","A_GE2_DCH","Two or more adults with dependent children","Mean equivalised income","Purchasing power standard (PPS)",14064,
2009,"EL","PPS","MEAN_EI","A_GE2_DCH","Two or more adults with dependent children","Mean equivalised income","Purchasing power standard (PPS)",14325,
2010,"EL","PPS","MEAN_EI","A_GE2_DCH","Two or more adults with dependent children","Mean equivalised income","Purchasing power standard (PPS)",14081,
2011,"EL","PPS","MEAN_EI","A_GE2_DCH","Two or more adults with dependent children","Mean equivalised income","Purchasing power standard (PPS)",12982,
2012,"EL","PPS","MEAN_EI","A_GE2_DCH","Two or more adults with dependent children","Mean equivalised income","Purchasing power standard (PPS)",10737,
2013,"EL","PPS","MEAN_EI","A_GE2_DCH","Two or more adults with dependent children","Mean equivalised income","Purchasing power standard (PPS)",9370,
2014,"EL","PPS","MEAN_EI","A_GE2_DCH","Two or more adults with dependent children","Mean equivalised income","Purchasing power standard (PPS)",9810,
2015,"EL","PPS","MEAN_EI","A_GE2_DCH","Two or more adults with dependent children","Mean equivalised income","Purchasing power standard (PPS)",9763,
2016,"EL","PPS","MEAN_EI","A_GE2_DCH","Two or more adults with dependent children","Mean equivalised income","Purchasing power standard (PPS)",10021,
2017,"EL","PPS","MEAN_EI","A_GE2_DCH","Two or more adults with dependent children","Mean equivalised income","Purchasing power standard (PPS)",10126,
2018,"EL","PPS","MEAN_EI","A_GE2_DCH","Two or more adults with dependent children","Mean equivalised income","Purchasing power standard (PPS)",10050,
2019,"EL","PPS","MEAN_EI","A_GE2_DCH","Two or more adults with dependent children","Mean equivalised income","Purchasing power standard (PPS)",10548,
2020,"EL","PPS","MEAN_EI","A_GE2_DCH","Two or more adults with dependent children","Mean equivalised income","Purchasing power standard (PPS)",10958,
2021,"EL","PPS","MEAN_EI","A_GE2_DCH","Two or more adults with dependent children","Mean equivalised income","Purchasing power standard (PPS)",10550,
2022,"EL","PPS","MEAN_EI","A_GE2_DCH","Two or more adults with dependent children","Mean equivalised income","Purchasing power standard (PPS)",11684,
2023,"EL","PPS","MEAN_EI","A_GE2_DCH","Two or more adults with dependent children","Mean equivalised income","Purchasing power standard (PPS)",12625,
2024,"EL","PPS","MEAN_EI","A_GE2_DCH","Two or more adults with dependent children","Mean equivalised income","Purchasing power standard (PPS)",13698,
2025,"EL","PPS","MEAN_EI","A_GE2_DCH","Two or more adults with dependent children","Mean equivalised income","Purchasing power standard (PPS)",14888,
2003,"EL","EUR","MED_EI","A_GE2_DCH","Two or more adults with dependent children","Median equivalised income","Euro",8043,"b"
2004,"EL","EUR","MED_EI","A_GE2_DCH","Two or more adults with dependent children","Median equivalised income","Euro",8991,
2005,"EL","EUR","MED_EI","A_GE2_DCH","Two or more adults with dependent children","Median equivalised income","Euro",9452,
2006,"EL","EUR","MED_EI","A_GE2_DCH","Two or more adults with dependent children","Median equivalised income","Euro",9568,
2007,"EL","EUR","MED_EI","A_GE2_DCH","Two or more adults with dependent children","Median equivalised income","Euro",9905,
2008,"EL","EUR","MED_EI","A_GE2_DCH","Two or more adults with dependent children","Median equivalised income","Euro",10683,
2009,"EL","EUR","MED_EI","A_GE2_DCH","Two or more adults with dependent children","Median equivalised income","Euro",11190,
2010,"EL","EUR","MED_EI","A_GE2_DCH","Two or more adults with dependent children","Median equivalised income","Euro",11480,
2011,"EL","EUR","MED_EI","A_GE2_DCH","Two or more adults with dependent children","Median equivalised income","Euro",11019,
2012,"EL","EUR","MED_EI","A_GE2_DCH","Two or more adults with dependent children","Median equivalised income","Euro",8581,
2013,"EL","EUR","MED_EI","A_GE2_DCH","Two or more adults with dependent children","Median equivalised income","Euro",7361,
2014,"EL","EUR","MED_EI","A_GE2_DCH","Two or more adults with dependent children","Median equivalised income","Euro",7181,
2015,"EL","EUR","MED_EI","A_GE2_DCH","Two or more adults with dependent children","Median equivalised income","Euro",6933,
2016,"EL","EUR","MED_EI","A_GE2_DCH","Two or more adults with dependent children","Median equivalised income","Euro",6856,
2017,"EL","EUR","MED_EI","A_GE2_DCH","Two or more adults with dependent children","Median equivalised income","Euro",7173,
2018,"EL","EUR","MED_EI","A_GE2_DCH","Two or more adults with dependent children","Median equivalised income","Euro",7263,
2019,"EL","EUR","MED_EI","A_GE2_DCH","Two or more adults with dependent children","Median equivalised income","Euro",7697,
2020,"EL","EUR","MED_EI","A_GE2_DCH","Two or more adults with dependent children","Median equivalised income","Euro",8139,
2021,"EL","EUR","MED_EI","A_GE2_DCH","Two or more adults with dependent children","Median equivalised income","Euro",8119,
2022,"EL","EUR","MED_EI","A_GE2_DCH","Two or more adults with dependent children","Median equivalised income","Euro",8785,
2023,"EL","EUR","MED_EI","A_GE2_DCH","Two or more adults with dependent children","Median equivalised income","Euro",9524,
2024,"EL","EUR","MED_EI","A_GE2_DCH","Two or more adults with dependent children","Median equivalised income","Euro",10451,
2025,"EL","EUR","MED_EI","A_GE2_DCH","Two or more adults with dependent children","Median equivalised income","Euro",11181,
2003,"EL","NAC","MED_EI","A_GE2_DCH","Two or more adults with dependent children","Median equivalised income","National currency",8043,"b"
2004,"EL","NAC","MED_EI","A_GE2_DCH","Two or more adults with dependent children","Median equivalised income","National currency",8991,
2005,"EL","NAC","MED_EI","A_GE2_DCH","Two or more adults with dependent children","Median equivalised income","National currency",9452,
2006,"EL","NAC","MED_EI","A_GE2_DCH","Two or more adults with dependent children","Median equivalised income","National currency",9568,
2007,"EL","NAC","MED_EI","A_GE2_DCH","Two or more adults with dependent children","Median equivalised income","National currency",9905,
2008,"EL","NAC","MED_EI","A_GE2_DCH","Two or more adults with dependent children","Median equivalised income","National currency",10683,
2009,"EL","NAC","MED_EI","A_GE2_DCH","Two or more adults with dependent children","Median equivalised income","National currency",11190,
2010,"EL","NAC","MED_EI","A_GE2_DCH","Two or more adults with dependent children","Median equivalised income","National currency",11480,
2011,"EL","NAC","MED_EI","A_GE2_DCH","Two or more adults with dependent children","Median equivalised income","National currency",11019,
2012,"EL","NAC","MED_EI","A_GE2_DCH","Two or more adults with dependent children","Median equivalised income","National currency",8581,
2013,"EL","NAC","MED_EI","A_GE2_DCH","Two or more adults with dependent children","Median equivalised income","National currency",7361,
2014,"EL","NAC","MED_EI","A_GE2_DCH","Two or more adults with dependent children","Median equivalised income","National currency",7181,
2015,"EL","NAC","MED_EI","A_GE2_DCH","Two or more adults with dependent children","Median equivalised income","National currency",6933,
2016,"EL","NAC","MED_EI","A_GE2_DCH","Two or more adults with dependent children","Median equivalised income","National currency",6856,
2017,"EL","NAC","MED_EI","A_GE2_DCH","Two or more adults with dependent children","Median equivalised income","National currency",7173,
2018,"EL","NAC","MED_EI","A_GE2_DCH","Two or more adults with dependent children","Median equivalised income","National currency",7263,
2019,"EL","NAC","MED_EI","A_GE2_DCH","Two or more adults with dependent children","Median equivalised income","National currency",7697,
2020,"EL","NAC","MED_EI","A_GE2_DCH","Two or more adults with dependent children","Median equivalised income","National currency",8139,
2021,"EL","NAC","MED_EI","A_GE2_DCH","Two or more adults with dependent children","Median equivalised income","National currency",8119,
2022,"EL","NAC","MED_EI","A_GE2_DCH","Two or more adults with dependent children","Median equivalised income","National currency",8785,
2023,"EL","NAC","MED_EI","A_GE2_DCH","Two or more adults with dependent children","Median equivalised income","National currency",9524,
2024,"EL","NAC","MED_EI","A_GE2_DCH","Two or more adults with dependent children","Median equivalised income","National currency",10451,
2025,"EL","NAC","MED_EI","A_GE2_DCH","Two or more adults with dependent children","Median equivalised income","National currency",11181,
2003,"EL","PPS","MED_EI","A_GE2_DCH","Two or more adults with dependent children","Median equivalised income","Purchasing power standard (PPS)",10030,"b"
2004,"EL","PPS","MED_EI","A_GE2_DCH","Two or more adults with dependent children","Median equivalised income","Purchasing power standard (PPS)",10469,
2005,"EL","PPS","MED_EI","A_GE2_DCH","Two or more adults with dependent children","Median equivalised income","Purchasing power standard (PPS)",10791,
2006,"EL","PPS","MED_EI","A_GE2_DCH","Two or more adults with dependent children","Median equivalised income","Purchasing power standard (PPS)",10841,
2007,"EL","PPS","MED_EI","A_GE2_DCH","Two or more adults with dependent children","Median equivalised income","Purchasing power standard (PPS)",11123,
2008,"EL","PPS","MED_EI","A_GE2_DCH","Two or more adults with dependent children","Median equivalised income","Purchasing power standard (PPS)",11902,
2009,"EL","PPS","MED_EI","A_GE2_DCH","Two or more adults with dependent children","Median equivalised income","Purchasing power standard (PPS)",12291,
2010,"EL","PPS","MED_EI","A_GE2_DCH","Two or more adults with dependent children","Median equivalised income","Purchasing power standard (PPS)",12090,
2011,"EL","PPS","MED_EI","A_GE2_DCH","Two or more adults with dependent children","Median equivalised income","Purchasing power standard (PPS)",11664,
2012,"EL","PPS","MED_EI","A_GE2_DCH","Two or more adults with dependent children","Median equivalised income","Purchasing power standard (PPS)",9078,
2013,"EL","PPS","MED_EI","A_GE2_DCH","Two or more adults with dependent children","Median equivalised income","Purchasing power standard (PPS)",7954,
2014,"EL","PPS","MED_EI","A_GE2_DCH","Two or more adults with dependent children","Median equivalised income","Purchasing power standard (PPS)",8110,
2015,"EL","PPS","MED_EI","A_GE2_DCH","Two or more adults with dependent children","Median equivalised income","Purchasing power standard (PPS)",8115,
2016,"EL","PPS","MED_EI","A_GE2_DCH","Two or more adults with dependent children","Median equivalised income","Purchasing power standard (PPS)",8271,
2017,"EL","PPS","MED_EI","A_GE2_DCH","Two or more adults with dependent children","Median equivalised income","Purchasing power standard (PPS)",8527,
2018,"EL","PPS","MED_EI","A_GE2_DCH","Two or more adults with dependent children","Median equivalised income","Purchasing power standard (PPS)",8539,
2019,"EL","PPS","MED_EI","A_GE2_DCH","Two or more adults with dependent children","Median equivalised income","Purchasing power standard (PPS)",9172,
2020,"EL","PPS","MED_EI","A_GE2_DCH","Two or more adults with dependent children","Median equivalised income","Purchasing power standard (PPS)",9430,
2021,"EL","PPS","MED_EI","A_GE2_DCH","Two or more adults with dependent children","Median equivalised income","Purchasing power standard (PPS)",9200,
2022,"EL","PPS","MED_EI","A_GE2_DCH","Two or more adults with dependent children","Median equivalised income","Purchasing power standard (PPS)",10005,
2023,"EL","PPS","MED_EI","A_GE2_DCH","Two or more adults with dependent children","Median equivalised income","Purchasing power standard (PPS)",10792,
2024,"EL","PPS","MED_EI","A_GE2_DCH","Two or more adults with dependent children","Median equivalised income","Purchasing power standard (PPS)",11979,
2025,"EL","PPS","MED_EI","A_GE2_DCH","Two or more adults with dependent children","Median equivalised income","Purchasing power standard (PPS)",13008,
2003,"EL","EUR","MEAN_EI","A_GE2_NDCH","Two or more adults without dependent children","Mean equivalised income","Euro",9957,"b"
2004,"EL","EUR","MEAN_EI","A_GE2_NDCH","Two or more adults without dependent children","Mean equivalised income","Euro",10482,
2005,"EL","EUR","MEAN_EI","A_GE2_NDCH","Two or more adults without dependent children","Mean equivalised income","Euro",11331,
2006,"EL","EUR","MEAN_EI","A_GE2_NDCH","Two or more adults without dependent children","Mean equivalised income","Euro",11799,
2007,"EL","EUR","MEAN_EI","A_GE2_NDCH","Two or more adults without dependent children","Mean equivalised income","Euro",12749,
2008,"EL","EUR","MEAN_EI","A_GE2_NDCH","Two or more adults without dependent children","Mean equivalised income","Euro",13147,
2009,"EL","EUR","MEAN_EI","A_GE2_NDCH","Two or more adults without dependent children","Mean equivalised income","Euro",14340,
2010,"EL","EUR","MEAN_EI","A_GE2_NDCH","Two or more adults without dependent children","Mean equivalised income","Euro",14999,
2011,"EL","EUR","MEAN_EI","A_GE2_NDCH","Two or more adults without dependent children","Mean equivalised income","Euro",13339,
2012,"EL","EUR","MEAN_EI","A_GE2_NDCH","Two or more adults without dependent children","Mean equivalised income","Euro",11348,
2013,"EL","EUR","MEAN_EI","A_GE2_NDCH","Two or more adults without dependent children","Mean equivalised income","Euro",10098,
2014,"EL","EUR","MEAN_EI","A_GE2_NDCH","Two or more adults without dependent children","Mean equivalised income","Euro",9213,
2015,"EL","EUR","MEAN_EI","A_GE2_NDCH","Two or more adults without dependent children","Mean equivalised income","Euro",9203,
2016,"EL","EUR","MEAN_EI","A_GE2_NDCH","Two or more adults without dependent children","Mean equivalised income","Euro",9188,
2017,"EL","EUR","MEAN_EI","A_GE2_NDCH","Two or more adults without dependent children","Mean equivalised income","Euro",9290,
2018,"EL","EUR","MEAN_EI","A_GE2_NDCH","Two or more adults without dependent children","Mean equivalised income","Euro",9751,
2019,"EL","EUR","MEAN_EI","A_GE2_NDCH","Two or more adults without dependent children","Mean equivalised income","Euro",10169,
2020,"EL","EUR","MEAN_EI","A_GE2_NDCH","Two or more adults without dependent children","Mean equivalised income","Euro",10948,
2021,"EL","EUR","MEAN_EI","A_GE2_NDCH","Two or more adults without dependent children","Mean equivalised income","Euro",11037,
2022,"EL","EUR","MEAN_EI","A_GE2_NDCH","Two or more adults without dependent children","Mean equivalised income","Euro",11874,
2023,"EL","EUR","MEAN_EI","A_GE2_NDCH","Two or more adults without dependent children","Mean equivalised income","Euro",12580,
2024,"EL","EUR","MEAN_EI","A_GE2_NDCH","Two or more adults without dependent children","Mean equivalised income","Euro",13566,
2025,"EL","EUR","MEAN_EI","A_GE2_NDCH","Two or more adults without dependent children","Mean equivalised income","Euro",14804,
2003,"EL","NAC","MEAN_EI","A_GE2_NDCH","Two or more adults without dependent children","Mean equivalised income","National currency",9957,"b"
2004,"EL","NAC","MEAN_EI","A_GE2_NDCH","Two or more adults without dependent children","Mean equivalised income","National currency",10482,
2005,"EL","NAC","MEAN_EI","A_GE2_NDCH","Two or more adults without dependent children","Mean equivalised income","National currency",11331,
2006,"EL","NAC","MEAN_EI","A_GE2_NDCH","Two or more adults without dependent children","Mean equivalised income","National currency",11799,
2007,"EL","NAC","MEAN_EI","A_GE2_NDCH","Two or more adults without dependent children","Mean equivalised income","National currency",12749,
2008,"EL","NAC","MEAN_EI","A_GE2_NDCH","Two or more adults without dependent children","Mean equivalised income","National currency",13147,
2009,"EL","NAC","MEAN_EI","A_GE2_NDCH","Two or more adults without dependent children","Mean equivalised income","National currency",14340,
2010,"EL","NAC","MEAN_EI","A_GE2_NDCH","Two or more adults without dependent children","Mean equivalised income","National currency",14999,
2011,"EL","NAC","MEAN_EI","A_GE2_NDCH","Two or more adults without dependent children","Mean equivalised income","National currency",13339,
2012,"EL","NAC","MEAN_EI","A_GE2_NDCH","Two or more adults without dependent children","Mean equivalised income","National currency",11348,
2013,"EL","NAC","MEAN_EI","A_GE2_NDCH","Two or more adults without dependent children","Mean equivalised income","National currency",10098,
2014,"EL","NAC","MEAN_EI","A_GE2_NDCH","Two or more adults without dependent children","Mean equivalised income","National currency",9213,
2015,"EL","NAC","MEAN_EI","A_GE2_NDCH","Two or more adults without dependent children","Mean equivalised income","National currency",9203,
2016,"EL","NAC","MEAN_EI","A_GE2_NDCH","Two or more adults without dependent children","Mean equivalised income","National currency",9188,
2017,"EL","NAC","MEAN_EI","A_GE2_NDCH","Two or more adults without dependent children","Mean equivalised income","National currency",9290,
2018,"EL","NAC","MEAN_EI","A_GE2_NDCH","Two or more adults without dependent children","Mean equivalised income","National currency",9751,
2019,"EL","NAC","MEAN_EI","A_GE2_NDCH","Two or more adults without dependent children","Mean equivalised income","National currency",10169,
2020,"EL","NAC","MEAN_EI","A_GE2_NDCH","Two or more adults without dependent children","Mean equivalised income","National currency",10948,
2021,"EL","NAC","MEAN_EI","A_GE2_NDCH","Two or more adults without dependent children","Mean equivalised income","National currency",11037,
2022,"EL","NAC","MEAN_EI","A_GE2_NDCH","Two or more adults without dependent children","Mean equivalised income","National currency",11874,
2023,"EL","NAC","MEAN_EI","A_GE2_NDCH","Two or more adults without dependent children","Mean equivalised income","National currency",12580,
2024,"EL","NAC","MEAN_EI","A_GE2_NDCH","Two or more adults without dependent children","Mean equivalised income","National currency",13566,
2025,"EL","NAC","MEAN_EI","A_GE2_NDCH","Two or more adults without dependent children","Mean equivalised income","National currency",14804,
2003,"EL","PPS","MEAN_EI","A_GE2_NDCH","Two or more adults without dependent children","Mean equivalised income","Purchasing power standard (PPS)",12418,"b"
2004,"EL","PPS","MEAN_EI","A_GE2_NDCH","Two or more adults without dependent children","Mean equivalised income","Purchasing power standard (PPS)",12206,
2005,"EL","PPS","MEAN_EI","A_GE2_NDCH","Two or more adults without dependent children","Mean equivalised income","Purchasing power standard (PPS)",12935,
2006,"EL","PPS","MEAN_EI","A_GE2_NDCH","Two or more adults without dependent children","Mean equivalised income","Purchasing power standard (PPS)",13370,
2007,"EL","PPS","MEAN_EI","A_GE2_NDCH","Two or more adults without dependent children","Mean equivalised income","Purchasing power standard (PPS)",14317,
2008,"EL","PPS","MEAN_EI","A_GE2_NDCH","Two or more adults without dependent children","Mean equivalised income","Purchasing power standard (PPS)",14647,
2009,"EL","PPS","MEAN_EI","A_GE2_NDCH","Two or more adults without dependent children","Mean equivalised income","Purchasing power standard (PPS)",15749,
2010,"EL","PPS","MEAN_EI","A_GE2_NDCH","Two or more adults without dependent children","Mean equivalised income","Purchasing power standard (PPS)",15796,
2011,"EL","PPS","MEAN_EI","A_GE2_NDCH","Two or more adults without dependent children","Mean equivalised income","Purchasing power standard (PPS)",14119,
2012,"EL","PPS","MEAN_EI","A_GE2_NDCH","Two or more adults without dependent children","Mean equivalised income","Purchasing power standard (PPS)",12004,
2013,"EL","PPS","MEAN_EI","A_GE2_NDCH","Two or more adults without dependent children","Mean equivalised income","Purchasing power standard (PPS)",10912,
2014,"EL","PPS","MEAN_EI","A_GE2_NDCH","Two or more adults without dependent children","Mean equivalised income","Purchasing power standard (PPS)",10406,
2015,"EL","PPS","MEAN_EI","A_GE2_NDCH","Two or more adults without dependent children","Mean equivalised income","Purchasing power standard (PPS)",10772,
2016,"EL","PPS","MEAN_EI","A_GE2_NDCH","Two or more adults without dependent children","Mean equivalised income","Purchasing power standard (PPS)",11084,
2017,"EL","PPS","MEAN_EI","A_GE2_NDCH","Two or more adults without dependent children","Mean equivalised income","Purchasing power standard (PPS)",11044,
2018,"EL","PPS","MEAN_EI","A_GE2_NDCH","Two or more adults without dependent children","Mean equivalised income","Purchasing power standard (PPS)",11464,
2019,"EL","PPS","MEAN_EI","A_GE2_NDCH","Two or more adults without dependent children","Mean equivalised income","Purchasing power standard (PPS)",12117,
2020,"EL","PPS","MEAN_EI","A_GE2_NDCH","Two or more adults without dependent children","Mean equivalised income","Purchasing power standard (PPS)",12685,
2021,"EL","PPS","MEAN_EI","A_GE2_NDCH","Two or more adults without dependent children","Mean equivalised income","Purchasing power standard (PPS)",12507,
2022,"EL","PPS","MEAN_EI","A_GE2_NDCH","Two or more adults without dependent children","Mean equivalised income","Purchasing power standard (PPS)",13521,
2023,"EL","PPS","MEAN_EI","A_GE2_NDCH","Two or more adults without dependent children","Mean equivalised income","Purchasing power standard (PPS)",14256,
2024,"EL","PPS","MEAN_EI","A_GE2_NDCH","Two or more adults without dependent children","Mean equivalised income","Purchasing power standard (PPS)",15550,
2025,"EL","PPS","MEAN_EI","A_GE2_NDCH","Two or more adults without dependent children","Mean equivalised income","Purchasing power standard (PPS)",17223,
2003,"EL","EUR","MED_EI","A_GE2_NDCH","Two or more adults without dependent children","Median equivalised income","Euro",8552,"b"
2004,"EL","EUR","MED_EI","A_GE2_NDCH","Two or more adults without dependent children","Median equivalised income","Euro",9063,
2005,"EL","EUR","MED_EI","A_GE2_NDCH","Two or more adults without dependent children","Median equivalised income","Euro",9667,
2006,"EL","EUR","MED_EI","A_GE2_NDCH","Two or more adults without dependent children","Median equivalised income","Euro",10183,
2007,"EL","EUR","MED_EI","A_GE2_NDCH","Two or more adults without dependent children","Median equivalised income","Euro",10728,
2008,"EL","EUR","MED_EI","A_GE2_NDCH","Two or more adults without dependent children","Median equivalised income","Euro",11424,
2009,"EL","EUR","MED_EI","A_GE2_NDCH","Two or more adults without dependent children","Median equivalised income","Euro",12365,
2010,"EL","EUR","MED_EI","A_GE2_NDCH","Two or more adults without dependent children","Median equivalised income","Euro",12933,
2011,"EL","EUR","MED_EI","A_GE2_NDCH","Two or more adults without dependent children","Median equivalised income","Euro",11405,
2012,"EL","EUR","MED_EI","A_GE2_NDCH","Two or more adults without dependent children","Median equivalised income","Euro",9935,
2013,"EL","EUR","MED_EI","A_GE2_NDCH","Two or more adults without dependent children","Median equivalised income","Euro",8959,
2014,"EL","EUR","MED_EI","A_GE2_NDCH","Two or more adults without dependent children","Median equivalised income","Euro",8080,
2015,"EL","EUR","MED_EI","A_GE2_NDCH","Two or more adults without dependent children","Median equivalised income","Euro",8140,
2016,"EL","EUR","MED_EI","A_GE2_NDCH","Two or more adults without dependent children","Median equivalised income","Euro",8149,
2017,"EL","EUR","MED_EI","A_GE2_NDCH","Two or more adults without dependent children","Median equivalised income","Euro",8150,
2018,"EL","EUR","MED_EI","A_GE2_NDCH","Two or more adults without dependent children","Median equivalised income","Euro",8553,
2019,"EL","EUR","MED_EI","A_GE2_NDCH","Two or more adults without dependent children","Median equivalised income","Euro",9032,
2020,"EL","EUR","MED_EI","A_GE2_NDCH","Two or more adults without dependent children","Median equivalised income","Euro",9680,
2021,"EL","EUR","MED_EI","A_GE2_NDCH","Two or more adults without dependent children","Median equivalised income","Euro",9740,
2022,"EL","EUR","MED_EI","A_GE2_NDCH","Two or more adults without dependent children","Median equivalised income","Euro",10456,
2023,"EL","EUR","MED_EI","A_GE2_NDCH","Two or more adults without dependent children","Median equivalised income","Euro",11200,
2024,"EL","EUR","MED_EI","A_GE2_NDCH","Two or more adults without dependent children","Median equivalised income","Euro",11998,
2025,"EL","EUR","MED_EI","A_GE2_NDCH","Two or more adults without dependent children","Median equivalised income","Euro",13095,
2003,"EL","NAC","MED_EI","A_GE2_NDCH","Two or more adults without dependent children","Median equivalised income","National currency",8552,"b"
2004,"EL","NAC","MED_EI","A_GE2_NDCH","Two or more adults without dependent children","Median equivalised income","National currency",9063,
2005,"EL","NAC","MED_EI","A_GE2_NDCH","Two or more adults without dependent children","Median equivalised income","National currency",9667,
2006,"EL","NAC","MED_EI","A_GE2_NDCH","Two or more adults without dependent children","Median equivalised income","National currency",10183,
2007,"EL","NAC","MED_EI","A_GE2_NDCH","Two or more adults without dependent children","Median equivalised income","National currency",10728,
2008,"EL","NAC","MED_EI","A_GE2_NDCH","Two or more adults without dependent children","Median equivalised income","National currency",11424,
2009,"EL","NAC","MED_EI","A_GE2_NDCH","Two or more adults without dependent children","Median equivalised income","National currency",12365,
2010,"EL","NAC","MED_EI","A_GE2_NDCH","Two or more adults without dependent children","Median equivalised income","National currency",12933,
2011,"EL","NAC","MED_EI","A_GE2_NDCH","Two or more adults without dependent children","Median equivalised income","National currency",11405,
2012,"EL","NAC","MED_EI","A_GE2_NDCH","Two or more adults without dependent children","Median equivalised income","National currency",9935,
2013,"EL","NAC","MED_EI","A_GE2_NDCH","Two or more adults without dependent children","Median equivalised income","National currency",8959,
2014,"EL","NAC","MED_EI","A_GE2_NDCH","Two or more adults without dependent children","Median equivalised income","National currency",8080,
2015,"EL","NAC","MED_EI","A_GE2_NDCH","Two or more adults without dependent children","Median equivalised income","National currency",8140,
2016,"EL","NAC","MED_EI","A_GE2_NDCH","Two or more adults without dependent children","Median equivalised income","National currency",8149,
2017,"EL","NAC","MED_EI","A_GE2_NDCH","Two or more adults without dependent children","Median equivalised income","National currency",8150,
2018,"EL","NAC","MED_EI","A_GE2_NDCH","Two or more adults without dependent children","Median equivalised income","National currency",8553,
2019,"EL","NAC","MED_EI","A_GE2_NDCH","Two or more adults without dependent children","Median equivalised income","National currency",9032,
2020,"EL","NAC","MED_EI","A_GE2_NDCH","Two or more adults without dependent children","Median equivalised income","National currency",9680,
2021,"EL","NAC","MED_EI","A_GE2_NDCH","Two or more adults without dependent children","Median equivalised income","National currency",9740,
2022,"EL","NAC","MED_EI","A_GE2_NDCH","Two or more adults without dependent children","Median equivalised income","National currency",10456,
2023,"EL","NAC","MED_EI","A_GE2_NDCH","Two or more adults without dependent children","Median equivalised income","National currency",11200,
2024,"EL","NAC","MED_EI","A_GE2_NDCH","Two or more adults without dependent children","Median equivalised income","National currency",11998,
2025,"EL","NAC","MED_EI","A_GE2_NDCH","Two or more adults without dependent children","Median equivalised income","National currency",13095,
2003,"EL","PPS","MED_EI","A_GE2_NDCH","Two or more adults without dependent children","Median equivalised income","Purchasing power standard (PPS)",10665,"b"
2004,"EL","PPS","MED_EI","A_GE2_NDCH","Two or more adults without dependent children","Median equivalised income","Purchasing power standard (PPS)",10553,
2005,"EL","PPS","MED_EI","A_GE2_NDCH","Two or more adults without dependent children","Median equivalised income","Purchasing power standard (PPS)",11035,
2006,"EL","PPS","MED_EI","A_GE2_NDCH","Two or more adults without dependent children","Median equivalised income","Purchasing power standard (PPS)",11538,
2007,"EL","PPS","MED_EI","A_GE2_NDCH","Two or more adults without dependent children","Median equivalised income","Purchasing power standard (PPS)",12048,
2008,"EL","PPS","MED_EI","A_GE2_NDCH","Two or more adults without dependent children","Median equivalised income","Purchasing power standard (PPS)",12727,
2009,"EL","PPS","MED_EI","A_GE2_NDCH","Two or more adults without dependent children","Median equivalised income","Purchasing power standard (PPS)",13581,
2010,"EL","PPS","MED_EI","A_GE2_NDCH","Two or more adults without dependent children","Median equivalised income","Purchasing power standard (PPS)",13621,
2011,"EL","PPS","MED_EI","A_GE2_NDCH","Two or more adults without dependent children","Median equivalised income","Purchasing power standard (PPS)",12072,
2012,"EL","PPS","MED_EI","A_GE2_NDCH","Two or more adults without dependent children","Median equivalised income","Purchasing power standard (PPS)",10510,
2013,"EL","PPS","MED_EI","A_GE2_NDCH","Two or more adults without dependent children","Median equivalised income","Purchasing power standard (PPS)",9681,
2014,"EL","PPS","MED_EI","A_GE2_NDCH","Two or more adults without dependent children","Median equivalised income","Purchasing power standard (PPS)",9126,
2015,"EL","PPS","MED_EI","A_GE2_NDCH","Two or more adults without dependent children","Median equivalised income","Purchasing power standard (PPS)",9528,
2016,"EL","PPS","MED_EI","A_GE2_NDCH","Two or more adults without dependent children","Median equivalised income","Purchasing power standard (PPS)",9831,
2017,"EL","PPS","MED_EI","A_GE2_NDCH","Two or more adults without dependent children","Median equivalised income","Purchasing power standard (PPS)",9689,
2018,"EL","PPS","MED_EI","A_GE2_NDCH","Two or more adults without dependent children","Median equivalised income","Purchasing power standard (PPS)",10056,
2019,"EL","PPS","MED_EI","A_GE2_NDCH","Two or more adults without dependent children","Median equivalised income","Purchasing power standard (PPS)",10762,
2020,"EL","PPS","MED_EI","A_GE2_NDCH","Two or more adults without dependent children","Median equivalised income","Purchasing power standard (PPS)",11216,
2021,"EL","PPS","MED_EI","A_GE2_NDCH","Two or more adults without dependent children","Median equivalised income","Purchasing power standard (PPS)",11037,
2022,"EL","PPS","MED_EI","A_GE2_NDCH","Two or more adults without dependent children","Median equivalised income","Purchasing power standard (PPS)",11907,
2023,"EL","PPS","MED_EI","A_GE2_NDCH","Two or more adults without dependent children","Median equivalised income","Purchasing power standard (PPS)",12692,
2024,"EL","PPS","MED_EI","A_GE2_NDCH","Two or more adults without dependent children","Median equivalised income","Purchasing power standard (PPS)",13752,
2025,"EL","PPS","MED_EI","A_GE2_NDCH","Two or more adults without dependent children","Median equivalised income","Purchasing power standard (PPS)",15235,
1995,"EL","EUR","MEAN_EI","A_GE3","Three or more adults","Mean equivalised income","Euro",6590,
1996,"EL","EUR","MEAN_EI","A_GE3","Three or more adults","Mean equivalised income","Euro",6870,
1997,"EL","EUR","MEAN_EI","A_GE3","Three or more adults","Mean equivalised income","Euro",7467,
1998,"EL","EUR","MEAN_EI","A_GE3","Three or more adults","Mean equivalised income","Euro",8070,
1999,"EL","EUR","MEAN_EI","A_GE3","Three or more adults","Mean equivalised income","Euro",7924,
2000,"EL","EUR","MEAN_EI","A_GE3","Three or more adults","Mean equivalised income","Euro",8660,
2001,"EL","EUR","MEAN_EI","A_GE3","Three or more adults","Mean equivalised income","Euro",8801,
2003,"EL","EUR","MEAN_EI","A_GE3","Three or more adults","Mean equivalised income","Euro",10263,"b"
2004,"EL","EUR","MEAN_EI","A_GE3","Three or more adults","Mean equivalised income","Euro",10996,
2005,"EL","EUR","MEAN_EI","A_GE3","Three or more adults","Mean equivalised income","Euro",11913,
2006,"EL","EUR","MEAN_EI","A_GE3","Three or more adults","Mean equivalised income","Euro",12140,
2007,"EL","EUR","MEAN_EI","A_GE3","Three or more adults","Mean equivalised income","Euro",13026,
2008,"EL","EUR","MEAN_EI","A_GE3","Three or more adults","Mean equivalised income","Euro",13180,
2009,"EL","EUR","MEAN_EI","A_GE3","Three or more adults","Mean equivalised income","Euro",14716,
2010,"EL","EUR","MEAN_EI","A_GE3","Three or more adults","Mean equivalised income","Euro",15942,
2011,"EL","EUR","MEAN_EI","A_GE3","Three or more adults","Mean equivalised income","Euro",14023,
2012,"EL","EUR","MEAN_EI","A_GE3","Three or more adults","Mean equivalised income","Euro",11296,
2013,"EL","EUR","MEAN_EI","A_GE3","Three or more adults","Mean equivalised income","Euro",9580,
2014,"EL","EUR","MEAN_EI","A_GE3","Three or more adults","Mean equivalised income","Euro",8877,
2015,"EL","EUR","MEAN_EI","A_GE3","Three or more adults","Mean equivalised income","Euro",8875,
2016,"EL","EUR","MEAN_EI","A_GE3","Three or more adults","Mean equivalised income","Euro",8884,
2017,"EL","EUR","MEAN_EI","A_GE3","Three or more adults","Mean equivalised income","Euro",8852,
2018,"EL","EUR","MEAN_EI","A_GE3","Three or more adults","Mean equivalised income","Euro",9335,
2019,"EL","EUR","MEAN_EI","A_GE3","Three or more adults","Mean equivalised income","Euro",9708,
2020,"EL","EUR","MEAN_EI","A_GE3","Three or more adults","Mean equivalised income","Euro",10684,
2021,"EL","EUR","MEAN_EI","A_GE3","Three or more adults","Mean equivalised income","Euro",11070,
2022,"EL","EUR","MEAN_EI","A_GE3","Three or more adults","Mean equivalised income","Euro",12064,
2023,"EL","EUR","MEAN_EI","A_GE3","Three or more adults","Mean equivalised income","Euro",12920,
2024,"EL","EUR","MEAN_EI","A_GE3","Three or more adults","Mean equivalised income","Euro",14318,
2025,"EL","EUR","MEAN_EI","A_GE3","Three or more adults","Mean equivalised income","Euro",15851,
1995,"EL","NAC","MEAN_EI","A_GE3","Three or more adults","Mean equivalised income","National currency",5638,
1996,"EL","NAC","MEAN_EI","A_GE3","Three or more adults","Mean equivalised income","National currency",6182,
1997,"EL","NAC","MEAN_EI","A_GE3","Three or more adults","Mean equivalised income","National currency",6777,
1998,"EL","NAC","MEAN_EI","A_GE3","Three or more adults","Mean equivalised income","National currency",7415,
1999,"EL","NAC","MEAN_EI","A_GE3","Three or more adults","Mean equivalised income","National currency",7784,
2000,"EL","NAC","MEAN_EI","A_GE3","Three or more adults","Mean equivalised income","National currency",8381,
2001,"EL","NAC","MEAN_EI","A_GE3","Three or more adults","Mean equivalised income","National currency",8801,
2003,"EL","NAC","MEAN_EI","A_GE3","Three or more adults","Mean equivalised income","National currency",10263,"b"
2004,"EL","NAC","MEAN_EI","A_GE3","Three or more adults","Mean equivalised income","National currency",10996,
2005,"EL","NAC","MEAN_EI","A_GE3","Three or more adults","Mean equivalised income","National currency",11913,
2006,"EL","NAC","MEAN_EI","A_GE3","Three or more adults","Mean equivalised income","National currency",12140,
2007,"EL","NAC","MEAN_EI","A_GE3","Three or more adults","Mean equivalised income","National currency",13026,
2008,"EL","NAC","MEAN_EI","A_GE3","Three or more adults","Mean equivalised income","National currency",13180,
2009,"EL","NAC","MEAN_EI","A_GE3","Three or more adults","Mean equivalised income","National currency",14716,
2010,"EL","NAC","MEAN_EI","A_GE3","Three or more adults","Mean equivalised income","National currency",15942,
2011,"EL","NAC","MEAN_EI","A_GE3","Three or more adults","Mean equivalised income","National currency",14023,
2012,"EL","NAC","MEAN_EI","A_GE3","Three or more adults","Mean equivalised income","National currency",11296,
2013,"EL","NAC","MEAN_EI","A_GE3","Three or more adults","Mean equivalised income","National currency",9580,
2014,"EL","NAC","MEAN_EI","A_GE3","Three or more adults","Mean equivalised income","National currency",8877,
2015,"EL","NAC","MEAN_EI","A_GE3","Three or more adults","Mean equivalised income","National currency",8875,
2016,"EL","NAC","MEAN_EI","A_GE3","Three or more adults","Mean equivalised income","National currency",8884,
2017,"EL","NAC","MEAN_EI","A_GE3","Three or more adults","Mean equivalised income","National currency",8852,
2018,"EL","NAC","MEAN_EI","A_GE3","Three or more adults","Mean equivalised income","National currency",9335,
2019,"EL","NAC","MEAN_EI","A_GE3","Three or more adults","Mean equivalised income","National currency",9708,
2020,"EL","NAC","MEAN_EI","A_GE3","Three or more adults","Mean equivalised income","National currency",10684,
2021,"EL","NAC","MEAN_EI","A_GE3","Three or more adults","Mean equivalised income","National currency",11070,
2022,"EL","NAC","MEAN_EI","A_GE3","Three or more adults","Mean equivalised income","National currency",12064,
2023,"EL","NAC","MEAN_EI","A_GE3","Three or more adults","Mean equivalised income","National currency",12920,
2024,"EL","NAC","MEAN_EI","A_GE3","Three or more adults","Mean equivalised income","National currency",14318,
2025,"EL","NAC","MEAN_EI","A_GE3","Three or more adults","Mean equivalised income","National currency",15851,
1995,"EL","PPS","MEAN_EI","A_GE3","Three or more adults","Mean equivalised income","Purchasing power standard (PPS)",8481,
1996,"EL","PPS","MEAN_EI","A_GE3","Three or more adults","Mean equivalised income","Purchasing power standard (PPS)",8801,
1997,"EL","PPS","MEAN_EI","A_GE3","Three or more adults","Mean equivalised income","Purchasing power standard (PPS)",9271,
1998,"EL","PPS","MEAN_EI","A_GE3","Three or more adults","Mean equivalised income","Purchasing power standard (PPS)",9748,
1999,"EL","PPS","MEAN_EI","A_GE3","Three or more adults","Mean equivalised income","Purchasing power standard (PPS)",9886,
2000,"EL","PPS","MEAN_EI","A_GE3","Three or more adults","Mean equivalised income","Purchasing power standard (PPS)",11032,
2001,"EL","PPS","MEAN_EI","A_GE3","Three or more adults","Mean equivalised income","Purchasing power standard (PPS)",11234,
2003,"EL","PPS","MEAN_EI","A_GE3","Three or more adults","Mean equivalised income","Purchasing power standard (PPS)",12798,"b"
2004,"EL","PPS","MEAN_EI","A_GE3","Three or more adults","Mean equivalised income","Purchasing power standard (PPS)",12804,
2005,"EL","PPS","MEAN_EI","A_GE3","Three or more adults","Mean equivalised income","Purchasing power standard (PPS)",13600,
2006,"EL","PPS","MEAN_EI","A_GE3","Three or more adults","Mean equivalised income","Purchasing power standard (PPS)",13756,
2007,"EL","PPS","MEAN_EI","A_GE3","Three or more adults","Mean equivalised income","Purchasing power standard (PPS)",14628,
2008,"EL","PPS","MEAN_EI","A_GE3","Three or more adults","Mean equivalised income","Purchasing power standard (PPS)",14684,
2009,"EL","PPS","MEAN_EI","A_GE3","Three or more adults","Mean equivalised income","Purchasing power standard (PPS)",16163,
2010,"EL","PPS","MEAN_EI","A_GE3","Three or more adults","Mean equivalised income","Purchasing power standard (PPS)",16789,
2011,"EL","PPS","MEAN_EI","A_GE3","Three or more adults","Mean equivalised income","Purchasing power standard (PPS)",14843,
2012,"EL","PPS","MEAN_EI","A_GE3","Three or more adults","Mean equivalised income","Purchasing power standard (PPS)",11950,
2013,"EL","PPS","MEAN_EI","A_GE3","Three or more adults","Mean equivalised income","Purchasing power standard (PPS)",10352,
2014,"EL","PPS","MEAN_EI","A_GE3","Three or more adults","Mean equivalised income","Purchasing power standard (PPS)",10026,
2015,"EL","PPS","MEAN_EI","A_GE3","Three or more adults","Mean equivalised income","Purchasing power standard (PPS)",10388,
2016,"EL","PPS","MEAN_EI","A_GE3","Three or more adults","Mean equivalised income","Purchasing power standard (PPS)",10718,
2017,"EL","PPS","MEAN_EI","A_GE3","Three or more adults","Mean equivalised income","Purchasing power standard (PPS)",10523,
2018,"EL","PPS","MEAN_EI","A_GE3","Three or more adults","Mean equivalised income","Purchasing power standard (PPS)",10975,
2019,"EL","PPS","MEAN_EI","A_GE3","Three or more adults","Mean equivalised income","Purchasing power standard (PPS)",11567,
2020,"EL","PPS","MEAN_EI","A_GE3","Three or more adults","Mean equivalised income","Purchasing power standard (PPS)",12380,
2021,"EL","PPS","MEAN_EI","A_GE3","Three or more adults","Mean equivalised income","Purchasing power standard (PPS)",12544,
2022,"EL","PPS","MEAN_EI","A_GE3","Three or more adults","Mean equivalised income","Purchasing power standard (PPS)",13738,
2023,"EL","PPS","MEAN_EI","A_GE3","Three or more adults","Mean equivalised income","Purchasing power standard (PPS)",14641,
2024,"EL","PPS","MEAN_EI","A_GE3","Three or more adults","Mean equivalised income","Purchasing power standard (PPS)",16411,
2025,"EL","PPS","MEAN_EI","A_GE3","Three or more adults","Mean equivalised income","Purchasing power standard (PPS)",18441,
1995,"EL","EUR","MED_EI","A_GE3","Three or more adults","Median equivalised income","Euro",5850,
1996,"EL","EUR","MED_EI","A_GE3","Three or more adults","Median equivalised income","Euro",6216,
1997,"EL","EUR","MED_EI","A_GE3","Three or more adults","Median equivalised income","Euro",6496,
1998,"EL","EUR","MED_EI","A_GE3","Three or more adults","Median equivalised income","Euro",7293,
1999,"EL","EUR","MED_EI","A_GE3","Three or more adults","Median equivalised income","Euro",6985,
2000,"EL","EUR","MED_EI","A_GE3","Three or more adults","Median equivalised income","Euro",7891,
2001,"EL","EUR","MED_EI","A_GE3","Three or more adults","Median equivalised income","Euro",7960,
2003,"EL","EUR","MED_EI","A_GE3","Three or more adults","Median equivalised income","Euro",9085,"b"
2004,"EL","EUR","MED_EI","A_GE3","Three or more adults","Median equivalised income","Euro",9848,
2005,"EL","EUR","MED_EI","A_GE3","Three or more adults","Median equivalised income","Euro",10381,
2006,"EL","EUR","MED_EI","A_GE3","Three or more adults","Median equivalised income","Euro",10700,
2007,"EL","EUR","MED_EI","A_GE3","Three or more adults","Median equivalised income","Euro",11150,
2008,"EL","EUR","MED_EI","A_GE3","Three or more adults","Median equivalised income","Euro",11800,
2009,"EL","EUR","MED_EI","A_GE3","Three or more adults","Median equivalised income","Euro",13200,
2010,"EL","EUR","MED_EI","A_GE3","Three or more adults","Median equivalised income","Euro",13861,
2011,"EL","EUR","MED_EI","A_GE3","Three or more adults","Median equivalised income","Euro",12176,
2012,"EL","EUR","MED_EI","A_GE3","Three or more adults","Median equivalised income","Euro",9998,
2013,"EL","EUR","MED_EI","A_GE3","Three or more adults","Median equivalised income","Euro",8818,
2014,"EL","EUR","MED_EI","A_GE3","Three or more adults","Median equivalised income","Euro",7992,
2015,"EL","EUR","MED_EI","A_GE3","Three or more adults","Median equivalised income","Euro",8050,
2016,"EL","EUR","MED_EI","A_GE3","Three or more adults","Median equivalised income","Euro",8045,
2017,"EL","EUR","MED_EI","A_GE3","Three or more adults","Median equivalised income","Euro",7957,
2018,"EL","EUR","MED_EI","A_GE3","Three or more adults","Median equivalised income","Euro",8581,
2019,"EL","EUR","MED_EI","A_GE3","Three or more adults","Median equivalised income","Euro",9031,
2020,"EL","EUR","MED_EI","A_GE3","Three or more adults","Median equivalised income","Euro",9846,
2021,"EL","EUR","MED_EI","A_GE3","Three or more adults","Median equivalised income","Euro",10140,
2022,"EL","EUR","MED_EI","A_GE3","Three or more adults","Median equivalised income","Euro",11000,
2023,"EL","EUR","MED_EI","A_GE3","Three or more adults","Median equivalised income","Euro",11875,
2024,"EL","EUR","MED_EI","A_GE3","Three or more adults","Median equivalised income","Euro",12836,
2025,"EL","EUR","MED_EI","A_GE3","Three or more adults","Median equivalised income","Euro",14060,
1995,"EL","NAC","MED_EI","A_GE3","Three or more adults","Median equivalised income","National currency",5004,
1996,"EL","NAC","MED_EI","A_GE3","Three or more adults","Median equivalised income","National currency",5594,
1997,"EL","NAC","MED_EI","A_GE3","Three or more adults","Median equivalised income","National currency",5895,
1998,"EL","NAC","MED_EI","A_GE3","Three or more adults","Median equivalised income","National currency",6701,
1999,"EL","NAC","MED_EI","A_GE3","Three or more adults","Median equivalised income","National currency",6861,
2000,"EL","NAC","MED_EI","A_GE3","Three or more adults","Median equivalised income","National currency",7637,
2001,"EL","NAC","MED_EI","A_GE3","Three or more adults","Median equivalised income","National currency",7960,
2003,"EL","NAC","MED_EI","A_GE3","Three or more adults","Median equivalised income","National currency",9085,"b"
2004,"EL","NAC","MED_EI","A_GE3","Three or more adults","Median equivalised income","National currency",9848,
2005,"EL","NAC","MED_EI","A_GE3","Three or more adults","Median equivalised income","National currency",10381,
2006,"EL","NAC","MED_EI","A_GE3","Three or more adults","Median equivalised income","National currency",10700,
2007,"EL","NAC","MED_EI","A_GE3","Three or more adults","Median equivalised income","National currency",11150,
2008,"EL","NAC","MED_EI","A_GE3","Three or more adults","Median equivalised income","National currency",11800,
2009,"EL","NAC","MED_EI","A_GE3","Three or more adults","Median equivalised income","National currency",13200,
2010,"EL","NAC","MED_EI","A_GE3","Three or more adults","Median equivalised income","National currency",13861,
2011,"EL","NAC","MED_EI","A_GE3","Three or more adults","Median equivalised income","National currency",12176,
2012,"EL","NAC","MED_EI","A_GE3","Three or more adults","Median equivalised income","National currency",9998,
2013,"EL","NAC","MED_EI","A_GE3","Three or more adults","Median equivalised income","National currency",8818,
2014,"EL","NAC","MED_EI","A_GE3","Three or more adults","Median equivalised income","National currency",7992,
2015,"EL","NAC","MED_EI","A_GE3","Three or more adults","Median equivalised income","National currency",8050,
2016,"EL","NAC","MED_EI","A_GE3","Three or more adults","Median equivalised income","National currency",8045,
2017,"EL","NAC","MED_EI","A_GE3","Three or more adults","Median equivalised income","National currency",7957,
2018,"EL","NAC","MED_EI","A_GE3","Three or more adults","Median equivalised income","National currency",8581,
2019,"EL","NAC","MED_EI","A_GE3","Three or more adults","Median equivalised income","National currency",9031,
2020,"EL","NAC","MED_EI","A_GE3","Three or more adults","Median equivalised income","National currency",9846,
2021,"EL","NAC","MED_EI","A_GE3","Three or more adults","Median equivalised income","National currency",10140,
2022,"EL","NAC","MED_EI","A_GE3","Three or more adults","Median equivalised income","National currency",11000,
2023,"EL","NAC","MED_EI","A_GE3","Three or more adults","Median equivalised income","National currency",11875,
2024,"EL","NAC","MED_EI","A_GE3","Three or more adults","Median equivalised income","National currency",12836,
2025,"EL","NAC","MED_EI","A_GE3","Three or more adults","Median equivalised income","National currency",14060,
1995,"EL","PPS","MED_EI","A_GE3","Three or more adults","Median equivalised income","Purchasing power standard (PPS)",7528,
1996,"EL","PPS","MED_EI","A_GE3","Three or more adults","Median equivalised income","Purchasing power standard (PPS)",7964,
1997,"EL","PPS","MED_EI","A_GE3","Three or more adults","Median equivalised income","Purchasing power standard (PPS)",8065,
1998,"EL","PPS","MED_EI","A_GE3","Three or more adults","Median equivalised income","Purchasing power standard (PPS)",8809,
1999,"EL","PPS","MED_EI","A_GE3","Three or more adults","Median equivalised income","Purchasing power standard (PPS)",8714,
2000,"EL","PPS","MED_EI","A_GE3","Three or more adults","Median equivalised income","Purchasing power standard (PPS)",10053,
2001,"EL","PPS","MED_EI","A_GE3","Three or more adults","Median equivalised income","Purchasing power standard (PPS)",10161,
2003,"EL","PPS","MED_EI","A_GE3","Three or more adults","Median equivalised income","Purchasing power standard (PPS)",11330,"b"
2004,"EL","PPS","MED_EI","A_GE3","Three or more adults","Median equivalised income","Purchasing power standard (PPS)",11467,
2005,"EL","PPS","MED_EI","A_GE3","Three or more adults","Median equivalised income","Purchasing power standard (PPS)",11851,
2006,"EL","PPS","MED_EI","A_GE3","Three or more adults","Median equivalised income","Purchasing power standard (PPS)",12125,
2007,"EL","PPS","MED_EI","A_GE3","Three or more adults","Median equivalised income","Purchasing power standard (PPS)",12521,
2008,"EL","PPS","MED_EI","A_GE3","Three or more adults","Median equivalised income","Purchasing power standard (PPS)",13146,
2009,"EL","PPS","MED_EI","A_GE3","Three or more adults","Median equivalised income","Purchasing power standard (PPS)",14498,
2010,"EL","PPS","MED_EI","A_GE3","Three or more adults","Median equivalised income","Purchasing power standard (PPS)",14598,
2011,"EL","PPS","MED_EI","A_GE3","Three or more adults","Median equivalised income","Purchasing power standard (PPS)",12888,
2012,"EL","PPS","MED_EI","A_GE3","Three or more adults","Median equivalised income","Purchasing power standard (PPS)",10576,
2013,"EL","PPS","MED_EI","A_GE3","Three or more adults","Median equivalised income","Purchasing power standard (PPS)",9528,
2014,"EL","PPS","MED_EI","A_GE3","Three or more adults","Median equivalised income","Purchasing power standard (PPS)",9026,
2015,"EL","PPS","MED_EI","A_GE3","Three or more adults","Median equivalised income","Purchasing power standard (PPS)",9422,
2016,"EL","PPS","MED_EI","A_GE3","Three or more adults","Median equivalised income","Purchasing power standard (PPS)",9705,
2017,"EL","PPS","MED_EI","A_GE3","Three or more adults","Median equivalised income","Purchasing power standard (PPS)",9460,
2018,"EL","PPS","MED_EI","A_GE3","Three or more adults","Median equivalised income","Purchasing power standard (PPS)",10088,
2019,"EL","PPS","MED_EI","A_GE3","Three or more adults","Median equivalised income","Purchasing power standard (PPS)",10760,
2020,"EL","PPS","MED_EI","A_GE3","Three or more adults","Median equivalised income","Purchasing power standard (PPS)",11409,
2021,"EL","PPS","MED_EI","A_GE3","Three or more adults","Median equivalised income","Purchasing power standard (PPS)",11490,
2022,"EL","PPS","MED_EI","A_GE3","Three or more adults","Median equivalised income","Purchasing power standard (PPS)",12526,
2023,"EL","PPS","MED_EI","A_GE3","Three or more adults","Median equivalised income","Purchasing power standard (PPS)",13457,
2024,"EL","PPS","MED_EI","A_GE3","Three or more adults","Median equivalised income","Purchasing power standard (PPS)",14713,
2025,"EL","PPS","MED_EI","A_GE3","Three or more adults","Median equivalised income","Purchasing power standard (PPS)",16357,
1995,"EL","EUR","MEAN_EI","A_GE3_DCH","Three or more adults with dependent children","Mean equivalised income","Euro",5403,
1996,"EL","EUR","MEAN_EI","A_GE3_DCH","Three or more adults with dependent children","Mean equivalised income","Euro",5406,
1997,"EL","EUR","MEAN_EI","A_GE3_DCH","Three or more adults with dependent children","Mean equivalised income","Euro",5744,
1998,"EL","EUR","MEAN_EI","A_GE3_DCH","Three or more adults with dependent children","Mean equivalised income","Euro",6913,
1999,"EL","EUR","MEAN_EI","A_GE3_DCH","Three or more adults with dependent children","Mean equivalised income","Euro",6549,
2000,"EL","EUR","MEAN_EI","A_GE3_DCH","Three or more adults with dependent children","Mean equivalised income","Euro",6998,
2001,"EL","EUR","MEAN_EI","A_GE3_DCH","Three or more adults with dependent children","Mean equivalised income","Euro",7202,
2003,"EL","EUR","MEAN_EI","A_GE3_DCH","Three or more adults with dependent children","Mean equivalised income","Euro",7852,"b"
2004,"EL","EUR","MEAN_EI","A_GE3_DCH","Three or more adults with dependent children","Mean equivalised income","Euro",8646,
2005,"EL","EUR","MEAN_EI","A_GE3_DCH","Three or more adults with dependent children","Mean equivalised income","Euro",9805,
2006,"EL","EUR","MEAN_EI","A_GE3_DCH","Three or more adults with dependent children","Mean equivalised income","Euro",10928,
2007,"EL","EUR","MEAN_EI","A_GE3_DCH","Three or more adults with dependent children","Mean equivalised income","Euro",10706,
2008,"EL","EUR","MEAN_EI","A_GE3_DCH","Three or more adults with dependent children","Mean equivalised income","Euro",10960,
2009,"EL","EUR","MEAN_EI","A_GE3_DCH","Three or more adults with dependent children","Mean equivalised income","Euro",12968,
2010,"EL","EUR","MEAN_EI","A_GE3_DCH","Three or more adults with dependent children","Mean equivalised income","Euro",11700,
2011,"EL","EUR","MEAN_EI","A_GE3_DCH","Three or more adults with dependent children","Mean equivalised income","Euro",11156,
2012,"EL","EUR","MEAN_EI","A_GE3_DCH","Three or more adults with dependent children","Mean equivalised income","Euro",8933,
2013,"EL","EUR","MEAN_EI","A_GE3_DCH","Three or more adults with dependent children","Mean equivalised income","Euro",6815,
2014,"EL","EUR","MEAN_EI","A_GE3_DCH","Three or more adults with dependent children","Mean equivalised income","Euro",6810,
2015,"EL","EUR","MEAN_EI","A_GE3_DCH","Three or more adults with dependent children","Mean equivalised income","Euro",6908,
2016,"EL","EUR","MEAN_EI","A_GE3_DCH","Three or more adults with dependent children","Mean equivalised income","Euro",7020,
2017,"EL","EUR","MEAN_EI","A_GE3_DCH","Three or more adults with dependent children","Mean equivalised income","Euro",7438,
2018,"EL","EUR","MEAN_EI","A_GE3_DCH","Three or more adults with dependent children","Mean equivalised income","Euro",7141,
2019,"EL","EUR","MEAN_EI","A_GE3_DCH","Three or more adults with dependent children","Mean equivalised income","Euro",7671,
2020,"EL","EUR","MEAN_EI","A_GE3_DCH","Three or more adults with dependent children","Mean equivalised income","Euro",8223,
2021,"EL","EUR","MEAN_EI","A_GE3_DCH","Three or more adults with dependent children","Mean equivalised income","Euro",8347,
2022,"EL","EUR","MEAN_EI","A_GE3_DCH","Three or more adults with dependent children","Mean equivalised income","Euro",9731,
2023,"EL","EUR","MEAN_EI","A_GE3_DCH","Three or more adults with dependent children","Mean equivalised income","Euro",10887,
2024,"EL","EUR","MEAN_EI","A_GE3_DCH","Three or more adults with dependent children","Mean equivalised income","Euro",11639,
2025,"EL","EUR","MEAN_EI","A_GE3_DCH","Three or more adults with dependent children","Mean equivalised income","Euro",12877,
1995,"EL","NAC","MEAN_EI","A_GE3_DCH","Three or more adults with dependent children","Mean equivalised income","National currency",4622,
1996,"EL","NAC","MEAN_EI","A_GE3_DCH","Three or more adults with dependent children","Mean equivalised income","National currency",4865,
1997,"EL","NAC","MEAN_EI","A_GE3_DCH","Three or more adults with dependent children","Mean equivalised income","National currency",5213,
1998,"EL","NAC","MEAN_EI","A_GE3_DCH","Three or more adults with dependent children","Mean equivalised income","National currency",6352,
1999,"EL","NAC","MEAN_EI","A_GE3_DCH","Three or more adults with dependent children","Mean equivalised income","National currency",6434,
2000,"EL","NAC","MEAN_EI","A_GE3_DCH","Three or more adults with dependent children","Mean equivalised income","National currency",6772,
2001,"EL","NAC","MEAN_EI","A_GE3_DCH","Three or more adults with dependent children","Mean equivalised income","National currency",7202,
2003,"EL","NAC","MEAN_EI","A_GE3_DCH","Three or more adults with dependent children","Mean equivalised income","National currency",7852,"b"
2004,"EL","NAC","MEAN_EI","A_GE3_DCH","Three or more adults with dependent children","Mean equivalised income","National currency",8646,
2005,"EL","NAC","MEAN_EI","A_GE3_DCH","Three or more adults with dependent children","Mean equivalised income","National currency",9805,
2006,"EL","NAC","MEAN_EI","A_GE3_DCH","Three or more adults with dependent children","Mean equivalised income","National currency",10928,
2007,"EL","NAC","MEAN_EI","A_GE3_DCH","Three or more adults with dependent children","Mean equivalised income","National currency",10706,
2008,"EL","NAC","MEAN_EI","A_GE3_DCH","Three or more adults with dependent children","Mean equivalised income","National currency",10960,
2009,"EL","NAC","MEAN_EI","A_GE3_DCH","Three or more adults with dependent children","Mean equivalised income","National currency",12968,
2010,"EL","NAC","MEAN_EI","A_GE3_DCH","Three or more adults with dependent children","Mean equivalised income","National currency",11700,
2011,"EL","NAC","MEAN_EI","A_GE3_DCH","Three or more adults with dependent children","Mean equivalised income","National currency",11156,
2012,"EL","NAC","MEAN_EI","A_GE3_DCH","Three or more adults with dependent children","Mean equivalised income","National currency",8933,
2013,"EL","NAC","MEAN_EI","A_GE3_DCH","Three or more adults with dependent children","Mean equivalised income","National currency",6815,
2014,"EL","NAC","MEAN_EI","A_GE3_DCH","Three or more adults with dependent children","Mean equivalised income","National currency",6810,
2015,"EL","NAC","MEAN_EI","A_GE3_DCH","Three or more adults with dependent children","Mean equivalised income","National currency",6908,
2016,"EL","NAC","MEAN_EI","A_GE3_DCH","Three or more adults with dependent children","Mean equivalised income","National currency",7020,
2017,"EL","NAC","MEAN_EI","A_GE3_DCH","Three or more adults with dependent children","Mean equivalised income","National currency",7438,
2018,"EL","NAC","MEAN_EI","A_GE3_DCH","Three or more adults with dependent children","Mean equivalised income","National currency",7141,
2019,"EL","NAC","MEAN_EI","A_GE3_DCH","Three or more adults with dependent children","Mean equivalised income","National currency",7671,
2020,"EL","NAC","MEAN_EI","A_GE3_DCH","Three or more adults with dependent children","Mean equivalised income","National currency",8223,
2021,"EL","NAC","MEAN_EI","A_GE3_DCH","Three or more adults with dependent children","Mean equivalised income","National currency",8347,
2022,"EL","NAC","MEAN_EI","A_GE3_DCH","Three or more adults with dependent children","Mean equivalised income","National currency",9731,
2023,"EL","NAC","MEAN_EI","A_GE3_DCH","Three or more adults with dependent children","Mean equivalised income","National currency",10887,
2024,"EL","NAC","MEAN_EI","A_GE3_DCH","Three or more adults with dependent children","Mean equivalised income","National currency",11639,
2025,"EL","NAC","MEAN_EI","A_GE3_DCH","Three or more adults with dependent children","Mean equivalised income","National currency",12877,
1995,"EL","PPS","MEAN_EI","A_GE3_DCH","Three or more adults with dependent children","Mean equivalised income","Purchasing power standard (PPS)",6953,
1996,"EL","PPS","MEAN_EI","A_GE3_DCH","Three or more adults with dependent children","Mean equivalised income","Purchasing power standard (PPS)",6926,
1997,"EL","PPS","MEAN_EI","A_GE3_DCH","Three or more adults with dependent children","Mean equivalised income","Purchasing power standard (PPS)",7132,
1998,"EL","PPS","MEAN_EI","A_GE3_DCH","Three or more adults with dependent children","Mean equivalised income","Purchasing power standard (PPS)",8350,
1999,"EL","PPS","MEAN_EI","A_GE3_DCH","Three or more adults with dependent children","Mean equivalised income","Purchasing power standard (PPS)",8171,
2000,"EL","PPS","MEAN_EI","A_GE3_DCH","Three or more adults with dependent children","Mean equivalised income","Purchasing power standard (PPS)",8914,
2001,"EL","PPS","MEAN_EI","A_GE3_DCH","Three or more adults with dependent children","Mean equivalised income","Purchasing power standard (PPS)",9193,
2003,"EL","PPS","MEAN_EI","A_GE3_DCH","Three or more adults with dependent children","Mean equivalised income","Purchasing power standard (PPS)",9791,"b"
2004,"EL","PPS","MEAN_EI","A_GE3_DCH","Three or more adults with dependent children","Mean equivalised income","Purchasing power standard (PPS)",10068,
2005,"EL","PPS","MEAN_EI","A_GE3_DCH","Three or more adults with dependent children","Mean equivalised income","Purchasing power standard (PPS)",11193,
2006,"EL","PPS","MEAN_EI","A_GE3_DCH","Three or more adults with dependent children","Mean equivalised income","Purchasing power standard (PPS)",12383,
2007,"EL","PPS","MEAN_EI","A_GE3_DCH","Three or more adults with dependent children","Mean equivalised income","Purchasing power standard (PPS)",12023,
2008,"EL","PPS","MEAN_EI","A_GE3_DCH","Three or more adults with dependent children","Mean equivalised income","Purchasing power standard (PPS)",12210,
2009,"EL","PPS","MEAN_EI","A_GE3_DCH","Three or more adults with dependent children","Mean equivalised income","Purchasing power standard (PPS)",14243,
2010,"EL","PPS","MEAN_EI","A_GE3_DCH","Three or more adults with dependent children","Mean equivalised income","Purchasing power standard (PPS)",12322,
2011,"EL","PPS","MEAN_EI","A_GE3_DCH","Three or more adults with dependent children","Mean equivalised income","Purchasing power standard (PPS)",11809,
2012,"EL","PPS","MEAN_EI","A_GE3_DCH","Three or more adults with dependent children","Mean equivalised income","Purchasing power standard (PPS)",9449,
2013,"EL","PPS","MEAN_EI","A_GE3_DCH","Three or more adults with dependent children","Mean equivalised income","Purchasing power standard (PPS)",7364,
2014,"EL","PPS","MEAN_EI","A_GE3_DCH","Three or more adults with dependent children","Mean equivalised income","Purchasing power standard (PPS)",7691,
2015,"EL","PPS","MEAN_EI","A_GE3_DCH","Three or more adults with dependent children","Mean equivalised income","Purchasing power standard (PPS)",8086,
2016,"EL","PPS","MEAN_EI","A_GE3_DCH","Three or more adults with dependent children","Mean equivalised income","Purchasing power standard (PPS)",8469,
2017,"EL","PPS","MEAN_EI","A_GE3_DCH","Three or more adults with dependent children","Mean equivalised income","Purchasing power standard (PPS)",8842,
2018,"EL","PPS","MEAN_EI","A_GE3_DCH","Three or more adults with dependent children","Mean equivalised income","Purchasing power standard (PPS)",8396,
2019,"EL","PPS","MEAN_EI","A_GE3_DCH","Three or more adults with dependent children","Mean equivalised income","Purchasing power standard (PPS)",9140,
2020,"EL","PPS","MEAN_EI","A_GE3_DCH","Three or more adults with dependent children","Mean equivalised income","Purchasing power standard (PPS)",9528,
2021,"EL","PPS","MEAN_EI","A_GE3_DCH","Three or more adults with dependent children","Mean equivalised income","Purchasing power standard (PPS)",9459,
2022,"EL","PPS","MEAN_EI","A_GE3_DCH","Three or more adults with dependent children","Mean equivalised income","Purchasing power standard (PPS)",11081,
2023,"EL","PPS","MEAN_EI","A_GE3_DCH","Three or more adults with dependent children","Mean equivalised income","Purchasing power standard (PPS)",12337,
2024,"EL","PPS","MEAN_EI","A_GE3_DCH","Three or more adults with dependent children","Mean equivalised income","Purchasing power standard (PPS)",13341,
2025,"EL","PPS","MEAN_EI","A_GE3_DCH","Three or more adults with dependent children","Mean equivalised income","Purchasing power standard (PPS)",14981,
1995,"EL","EUR","MED_EI","A_GE3_DCH","Three or more adults with dependent children","Median equivalised income","Euro",4548,
1996,"EL","EUR","MED_EI","A_GE3_DCH","Three or more adults with dependent children","Median equivalised income","Euro",4591,
1997,"EL","EUR","MED_EI","A_GE3_DCH","Three or more adults with dependent children","Median equivalised income","Euro",5066,
1998,"EL","EUR","MED_EI","A_GE3_DCH","Three or more adults with dependent children","Median equivalised income","Euro",5664,
1999,"EL","EUR","MED_EI","A_GE3_DCH","Three or more adults with dependent children","Median equivalised income","Euro",5702,
2000,"EL","EUR","MED_EI","A_GE3_DCH","Three or more adults with dependent children","Median equivalised income","Euro",6138,
2001,"EL","EUR","MED_EI","A_GE3_DCH","Three or more adults with dependent children","Median equivalised income","Euro",6025,
2003,"EL","EUR","MED_EI","A_GE3_DCH","Three or more adults with dependent children","Median equivalised income","Euro",6918,"b"
2004,"EL","EUR","MED_EI","A_GE3_DCH","Three or more adults with dependent children","Median equivalised income","Euro",7826,
2005,"EL","EUR","MED_EI","A_GE3_DCH","Three or more adults with dependent children","Median equivalised income","Euro",8132,
2006,"EL","EUR","MED_EI","A_GE3_DCH","Three or more adults with dependent children","Median equivalised income","Euro",8409,
2007,"EL","EUR","MED_EI","A_GE3_DCH","Three or more adults with dependent children","Median equivalised income","Euro",9534,
2008,"EL","EUR","MED_EI","A_GE3_DCH","Three or more adults with dependent children","Median equivalised income","Euro",9392,
2009,"EL","EUR","MED_EI","A_GE3_DCH","Three or more adults with dependent children","Median equivalised income","Euro",11340,
2010,"EL","EUR","MED_EI","A_GE3_DCH","Three or more adults with dependent children","Median equivalised income","Euro",10362,
2011,"EL","EUR","MED_EI","A_GE3_DCH","Three or more adults with dependent children","Median equivalised income","Euro",9674,
2012,"EL","EUR","MED_EI","A_GE3_DCH","Three or more adults with dependent children","Median equivalised income","Euro",8208,
2013,"EL","EUR","MED_EI","A_GE3_DCH","Three or more adults with dependent children","Median equivalised income","Euro",5724,
2014,"EL","EUR","MED_EI","A_GE3_DCH","Three or more adults with dependent children","Median equivalised income","Euro",6250,
2015,"EL","EUR","MED_EI","A_GE3_DCH","Three or more adults with dependent children","Median equivalised income","Euro",6154,
2016,"EL","EUR","MED_EI","A_GE3_DCH","Three or more adults with dependent children","Median equivalised income","Euro",6140,
2017,"EL","EUR","MED_EI","A_GE3_DCH","Three or more adults with dependent children","Median equivalised income","Euro",6527,
2018,"EL","EUR","MED_EI","A_GE3_DCH","Three or more adults with dependent children","Median equivalised income","Euro",6443,
2019,"EL","EUR","MED_EI","A_GE3_DCH","Three or more adults with dependent children","Median equivalised income","Euro",7050,
2020,"EL","EUR","MED_EI","A_GE3_DCH","Three or more adults with dependent children","Median equivalised income","Euro",7381,
2021,"EL","EUR","MED_EI","A_GE3_DCH","Three or more adults with dependent children","Median equivalised income","Euro",7812,
2022,"EL","EUR","MED_EI","A_GE3_DCH","Three or more adults with dependent children","Median equivalised income","Euro",8488,
2023,"EL","EUR","MED_EI","A_GE3_DCH","Three or more adults with dependent children","Median equivalised income","Euro",8785,
2024,"EL","EUR","MED_EI","A_GE3_DCH","Three or more adults with dependent children","Median equivalised income","Euro",10329,
2025,"EL","EUR","MED_EI","A_GE3_DCH","Three or more adults with dependent children","Median equivalised income","Euro",11432,
1995,"EL","NAC","MED_EI","A_GE3_DCH","Three or more adults with dependent children","Median equivalised income","National currency",3890,
1996,"EL","NAC","MED_EI","A_GE3_DCH","Three or more adults with dependent children","Median equivalised income","National currency",4132,
1997,"EL","NAC","MED_EI","A_GE3_DCH","Three or more adults with dependent children","Median equivalised income","National currency",4598,
1998,"EL","NAC","MED_EI","A_GE3_DCH","Three or more adults with dependent children","Median equivalised income","National currency",5205,
1999,"EL","NAC","MED_EI","A_GE3_DCH","Three or more adults with dependent children","Median equivalised income","National currency",5601,
2000,"EL","NAC","MED_EI","A_GE3_DCH","Three or more adults with dependent children","Median equivalised income","National currency",5940,
2001,"EL","NAC","MED_EI","A_GE3_DCH","Three or more adults with dependent children","Median equivalised income","National currency",6025,
2003,"EL","NAC","MED_EI","A_GE3_DCH","Three or more adults with dependent children","Median equivalised income","National currency",6918,"b"
2004,"EL","NAC","MED_EI","A_GE3_DCH","Three or more adults with dependent children","Median equivalised income","National currency",7826,
2005,"EL","NAC","MED_EI","A_GE3_DCH","Three or more adults with dependent children","Median equivalised income","National currency",8132,
2006,"EL","NAC","MED_EI","A_GE3_DCH","Three or more adults with dependent children","Median equivalised income","National currency",8409,
2007,"EL","NAC","MED_EI","A_GE3_DCH","Three or more adults with dependent children","Median equivalised income","National currency",9534,
2008,"EL","NAC","MED_EI","A_GE3_DCH","Three or more adults with dependent children","Median equivalised income","National currency",9392,
2009,"EL","NAC","MED_EI","A_GE3_DCH","Three or more adults with dependent children","Median equivalised income","National currency",11340,
2010,"EL","NAC","MED_EI","A_GE3_DCH","Three or more adults with dependent children","Median equivalised income","National currency",10362,
2011,"EL","NAC","MED_EI","A_GE3_DCH","Three or more adults with dependent children","Median equivalised income","National currency",9674,
2012,"EL","NAC","MED_EI","A_GE3_DCH","Three or more adults with dependent children","Median equivalised income","National currency",8208,
2013,"EL","NAC","MED_EI","A_GE3_DCH","Three or more adults with dependent children","Median equivalised income","National currency",5724,
2014,"EL","NAC","MED_EI","A_GE3_DCH","Three or more adults with dependent children","Median equivalised income","National currency",6250,
2015,"EL","NAC","MED_EI","A_GE3_DCH","Three or more adults with dependent children","Median equivalised income","National currency",6154,
2016,"EL","NAC","MED_EI","A_GE3_DCH","Three or more adults with dependent children","Median equivalised income","National currency",6140,
2017,"EL","NAC","MED_EI","A_GE3_DCH","Three or more adults with dependent children","Median equivalised income","National currency",6527,
2018,"EL","NAC","MED_EI","A_GE3_DCH","Three or more adults with dependent children","Median equivalised income","National currency",6443,
2019,"EL","NAC","MED_EI","A_GE3_DCH","Three or more adults with dependent children","Median equivalised income","National currency",7050,
2020,"EL","NAC","MED_EI","A_GE3_DCH","Three or more adults with dependent children","Median equivalised income","National currency",7381,
2021,"EL","NAC","MED_EI","A_GE3_DCH","Three or more adults with dependent children","Median equivalised income","National currency",7812,
2022,"EL","NAC","MED_EI","A_GE3_DCH","Three or more adults with dependent children","Median equivalised income","National currency",8488,
2023,"EL","NAC","MED_EI","A_GE3_DCH","Three or more adults with dependent children","Median equivalised income","National currency",8785,
2024,"EL","NAC","MED_EI","A_GE3_DCH","Three or more adults with dependent children","Median equivalised income","National currency",10329,
2025,"EL","NAC","MED_EI","A_GE3_DCH","Three or more adults with dependent children","Median equivalised income","National currency",11432,
1995,"EL","PPS","MED_EI","A_GE3_DCH","Three or more adults with dependent children","Median equivalised income","Purchasing power standard (PPS)",5853,
1996,"EL","PPS","MED_EI","A_GE3_DCH","Three or more adults with dependent children","Median equivalised income","Purchasing power standard (PPS)",5882,
1997,"EL","PPS","MED_EI","A_GE3_DCH","Three or more adults with dependent children","Median equivalised income","Purchasing power standard (PPS)",6290,
1998,"EL","PPS","MED_EI","A_GE3_DCH","Three or more adults with dependent children","Median equivalised income","Purchasing power standard (PPS)",6842,
1999,"EL","PPS","MED_EI","A_GE3_DCH","Three or more adults with dependent children","Median equivalised income","Purchasing power standard (PPS)",7113,
2000,"EL","PPS","MED_EI","A_GE3_DCH","Three or more adults with dependent children","Median equivalised income","Purchasing power standard (PPS)",7820,
2001,"EL","PPS","MED_EI","A_GE3_DCH","Three or more adults with dependent children","Median equivalised income","Purchasing power standard (PPS)",7691,
2003,"EL","PPS","MED_EI","A_GE3_DCH","Three or more adults with dependent children","Median equivalised income","Purchasing power standard (PPS)",8627,"b"
2004,"EL","PPS","MED_EI","A_GE3_DCH","Three or more adults with dependent children","Median equivalised income","Purchasing power standard (PPS)",9113,
2005,"EL","PPS","MED_EI","A_GE3_DCH","Three or more adults with dependent children","Median equivalised income","Purchasing power standard (PPS)",9284,
2006,"EL","PPS","MED_EI","A_GE3_DCH","Three or more adults with dependent children","Median equivalised income","Purchasing power standard (PPS)",9528,
2007,"EL","PPS","MED_EI","A_GE3_DCH","Three or more adults with dependent children","Median equivalised income","Purchasing power standard (PPS)",10707,
2008,"EL","PPS","MED_EI","A_GE3_DCH","Three or more adults with dependent children","Median equivalised income","Purchasing power standard (PPS)",10463,
2009,"EL","PPS","MED_EI","A_GE3_DCH","Three or more adults with dependent children","Median equivalised income","Purchasing power standard (PPS)",12455,
2010,"EL","PPS","MED_EI","A_GE3_DCH","Three or more adults with dependent children","Median equivalised income","Purchasing power standard (PPS)",10913,
2011,"EL","PPS","MED_EI","A_GE3_DCH","Three or more adults with dependent children","Median equivalised income","Purchasing power standard (PPS)",10240,
2012,"EL","PPS","MED_EI","A_GE3_DCH","Three or more adults with dependent children","Median equivalised income","Purchasing power standard (PPS)",8682,
2013,"EL","PPS","MED_EI","A_GE3_DCH","Three or more adults with dependent children","Median equivalised income","Purchasing power standard (PPS)",6185,
2014,"EL","PPS","MED_EI","A_GE3_DCH","Three or more adults with dependent children","Median equivalised income","Purchasing power standard (PPS)",7059,
2015,"EL","PPS","MED_EI","A_GE3_DCH","Three or more adults with dependent children","Median equivalised income","Purchasing power standard (PPS)",7203,
2016,"EL","PPS","MED_EI","A_GE3_DCH","Three or more adults with dependent children","Median equivalised income","Purchasing power standard (PPS)",7407,
2017,"EL","PPS","MED_EI","A_GE3_DCH","Three or more adults with dependent children","Median equivalised income","Purchasing power standard (PPS)",7760,
2018,"EL","PPS","MED_EI","A_GE3_DCH","Three or more adults with dependent children","Median equivalised income","Purchasing power standard (PPS)",7575,
2019,"EL","PPS","MED_EI","A_GE3_DCH","Three or more adults with dependent children","Median equivalised income","Purchasing power standard (PPS)",8400,
2020,"EL","PPS","MED_EI","A_GE3_DCH","Three or more adults with dependent children","Median equivalised income","Purchasing power standard (PPS)",8552,
2021,"EL","PPS","MED_EI","A_GE3_DCH","Three or more adults with dependent children","Median equivalised income","Purchasing power standard (PPS)",8852,
2022,"EL","PPS","MED_EI","A_GE3_DCH","Three or more adults with dependent children","Median equivalised income","Purchasing power standard (PPS)",9666,
2023,"EL","PPS","MED_EI","A_GE3_DCH","Three or more adults with dependent children","Median equivalised income","Purchasing power standard (PPS)",9956,
2024,"EL","PPS","MED_EI","A_GE3_DCH","Three or more adults with dependent children","Median equivalised income","Purchasing power standard (PPS)",11839,
2025,"EL","PPS","MED_EI","A_GE3_DCH","Three or more adults with dependent children","Median equivalised income","Purchasing power standard (PPS)",13300,
1995,"EL","EUR","MEAN_EI","DCH","Household with dependent children","Mean equivalised income","Euro",6205,
1996,"EL","EUR","MEAN_EI","DCH","Household with dependent children","Mean equivalised income","Euro",6500,
1997,"EL","EUR","MEAN_EI","DCH","Household with dependent children","Mean equivalised income","Euro",7187,
1998,"EL","EUR","MEAN_EI","DCH","Household with dependent children","Mean equivalised income","Euro",7949,
1999,"EL","EUR","MEAN_EI","DCH","Household with dependent children","Mean equivalised income","Euro",7708,
2000,"EL","EUR","MEAN_EI","DCH","Household with dependent children","Mean equivalised income","Euro",8115,
2001,"EL","EUR","MEAN_EI","DCH","Household with dependent children","Mean equivalised income","Euro",8352,
2003,"EL","EUR","MEAN_EI","DCH","Household with dependent children","Mean equivalised income","Euro",9569,"b"
2004,"EL","EUR","MEAN_EI","DCH","Household with dependent children","Mean equivalised income","Euro",10179,
2005,"EL","EUR","MEAN_EI","DCH","Household with dependent children","Mean equivalised income","Euro",11091,
2006,"EL","EUR","MEAN_EI","DCH","Household with dependent children","Mean equivalised income","Euro",11609,
2007,"EL","EUR","MEAN_EI","DCH","Household with dependent children","Mean equivalised income","Euro",11632,
2008,"EL","EUR","MEAN_EI","DCH","Household with dependent children","Mean equivalised income","Euro",12591,
2009,"EL","EUR","MEAN_EI","DCH","Household with dependent children","Mean equivalised income","Euro",12968,
2010,"EL","EUR","MEAN_EI","DCH","Household with dependent children","Mean equivalised income","Euro",13309,
2011,"EL","EUR","MEAN_EI","DCH","Household with dependent children","Mean equivalised income","Euro",12159,
2012,"EL","EUR","MEAN_EI","DCH","Household with dependent children","Mean equivalised income","Euro",10038,
2013,"EL","EUR","MEAN_EI","DCH","Household with dependent children","Mean equivalised income","Euro",8599,
2014,"EL","EUR","MEAN_EI","DCH","Household with dependent children","Mean equivalised income","Euro",8640,
2015,"EL","EUR","MEAN_EI","DCH","Household with dependent children","Mean equivalised income","Euro",8279,
2016,"EL","EUR","MEAN_EI","DCH","Household with dependent children","Mean equivalised income","Euro",8252,
2017,"EL","EUR","MEAN_EI","DCH","Household with dependent children","Mean equivalised income","Euro",8460,
2018,"EL","EUR","MEAN_EI","DCH","Household with dependent children","Mean equivalised income","Euro",8500,
2019,"EL","EUR","MEAN_EI","DCH","Household with dependent children","Mean equivalised income","Euro",8828,
2020,"EL","EUR","MEAN_EI","DCH","Household with dependent children","Mean equivalised income","Euro",9423,
2021,"EL","EUR","MEAN_EI","DCH","Household with dependent children","Mean equivalised income","Euro",9269,
2022,"EL","EUR","MEAN_EI","DCH","Household with dependent children","Mean equivalised income","Euro",10182,
2023,"EL","EUR","MEAN_EI","DCH","Household with dependent children","Mean equivalised income","Euro",11009,
2024,"EL","EUR","MEAN_EI","DCH","Household with dependent children","Mean equivalised income","Euro",11844,
2025,"EL","EUR","MEAN_EI","DCH","Household with dependent children","Mean equivalised income","Euro",12706,
1995,"EL","NAC","MEAN_EI","DCH","Household with dependent children","Mean equivalised income","National currency",5308,
1996,"EL","NAC","MEAN_EI","DCH","Household with dependent children","Mean equivalised income","National currency",5850,
1997,"EL","NAC","MEAN_EI","DCH","Household with dependent children","Mean equivalised income","National currency",6522,
1998,"EL","NAC","MEAN_EI","DCH","Household with dependent children","Mean equivalised income","National currency",7304,
1999,"EL","NAC","MEAN_EI","DCH","Household with dependent children","Mean equivalised income","National currency",7572,
2000,"EL","NAC","MEAN_EI","DCH","Household with dependent children","Mean equivalised income","National currency",7854,
2001,"EL","NAC","MEAN_EI","DCH","Household with dependent children","Mean equivalised income","National currency",8352,
2003,"EL","NAC","MEAN_EI","DCH","Household with dependent children","Mean equivalised income","National currency",9569,"b"
2004,"EL","NAC","MEAN_EI","DCH","Household with dependent children","Mean equivalised income","National currency",10179,
2005,"EL","NAC","MEAN_EI","DCH","Household with dependent children","Mean equivalised income","National currency",11091,
2006,"EL","NAC","MEAN_EI","DCH","Household with dependent children","Mean equivalised income","National currency",11609,
2007,"EL","NAC","MEAN_EI","DCH","Household with dependent children","Mean equivalised income","National currency",11632,
2008,"EL","NAC","MEAN_EI","DCH","Household with dependent children","Mean equivalised income","National currency",12591,
2009,"EL","NAC","MEAN_EI","DCH","Household with dependent children","Mean equivalised income","National currency",12968,
2010,"EL","NAC","MEAN_EI","DCH","Household with dependent children","Mean equivalised income","National currency",13309,
2011,"EL","NAC","MEAN_EI","DCH","Household with dependent children","Mean equivalised income","National currency",12159,
2012,"EL","NAC","MEAN_EI","DCH","Household with dependent children","Mean equivalised income","National currency",10038,
2013,"EL","NAC","MEAN_EI","DCH","Household with dependent children","Mean equivalised income","National currency",8599,
2014,"EL","NAC","MEAN_EI","DCH","Household with dependent children","Mean equivalised income","National currency",8640,
2015,"EL","NAC","MEAN_EI","DCH","Household with dependent children","Mean equivalised income","National currency",8279,
2016,"EL","NAC","MEAN_EI","DCH","Household with dependent children","Mean equivalised income","National currency",8252,
2017,"EL","NAC","MEAN_EI","DCH","Household with dependent children","Mean equivalised income","National currency",8460,
2018,"EL","NAC","MEAN_EI","DCH","Household with dependent children","Mean equivalised income","National currency",8500,
2019,"EL","NAC","MEAN_EI","DCH","Household with dependent children","Mean equivalised income","National currency",8828,
2020,"EL","NAC","MEAN_EI","DCH","Household with dependent children","Mean equivalised income","National currency",9423,
2021,"EL","NAC","MEAN_EI","DCH","Household with dependent children","Mean equivalised income","National currency",9269,
2022,"EL","NAC","MEAN_EI","DCH","Household with dependent children","Mean equivalised income","National currency",10182,
2023,"EL","NAC","MEAN_EI","DCH","Household with dependent children","Mean equivalised income","National currency",11009,
2024,"EL","NAC","MEAN_EI","DCH","Household with dependent children","Mean equivalised income","National currency",11844,
2025,"EL","NAC","MEAN_EI","DCH","Household with dependent children","Mean equivalised income","National currency",12706,
1995,"EL","PPS","MEAN_EI","DCH","Household with dependent children","Mean equivalised income","Purchasing power standard (PPS)",7986,
1996,"EL","PPS","MEAN_EI","DCH","Household with dependent children","Mean equivalised income","Purchasing power standard (PPS)",8328,
1997,"EL","PPS","MEAN_EI","DCH","Household with dependent children","Mean equivalised income","Purchasing power standard (PPS)",8923,
1998,"EL","PPS","MEAN_EI","DCH","Household with dependent children","Mean equivalised income","Purchasing power standard (PPS)",9602,
1999,"EL","PPS","MEAN_EI","DCH","Household with dependent children","Mean equivalised income","Purchasing power standard (PPS)",9616,
2000,"EL","PPS","MEAN_EI","DCH","Household with dependent children","Mean equivalised income","Purchasing power standard (PPS)",10338,
2001,"EL","PPS","MEAN_EI","DCH","Household with dependent children","Mean equivalised income","Purchasing power standard (PPS)",10661,
2003,"EL","PPS","MEAN_EI","DCH","Household with dependent children","Mean equivalised income","Purchasing power standard (PPS)",11933,"b"
2004,"EL","PPS","MEAN_EI","DCH","Household with dependent children","Mean equivalised income","Purchasing power standard (PPS)",11853,
2005,"EL","PPS","MEAN_EI","DCH","Household with dependent children","Mean equivalised income","Purchasing power standard (PPS)",12662,
2006,"EL","PPS","MEAN_EI","DCH","Household with dependent children","Mean equivalised income","Purchasing power standard (PPS)",13155,
2007,"EL","PPS","MEAN_EI","DCH","Household with dependent children","Mean equivalised income","Purchasing power standard (PPS)",13062,
2008,"EL","PPS","MEAN_EI","DCH","Household with dependent children","Mean equivalised income","Purchasing power standard (PPS)",14028,
2009,"EL","PPS","MEAN_EI","DCH","Household with dependent children","Mean equivalised income","Purchasing power standard (PPS)",14243,
2010,"EL","PPS","MEAN_EI","DCH","Household with dependent children","Mean equivalised income","Purchasing power standard (PPS)",14016,
2011,"EL","PPS","MEAN_EI","DCH","Household with dependent children","Mean equivalised income","Purchasing power standard (PPS)",12870,
2012,"EL","PPS","MEAN_EI","DCH","Household with dependent children","Mean equivalised income","Purchasing power standard (PPS)",10618,
2013,"EL","PPS","MEAN_EI","DCH","Household with dependent children","Mean equivalised income","Purchasing power standard (PPS)",9292,
2014,"EL","PPS","MEAN_EI","DCH","Household with dependent children","Mean equivalised income","Purchasing power standard (PPS)",9758,
2015,"EL","PPS","MEAN_EI","DCH","Household with dependent children","Mean equivalised income","Purchasing power standard (PPS)",9691,
2016,"EL","PPS","MEAN_EI","DCH","Household with dependent children","Mean equivalised income","Purchasing power standard (PPS)",9955,
2017,"EL","PPS","MEAN_EI","DCH","Household with dependent children","Mean equivalised income","Purchasing power standard (PPS)",10058,
2018,"EL","PPS","MEAN_EI","DCH","Household with dependent children","Mean equivalised income","Purchasing power standard (PPS)",9993,
2019,"EL","PPS","MEAN_EI","DCH","Household with dependent children","Mean equivalised income","Purchasing power standard (PPS)",10519,
2020,"EL","PPS","MEAN_EI","DCH","Household with dependent children","Mean equivalised income","Purchasing power standard (PPS)",10919,
2021,"EL","PPS","MEAN_EI","DCH","Household with dependent children","Mean equivalised income","Purchasing power standard (PPS)",10503,
2022,"EL","PPS","MEAN_EI","DCH","Household with dependent children","Mean equivalised income","Purchasing power standard (PPS)",11595,
2023,"EL","PPS","MEAN_EI","DCH","Household with dependent children","Mean equivalised income","Purchasing power standard (PPS)",12475,
2024,"EL","PPS","MEAN_EI","DCH","Household with dependent children","Mean equivalised income","Purchasing power standard (PPS)",13576,
2025,"EL","PPS","MEAN_EI","DCH","Household with dependent children","Mean equivalised income","Purchasing power standard (PPS)",14782,
1995,"EL","EUR","MED_EI","DCH","Household with dependent children","Median equivalised income","Euro",5306,
1996,"EL","EUR","MED_EI","DCH","Household with dependent children","Median equivalised income","Euro",5384,
1997,"EL","EUR","MED_EI","DCH","Household with dependent children","Median equivalised income","Euro",5975,
1998,"EL","EUR","MED_EI","DCH","Household with dependent children","Median equivalised income","Euro",6465,
1999,"EL","EUR","MED_EI","DCH","Household with dependent children","Median equivalised income","Euro",6459,
2000,"EL","EUR","MED_EI","DCH","Household with dependent children","Median equivalised income","Euro",6967,
2001,"EL","EUR","MED_EI","DCH","Household with dependent children","Median equivalised income","Euro",7227,
2003,"EL","EUR","MED_EI","DCH","Household with dependent children","Median equivalised income","Euro",8000,"b"
2004,"EL","EUR","MED_EI","DCH","Household with dependent children","Median equivalised income","Euro",8889,
2005,"EL","EUR","MED_EI","DCH","Household with dependent children","Median equivalised income","Euro",9341,
2006,"EL","EUR","MED_EI","DCH","Household with dependent children","Median equivalised income","Euro",9524,
2007,"EL","EUR","MED_EI","DCH","Household with dependent children","Median equivalised income","Euro",9873,
2008,"EL","EUR","MED_EI","DCH","Household with dependent children","Median equivalised income","Euro",10664,
2009,"EL","EUR","MED_EI","DCH","Household with dependent children","Median equivalised income","Euro",11088,
2010,"EL","EUR","MED_EI","DCH","Household with dependent children","Median equivalised income","Euro",11400,
2011,"EL","EUR","MED_EI","DCH","Household with dependent children","Median equivalised income","Euro",10948,
2012,"EL","EUR","MED_EI","DCH","Household with dependent children","Median equivalised income","Euro",8478,
2013,"EL","EUR","MED_EI","DCH","Household with dependent children","Median equivalised income","Euro",7213,
2014,"EL","EUR","MED_EI","DCH","Household with dependent children","Median equivalised income","Euro",7151,
2015,"EL","EUR","MED_EI","DCH","Household with dependent children","Median equivalised income","Euro",6918,
2016,"EL","EUR","MED_EI","DCH","Household with dependent children","Median equivalised income","Euro",6804,
2017,"EL","EUR","MED_EI","DCH","Household with dependent children","Median equivalised income","Euro",7138,
2018,"EL","EUR","MED_EI","DCH","Household with dependent children","Median equivalised income","Euro",7243,
2019,"EL","EUR","MED_EI","DCH","Household with dependent children","Median equivalised income","Euro",7672,
2020,"EL","EUR","MED_EI","DCH","Household with dependent children","Median equivalised income","Euro",8119,
2021,"EL","EUR","MED_EI","DCH","Household with dependent children","Median equivalised income","Euro",8090,
2022,"EL","EUR","MED_EI","DCH","Household with dependent children","Median equivalised income","Euro",8691,
2023,"EL","EUR","MED_EI","DCH","Household with dependent children","Median equivalised income","Euro",9351,
2024,"EL","EUR","MED_EI","DCH","Household with dependent children","Median equivalised income","Euro",10379,
2025,"EL","EUR","MED_EI","DCH","Household with dependent children","Median equivalised income","Euro",11114,
1995,"EL","NAC","MED_EI","DCH","Household with dependent children","Median equivalised income","National currency",4539,
1996,"EL","NAC","MED_EI","DCH","Household with dependent children","Median equivalised income","National currency",4845,
1997,"EL","NAC","MED_EI","DCH","Household with dependent children","Median equivalised income","National currency",5422,
1998,"EL","NAC","MED_EI","DCH","Household with dependent children","Median equivalised income","National currency",5940,
1999,"EL","NAC","MED_EI","DCH","Household with dependent children","Median equivalised income","National currency",6345,
2000,"EL","NAC","MED_EI","DCH","Household with dependent children","Median equivalised income","National currency",6743,
2001,"EL","NAC","MED_EI","DCH","Household with dependent children","Median equivalised income","National currency",7227,
2003,"EL","NAC","MED_EI","DCH","Household with dependent children","Median equivalised income","National currency",8000,"b"
2004,"EL","NAC","MED_EI","DCH","Household with dependent children","Median equivalised income","National currency",8889,
2005,"EL","NAC","MED_EI","DCH","Household with dependent children","Median equivalised income","National currency",9341,
2006,"EL","NAC","MED_EI","DCH","Household with dependent children","Median equivalised income","National currency",9524,
2007,"EL","NAC","MED_EI","DCH","Household with dependent children","Median equivalised income","National currency",9873,
2008,"EL","NAC","MED_EI","DCH","Household with dependent children","Median equivalised income","National currency",10664,
2009,"EL","NAC","MED_EI","DCH","Household with dependent children","Median equivalised income","National currency",11088,
2010,"EL","NAC","MED_EI","DCH","Household with dependent children","Median equivalised income","National currency",11400,
2011,"EL","NAC","MED_EI","DCH","Household with dependent children","Median equivalised income","National currency",10948,
2012,"EL","NAC","MED_EI","DCH","Household with dependent children","Median equivalised income","National currency",8478,
2013,"EL","NAC","MED_EI","DCH","Household with dependent children","Median equivalised income","National currency",7213,
2014,"EL","NAC","MED_EI","DCH","Household with dependent children","Median equivalised income","National currency",7151,
2015,"EL","NAC","MED_EI","DCH","Household with dependent children","Median equivalised income","National currency",6918,
2016,"EL","NAC","MED_EI","DCH","Household with dependent children","Median equivalised income","National currency",6804,
2017,"EL","NAC","MED_EI","DCH","Household with dependent children","Median equivalised income","National currency",7138,
2018,"EL","NAC","MED_EI","DCH","Household with dependent children","Median equivalised income","National currency",7243,
2019,"EL","NAC","MED_EI","DCH","Household with dependent children","Median equivalised income","National currency",7672,
2020,"EL","NAC","MED_EI","DCH","Household with dependent children","Median equivalised income","National currency",8119,
2021,"EL","NAC","MED_EI","DCH","Household with dependent children","Median equivalised income","National currency",8090,
2022,"EL","NAC","MED_EI","DCH","Household with dependent children","Median equivalised income","National currency",8691,
2023,"EL","NAC","MED_EI","DCH","Household with dependent children","Median equivalised income","National currency",9351,
2024,"EL","NAC","MED_EI","DCH","Household with dependent children","Median equivalised income","National currency",10379,
2025,"EL","NAC","MED_EI","DCH","Household with dependent children","Median equivalised income","National currency",11114,
1995,"EL","PPS","MED_EI","DCH","Household with dependent children","Median equivalised income","Purchasing power standard (PPS)",6829,
1996,"EL","PPS","MED_EI","DCH","Household with dependent children","Median equivalised income","Purchasing power standard (PPS)",6897,
1997,"EL","PPS","MED_EI","DCH","Household with dependent children","Median equivalised income","Purchasing power standard (PPS)",7418,
1998,"EL","PPS","MED_EI","DCH","Household with dependent children","Median equivalised income","Purchasing power standard (PPS)",7809,
1999,"EL","PPS","MED_EI","DCH","Household with dependent children","Median equivalised income","Purchasing power standard (PPS)",8059,
2000,"EL","PPS","MED_EI","DCH","Household with dependent children","Median equivalised income","Purchasing power standard (PPS)",8876,
2001,"EL","PPS","MED_EI","DCH","Household with dependent children","Median equivalised income","Purchasing power standard (PPS)",9226,
2003,"EL","PPS","MED_EI","DCH","Household with dependent children","Median equivalised income","Purchasing power standard (PPS)",9976,"b"
2004,"EL","PPS","MED_EI","DCH","Household with dependent children","Median equivalised income","Purchasing power standard (PPS)",10351,
2005,"EL","PPS","MED_EI","DCH","Household with dependent children","Median equivalised income","Purchasing power standard (PPS)",10663,
2006,"EL","PPS","MED_EI","DCH","Household with dependent children","Median equivalised income","Purchasing power standard (PPS)",10792,
2007,"EL","PPS","MED_EI","DCH","Household with dependent children","Median equivalised income","Purchasing power standard (PPS)",11088,
2008,"EL","PPS","MED_EI","DCH","Household with dependent children","Median equivalised income","Purchasing power standard (PPS)",11881,
2009,"EL","PPS","MED_EI","DCH","Household with dependent children","Median equivalised income","Purchasing power standard (PPS)",12178,
2010,"EL","PPS","MED_EI","DCH","Household with dependent children","Median equivalised income","Purchasing power standard (PPS)",12006,
2011,"EL","PPS","MED_EI","DCH","Household with dependent children","Median equivalised income","Purchasing power standard (PPS)",11588,
2012,"EL","PPS","MED_EI","DCH","Household with dependent children","Median equivalised income","Purchasing power standard (PPS)",8968,
2013,"EL","PPS","MED_EI","DCH","Household with dependent children","Median equivalised income","Purchasing power standard (PPS)",7794,
2014,"EL","PPS","MED_EI","DCH","Household with dependent children","Median equivalised income","Purchasing power standard (PPS)",8077,
2015,"EL","PPS","MED_EI","DCH","Household with dependent children","Median equivalised income","Purchasing power standard (PPS)",8098,
2016,"EL","PPS","MED_EI","DCH","Household with dependent children","Median equivalised income","Purchasing power standard (PPS)",8208,
2017,"EL","PPS","MED_EI","DCH","Household with dependent children","Median equivalised income","Purchasing power standard (PPS)",8486,
2018,"EL","PPS","MED_EI","DCH","Household with dependent children","Median equivalised income","Purchasing power standard (PPS)",8515,
2019,"EL","PPS","MED_EI","DCH","Household with dependent children","Median equivalised income","Purchasing power standard (PPS)",9141,
2020,"EL","PPS","MED_EI","DCH","Household with dependent children","Median equivalised income","Purchasing power standard (PPS)",9408,
2021,"EL","PPS","MED_EI","DCH","Household with dependent children","Median equivalised income","Purchasing power standard (PPS)",9167,
2022,"EL","PPS","MED_EI","DCH","Household with dependent children","Median equivalised income","Purchasing power standard (PPS)",9897,
2023,"EL","PPS","MED_EI","DCH","Household with dependent children","Median equivalised income","Purchasing power standard (PPS)",10597,
2024,"EL","PPS","MED_EI","DCH","Household with dependent children","Median equivalised income","Purchasing power standard (PPS)",11897,
2025,"EL","PPS","MED_EI","DCH","Household with dependent children","Median equivalised income","Purchasing power standard (PPS)",12929,
1995,"EL","EUR","MEAN_EI","NDCH","Household without dependent children","Mean equivalised income","Euro",6146,
1996,"EL","EUR","MEAN_EI","NDCH","Household without dependent children","Mean equivalised income","Euro",6451,
1997,"EL","EUR","MEAN_EI","NDCH","Household without dependent children","Mean equivalised income","Euro",6920,
1998,"EL","EUR","MEAN_EI","NDCH","Household without dependent children","Mean equivalised income","Euro",7567,
1999,"EL","EUR","MEAN_EI","NDCH","Household without dependent children","Mean equivalised income","Euro",7472,
2000,"EL","EUR","MEAN_EI","NDCH","Household without dependent children","Mean equivalised income","Euro",8124,
2001,"EL","EUR","MEAN_EI","NDCH","Household without dependent children","Mean equivalised income","Euro",8162,
2003,"EL","EUR","MEAN_EI","NDCH","Household without dependent children","Mean equivalised income","Euro",9777,"b"
2004,"EL","EUR","MEAN_EI","NDCH","Household without dependent children","Mean equivalised income","Euro",10231,
2005,"EL","EUR","MEAN_EI","NDCH","Household without dependent children","Mean equivalised income","Euro",11081,
2006,"EL","EUR","MEAN_EI","NDCH","Household without dependent children","Mean equivalised income","Euro",11549,
2007,"EL","EUR","MEAN_EI","NDCH","Household without dependent children","Mean equivalised income","Euro",12411,
2008,"EL","EUR","MEAN_EI","NDCH","Household without dependent children","Mean equivalised income","Euro",12929,
2009,"EL","EUR","MEAN_EI","NDCH","Household without dependent children","Mean equivalised income","Euro",13960,
2010,"EL","EUR","MEAN_EI","NDCH","Household without dependent children","Mean equivalised income","Euro",14550,
2011,"EL","EUR","MEAN_EI","NDCH","Household without dependent children","Mean equivalised income","Euro",13006,
2012,"EL","EUR","MEAN_EI","NDCH","Household without dependent children","Mean equivalised income","Euro",11160,
2013,"EL","EUR","MEAN_EI","NDCH","Household without dependent children","Mean equivalised income","Euro",9949,
2014,"EL","EUR","MEAN_EI","NDCH","Household without dependent children","Mean equivalised income","Euro",9109,
2015,"EL","EUR","MEAN_EI","NDCH","Household without dependent children","Mean equivalised income","Euro",9065,
2016,"EL","EUR","MEAN_EI","NDCH","Household without dependent children","Mean equivalised income","Euro",9067,
2017,"EL","EUR","MEAN_EI","NDCH","Household without dependent children","Mean equivalised income","Euro",9118,
2018,"EL","EUR","MEAN_EI","NDCH","Household without dependent children","Mean equivalised income","Euro",9547,
2019,"EL","EUR","MEAN_EI","NDCH","Household without dependent children","Mean equivalised income","Euro",9910,
2020,"EL","EUR","MEAN_EI","NDCH","Household without dependent children","Mean equivalised income","Euro",10605,
2021,"EL","EUR","MEAN_EI","NDCH","Household without dependent children","Mean equivalised income","Euro",10627,
2022,"EL","EUR","MEAN_EI","NDCH","Household without dependent children","Mean equivalised income","Euro",11433,
2023,"EL","EUR","MEAN_EI","NDCH","Household without dependent children","Mean equivalised income","Euro",12017,
2024,"EL","EUR","MEAN_EI","NDCH","Household without dependent children","Mean equivalised income","Euro",12891,
2025,"EL","EUR","MEAN_EI","NDCH","Household without dependent children","Mean equivalised income","Euro",13976,
1995,"EL","NAC","MEAN_EI","NDCH","Household without dependent children","Mean equivalised income","National currency",5258,
1996,"EL","NAC","MEAN_EI","NDCH","Household without dependent children","Mean equivalised income","National currency",5806,
1997,"EL","NAC","MEAN_EI","NDCH","Household without dependent children","Mean equivalised income","National currency",6280,
1998,"EL","NAC","MEAN_EI","NDCH","Household without dependent children","Mean equivalised income","National currency",6953,
1999,"EL","NAC","MEAN_EI","NDCH","Household without dependent children","Mean equivalised income","National currency",7340,
2000,"EL","NAC","MEAN_EI","NDCH","Household without dependent children","Mean equivalised income","National currency",7862,
2001,"EL","NAC","MEAN_EI","NDCH","Household without dependent children","Mean equivalised income","National currency",8162,
2003,"EL","NAC","MEAN_EI","NDCH","Household without dependent children","Mean equivalised income","National currency",9777,"b"
2004,"EL","NAC","MEAN_EI","NDCH","Household without dependent children","Mean equivalised income","National currency",10231,
2005,"EL","NAC","MEAN_EI","NDCH","Household without dependent children","Mean equivalised income","National currency",11081,
2006,"EL","NAC","MEAN_EI","NDCH","Household without dependent children","Mean equivalised income","National currency",11549,
2007,"EL","NAC","MEAN_EI","NDCH","Household without dependent children","Mean equivalised income","National currency",12411,
2008,"EL","NAC","MEAN_EI","NDCH","Household without dependent children","Mean equivalised income","National currency",12929,
2009,"EL","NAC","MEAN_EI","NDCH","Household without dependent children","Mean equivalised income","National currency",13960,
2010,"EL","NAC","MEAN_EI","NDCH","Household without dependent children","Mean equivalised income","National currency",14550,
2011,"EL","NAC","MEAN_EI","NDCH","Household without dependent children","Mean equivalised income","National currency",13006,
2012,"EL","NAC","MEAN_EI","NDCH","Household without dependent children","Mean equivalised income","National currency",11160,
2013,"EL","NAC","MEAN_EI","NDCH","Household without dependent children","Mean equivalised income","National currency",9949,
2014,"EL","NAC","MEAN_EI","NDCH","Household without dependent children","Mean equivalised income","National currency",9109,
2015,"EL","NAC","MEAN_EI","NDCH","Household without dependent children","Mean equivalised income","National currency",9065,
2016,"EL","NAC","MEAN_EI","NDCH","Household without dependent children","Mean equivalised income","National currency",9067,
2017,"EL","NAC","MEAN_EI","NDCH","Household without dependent children","Mean equivalised income","National currency",9118,
2018,"EL","NAC","MEAN_EI","NDCH","Household without dependent children","Mean equivalised income","National currency",9547,
2019,"EL","NAC","MEAN_EI","NDCH","Household without dependent children","Mean equivalised income","National currency",9910,
2020,"EL","NAC","MEAN_EI","NDCH","Household without dependent children","Mean equivalised income","National currency",10605,
2021,"EL","NAC","MEAN_EI","NDCH","Household without dependent children","Mean equivalised income","National currency",10627,
2022,"EL","NAC","MEAN_EI","NDCH","Household without dependent children","Mean equivalised income","National currency",11433,
2023,"EL","NAC","MEAN_EI","NDCH","Household without dependent children","Mean equivalised income","National currency",12017,
2024,"EL","NAC","MEAN_EI","NDCH","Household without dependent children","Mean equivalised income","National currency",12891,
2025,"EL","NAC","MEAN_EI","NDCH","Household without dependent children","Mean equivalised income","National currency",13976,
1995,"EL","PPS","MEAN_EI","NDCH","Household without dependent children","Mean equivalised income","Purchasing power standard (PPS)",7910,
1996,"EL","PPS","MEAN_EI","NDCH","Household without dependent children","Mean equivalised income","Purchasing power standard (PPS)",8265,
1997,"EL","PPS","MEAN_EI","NDCH","Household without dependent children","Mean equivalised income","Purchasing power standard (PPS)",8591,
1998,"EL","PPS","MEAN_EI","NDCH","Household without dependent children","Mean equivalised income","Purchasing power standard (PPS)",9141,
1999,"EL","PPS","MEAN_EI","NDCH","Household without dependent children","Mean equivalised income","Purchasing power standard (PPS)",9322,
2000,"EL","PPS","MEAN_EI","NDCH","Household without dependent children","Mean equivalised income","Purchasing power standard (PPS)",10349,
2001,"EL","PPS","MEAN_EI","NDCH","Household without dependent children","Mean equivalised income","Purchasing power standard (PPS)",10419,
2003,"EL","PPS","MEAN_EI","NDCH","Household without dependent children","Mean equivalised income","Purchasing power standard (PPS)",12193,"b"
2004,"EL","PPS","MEAN_EI","NDCH","Household without dependent children","Mean equivalised income","Purchasing power standard (PPS)",11914,
2005,"EL","PPS","MEAN_EI","NDCH","Household without dependent children","Mean equivalised income","Purchasing power standard (PPS)",12650,
2006,"EL","PPS","MEAN_EI","NDCH","Household without dependent children","Mean equivalised income","Purchasing power standard (PPS)",13087,
2007,"EL","PPS","MEAN_EI","NDCH","Household without dependent children","Mean equivalised income","Purchasing power standard (PPS)",13937,
2008,"EL","PPS","MEAN_EI","NDCH","Household without dependent children","Mean equivalised income","Purchasing power standard (PPS)",14404,
2009,"EL","PPS","MEAN_EI","NDCH","Household without dependent children","Mean equivalised income","Purchasing power standard (PPS)",15332,
2010,"EL","PPS","MEAN_EI","NDCH","Household without dependent children","Mean equivalised income","Purchasing power standard (PPS)",15323,
2011,"EL","PPS","MEAN_EI","NDCH","Household without dependent children","Mean equivalised income","Purchasing power standard (PPS)",13767,
2012,"EL","PPS","MEAN_EI","NDCH","Household without dependent children","Mean equivalised income","Purchasing power standard (PPS)",11805,
2013,"EL","PPS","MEAN_EI","NDCH","Household without dependent children","Mean equivalised income","Purchasing power standard (PPS)",10750,
2014,"EL","PPS","MEAN_EI","NDCH","Household without dependent children","Mean equivalised income","Purchasing power standard (PPS)",10288,
2015,"EL","PPS","MEAN_EI","NDCH","Household without dependent children","Mean equivalised income","Purchasing power standard (PPS)",10611,
2016,"EL","PPS","MEAN_EI","NDCH","Household without dependent children","Mean equivalised income","Purchasing power standard (PPS)",10938,
2017,"EL","PPS","MEAN_EI","NDCH","Household without dependent children","Mean equivalised income","Purchasing power standard (PPS)",10840,
2018,"EL","PPS","MEAN_EI","NDCH","Household without dependent children","Mean equivalised income","Purchasing power standard (PPS)",11224,
2019,"EL","PPS","MEAN_EI","NDCH","Household without dependent children","Mean equivalised income","Purchasing power standard (PPS)",11808,
2020,"EL","PPS","MEAN_EI","NDCH","Household without dependent children","Mean equivalised income","Purchasing power standard (PPS)",12289,
2021,"EL","PPS","MEAN_EI","NDCH","Household without dependent children","Mean equivalised income","Purchasing power standard (PPS)",12042,
2022,"EL","PPS","MEAN_EI","NDCH","Household without dependent children","Mean equivalised income","Purchasing power standard (PPS)",13019,
2023,"EL","PPS","MEAN_EI","NDCH","Household without dependent children","Mean equivalised income","Purchasing power standard (PPS)",13617,
2024,"EL","PPS","MEAN_EI","NDCH","Household without dependent children","Mean equivalised income","Purchasing power standard (PPS)",14776,
2025,"EL","PPS","MEAN_EI","NDCH","Household without dependent children","Mean equivalised income","Purchasing power standard (PPS)",16259,
1995,"EL","EUR","MED_EI","NDCH","Household without dependent children","Median equivalised income","Euro",5081,
1996,"EL","EUR","MED_EI","NDCH","Household without dependent children","Median equivalised income","Euro",5558,
1997,"EL","EUR","MED_EI","NDCH","Household without dependent children","Median equivalised income","Euro",5760,
1998,"EL","EUR","MED_EI","NDCH","Household without dependent children","Median equivalised income","Euro",6314,
1999,"EL","EUR","MED_EI","NDCH","Household without dependent children","Median equivalised income","Euro",6208,
2000,"EL","EUR","MED_EI","NDCH","Household without dependent children","Median equivalised income","Euro",6875,
2001,"EL","EUR","MED_EI","NDCH","Household without dependent children","Median equivalised income","Euro",6986,
2003,"EL","EUR","MED_EI","NDCH","Household without dependent children","Median equivalised income","Euro",8361,"b"
2004,"EL","EUR","MED_EI","NDCH","Household without dependent children","Median equivalised income","Euro",8766,
2005,"EL","EUR","MED_EI","NDCH","Household without dependent children","Median equivalised income","Euro",9421,
2006,"EL","EUR","MED_EI","NDCH","Household without dependent children","Median equivalised income","Euro",9987,
2007,"EL","EUR","MED_EI","NDCH","Household without dependent children","Median equivalised income","Euro",10408,
2008,"EL","EUR","MED_EI","NDCH","Household without dependent children","Median equivalised income","Euro",11123,
2009,"EL","EUR","MED_EI","NDCH","Household without dependent children","Median equivalised income","Euro",11853,
2010,"EL","EUR","MED_EI","NDCH","Household without dependent children","Median equivalised income","Euro",12413,
2011,"EL","EUR","MED_EI","NDCH","Household without dependent children","Median equivalised income","Euro",11052,
2012,"EL","EUR","MED_EI","NDCH","Household without dependent children","Median equivalised income","Euro",9829,
2013,"EL","EUR","MED_EI","NDCH","Household without dependent children","Median equivalised income","Euro",8813,
2014,"EL","EUR","MED_EI","NDCH","Household without dependent children","Median equivalised income","Euro",8000,
2015,"EL","EUR","MED_EI","NDCH","Household without dependent children","Median equivalised income","Euro",8000,
2016,"EL","EUR","MED_EI","NDCH","Household without dependent children","Median equivalised income","Euro",7997,
2017,"EL","EUR","MED_EI","NDCH","Household without dependent children","Median equivalised income","Euro",7992,
2018,"EL","EUR","MED_EI","NDCH","Household without dependent children","Median equivalised income","Euro",8375,
2019,"EL","EUR","MED_EI","NDCH","Household without dependent children","Median equivalised income","Euro",8756,
2020,"EL","EUR","MED_EI","NDCH","Household without dependent children","Median equivalised income","Euro",9373,
2021,"EL","EUR","MED_EI","NDCH","Household without dependent children","Median equivalised income","Euro",9407,
2022,"EL","EUR","MED_EI","NDCH","Household without dependent children","Median equivalised income","Euro",10107,
2023,"EL","EUR","MED_EI","NDCH","Household without dependent children","Median equivalised income","Euro",10650,
2024,"EL","EUR","MED_EI","NDCH","Household without dependent children","Median equivalised income","Euro",11360,
2025,"EL","EUR","MED_EI","NDCH","Household without dependent children","Median equivalised income","Euro",12301,
1995,"EL","NAC","MED_EI","NDCH","Household without dependent children","Median equivalised income","National currency",4346,
1996,"EL","NAC","MED_EI","NDCH","Household without dependent children","Median equivalised income","National currency",5002,
1997,"EL","NAC","MED_EI","NDCH","Household without dependent children","Median equivalised income","National currency",5228,
1998,"EL","NAC","MED_EI","NDCH","Household without dependent children","Median equivalised income","National currency",5802,
1999,"EL","NAC","MED_EI","NDCH","Household without dependent children","Median equivalised income","National currency",6099,
2000,"EL","NAC","MED_EI","NDCH","Household without dependent children","Median equivalised income","National currency",6653,
2001,"EL","NAC","MED_EI","NDCH","Household without dependent children","Median equivalised income","National currency",6986,
2003,"EL","NAC","MED_EI","NDCH","Household without dependent children","Median equivalised income","National currency",8361,"b"
2004,"EL","NAC","MED_EI","NDCH","Household without dependent children","Median equivalised income","National currency",8766,
2005,"EL","NAC","MED_EI","NDCH","Household without dependent children","Median equivalised income","National currency",9421,
2006,"EL","NAC","MED_EI","NDCH","Household without dependent children","Median equivalised income","National currency",9987,
2007,"EL","NAC","MED_EI","NDCH","Household without dependent children","Median equivalised income","National currency",10408,
2008,"EL","NAC","MED_EI","NDCH","Household without dependent children","Median equivalised income","National currency",11123,
2009,"EL","NAC","MED_EI","NDCH","Household without dependent children","Median equivalised income","National currency",11853,
2010,"EL","NAC","MED_EI","NDCH","Household without dependent children","Median equivalised income","National currency",12413,
2011,"EL","NAC","MED_EI","NDCH","Household without dependent children","Median equivalised income","National currency",11052,
2012,"EL","NAC","MED_EI","NDCH","Household without dependent children","Median equivalised income","National currency",9829,
2013,"EL","NAC","MED_EI","NDCH","Household without dependent children","Median equivalised income","National currency",8813,
2014,"EL","NAC","MED_EI","NDCH","Household without dependent children","Median equivalised income","National currency",8000,
2015,"EL","NAC","MED_EI","NDCH","Household without dependent children","Median equivalised income","National currency",8000,
2016,"EL","NAC","MED_EI","NDCH","Household without dependent children","Median equivalised income","National currency",7997,
2017,"EL","NAC","MED_EI","NDCH","Household without dependent children","Median equivalised income","National currency",7992,
2018,"EL","NAC","MED_EI","NDCH","Household without dependent children","Median equivalised income","National currency",8375,
2019,"EL","NAC","MED_EI","NDCH","Household without dependent children","Median equivalised income","National currency",8756,
2020,"EL","NAC","MED_EI","NDCH","Household without dependent children","Median equivalised income","National currency",9373,
2021,"EL","NAC","MED_EI","NDCH","Household without dependent children","Median equivalised income","National currency",9407,
2022,"EL","NAC","MED_EI","NDCH","Household without dependent children","Median equivalised income","National currency",10107,
2023,"EL","NAC","MED_EI","NDCH","Household without dependent children","Median equivalised income","National currency",10650,
2024,"EL","NAC","MED_EI","NDCH","Household without dependent children","Median equivalised income","National currency",11360,
2025,"EL","NAC","MED_EI","NDCH","Household without dependent children","Median equivalised income","National currency",12301,
1995,"EL","PPS","MED_EI","NDCH","Household without dependent children","Median equivalised income","Purchasing power standard (PPS)",6539,
1996,"EL","PPS","MED_EI","NDCH","Household without dependent children","Median equivalised income","Purchasing power standard (PPS)",7121,
1997,"EL","PPS","MED_EI","NDCH","Household without dependent children","Median equivalised income","Purchasing power standard (PPS)",7152,
1998,"EL","PPS","MED_EI","NDCH","Household without dependent children","Median equivalised income","Purchasing power standard (PPS)",7627,
1999,"EL","PPS","MED_EI","NDCH","Household without dependent children","Median equivalised income","Purchasing power standard (PPS)",7746,
2000,"EL","PPS","MED_EI","NDCH","Household without dependent children","Median equivalised income","Purchasing power standard (PPS)",8758,
2001,"EL","PPS","MED_EI","NDCH","Household without dependent children","Median equivalised income","Purchasing power standard (PPS)",8917,
2003,"EL","PPS","MED_EI","NDCH","Household without dependent children","Median equivalised income","Purchasing power standard (PPS)",10427,"b"
2004,"EL","PPS","MED_EI","NDCH","Household without dependent children","Median equivalised income","Purchasing power standard (PPS)",10208,
2005,"EL","PPS","MED_EI","NDCH","Household without dependent children","Median equivalised income","Purchasing power standard (PPS)",10755,
2006,"EL","PPS","MED_EI","NDCH","Household without dependent children","Median equivalised income","Purchasing power standard (PPS)",11316,
2007,"EL","PPS","MED_EI","NDCH","Household without dependent children","Median equivalised income","Purchasing power standard (PPS)",11688,
2008,"EL","PPS","MED_EI","NDCH","Household without dependent children","Median equivalised income","Purchasing power standard (PPS)",12391,
2009,"EL","PPS","MED_EI","NDCH","Household without dependent children","Median equivalised income","Purchasing power standard (PPS)",13019,
2010,"EL","PPS","MED_EI","NDCH","Household without dependent children","Median equivalised income","Purchasing power standard (PPS)",13073,
2011,"EL","PPS","MED_EI","NDCH","Household without dependent children","Median equivalised income","Purchasing power standard (PPS)",11698,
2012,"EL","PPS","MED_EI","NDCH","Household without dependent children","Median equivalised income","Purchasing power standard (PPS)",10397,
2013,"EL","PPS","MED_EI","NDCH","Household without dependent children","Median equivalised income","Purchasing power standard (PPS)",9523,
2014,"EL","PPS","MED_EI","NDCH","Household without dependent children","Median equivalised income","Purchasing power standard (PPS)",9036,
2015,"EL","PPS","MED_EI","NDCH","Household without dependent children","Median equivalised income","Purchasing power standard (PPS)",9364,
2016,"EL","PPS","MED_EI","NDCH","Household without dependent children","Median equivalised income","Purchasing power standard (PPS)",9647,
2017,"EL","PPS","MED_EI","NDCH","Household without dependent children","Median equivalised income","Purchasing power standard (PPS)",9501,
2018,"EL","PPS","MED_EI","NDCH","Household without dependent children","Median equivalised income","Purchasing power standard (PPS)",9846,
2019,"EL","PPS","MED_EI","NDCH","Household without dependent children","Median equivalised income","Purchasing power standard (PPS)",10433,
2020,"EL","PPS","MED_EI","NDCH","Household without dependent children","Median equivalised income","Purchasing power standard (PPS)",10861,
2021,"EL","PPS","MED_EI","NDCH","Household without dependent children","Median equivalised income","Purchasing power standard (PPS)",10659,
2022,"EL","PPS","MED_EI","NDCH","Household without dependent children","Median equivalised income","Purchasing power standard (PPS)",11509,
2023,"EL","PPS","MED_EI","NDCH","Household without dependent children","Median equivalised income","Purchasing power standard (PPS)",12069,
2024,"EL","PPS","MED_EI","NDCH","Household without dependent children","Median equivalised income","Purchasing power standard (PPS)",13021,
2025,"EL","PPS","MED_EI","NDCH","Household without dependent children","Median equivalised income","Purchasing power standard (PPS)",14310,
1995,"EL","EUR","MEAN_EI","A1_LT64","One adult younger than 64 years","Mean equivalised income","Euro",7034,
1996,"EL","EUR","MEAN_EI","A1_LT64","One adult younger than 64 years","Mean equivalised income","Euro",7937,
1997,"EL","EUR","MEAN_EI","A1_LT64","One adult younger than 64 years","Mean equivalised income","Euro",9020,
1998,"EL","EUR","MEAN_EI","A1_LT64","One adult younger than 64 years","Mean equivalised income","Euro",9541,
1999,"EL","EUR","MEAN_EI","A1_LT64","One adult younger than 64 years","Mean equivalised income","Euro",10169,
2000,"EL","EUR","MEAN_EI","A1_LT64","One adult younger than 64 years","Mean equivalised income","Euro",11594,
2001,"EL","EUR","MEAN_EI","A1_LT64","One adult younger than 64 years","Mean equivalised income","Euro",10638,
1995,"EL","NAC","MEAN_EI","A1_LT64","One adult younger than 64 years","Mean equivalised income","National currency",6018,
1996,"EL","NAC","MEAN_EI","A1_LT64","One adult younger than 64 years","Mean equivalised income","National currency",7143,
1997,"EL","NAC","MEAN_EI","A1_LT64","One adult younger than 64 years","Mean equivalised income","National currency",8186,
1998,"EL","NAC","MEAN_EI","A1_LT64","One adult younger than 64 years","Mean equivalised income","National currency",8767,
1999,"EL","NAC","MEAN_EI","A1_LT64","One adult younger than 64 years","Mean equivalised income","National currency",9989,
2000,"EL","NAC","MEAN_EI","A1_LT64","One adult younger than 64 years","Mean equivalised income","National currency",11220,
2001,"EL","NAC","MEAN_EI","A1_LT64","One adult younger than 64 years","Mean equivalised income","National currency",10638,
1995,"EL","PPS","MEAN_EI","A1_LT64","One adult younger than 64 years","Mean equivalised income","Purchasing power standard (PPS)",9053,
1996,"EL","PPS","MEAN_EI","A1_LT64","One adult younger than 64 years","Mean equivalised income","Purchasing power standard (PPS)",10169,
1997,"EL","PPS","MEAN_EI","A1_LT64","One adult younger than 64 years","Mean equivalised income","Purchasing power standard (PPS)",11199,
1998,"EL","PPS","MEAN_EI","A1_LT64","One adult younger than 64 years","Mean equivalised income","Purchasing power standard (PPS)",11525,
1999,"EL","PPS","MEAN_EI","A1_LT64","One adult younger than 64 years","Mean equivalised income","Purchasing power standard (PPS)",12686,
2000,"EL","PPS","MEAN_EI","A1_LT64","One adult younger than 64 years","Mean equivalised income","Purchasing power standard (PPS)",14769,
2001,"EL","PPS","MEAN_EI","A1_LT64","One adult younger than 64 years","Mean equivalised income","Purchasing power standard (PPS)",13580,
1995,"EL","EUR","MED_EI","A1_LT64","One adult younger than 64 years","Median equivalised income","Euro",6249,
1996,"EL","EUR","MED_EI","A1_LT64","One adult younger than 64 years","Median equivalised income","Euro",6792,
1997,"EL","EUR","MED_EI","A1_LT64","One adult younger than 64 years","Median equivalised income","Euro",7069,
1998,"EL","EUR","MED_EI","A1_LT64","One adult younger than 64 years","Median equivalised income","Euro",8521,
1999,"EL","EUR","MED_EI","A1_LT64","One adult younger than 64 years","Median equivalised income","Euro",8136,
2000,"EL","EUR","MED_EI","A1_LT64","One adult younger than 64 years","Median equivalised income","Euro",8773,
2001,"EL","EUR","MED_EI","A1_LT64","One adult younger than 64 years","Median equivalised income","Euro",9029,
1995,"EL","NAC","MED_EI","A1_LT64","One adult younger than 64 years","Median equivalised income","National currency",5346,
1996,"EL","NAC","MED_EI","A1_LT64","One adult younger than 64 years","Median equivalised income","National currency",6113,
1997,"EL","NAC","MED_EI","A1_LT64","One adult younger than 64 years","Median equivalised income","National currency",6416,
1998,"EL","NAC","MED_EI","A1_LT64","One adult younger than 64 years","Median equivalised income","National currency",7829,
1999,"EL","NAC","MED_EI","A1_LT64","One adult younger than 64 years","Median equivalised income","National currency",7993,
2000,"EL","NAC","MED_EI","A1_LT64","One adult younger than 64 years","Median equivalised income","National currency",8490,
2001,"EL","NAC","MED_EI","A1_LT64","One adult younger than 64 years","Median equivalised income","National currency",9029,
1995,"EL","PPS","MED_EI","A1_LT64","One adult younger than 64 years","Median equivalised income","Purchasing power standard (PPS)",8043,
1996,"EL","PPS","MED_EI","A1_LT64","One adult younger than 64 years","Median equivalised income","Purchasing power standard (PPS)",8702,
1997,"EL","PPS","MED_EI","A1_LT64","One adult younger than 64 years","Median equivalised income","Purchasing power standard (PPS)",8777,
1998,"EL","PPS","MED_EI","A1_LT64","One adult younger than 64 years","Median equivalised income","Purchasing power standard (PPS)",10293,
1999,"EL","PPS","MED_EI","A1_LT64","One adult younger than 64 years","Median equivalised income","Purchasing power standard (PPS)",10151,
2000,"EL","PPS","MED_EI","A1_LT64","One adult younger than 64 years","Median equivalised income","Purchasing power standard (PPS)",11176,
2001,"EL","PPS","MED_EI","A1_LT64","One adult younger than 64 years","Median equivalised income","Purchasing power standard (PPS)",11526,
1995,"EL","EUR","MEAN_EI","A1_GE65","One adult 65 years or over","Mean equivalised income","Euro",4197,
1996,"EL","EUR","MEAN_EI","A1_GE65","One adult 65 years or over","Mean equivalised income","Euro",4809,
1997,"EL","EUR","MEAN_EI","A1_GE65","One adult 65 years or over","Mean equivalised income","Euro",5039,
1998,"EL","EUR","MEAN_EI","A1_GE65","One adult 65 years or over","Mean equivalised income","Euro",5275,
1999,"EL","EUR","MEAN_EI","A1_GE65","One adult 65 years or over","Mean equivalised income","Euro",5352,
2000,"EL","EUR","MEAN_EI","A1_GE65","One adult 65 years or over","Mean equivalised income","Euro",5921,
2001,"EL","EUR","MEAN_EI","A1_GE65","One adult 65 years or over","Mean equivalised income","Euro",5965,
1995,"EL","NAC","MEAN_EI","A1_GE65","One adult 65 years or over","Mean equivalised income","National currency",3591,
1996,"EL","NAC","MEAN_EI","A1_GE65","One adult 65 years or over","Mean equivalised income","National currency",4327,
1997,"EL","NAC","MEAN_EI","A1_GE65","One adult 65 years or over","Mean equivalised income","National currency",4573,
1998,"EL","NAC","MEAN_EI","A1_GE65","One adult 65 years or over","Mean equivalised income","National currency",4847,
1999,"EL","NAC","MEAN_EI","A1_GE65","One adult 65 years or over","Mean equivalised income","National currency",5257,
2000,"EL","NAC","MEAN_EI","A1_GE65","One adult 65 years or over","Mean equivalised income","National currency",5730,
2001,"EL","NAC","MEAN_EI","A1_GE65","One adult 65 years or over","Mean equivalised income","National currency",5965,
1995,"EL","PPS","MEAN_EI","A1_GE65","One adult 65 years or over","Mean equivalised income","Purchasing power standard (PPS)",5402,
1996,"EL","PPS","MEAN_EI","A1_GE65","One adult 65 years or over","Mean equivalised income","Purchasing power standard (PPS)",6160,
1997,"EL","PPS","MEAN_EI","A1_GE65","One adult 65 years or over","Mean equivalised income","Purchasing power standard (PPS)",6256,
1998,"EL","PPS","MEAN_EI","A1_GE65","One adult 65 years or over","Mean equivalised income","Purchasing power standard (PPS)",6372,
1999,"EL","PPS","MEAN_EI","A1_GE65","One adult 65 years or over","Mean equivalised income","Purchasing power standard (PPS)",6677,
2000,"EL","PPS","MEAN_EI","A1_GE65","One adult 65 years or over","Mean equivalised income","Purchasing power standard (PPS)",7543,
2001,"EL","PPS","MEAN_EI","A1_GE65","One adult 65 years or over","Mean equivalised income","Purchasing power standard (PPS)",7614,
1995,"EL","EUR","MED_EI","A1_GE65","One adult 65 years or over","Median equivalised income","Euro",3548,
1996,"EL","EUR","MED_EI","A1_GE65","One adult 65 years or over","Median equivalised income","Euro",4118,
1997,"EL","EUR","MED_EI","A1_GE65","One adult 65 years or over","Median equivalised income","Euro",4445,
1998,"EL","EUR","MED_EI","A1_GE65","One adult 65 years or over","Median equivalised income","Euro",4526,
1999,"EL","EUR","MED_EI","A1_GE65","One adult 65 years or over","Median equivalised income","Euro",4644,
2000,"EL","EUR","MED_EI","A1_GE65","One adult 65 years or over","Median equivalised income","Euro",5242,
2001,"EL","EUR","MED_EI","A1_GE65","One adult 65 years or over","Median equivalised income","Euro",4990,
1995,"EL","NAC","MED_EI","A1_GE65","One adult 65 years or over","Median equivalised income","National currency",3036,
1996,"EL","NAC","MED_EI","A1_GE65","One adult 65 years or over","Median equivalised income","National currency",3706,
1997,"EL","NAC","MED_EI","A1_GE65","One adult 65 years or over","Median equivalised income","National currency",4034,
1998,"EL","NAC","MED_EI","A1_GE65","One adult 65 years or over","Median equivalised income","National currency",4158,
1999,"EL","NAC","MED_EI","A1_GE65","One adult 65 years or over","Median equivalised income","National currency",4562,
2000,"EL","NAC","MED_EI","A1_GE65","One adult 65 years or over","Median equivalised income","National currency",5073,
2001,"EL","NAC","MED_EI","A1_GE65","One adult 65 years or over","Median equivalised income","National currency",4990,
1995,"EL","PPS","MED_EI","A1_GE65","One adult 65 years or over","Median equivalised income","Purchasing power standard (PPS)",4567,
1996,"EL","PPS","MED_EI","A1_GE65","One adult 65 years or over","Median equivalised income","Purchasing power standard (PPS)",5276,
1997,"EL","PPS","MED_EI","A1_GE65","One adult 65 years or over","Median equivalised income","Purchasing power standard (PPS)",5518,
1998,"EL","PPS","MED_EI","A1_GE65","One adult 65 years or over","Median equivalised income","Purchasing power standard (PPS)",5467,
1999,"EL","PPS","MED_EI","A1_GE65","One adult 65 years or over","Median equivalised income","Purchasing power standard (PPS)",5794,
2000,"EL","PPS","MED_EI","A1_GE65","One adult 65 years or over","Median equivalised income","Purchasing power standard (PPS)",6678,
2001,"EL","PPS","MED_EI","A1_GE65","One adult 65 years or over","Median equivalised income","Purchasing power standard (PPS)",6370,
1995,"EL","EUR","MEAN_EI","A2_2LT65","Two adults younger than 65 years","Mean equivalised income","Euro",7490,
1996,"EL","EUR","MEAN_EI","A2_2LT65","Two adults younger than 65 years","Mean equivalised income","Euro",7303,
1997,"EL","EUR","MEAN_EI","A2_2LT65","Two adults younger than 65 years","Mean equivalised income","Euro",8078,
1998,"EL","EUR","MEAN_EI","A2_2LT65","Two adults younger than 65 years","Mean equivalised income","Euro",8943,
1999,"EL","EUR","MEAN_EI","A2_2LT65","Two adults younger than 65 years","Mean equivalised income","Euro",8824,
2000,"EL","EUR","MEAN_EI","A2_2LT65","Two adults younger than 65 years","Mean equivalised income","Euro",8919,
2001,"EL","EUR","MEAN_EI","A2_2LT65","Two adults younger than 65 years","Mean equivalised income","Euro",9475,
2003,"EL","EUR","MEAN_EI","A2_2LT65","Two adults younger than 65 years","Mean equivalised income","Euro",11513,"b"
2004,"EL","EUR","MEAN_EI","A2_2LT65","Two adults younger than 65 years","Mean equivalised income","Euro",11684,
2005,"EL","EUR","MEAN_EI","A2_2LT65","Two adults younger than 65 years","Mean equivalised income","Euro",12362,
2006,"EL","EUR","MEAN_EI","A2_2LT65","Two adults younger than 65 years","Mean equivalised income","Euro",13152,
2007,"EL","EUR","MEAN_EI","A2_2LT65","Two adults younger than 65 years","Mean equivalised income","Euro",14304,
2008,"EL","EUR","MEAN_EI","A2_2LT65","Two adults younger than 65 years","Mean equivalised income","Euro",15167,
2009,"EL","EUR","MEAN_EI","A2_2LT65","Two adults younger than 65 years","Mean equivalised income","Euro",17090,
2010,"EL","EUR","MEAN_EI","A2_2LT65","Two adults younger than 65 years","Mean equivalised income","Euro",16529,
2011,"EL","EUR","MEAN_EI","A2_2LT65","Two adults younger than 65 years","Mean equivalised income","Euro",14920,
2012,"EL","EUR","MEAN_EI","A2_2LT65","Two adults younger than 65 years","Mean equivalised income","Euro",12249,
2013,"EL","EUR","MEAN_EI","A2_2LT65","Two adults younger than 65 years","Mean equivalised income","Euro",11619,
2014,"EL","EUR","MEAN_EI","A2_2LT65","Two adults younger than 65 years","Mean equivalised income","Euro",10255,
2015,"EL","EUR","MEAN_EI","A2_2LT65","Two adults younger than 65 years","Mean equivalised income","Euro",10143,
2016,"EL","EUR","MEAN_EI","A2_2LT65","Two adults younger than 65 years","Mean equivalised income","Euro",9941,
2017,"EL","EUR","MEAN_EI","A2_2LT65","Two adults younger than 65 years","Mean equivalised income","Euro",10270,
2018,"EL","EUR","MEAN_EI","A2_2LT65","Two adults younger than 65 years","Mean equivalised income","Euro",11087,
2019,"EL","EUR","MEAN_EI","A2_2LT65","Two adults younger than 65 years","Mean equivalised income","Euro",11872,
2020,"EL","EUR","MEAN_EI","A2_2LT65","Two adults younger than 65 years","Mean equivalised income","Euro",11902,
2021,"EL","EUR","MEAN_EI","A2_2LT65","Two adults younger than 65 years","Mean equivalised income","Euro",11957,
2022,"EL","EUR","MEAN_EI","A2_2LT65","Two adults younger than 65 years","Mean equivalised income","Euro",13142,
2023,"EL","EUR","MEAN_EI","A2_2LT65","Two adults younger than 65 years","Mean equivalised income","Euro",13526,
2024,"EL","EUR","MEAN_EI","A2_2LT65","Two adults younger than 65 years","Mean equivalised income","Euro",14583,
2025,"EL","EUR","MEAN_EI","A2_2LT65","Two adults younger than 65 years","Mean equivalised income","Euro",16115,
1995,"EL","NAC","MEAN_EI","A2_2LT65","Two adults younger than 65 years","Mean equivalised income","National currency",6408,
1996,"EL","NAC","MEAN_EI","A2_2LT65","Two adults younger than 65 years","Mean equivalised income","National currency",6573,
1997,"EL","NAC","MEAN_EI","A2_2LT65","Two adults younger than 65 years","Mean equivalised income","National currency",7331,
1998,"EL","NAC","MEAN_EI","A2_2LT65","Two adults younger than 65 years","Mean equivalised income","National currency",8218,
1999,"EL","NAC","MEAN_EI","A2_2LT65","Two adults younger than 65 years","Mean equivalised income","National currency",8668,
2000,"EL","NAC","MEAN_EI","A2_2LT65","Two adults younger than 65 years","Mean equivalised income","National currency",8631,
2001,"EL","NAC","MEAN_EI","A2_2LT65","Two adults younger than 65 years","Mean equivalised income","National currency",9475,
2003,"EL","NAC","MEAN_EI","A2_2LT65","Two adults younger than 65 years","Mean equivalised income","National currency",11513,"b"
2004,"EL","NAC","MEAN_EI","A2_2LT65","Two adults younger than 65 years","Mean equivalised income","National currency",11684,
2005,"EL","NAC","MEAN_EI","A2_2LT65","Two adults younger than 65 years","Mean equivalised income","National currency",12362,
2006,"EL","NAC","MEAN_EI","A2_2LT65","Two adults younger than 65 years","Mean equivalised income","National currency",13152,
2007,"EL","NAC","MEAN_EI","A2_2LT65","Two adults younger than 65 years","Mean equivalised income","National currency",14304,
2008,"EL","NAC","MEAN_EI","A2_2LT65","Two adults younger than 65 years","Mean equivalised income","National currency",15167,
2009,"EL","NAC","MEAN_EI","A2_2LT65","Two adults younger than 65 years","Mean equivalised income","National currency",17090,
2010,"EL","NAC","MEAN_EI","A2_2LT65","Two adults younger than 65 years","Mean equivalised income","National currency",16529,
2011,"EL","NAC","MEAN_EI","A2_2LT65","Two adults younger than 65 years","Mean equivalised income","National currency",14920,
2012,"EL","NAC","MEAN_EI","A2_2LT65","Two adults younger than 65 years","Mean equivalised income","National currency",12249,
2013,"EL","NAC","MEAN_EI","A2_2LT65","Two adults younger than 65 years","Mean equivalised income","National currency",11619,
2014,"EL","NAC","MEAN_EI","A2_2LT65","Two adults younger than 65 years","Mean equivalised income","National currency",10255,
2015,"EL","NAC","MEAN_EI","A2_2LT65","Two adults younger than 65 years","Mean equivalised income","National currency",10143,
2016,"EL","NAC","MEAN_EI","A2_2LT65","Two adults younger than 65 years","Mean equivalised income","National currency",9941,
2017,"EL","NAC","MEAN_EI","A2_2LT65","Two adults younger than 65 years","Mean equivalised income","National currency",10270,
2018,"EL","NAC","MEAN_EI","A2_2LT65","Two adults younger than 65 years","Mean equivalised income","National currency",11087,
2019,"EL","NAC","MEAN_EI","A2_2LT65","Two adults younger than 65 years","Mean equivalised income","National currency",11872,
2020,"EL","NAC","MEAN_EI","A2_2LT65","Two adults younger than 65 years","Mean equivalised income","National currency",11902,
2021,"EL","NAC","MEAN_EI","A2_2LT65","Two adults younger than 65 years","Mean equivalised income","National currency",11957,
2022,"EL","NAC","MEAN_EI","A2_2LT65","Two adults younger than 65 years","Mean equivalised income","National currency",13142,
2023,"EL","NAC","MEAN_EI","A2_2LT65","Two adults younger than 65 years","Mean equivalised income","National currency",13526,
2024,"EL","NAC","MEAN_EI","A2_2LT65","Two adults younger than 65 years","Mean equivalised income","National currency",14583,
2025,"EL","NAC","MEAN_EI","A2_2LT65","Two adults younger than 65 years","Mean equivalised income","National currency",16115,
1995,"EL","PPS","MEAN_EI","A2_2LT65","Two adults younger than 65 years","Mean equivalised income","Purchasing power standard (PPS)",9639,
1996,"EL","PPS","MEAN_EI","A2_2LT65","Two adults younger than 65 years","Mean equivalised income","Purchasing power standard (PPS)",9357,
1997,"EL","PPS","MEAN_EI","A2_2LT65","Two adults younger than 65 years","Mean equivalised income","Purchasing power standard (PPS)",10029,
1998,"EL","PPS","MEAN_EI","A2_2LT65","Two adults younger than 65 years","Mean equivalised income","Purchasing power standard (PPS)",10803,
1999,"EL","PPS","MEAN_EI","A2_2LT65","Two adults younger than 65 years","Mean equivalised income","Purchasing power standard (PPS)",11009,
2000,"EL","PPS","MEAN_EI","A2_2LT65","Two adults younger than 65 years","Mean equivalised income","Purchasing power standard (PPS)",11361,
2001,"EL","PPS","MEAN_EI","A2_2LT65","Two adults younger than 65 years","Mean equivalised income","Purchasing power standard (PPS)",12095,
2003,"EL","PPS","MEAN_EI","A2_2LT65","Two adults younger than 65 years","Mean equivalised income","Purchasing power standard (PPS)",14357,"b"
2004,"EL","PPS","MEAN_EI","A2_2LT65","Two adults younger than 65 years","Mean equivalised income","Purchasing power standard (PPS)",13605,
2005,"EL","PPS","MEAN_EI","A2_2LT65","Two adults younger than 65 years","Mean equivalised income","Purchasing power standard (PPS)",14112,
2006,"EL","PPS","MEAN_EI","A2_2LT65","Two adults younger than 65 years","Mean equivalised income","Purchasing power standard (PPS)",14903,
2007,"EL","PPS","MEAN_EI","A2_2LT65","Two adults younger than 65 years","Mean equivalised income","Purchasing power standard (PPS)",16064,
2008,"EL","PPS","MEAN_EI","A2_2LT65","Two adults younger than 65 years","Mean equivalised income","Purchasing power standard (PPS)",16896,
2009,"EL","PPS","MEAN_EI","A2_2LT65","Two adults younger than 65 years","Mean equivalised income","Purchasing power standard (PPS)",18770,
2010,"EL","PPS","MEAN_EI","A2_2LT65","Two adults younger than 65 years","Mean equivalised income","Purchasing power standard (PPS)",17407,
2011,"EL","PPS","MEAN_EI","A2_2LT65","Two adults younger than 65 years","Mean equivalised income","Purchasing power standard (PPS)",15792,
2012,"EL","PPS","MEAN_EI","A2_2LT65","Two adults younger than 65 years","Mean equivalised income","Purchasing power standard (PPS)",12958,
2013,"EL","PPS","MEAN_EI","A2_2LT65","Two adults younger than 65 years","Mean equivalised income","Purchasing power standard (PPS)",12556,
2014,"EL","PPS","MEAN_EI","A2_2LT65","Two adults younger than 65 years","Mean equivalised income","Purchasing power standard (PPS)",11582,
2015,"EL","PPS","MEAN_EI","A2_2LT65","Two adults younger than 65 years","Mean equivalised income","Purchasing power standard (PPS)",11873,
2016,"EL","PPS","MEAN_EI","A2_2LT65","Two adults younger than 65 years","Mean equivalised income","Purchasing power standard (PPS)",11992,
2017,"EL","PPS","MEAN_EI","A2_2LT65","Two adults younger than 65 years","Mean equivalised income","Purchasing power standard (PPS)",12210,
2018,"EL","PPS","MEAN_EI","A2_2LT65","Two adults younger than 65 years","Mean equivalised income","Purchasing power standard (PPS)",13035,
2019,"EL","PPS","MEAN_EI","A2_2LT65","Two adults younger than 65 years","Mean equivalised income","Purchasing power standard (PPS)",14146,
2020,"EL","PPS","MEAN_EI","A2_2LT65","Two adults younger than 65 years","Mean equivalised income","Purchasing power standard (PPS)",13791,
2021,"EL","PPS","MEAN_EI","A2_2LT65","Two adults younger than 65 years","Mean equivalised income","Purchasing power standard (PPS)",13550,
2022,"EL","PPS","MEAN_EI","A2_2LT65","Two adults younger than 65 years","Mean equivalised income","Purchasing power standard (PPS)",14965,
2023,"EL","PPS","MEAN_EI","A2_2LT65","Two adults younger than 65 years","Mean equivalised income","Purchasing power standard (PPS)",15328,
2024,"EL","PPS","MEAN_EI","A2_2LT65","Two adults younger than 65 years","Mean equivalised income","Purchasing power standard (PPS)",16715,
2025,"EL","PPS","MEAN_EI","A2_2LT65","Two adults younger than 65 years","Mean equivalised income","Purchasing power standard (PPS)",18748,
1995,"EL","EUR","MED_EI","A2_2LT65","Two adults younger than 65 years","Median equivalised income","Euro",5925,
1996,"EL","EUR","MED_EI","A2_2LT65","Two adults younger than 65 years","Median equivalised income","Euro",6188,
1997,"EL","EUR","MED_EI","A2_2LT65","Two adults younger than 65 years","Median equivalised income","Euro",6807,
1998,"EL","EUR","MED_EI","A2_2LT65","Two adults younger than 65 years","Median equivalised income","Euro",7407,
1999,"EL","EUR","MED_EI","A2_2LT65","Two adults younger than 65 years","Median equivalised income","Euro",7458,
2000,"EL","EUR","MED_EI","A2_2LT65","Two adults younger than 65 years","Median equivalised income","Euro",7448,
2001,"EL","EUR","MED_EI","A2_2LT65","Two adults younger than 65 years","Median equivalised income","Euro",7742,
2003,"EL","EUR","MED_EI","A2_2LT65","Two adults younger than 65 years","Median equivalised income","Euro",9653,"b"
2004,"EL","EUR","MED_EI","A2_2LT65","Two adults younger than 65 years","Median equivalised income","Euro",9800,
2005,"EL","EUR","MED_EI","A2_2LT65","Two adults younger than 65 years","Median equivalised income","Euro",10633,
2006,"EL","EUR","MED_EI","A2_2LT65","Two adults younger than 65 years","Median equivalised income","Euro",11467,
2007,"EL","EUR","MED_EI","A2_2LT65","Two adults younger than 65 years","Median equivalised income","Euro",11893,
2008,"EL","EUR","MED_EI","A2_2LT65","Two adults younger than 65 years","Median equivalised income","Euro",13040,
2009,"EL","EUR","MED_EI","A2_2LT65","Two adults younger than 65 years","Median equivalised income","Euro",14000,
2010,"EL","EUR","MED_EI","A2_2LT65","Two adults younger than 65 years","Median equivalised income","Euro",14295,
2011,"EL","EUR","MED_EI","A2_2LT65","Two adults younger than 65 years","Median equivalised income","Euro",13078,
2012,"EL","EUR","MED_EI","A2_2LT65","Two adults younger than 65 years","Median equivalised income","Euro",10675,
2013,"EL","EUR","MED_EI","A2_2LT65","Two adults younger than 65 years","Median equivalised income","Euro",9533,
2014,"EL","EUR","MED_EI","A2_2LT65","Two adults younger than 65 years","Median equivalised income","Euro",8938,
2015,"EL","EUR","MED_EI","A2_2LT65","Two adults younger than 65 years","Median equivalised income","Euro",8827,
2016,"EL","EUR","MED_EI","A2_2LT65","Two adults younger than 65 years","Median equivalised income","Euro",8633,
2017,"EL","EUR","MED_EI","A2_2LT65","Two adults younger than 65 years","Median equivalised income","Euro",8633,
2018,"EL","EUR","MED_EI","A2_2LT65","Two adults younger than 65 years","Median equivalised income","Euro",9147,
2019,"EL","EUR","MED_EI","A2_2LT65","Two adults younger than 65 years","Median equivalised income","Euro",10000,
2020,"EL","EUR","MED_EI","A2_2LT65","Two adults younger than 65 years","Median equivalised income","Euro",10333,
2021,"EL","EUR","MED_EI","A2_2LT65","Two adults younger than 65 years","Median equivalised income","Euro",10253,
2022,"EL","EUR","MED_EI","A2_2LT65","Two adults younger than 65 years","Median equivalised income","Euro",11543,
2023,"EL","EUR","MED_EI","A2_2LT65","Two adults younger than 65 years","Median equivalised income","Euro",11923,
2024,"EL","EUR","MED_EI","A2_2LT65","Two adults younger than 65 years","Median equivalised income","Euro",13180,
2025,"EL","EUR","MED_EI","A2_2LT65","Two adults younger than 65 years","Median equivalised income","Euro",14761,
1995,"EL","NAC","MED_EI","A2_2LT65","Two adults younger than 65 years","Median equivalised income","National currency",5069,
1996,"EL","NAC","MED_EI","A2_2LT65","Two adults younger than 65 years","Median equivalised income","National currency",5568,
1997,"EL","NAC","MED_EI","A2_2LT65","Two adults younger than 65 years","Median equivalised income","National currency",6178,
1998,"EL","NAC","MED_EI","A2_2LT65","Two adults younger than 65 years","Median equivalised income","National currency",6806,
1999,"EL","NAC","MED_EI","A2_2LT65","Two adults younger than 65 years","Median equivalised income","National currency",7326,
2000,"EL","NAC","MED_EI","A2_2LT65","Two adults younger than 65 years","Median equivalised income","National currency",7208,
2001,"EL","NAC","MED_EI","A2_2LT65","Two adults younger than 65 years","Median equivalised income","National currency",7742,
2003,"EL","NAC","MED_EI","A2_2LT65","Two adults younger than 65 years","Median equivalised income","National currency",9653,"b"
2004,"EL","NAC","MED_EI","A2_2LT65","Two adults younger than 65 years","Median equivalised income","National currency",9800,
2005,"EL","NAC","MED_EI","A2_2LT65","Two adults younger than 65 years","Median equivalised income","National currency",10633,
2006,"EL","NAC","MED_EI","A2_2LT65","Two adults younger than 65 years","Median equivalised income","National currency",11467,
2007,"EL","NAC","MED_EI","A2_2LT65","Two adults younger than 65 years","Median equivalised income","National currency",11893,
2008,"EL","NAC","MED_EI","A2_2LT65","Two adults younger than 65 years","Median equivalised income","National currency",13040,
2009,"EL","NAC","MED_EI","A2_2LT65","Two adults younger than 65 years","Median equivalised income","National currency",14000,
2010,"EL","NAC","MED_EI","A2_2LT65","Two adults younger than 65 years","Median equivalised income","National currency",14295,
2011,"EL","NAC","MED_EI","A2_2LT65","Two adults younger than 65 years","Median equivalised income","National currency",13078,
2012,"EL","NAC","MED_EI","A2_2LT65","Two adults younger than 65 years","Median equivalised income","National currency",10675,
2013,"EL","NAC","MED_EI","A2_2LT65","Two adults younger than 65 years","Median equivalised income","National currency",9533,
2014,"EL","NAC","MED_EI","A2_2LT65","Two adults younger than 65 years","Median equivalised income","National currency",8938,
2015,"EL","NAC","MED_EI","A2_2LT65","Two adults younger than 65 years","Median equivalised income","National currency",8827,
2016,"EL","NAC","MED_EI","A2_2LT65","Two adults younger than 65 years","Median equivalised income","National currency",8633,
2017,"EL","NAC","MED_EI","A2_2LT65","Two adults younger than 65 years","Median equivalised income","National currency",8633,
2018,"EL","NAC","MED_EI","A2_2LT65","Two adults younger than 65 years","Median equivalised income","National currency",9147,
2019,"EL","NAC","MED_EI","A2_2LT65","Two adults younger than 65 years","Median equivalised income","National currency",10000,
2020,"EL","NAC","MED_EI","A2_2LT65","Two adults younger than 65 years","Median equivalised income","National currency",10333,
2021,"EL","NAC","MED_EI","A2_2LT65","Two adults younger than 65 years","Median equivalised income","National currency",10253,
2022,"EL","NAC","MED_EI","A2_2LT65","Two adults younger than 65 years","Median equivalised income","National currency",11543,
2023,"EL","NAC","MED_EI","A2_2LT65","Two adults younger than 65 years","Median equivalised income","National currency",11923,
2024,"EL","NAC","MED_EI","A2_2LT65","Two adults younger than 65 years","Median equivalised income","National currency",13180,
2025,"EL","NAC","MED_EI","A2_2LT65","Two adults younger than 65 years","Median equivalised income","National currency",14761,
1995,"EL","PPS","MED_EI","A2_2LT65","Two adults younger than 65 years","Median equivalised income","Purchasing power standard (PPS)",7626,
1996,"EL","PPS","MED_EI","A2_2LT65","Two adults younger than 65 years","Median equivalised income","Purchasing power standard (PPS)",7927,
1997,"EL","PPS","MED_EI","A2_2LT65","Two adults younger than 65 years","Median equivalised income","Purchasing power standard (PPS)",8452,
1998,"EL","PPS","MED_EI","A2_2LT65","Two adults younger than 65 years","Median equivalised income","Purchasing power standard (PPS)",8947,
1999,"EL","PPS","MED_EI","A2_2LT65","Two adults younger than 65 years","Median equivalised income","Purchasing power standard (PPS)",9305,
2000,"EL","PPS","MED_EI","A2_2LT65","Two adults younger than 65 years","Median equivalised income","Purchasing power standard (PPS)",9488,
2001,"EL","PPS","MED_EI","A2_2LT65","Two adults younger than 65 years","Median equivalised income","Purchasing power standard (PPS)",9883,
2003,"EL","PPS","MED_EI","A2_2LT65","Two adults younger than 65 years","Median equivalised income","Purchasing power standard (PPS)",12038,"b"
2004,"EL","PPS","MED_EI","A2_2LT65","Two adults younger than 65 years","Median equivalised income","Purchasing power standard (PPS)",11412,
2005,"EL","PPS","MED_EI","A2_2LT65","Two adults younger than 65 years","Median equivalised income","Purchasing power standard (PPS)",12139,
2006,"EL","PPS","MED_EI","A2_2LT65","Two adults younger than 65 years","Median equivalised income","Purchasing power standard (PPS)",12994,
2007,"EL","PPS","MED_EI","A2_2LT65","Two adults younger than 65 years","Median equivalised income","Purchasing power standard (PPS)",13356,
2008,"EL","PPS","MED_EI","A2_2LT65","Two adults younger than 65 years","Median equivalised income","Purchasing power standard (PPS)",14527,
2009,"EL","PPS","MED_EI","A2_2LT65","Two adults younger than 65 years","Median equivalised income","Purchasing power standard (PPS)",15376,
2010,"EL","PPS","MED_EI","A2_2LT65","Two adults younger than 65 years","Median equivalised income","Purchasing power standard (PPS)",15054,
2011,"EL","PPS","MED_EI","A2_2LT65","Two adults younger than 65 years","Median equivalised income","Purchasing power standard (PPS)",13843,
2012,"EL","PPS","MED_EI","A2_2LT65","Two adults younger than 65 years","Median equivalised income","Purchasing power standard (PPS)",11293,
2013,"EL","PPS","MED_EI","A2_2LT65","Two adults younger than 65 years","Median equivalised income","Purchasing power standard (PPS)",10301,
2014,"EL","PPS","MED_EI","A2_2LT65","Two adults younger than 65 years","Median equivalised income","Purchasing power standard (PPS)",10095,
2015,"EL","PPS","MED_EI","A2_2LT65","Two adults younger than 65 years","Median equivalised income","Purchasing power standard (PPS)",10332,
2016,"EL","PPS","MED_EI","A2_2LT65","Two adults younger than 65 years","Median equivalised income","Purchasing power standard (PPS)",10415,
2017,"EL","PPS","MED_EI","A2_2LT65","Two adults younger than 65 years","Median equivalised income","Purchasing power standard (PPS)",10263,
2018,"EL","PPS","MED_EI","A2_2LT65","Two adults younger than 65 years","Median equivalised income","Purchasing power standard (PPS)",10753,
2019,"EL","PPS","MED_EI","A2_2LT65","Two adults younger than 65 years","Median equivalised income","Purchasing power standard (PPS)",11915,
2020,"EL","PPS","MED_EI","A2_2LT65","Two adults younger than 65 years","Median equivalised income","Purchasing power standard (PPS)",11973,
2021,"EL","PPS","MED_EI","A2_2LT65","Two adults younger than 65 years","Median equivalised income","Purchasing power standard (PPS)",11619,
2022,"EL","PPS","MED_EI","A2_2LT65","Two adults younger than 65 years","Median equivalised income","Purchasing power standard (PPS)",13144,
2023,"EL","PPS","MED_EI","A2_2LT65","Two adults younger than 65 years","Median equivalised income","Purchasing power standard (PPS)",13512,
2024,"EL","PPS","MED_EI","A2_2LT65","Two adults younger than 65 years","Median equivalised income","Purchasing power standard (PPS)",15107,
2025,"EL","PPS","MED_EI","A2_2LT65","Two adults younger than 65 years","Median equivalised income","Purchasing power standard (PPS)",17173,
1995,"EL","EUR","MEAN_EI","A2_GE1_GE65","Two adults, at least one aged 65 years or over","Mean equivalised income","Euro",4788,
1996,"EL","EUR","MEAN_EI","A2_GE1_GE65","Two adults, at least one aged 65 years or over","Mean equivalised income","Euro",5394,
1997,"EL","EUR","MEAN_EI","A2_GE1_GE65","Two adults, at least one aged 65 years or over","Mean equivalised income","Euro",5486,
1998,"EL","EUR","MEAN_EI","A2_GE1_GE65","Two adults, at least one aged 65 years or over","Mean equivalised income","Euro",6086,
1999,"EL","EUR","MEAN_EI","A2_GE1_GE65","Two adults, at least one aged 65 years or over","Mean equivalised income","Euro",5961,
2000,"EL","EUR","MEAN_EI","A2_GE1_GE65","Two adults, at least one aged 65 years or over","Mean equivalised income","Euro",6766,
2001,"EL","EUR","MEAN_EI","A2_GE1_GE65","Two adults, at least one aged 65 years or over","Mean equivalised income","Euro",6598,
2003,"EL","EUR","MEAN_EI","A2_GE1_GE65","Two adults, at least one aged 65 years or over","Mean equivalised income","Euro",7995,"b"
2004,"EL","EUR","MEAN_EI","A2_GE1_GE65","Two adults, at least one aged 65 years or over","Mean equivalised income","Euro",8589,
2005,"EL","EUR","MEAN_EI","A2_GE1_GE65","Two adults, at least one aged 65 years or over","Mean equivalised income","Euro",9412,
2006,"EL","EUR","MEAN_EI","A2_GE1_GE65","Two adults, at least one aged 65 years or over","Mean equivalised income","Euro",10097,
2007,"EL","EUR","MEAN_EI","A2_GE1_GE65","Two adults, at least one aged 65 years or over","Mean equivalised income","Euro",10961,
2008,"EL","EUR","MEAN_EI","A2_GE1_GE65","Two adults, at least one aged 65 years or over","Mean equivalised income","Euro",11532,
2009,"EL","EUR","MEAN_EI","A2_GE1_GE65","Two adults, at least one aged 65 years or over","Mean equivalised income","Euro",11796,
2010,"EL","EUR","MEAN_EI","A2_GE1_GE65","Two adults, at least one aged 65 years or over","Mean equivalised income","Euro",12178,
2011,"EL","EUR","MEAN_EI","A2_GE1_GE65","Two adults, at least one aged 65 years or over","Mean equivalised income","Euro",11062,
2012,"EL","EUR","MEAN_EI","A2_GE1_GE65","Two adults, at least one aged 65 years or over","Mean equivalised income","Euro",10901,
2013,"EL","EUR","MEAN_EI","A2_GE1_GE65","Two adults, at least one aged 65 years or over","Mean equivalised income","Euro",9792,
2014,"EL","EUR","MEAN_EI","A2_GE1_GE65","Two adults, at least one aged 65 years or over","Mean equivalised income","Euro",8943,
2015,"EL","EUR","MEAN_EI","A2_GE1_GE65","Two adults, at least one aged 65 years or over","Mean equivalised income","Euro",9015,
2016,"EL","EUR","MEAN_EI","A2_GE1_GE65","Two adults, at least one aged 65 years or over","Mean equivalised income","Euro",9129,
2017,"EL","EUR","MEAN_EI","A2_GE1_GE65","Two adults, at least one aged 65 years or over","Mean equivalised income","Euro",9299,
2018,"EL","EUR","MEAN_EI","A2_GE1_GE65","Two adults, at least one aged 65 years or over","Mean equivalised income","Euro",9474,
2019,"EL","EUR","MEAN_EI","A2_GE1_GE65","Two adults, at least one aged 65 years or over","Mean equivalised income","Euro",9732,
2020,"EL","EUR","MEAN_EI","A2_GE1_GE65","Two adults, at least one aged 65 years or over","Mean equivalised income","Euro",10717,
2021,"EL","EUR","MEAN_EI","A2_GE1_GE65","Two adults, at least one aged 65 years or over","Mean equivalised income","Euro",10438,
2022,"EL","EUR","MEAN_EI","A2_GE1_GE65","Two adults, at least one aged 65 years or over","Mean equivalised income","Euro",10801,
2023,"EL","EUR","MEAN_EI","A2_GE1_GE65","Two adults, at least one aged 65 years or over","Mean equivalised income","Euro",11529,
2024,"EL","EUR","MEAN_EI","A2_GE1_GE65","Two adults, at least one aged 65 years or over","Mean equivalised income","Euro",12028,
2025,"EL","EUR","MEAN_EI","A2_GE1_GE65","Two adults, at least one aged 65 years or over","Mean equivalised income","Euro",12762,
1995,"EL","NAC","MEAN_EI","A2_GE1_GE65","Two adults, at least one aged 65 years or over","Mean equivalised income","National currency",4096,
1996,"EL","NAC","MEAN_EI","A2_GE1_GE65","Two adults, at least one aged 65 years or over","Mean equivalised income","National currency",4854,
1997,"EL","NAC","MEAN_EI","A2_GE1_GE65","Two adults, at least one aged 65 years or over","Mean equivalised income","National currency",4979,
1998,"EL","NAC","MEAN_EI","A2_GE1_GE65","Two adults, at least one aged 65 years or over","Mean equivalised income","National currency",5592,
1999,"EL","NAC","MEAN_EI","A2_GE1_GE65","Two adults, at least one aged 65 years or over","Mean equivalised income","National currency",5856,
2000,"EL","NAC","MEAN_EI","A2_GE1_GE65","Two adults, at least one aged 65 years or over","Mean equivalised income","National currency",6547,
2001,"EL","NAC","MEAN_EI","A2_GE1_GE65","Two adults, at least one aged 65 years or over","Mean equivalised income","National currency",6598,
2003,"EL","NAC","MEAN_EI","A2_GE1_GE65","Two adults, at least one aged 65 years or over","Mean equivalised income","National currency",7995,"b"
2004,"EL","NAC","MEAN_EI","A2_GE1_GE65","Two adults, at least one aged 65 years or over","Mean equivalised income","National currency",8589,
2005,"EL","NAC","MEAN_EI","A2_GE1_GE65","Two adults, at least one aged 65 years or over","Mean equivalised income","National currency",9412,
2006,"EL","NAC","MEAN_EI","A2_GE1_GE65","Two adults, at least one aged 65 years or over","Mean equivalised income","National currency",10097,
2007,"EL","NAC","MEAN_EI","A2_GE1_GE65","Two adults, at least one aged 65 years or over","Mean equivalised income","National currency",10961,
2008,"EL","NAC","MEAN_EI","A2_GE1_GE65","Two adults, at least one aged 65 years or over","Mean equivalised income","National currency",11532,
2009,"EL","NAC","MEAN_EI","A2_GE1_GE65","Two adults, at least one aged 65 years or over","Mean equivalised income","National currency",11796,
2010,"EL","NAC","MEAN_EI","A2_GE1_GE65","Two adults, at least one aged 65 years or over","Mean equivalised income","National currency",12178,
2011,"EL","NAC","MEAN_EI","A2_GE1_GE65","Two adults, at least one aged 65 years or over","Mean equivalised income","National currency",11062,
2012,"EL","NAC","MEAN_EI","A2_GE1_GE65","Two adults, at least one aged 65 years or over","Mean equivalised income","National currency",10901,
2013,"EL","NAC","MEAN_EI","A2_GE1_GE65","Two adults, at least one aged 65 years or over","Mean equivalised income","National currency",9792,
2014,"EL","NAC","MEAN_EI","A2_GE1_GE65","Two adults, at least one aged 65 years or over","Mean equivalised income","National currency",8943,
2015,"EL","NAC","MEAN_EI","A2_GE1_GE65","Two adults, at least one aged 65 years or over","Mean equivalised income","National currency",9015,
2016,"EL","NAC","MEAN_EI","A2_GE1_GE65","Two adults, at least one aged 65 years or over","Mean equivalised income","National currency",9129,
2017,"EL","NAC","MEAN_EI","A2_GE1_GE65","Two adults, at least one aged 65 years or over","Mean equivalised income","National currency",9299,
2018,"EL","NAC","MEAN_EI","A2_GE1_GE65","Two adults, at least one aged 65 years or over","Mean equivalised income","National currency",9474,
2019,"EL","NAC","MEAN_EI","A2_GE1_GE65","Two adults, at least one aged 65 years or over","Mean equivalised income","National currency",9732,
2020,"EL","NAC","MEAN_EI","A2_GE1_GE65","Two adults, at least one aged 65 years or over","Mean equivalised income","National currency",10717,
2021,"EL","NAC","MEAN_EI","A2_GE1_GE65","Two adults, at least one aged 65 years or over","Mean equivalised income","National currency",10438,
2022,"EL","NAC","MEAN_EI","A2_GE1_GE65","Two adults, at least one aged 65 years or over","Mean equivalised income","National currency",10801,
2023,"EL","NAC","MEAN_EI","A2_GE1_GE65","Two adults, at least one aged 65 years or over","Mean equivalised income","National currency",11529,
2024,"EL","NAC","MEAN_EI","A2_GE1_GE65","Two adults, at least one aged 65 years or over","Mean equivalised income","National currency",12028,
2025,"EL","NAC","MEAN_EI","A2_GE1_GE65","Two adults, at least one aged 65 years or over","Mean equivalised income","National currency",12762,
1995,"EL","PPS","MEAN_EI","A2_GE1_GE65","Two adults, at least one aged 65 years or over","Mean equivalised income","Purchasing power standard (PPS)",6162,
1996,"EL","PPS","MEAN_EI","A2_GE1_GE65","Two adults, at least one aged 65 years or over","Mean equivalised income","Purchasing power standard (PPS)",6911,
1997,"EL","PPS","MEAN_EI","A2_GE1_GE65","Two adults, at least one aged 65 years or over","Mean equivalised income","Purchasing power standard (PPS)",6811,
1998,"EL","PPS","MEAN_EI","A2_GE1_GE65","Two adults, at least one aged 65 years or over","Mean equivalised income","Purchasing power standard (PPS)",7351,
1999,"EL","PPS","MEAN_EI","A2_GE1_GE65","Two adults, at least one aged 65 years or over","Mean equivalised income","Purchasing power standard (PPS)",7437,
2000,"EL","PPS","MEAN_EI","A2_GE1_GE65","Two adults, at least one aged 65 years or over","Mean equivalised income","Purchasing power standard (PPS)",8619,
2001,"EL","PPS","MEAN_EI","A2_GE1_GE65","Two adults, at least one aged 65 years or over","Mean equivalised income","Purchasing power standard (PPS)",8423,
2003,"EL","PPS","MEAN_EI","A2_GE1_GE65","Two adults, at least one aged 65 years or over","Mean equivalised income","Purchasing power standard (PPS)",9970,"b"
2004,"EL","PPS","MEAN_EI","A2_GE1_GE65","Two adults, at least one aged 65 years or over","Mean equivalised income","Purchasing power standard (PPS)",10001,
2005,"EL","PPS","MEAN_EI","A2_GE1_GE65","Two adults, at least one aged 65 years or over","Mean equivalised income","Purchasing power standard (PPS)",10745,
2006,"EL","PPS","MEAN_EI","A2_GE1_GE65","Two adults, at least one aged 65 years or over","Mean equivalised income","Purchasing power standard (PPS)",11442,
2007,"EL","PPS","MEAN_EI","A2_GE1_GE65","Two adults, at least one aged 65 years or over","Mean equivalised income","Purchasing power standard (PPS)",12309,
2008,"EL","PPS","MEAN_EI","A2_GE1_GE65","Two adults, at least one aged 65 years or over","Mean equivalised income","Purchasing power standard (PPS)",12847,
2009,"EL","PPS","MEAN_EI","A2_GE1_GE65","Two adults, at least one aged 65 years or over","Mean equivalised income","Purchasing power standard (PPS)",12956,
2010,"EL","PPS","MEAN_EI","A2_GE1_GE65","Two adults, at least one aged 65 years or over","Mean equivalised income","Purchasing power standard (PPS)",12825,
2011,"EL","PPS","MEAN_EI","A2_GE1_GE65","Two adults, at least one aged 65 years or over","Mean equivalised income","Purchasing power standard (PPS)",11709,
2012,"EL","PPS","MEAN_EI","A2_GE1_GE65","Two adults, at least one aged 65 years or over","Mean equivalised income","Purchasing power standard (PPS)",11531,
2013,"EL","PPS","MEAN_EI","A2_GE1_GE65","Two adults, at least one aged 65 years or over","Mean equivalised income","Purchasing power standard (PPS)",10581,
2014,"EL","PPS","MEAN_EI","A2_GE1_GE65","Two adults, at least one aged 65 years or over","Mean equivalised income","Purchasing power standard (PPS)",10101,
2015,"EL","PPS","MEAN_EI","A2_GE1_GE65","Two adults, at least one aged 65 years or over","Mean equivalised income","Purchasing power standard (PPS)",10552,
2016,"EL","PPS","MEAN_EI","A2_GE1_GE65","Two adults, at least one aged 65 years or over","Mean equivalised income","Purchasing power standard (PPS)",11013,
2017,"EL","PPS","MEAN_EI","A2_GE1_GE65","Two adults, at least one aged 65 years or over","Mean equivalised income","Purchasing power standard (PPS)",11054,
2018,"EL","PPS","MEAN_EI","A2_GE1_GE65","Two adults, at least one aged 65 years or over","Mean equivalised income","Purchasing power standard (PPS)",11139,
2019,"EL","PPS","MEAN_EI","A2_GE1_GE65","Two adults, at least one aged 65 years or over","Mean equivalised income","Purchasing power standard (PPS)",11596,
2020,"EL","PPS","MEAN_EI","A2_GE1_GE65","Two adults, at least one aged 65 years or over","Mean equivalised income","Purchasing power standard (PPS)",12418,
2021,"EL","PPS","MEAN_EI","A2_GE1_GE65","Two adults, at least one aged 65 years or over","Mean equivalised income","Purchasing power standard (PPS)",11828,
2022,"EL","PPS","MEAN_EI","A2_GE1_GE65","Two adults, at least one aged 65 years or over","Mean equivalised income","Purchasing power standard (PPS)",12300,
2023,"EL","PPS","MEAN_EI","A2_GE1_GE65","Two adults, at least one aged 65 years or over","Mean equivalised income","Purchasing power standard (PPS)",13064,
2024,"EL","PPS","MEAN_EI","A2_GE1_GE65","Two adults, at least one aged 65 years or over","Mean equivalised income","Purchasing power standard (PPS)",13787,
2025,"EL","PPS","MEAN_EI","A2_GE1_GE65","Two adults, at least one aged 65 years or over","Mean equivalised income","Purchasing power standard (PPS)",14847,
1995,"EL","EUR","MED_EI","A2_GE1_GE65","Two adults, at least one aged 65 years or over","Median equivalised income","Euro",3773,
1996,"EL","EUR","MED_EI","A2_GE1_GE65","Two adults, at least one aged 65 years or over","Median equivalised income","Euro",4467,
1997,"EL","EUR","MED_EI","A2_GE1_GE65","Two adults, at least one aged 65 years or over","Median equivalised income","Euro",4567,
1998,"EL","EUR","MED_EI","A2_GE1_GE65","Two adults, at least one aged 65 years or over","Median equivalised income","Euro",5115,
1999,"EL","EUR","MED_EI","A2_GE1_GE65","Two adults, at least one aged 65 years or over","Median equivalised income","Euro",4741,
2000,"EL","EUR","MED_EI","A2_GE1_GE65","Two adults, at least one aged 65 years or over","Median equivalised income","Euro",5385,
2001,"EL","EUR","MED_EI","A2_GE1_GE65","Two adults, at least one aged 65 years or over","Median equivalised income","Euro",5228,
2003,"EL","EUR","MED_EI","A2_GE1_GE65","Two adults, at least one aged 65 years or over","Median equivalised income","Euro",6617,"b"
2004,"EL","EUR","MED_EI","A2_GE1_GE65","Two adults, at least one aged 65 years or over","Median equivalised income","Euro",7187,
2005,"EL","EUR","MED_EI","A2_GE1_GE65","Two adults, at least one aged 65 years or over","Median equivalised income","Euro",7720,
2006,"EL","EUR","MED_EI","A2_GE1_GE65","Two adults, at least one aged 65 years or over","Median equivalised income","Euro",8587,
2007,"EL","EUR","MED_EI","A2_GE1_GE65","Two adults, at least one aged 65 years or over","Median equivalised income","Euro",9241,
2008,"EL","EUR","MED_EI","A2_GE1_GE65","Two adults, at least one aged 65 years or over","Median equivalised income","Euro",9881,
2009,"EL","EUR","MED_EI","A2_GE1_GE65","Two adults, at least one aged 65 years or over","Median equivalised income","Euro",10225,
2010,"EL","EUR","MED_EI","A2_GE1_GE65","Two adults, at least one aged 65 years or over","Median equivalised income","Euro",10433,
2011,"EL","EUR","MED_EI","A2_GE1_GE65","Two adults, at least one aged 65 years or over","Median equivalised income","Euro",9200,
2012,"EL","EUR","MED_EI","A2_GE1_GE65","Two adults, at least one aged 65 years or over","Median equivalised income","Euro",9560,
2013,"EL","EUR","MED_EI","A2_GE1_GE65","Two adults, at least one aged 65 years or over","Median equivalised income","Euro",8800,
2014,"EL","EUR","MED_EI","A2_GE1_GE65","Two adults, at least one aged 65 years or over","Median equivalised income","Euro",7813,
2015,"EL","EUR","MED_EI","A2_GE1_GE65","Two adults, at least one aged 65 years or over","Median equivalised income","Euro",7947,
2016,"EL","EUR","MED_EI","A2_GE1_GE65","Two adults, at least one aged 65 years or over","Median equivalised income","Euro",8050,
2017,"EL","EUR","MED_EI","A2_GE1_GE65","Two adults, at least one aged 65 years or over","Median equivalised income","Euro",8121,
2018,"EL","EUR","MED_EI","A2_GE1_GE65","Two adults, at least one aged 65 years or over","Median equivalised income","Euro",8247,
2019,"EL","EUR","MED_EI","A2_GE1_GE65","Two adults, at least one aged 65 years or over","Median equivalised income","Euro",8500,
2020,"EL","EUR","MED_EI","A2_GE1_GE65","Two adults, at least one aged 65 years or over","Median equivalised income","Euro",9116,
2021,"EL","EUR","MED_EI","A2_GE1_GE65","Two adults, at least one aged 65 years or over","Median equivalised income","Euro",8957,
2022,"EL","EUR","MED_EI","A2_GE1_GE65","Two adults, at least one aged 65 years or over","Median equivalised income","Euro",9467,
2023,"EL","EUR","MED_EI","A2_GE1_GE65","Two adults, at least one aged 65 years or over","Median equivalised income","Euro",9947,
2024,"EL","EUR","MED_EI","A2_GE1_GE65","Two adults, at least one aged 65 years or over","Median equivalised income","Euro",10453,
2025,"EL","EUR","MED_EI","A2_GE1_GE65","Two adults, at least one aged 65 years or over","Median equivalised income","Euro",10933,
1995,"EL","NAC","MED_EI","A2_GE1_GE65","Two adults, at least one aged 65 years or over","Median equivalised income","National currency",3228,
1996,"EL","NAC","MED_EI","A2_GE1_GE65","Two adults, at least one aged 65 years or over","Median equivalised income","National currency",4020,
1997,"EL","NAC","MED_EI","A2_GE1_GE65","Two adults, at least one aged 65 years or over","Median equivalised income","National currency",4144,
1998,"EL","NAC","MED_EI","A2_GE1_GE65","Two adults, at least one aged 65 years or over","Median equivalised income","National currency",4700,
1999,"EL","NAC","MED_EI","A2_GE1_GE65","Two adults, at least one aged 65 years or over","Median equivalised income","National currency",4657,
2000,"EL","NAC","MED_EI","A2_GE1_GE65","Two adults, at least one aged 65 years or over","Median equivalised income","National currency",5212,
2001,"EL","NAC","MED_EI","A2_GE1_GE65","Two adults, at least one aged 65 years or over","Median equivalised income","National currency",5228,
2003,"EL","NAC","MED_EI","A2_GE1_GE65","Two adults, at least one aged 65 years or over","Median equivalised income","National currency",6617,"b"
2004,"EL","NAC","MED_EI","A2_GE1_GE65","Two adults, at least one aged 65 years or over","Median equivalised income","National currency",7187,
2005,"EL","NAC","MED_EI","A2_GE1_GE65","Two adults, at least one aged 65 years or over","Median equivalised income","National currency",7720,
2006,"EL","NAC","MED_EI","A2_GE1_GE65","Two adults, at least one aged 65 years or over","Median equivalised income","National currency",8587,
2007,"EL","NAC","MED_EI","A2_GE1_GE65","Two adults, at least one aged 65 years or over","Median equivalised income","National currency",9241,
2008,"EL","NAC","MED_EI","A2_GE1_GE65","Two adults, at least one aged 65 years or over","Median equivalised income","National currency",9881,
2009,"EL","NAC","MED_EI","A2_GE1_GE65","Two adults, at least one aged 65 years or over","Median equivalised income","National currency",10225,
2010,"EL","NAC","MED_EI","A2_GE1_GE65","Two adults, at least one aged 65 years or over","Median equivalised income","National currency",10433,
2011,"EL","NAC","MED_EI","A2_GE1_GE65","Two adults, at least one aged 65 years or over","Median equivalised income","National currency",9200,
2012,"EL","NAC","MED_EI","A2_GE1_GE65","Two adults, at least one aged 65 years or over","Median equivalised income","National currency",9560,
2013,"EL","NAC","MED_EI","A2_GE1_GE65","Two adults, at least one aged 65 years or over","Median equivalised income","National currency",8800,
2014,"EL","NAC","MED_EI","A2_GE1_GE65","Two adults, at least one aged 65 years or over","Median equivalised income","National currency",7813,
2015,"EL","NAC","MED_EI","A2_GE1_GE65","Two adults, at least one aged 65 years or over","Median equivalised income","National currency",7947,
2016,"EL","NAC","MED_EI","A2_GE1_GE65","Two adults, at least one aged 65 years or over","Median equivalised income","National currency",8050,
2017,"EL","NAC","MED_EI","A2_GE1_GE65","Two adults, at least one aged 65 years or over","Median equivalised income","National currency",8121,
2018,"EL","NAC","MED_EI","A2_GE1_GE65","Two adults, at least one aged 65 years or over","Median equivalised income","National currency",8247,
2019,"EL","NAC","MED_EI","A2_GE1_GE65","Two adults, at least one aged 65 years or over","Median equivalised income","National currency",8500,
2020,"EL","NAC","MED_EI","A2_GE1_GE65","Two adults, at least one aged 65 years or over","Median equivalised income","National currency",9116,
2021,"EL","NAC","MED_EI","A2_GE1_GE65","Two adults, at least one aged 65 years or over","Median equivalised income","National currency",8957,
2022,"EL","NAC","MED_EI","A2_GE1_GE65","Two adults, at least one aged 65 years or over","Median equivalised income","National currency",9467,
2023,"EL","NAC","MED_EI","A2_GE1_GE65","Two adults, at least one aged 65 years or over","Median equivalised income","National currency",9947,
2024,"EL","NAC","MED_EI","A2_GE1_GE65","Two adults, at least one aged 65 years or over","Median equivalised income","National currency",10453,
2025,"EL","NAC","MED_EI","A2_GE1_GE65","Two adults, at least one aged 65 years or over","Median equivalised income","National currency",10933,
1995,"EL","PPS","MED_EI","A2_GE1_GE65","Two adults, at least one aged 65 years or over","Median equivalised income","Purchasing power standard (PPS)",4856,
1996,"EL","PPS","MED_EI","A2_GE1_GE65","Two adults, at least one aged 65 years or over","Median equivalised income","Purchasing power standard (PPS)",5722,
1997,"EL","PPS","MED_EI","A2_GE1_GE65","Two adults, at least one aged 65 years or over","Median equivalised income","Purchasing power standard (PPS)",5670,
1998,"EL","PPS","MED_EI","A2_GE1_GE65","Two adults, at least one aged 65 years or over","Median equivalised income","Purchasing power standard (PPS)",6179,
1999,"EL","PPS","MED_EI","A2_GE1_GE65","Two adults, at least one aged 65 years or over","Median equivalised income","Purchasing power standard (PPS)",5915,
2000,"EL","PPS","MED_EI","A2_GE1_GE65","Two adults, at least one aged 65 years or over","Median equivalised income","Purchasing power standard (PPS)",6860,
2001,"EL","PPS","MED_EI","A2_GE1_GE65","Two adults, at least one aged 65 years or over","Median equivalised income","Purchasing power standard (PPS)",6674,
2003,"EL","PPS","MED_EI","A2_GE1_GE65","Two adults, at least one aged 65 years or over","Median equivalised income","Purchasing power standard (PPS)",8252,"b"
2004,"EL","PPS","MED_EI","A2_GE1_GE65","Two adults, at least one aged 65 years or over","Median equivalised income","Purchasing power standard (PPS)",8368,
2005,"EL","PPS","MED_EI","A2_GE1_GE65","Two adults, at least one aged 65 years or over","Median equivalised income","Purchasing power standard (PPS)",8813,
2006,"EL","PPS","MED_EI","A2_GE1_GE65","Two adults, at least one aged 65 years or over","Median equivalised income","Purchasing power standard (PPS)",9730,
2007,"EL","PPS","MED_EI","A2_GE1_GE65","Two adults, at least one aged 65 years or over","Median equivalised income","Purchasing power standard (PPS)",10378,
2008,"EL","PPS","MED_EI","A2_GE1_GE65","Two adults, at least one aged 65 years or over","Median equivalised income","Purchasing power standard (PPS)",11008,
2009,"EL","PPS","MED_EI","A2_GE1_GE65","Two adults, at least one aged 65 years or over","Median equivalised income","Purchasing power standard (PPS)",11230,
2010,"EL","PPS","MED_EI","A2_GE1_GE65","Two adults, at least one aged 65 years or over","Median equivalised income","Purchasing power standard (PPS)",10988,
2011,"EL","PPS","MED_EI","A2_GE1_GE65","Two adults, at least one aged 65 years or over","Median equivalised income","Purchasing power standard (PPS)",9738,
2012,"EL","PPS","MED_EI","A2_GE1_GE65","Two adults, at least one aged 65 years or over","Median equivalised income","Purchasing power standard (PPS)",10113,
2013,"EL","PPS","MED_EI","A2_GE1_GE65","Two adults, at least one aged 65 years or over","Median equivalised income","Purchasing power standard (PPS)",9509,
2014,"EL","PPS","MED_EI","A2_GE1_GE65","Two adults, at least one aged 65 years or over","Median equivalised income","Purchasing power standard (PPS)",8825,
2015,"EL","PPS","MED_EI","A2_GE1_GE65","Two adults, at least one aged 65 years or over","Median equivalised income","Purchasing power standard (PPS)",9301,
2016,"EL","PPS","MED_EI","A2_GE1_GE65","Two adults, at least one aged 65 years or over","Median equivalised income","Purchasing power standard (PPS)",9711,
2017,"EL","PPS","MED_EI","A2_GE1_GE65","Two adults, at least one aged 65 years or over","Median equivalised income","Purchasing power standard (PPS)",9654,
2018,"EL","PPS","MED_EI","A2_GE1_GE65","Two adults, at least one aged 65 years or over","Median equivalised income","Purchasing power standard (PPS)",9695,
2019,"EL","PPS","MED_EI","A2_GE1_GE65","Two adults, at least one aged 65 years or over","Median equivalised income","Purchasing power standard (PPS)",10128,
2020,"EL","PPS","MED_EI","A2_GE1_GE65","Two adults, at least one aged 65 years or over","Median equivalised income","Purchasing power standard (PPS)",10563,
2021,"EL","PPS","MED_EI","A2_GE1_GE65","Two adults, at least one aged 65 years or over","Median equivalised income","Purchasing power standard (PPS)",10149,
2022,"EL","PPS","MED_EI","A2_GE1_GE65","Two adults, at least one aged 65 years or over","Median equivalised income","Purchasing power standard (PPS)",10780,
2023,"EL","PPS","MED_EI","A2_GE1_GE65","Two adults, at least one aged 65 years or over","Median equivalised income","Purchasing power standard (PPS)",11272,
2024,"EL","PPS","MED_EI","A2_GE1_GE65","Two adults, at least one aged 65 years or over","Median equivalised income","Purchasing power standard (PPS)",11982,
2025,"EL","PPS","MED_EI","A2_GE1_GE65","Two adults, at least one aged 65 years or over","Median equivalised income","Purchasing power standard (PPS)",12720,
