"time","geo","unit","statinfo","quant_inc","quant_inc_label","statinfo_label","unit_label","value","flag"
1995,"EL","EUR","TC","Q1","First quartile","Top cut-off point","Euro",3370,
1996,"EL","EUR","TC","Q1","First quartile","Top cut-off point","Euro",3617,
1997,"EL","EUR","TC","Q1","First quartile","Top cut-off point","Euro",3823,
1998,"EL","EUR","TC","Q1","First quartile","Top cut-off point","Euro",4263,
1999,"EL","EUR","TC","Q1","First quartile","Top cut-off point","Euro",4202,
2000,"EL","EUR","TC","Q1","First quartile","Top cut-off point","Euro",4601,
2001,"EL","EUR","TC","Q1","First quartile","Top cut-off point","Euro",4646,
2003,"EL","EUR","TC","Q1","First quartile","Top cut-off point","Euro",5412,"b"
2004,"EL","EUR","TC","Q1","First quartile","Top cut-off point","Euro",5908,
2005,"EL","EUR","TC","Q1","First quartile","Top cut-off point","Euro",6413,
2006,"EL","EUR","TC","Q1","First quartile","Top cut-off point","Euro",6540,
2007,"EL","EUR","TC","Q1","First quartile","Top cut-off point","Euro",6718,
2008,"EL","EUR","TC","Q1","First quartile","Top cut-off point","Euro",7280,
2009,"EL","EUR","TC","Q1","First quartile","Top cut-off point","Euro",8000,
2010,"EL","EUR","TC","Q1","First quartile","Top cut-off point","Euro",7976,
2011,"EL","EUR","TC","Q1","First quartile","Top cut-off point","Euro",7176,
2012,"EL","EUR","TC","Q1","First quartile","Top cut-off point","Euro",5944,
2013,"EL","EUR","TC","Q1","First quartile","Top cut-off point","Euro",5250,
2014,"EL","EUR","TC","Q1","First quartile","Top cut-off point","Euro",4988,
2015,"EL","EUR","TC","Q1","First quartile","Top cut-off point","Euro",4924,
2016,"EL","EUR","TC","Q1","First quartile","Top cut-off point","Euro",4930,
2017,"EL","EUR","TC","Q1","First quartile","Top cut-off point","Euro",5187,
2018,"EL","EUR","TC","Q1","First quartile","Top cut-off point","Euro",5373,
2019,"EL","EUR","TC","Q1","First quartile","Top cut-off point","Euro",5700,
2020,"EL","EUR","TC","Q1","First quartile","Top cut-off point","Euro",6080,
2021,"EL","EUR","TC","Q1","First quartile","Top cut-off point","Euro",5947,
2022,"EL","EUR","TC","Q1","First quartile","Top cut-off point","Euro",6533,
2023,"EL","EUR","TC","Q1","First quartile","Top cut-off point","Euro",7030,
2024,"EL","EUR","TC","Q1","First quartile","Top cut-off point","Euro",7480,
2025,"EL","EUR","TC","Q1","First quartile","Top cut-off point","Euro",8150,
1995,"EL","NAC","TC","Q1","First quartile","Top cut-off point","National currency",2883,
1996,"EL","NAC","TC","Q1","First quartile","Top cut-off point","National currency",3255,
1997,"EL","NAC","TC","Q1","First quartile","Top cut-off point","National currency",3470,
1998,"EL","NAC","TC","Q1","First quartile","Top cut-off point","National currency",3917,
1999,"EL","NAC","TC","Q1","First quartile","Top cut-off point","National currency",4128,
2000,"EL","NAC","TC","Q1","First quartile","Top cut-off point","National currency",4453,
2001,"EL","NAC","TC","Q1","First quartile","Top cut-off point","National currency",4646,
2003,"EL","NAC","TC","Q1","First quartile","Top cut-off point","National currency",5412,"b"
2004,"EL","NAC","TC","Q1","First quartile","Top cut-off point","National currency",5908,
2005,"EL","NAC","TC","Q1","First quartile","Top cut-off point","National currency",6413,
2006,"EL","NAC","TC","Q1","First quartile","Top cut-off point","National currency",6540,
2007,"EL","NAC","TC","Q1","First quartile","Top cut-off point","National currency",6718,
2008,"EL","NAC","TC","Q1","First quartile","Top cut-off point","National currency",7280,
2009,"EL","NAC","TC","Q1","First quartile","Top cut-off point","National currency",8000,
2010,"EL","NAC","TC","Q1","First quartile","Top cut-off point","National currency",7976,
2011,"EL","NAC","TC","Q1","First quartile","Top cut-off point","National currency",7176,
2012,"EL","NAC","TC","Q1","First quartile","Top cut-off point","National currency",5944,
2013,"EL","NAC","TC","Q1","First quartile","Top cut-off point","National currency",5250,
2014,"EL","NAC","TC","Q1","First quartile","Top cut-off point","National currency",4988,
2015,"EL","NAC","TC","Q1","First quartile","Top cut-off point","National currency",4924,
2016,"EL","NAC","TC","Q1","First quartile","Top cut-off point","National currency",4930,
2017,"EL","NAC","TC","Q1","First quartile","Top cut-off point","National currency",5187,
2018,"EL","NAC","TC","Q1","First quartile","Top cut-off point","National currency",5373,
2019,"EL","NAC","TC","Q1","First quartile","Top cut-off point","National currency",5700,
2020,"EL","NAC","TC","Q1","First quartile","Top cut-off point","National currency",6080,
2021,"EL","NAC","TC","Q1","First quartile","Top cut-off point","National currency",5947,
2022,"EL","NAC","TC","Q1","First quartile","Top cut-off point","National currency",6533,
2023,"EL","NAC","TC","Q1","First quartile","Top cut-off point","National currency",7030,
2024,"EL","NAC","TC","Q1","First quartile","Top cut-off point","National currency",7480,
2025,"EL","NAC","TC","Q1","First quartile","Top cut-off point","National currency",8150,
1995,"EL","PPS","TC","Q1","First quartile","Top cut-off point","Purchasing power standard (PPS)",4337,
1996,"EL","PPS","TC","Q1","First quartile","Top cut-off point","Purchasing power standard (PPS)",4634,
1997,"EL","PPS","TC","Q1","First quartile","Top cut-off point","Purchasing power standard (PPS)",4747,
1998,"EL","PPS","TC","Q1","First quartile","Top cut-off point","Purchasing power standard (PPS)",5150,
1999,"EL","PPS","TC","Q1","First quartile","Top cut-off point","Purchasing power standard (PPS)",5243,
2000,"EL","PPS","TC","Q1","First quartile","Top cut-off point","Purchasing power standard (PPS)",5862,
2001,"EL","PPS","TC","Q1","First quartile","Top cut-off point","Purchasing power standard (PPS)",5931,
2003,"EL","PPS","TC","Q1","First quartile","Top cut-off point","Purchasing power standard (PPS)",6749,"b"
2004,"EL","PPS","TC","Q1","First quartile","Top cut-off point","Purchasing power standard (PPS)",6879,
2005,"EL","PPS","TC","Q1","First quartile","Top cut-off point","Purchasing power standard (PPS)",7321,
2006,"EL","PPS","TC","Q1","First quartile","Top cut-off point","Purchasing power standard (PPS)",7411,
2007,"EL","PPS","TC","Q1","First quartile","Top cut-off point","Purchasing power standard (PPS)",7544,
2008,"EL","PPS","TC","Q1","First quartile","Top cut-off point","Purchasing power standard (PPS)",8110,
2009,"EL","PPS","TC","Q1","First quartile","Top cut-off point","Purchasing power standard (PPS)",8723,
2010,"EL","PPS","TC","Q1","First quartile","Top cut-off point","Purchasing power standard (PPS)",8400,
2011,"EL","PPS","TC","Q1","First quartile","Top cut-off point","Purchasing power standard (PPS)",7596,
2012,"EL","PPS","TC","Q1","First quartile","Top cut-off point","Purchasing power standard (PPS)",6288,
2013,"EL","PPS","TC","Q1","First quartile","Top cut-off point","Purchasing power standard (PPS)",5673,
2014,"EL","PPS","TC","Q1","First quartile","Top cut-off point","Purchasing power standard (PPS)",5634,
2015,"EL","PPS","TC","Q1","First quartile","Top cut-off point","Purchasing power standard (PPS)",5763,
2016,"EL","PPS","TC","Q1","First quartile","Top cut-off point","Purchasing power standard (PPS)",5947,
2017,"EL","PPS","TC","Q1","First quartile","Top cut-off point","Purchasing power standard (PPS)",6166,
2018,"EL","PPS","TC","Q1","First quartile","Top cut-off point","Purchasing power standard (PPS)",6317,
2019,"EL","PPS","TC","Q1","First quartile","Top cut-off point","Purchasing power standard (PPS)",6792,
2020,"EL","PPS","TC","Q1","First quartile","Top cut-off point","Purchasing power standard (PPS)",7045,
2021,"EL","PPS","TC","Q1","First quartile","Top cut-off point","Purchasing power standard (PPS)",6739,
2022,"EL","PPS","TC","Q1","First quartile","Top cut-off point","Purchasing power standard (PPS)",7440,
2023,"EL","PPS","TC","Q1","First quartile","Top cut-off point","Purchasing power standard (PPS)",7966,
2024,"EL","PPS","TC","Q1","First quartile","Top cut-off point","Purchasing power standard (PPS)",8574,
2025,"EL","PPS","TC","Q1","First quartile","Top cut-off point","Purchasing power standard (PPS)",9482,
1995,"EL","EUR","SHARE","Q1","First quartile","Share of national equivalised income","Euro",9,
1996,"EL","EUR","SHARE","Q1","First quartile","Share of national equivalised income","Euro",9,
1997,"EL","EUR","SHARE","Q1","First quartile","Share of national equivalised income","Euro",9,
1998,"EL","EUR","SHARE","Q1","First quartile","Share of national equivalised income","Euro",9,
1999,"EL","EUR","SHARE","Q1","First quartile","Share of national equivalised income","Euro",9,
2000,"EL","EUR","SHARE","Q1","First quartile","Share of national equivalised income","Euro",10,
2001,"EL","EUR","SHARE","Q1","First quartile","Share of national equivalised income","Euro",10,
2003,"EL","EUR","SHARE","Q1","First quartile","Share of national equivalised income","Euro",9.1,"b"
2004,"EL","EUR","SHARE","Q1","First quartile","Share of national equivalised income","Euro",9.4,
2005,"EL","EUR","SHARE","Q1","First quartile","Share of national equivalised income","Euro",9.7,
2006,"EL","EUR","SHARE","Q1","First quartile","Share of national equivalised income","Euro",9.5,
2007,"EL","EUR","SHARE","Q1","First quartile","Share of national equivalised income","Euro",9.5,
2008,"EL","EUR","SHARE","Q1","First quartile","Share of national equivalised income","Euro",9.6,
2009,"EL","EUR","SHARE","Q1","First quartile","Share of national equivalised income","Euro",9.8,
2010,"EL","EUR","SHARE","Q1","First quartile","Share of national equivalised income","Euro",9.9,
2011,"EL","EUR","SHARE","Q1","First quartile","Share of national equivalised income","Euro",9.4,
2012,"EL","EUR","SHARE","Q1","First quartile","Share of national equivalised income","Euro",8.7,
2013,"EL","EUR","SHARE","Q1","First quartile","Share of national equivalised income","Euro",8.9,
2014,"EL","EUR","SHARE","Q1","First quartile","Share of national equivalised income","Euro",9,
2015,"EL","EUR","SHARE","Q1","First quartile","Share of national equivalised income","Euro",8.9,
2016,"EL","EUR","SHARE","Q1","First quartile","Share of national equivalised income","Euro",8.9,
2017,"EL","EUR","SHARE","Q1","First quartile","Share of national equivalised income","Euro",9.3,
2018,"EL","EUR","SHARE","Q1","First quartile","Share of national equivalised income","Euro",10,
2019,"EL","EUR","SHARE","Q1","First quartile","Share of national equivalised income","Euro",10.4,
2020,"EL","EUR","SHARE","Q1","First quartile","Share of national equivalised income","Euro",10.3,
2021,"EL","EUR","SHARE","Q1","First quartile","Share of national equivalised income","Euro",9.6,
2022,"EL","EUR","SHARE","Q1","First quartile","Share of national equivalised income","Euro",10.3,
2023,"EL","EUR","SHARE","Q1","First quartile","Share of national equivalised income","Euro",10.4,
2024,"EL","EUR","SHARE","Q1","First quartile","Share of national equivalised income","Euro",10.3,
2025,"EL","EUR","SHARE","Q1","First quartile","Share of national equivalised income","Euro",10.5,
1995,"EL","NAC","SHARE","Q1","First quartile","Share of national equivalised income","National currency",9,
1996,"EL","NAC","SHARE","Q1","First quartile","Share of national equivalised income","National currency",9,
1997,"EL","NAC","SHARE","Q1","First quartile","Share of national equivalised income","National currency",9,
1998,"EL","NAC","SHARE","Q1","First quartile","Share of national equivalised income","National currency",9,
1999,"EL","NAC","SHARE","Q1","First quartile","Share of national equivalised income","National currency",9,
2000,"EL","NAC","SHARE","Q1","First quartile","Share of national equivalised income","National currency",10,
2001,"EL","NAC","SHARE","Q1","First quartile","Share of national equivalised income","National currency",10,
2003,"EL","NAC","SHARE","Q1","First quartile","Share of national equivalised income","National currency",9.1,"b"
2004,"EL","NAC","SHARE","Q1","First quartile","Share of national equivalised income","National currency",9.4,
2005,"EL","NAC","SHARE","Q1","First quartile","Share of national equivalised income","National currency",9.7,
2006,"EL","NAC","SHARE","Q1","First quartile","Share of national equivalised income","National currency",9.5,
2007,"EL","NAC","SHARE","Q1","First quartile","Share of national equivalised income","National currency",9.5,
2008,"EL","NAC","SHARE","Q1","First quartile","Share of national equivalised income","National currency",9.6,
2009,"EL","NAC","SHARE","Q1","First quartile","Share of national equivalised income","National currency",9.8,
2010,"EL","NAC","SHARE","Q1","First quartile","Share of national equivalised income","National currency",9.9,
2011,"EL","NAC","SHARE","Q1","First quartile","Share of national equivalised income","National currency",9.4,
2012,"EL","NAC","SHARE","Q1","First quartile","Share of national equivalised income","National currency",8.7,
2013,"EL","NAC","SHARE","Q1","First quartile","Share of national equivalised income","National currency",8.9,
2014,"EL","NAC","SHARE","Q1","First quartile","Share of national equivalised income","National currency",9,
2015,"EL","NAC","SHARE","Q1","First quartile","Share of national equivalised income","National currency",8.9,
2016,"EL","NAC","SHARE","Q1","First quartile","Share of national equivalised income","National currency",8.9,
2017,"EL","NAC","SHARE","Q1","First quartile","Share of national equivalised income","National currency",9.3,
2018,"EL","NAC","SHARE","Q1","First quartile","Share of national equivalised income","National currency",10,
2019,"EL","NAC","SHARE","Q1","First quartile","Share of national equivalised income","National currency",10.4,
2020,"EL","NAC","SHARE","Q1","First quartile","Share of national equivalised income","National currency",10.3,
2021,"EL","NAC","SHARE","Q1","First quartile","Share of national equivalised income","National currency",9.6,
2022,"EL","NAC","SHARE","Q1","First quartile","Share of national equivalised income","National currency",10.3,
2023,"EL","NAC","SHARE","Q1","First quartile","Share of national equivalised income","National currency",10.4,
2024,"EL","NAC","SHARE","Q1","First quartile","Share of national equivalised income","National currency",10.3,
2025,"EL","NAC","SHARE","Q1","First quartile","Share of national equivalised income","National currency",10.5,
1995,"EL","PPS","SHARE","Q1","First quartile","Share of national equivalised income","Purchasing power standard (PPS)",9,
1996,"EL","PPS","SHARE","Q1","First quartile","Share of national equivalised income","Purchasing power standard (PPS)",9,
1997,"EL","PPS","SHARE","Q1","First quartile","Share of national equivalised income","Purchasing power standard (PPS)",9,
1998,"EL","PPS","SHARE","Q1","First quartile","Share of national equivalised income","Purchasing power standard (PPS)",9,
1999,"EL","PPS","SHARE","Q1","First quartile","Share of national equivalised income","Purchasing power standard (PPS)",9,
2000,"EL","PPS","SHARE","Q1","First quartile","Share of national equivalised income","Purchasing power standard (PPS)",10,
2001,"EL","PPS","SHARE","Q1","First quartile","Share of national equivalised income","Purchasing power standard (PPS)",10,
2003,"EL","PPS","SHARE","Q1","First quartile","Share of national equivalised income","Purchasing power standard (PPS)",9.1,"b"
2004,"EL","PPS","SHARE","Q1","First quartile","Share of national equivalised income","Purchasing power standard (PPS)",9.4,
2005,"EL","PPS","SHARE","Q1","First quartile","Share of national equivalised income","Purchasing power standard (PPS)",9.7,
2006,"EL","PPS","SHARE","Q1","First quartile","Share of national equivalised income","Purchasing power standard (PPS)",9.5,
2007,"EL","PPS","SHARE","Q1","First quartile","Share of national equivalised income","Purchasing power standard (PPS)",9.5,
2008,"EL","PPS","SHARE","Q1","First quartile","Share of national equivalised income","Purchasing power standard (PPS)",9.6,
2009,"EL","PPS","SHARE","Q1","First quartile","Share of national equivalised income","Purchasing power standard (PPS)",9.8,
2010,"EL","PPS","SHARE","Q1","First quartile","Share of national equivalised income","Purchasing power standard (PPS)",9.9,
2011,"EL","PPS","SHARE","Q1","First quartile","Share of national equivalised income","Purchasing power standard (PPS)",9.4,
2012,"EL","PPS","SHARE","Q1","First quartile","Share of national equivalised income","Purchasing power standard (PPS)",8.7,
2013,"EL","PPS","SHARE","Q1","First quartile","Share of national equivalised income","Purchasing power standard (PPS)",8.9,
2014,"EL","PPS","SHARE","Q1","First quartile","Share of national equivalised income","Purchasing power standard (PPS)",9,
2015,"EL","PPS","SHARE","Q1","First quartile","Share of national equivalised income","Purchasing power standard (PPS)",8.9,
2016,"EL","PPS","SHARE","Q1","First quartile","Share of national equivalised income","Purchasing power standard (PPS)",8.9,
2017,"EL","PPS","SHARE","Q1","First quartile","Share of national equivalised income","Purchasing power standard (PPS)",9.3,
2018,"EL","PPS","SHARE","Q1","First quartile","Share of national equivalised income","Purchasing power standard (PPS)",10,
2019,"EL","PPS","SHARE","Q1","First quartile","Share of national equivalised income","Purchasing power standard (PPS)",10.4,
2020,"EL","PPS","SHARE","Q1","First quartile","Share of national equivalised income","Purchasing power standard (PPS)",10.3,
2021,"EL","PPS","SHARE","Q1","First quartile","Share of national equivalised income","Purchasing power standard (PPS)",9.6,
2022,"EL","PPS","SHARE","Q1","First quartile","Share of national equivalised income","Purchasing power standard (PPS)",10.3,
2023,"EL","PPS","SHARE","Q1","First quartile","Share of national equivalised income","Purchasing power standard (PPS)",10.4,
2024,"EL","PPS","SHARE","Q1","First quartile","Share of national equivalised income","Purchasing power standard (PPS)",10.3,
2025,"EL","PPS","SHARE","Q1","First quartile","Share of national equivalised income","Purchasing power standard (PPS)",10.5,
1995,"EL","EUR","TC","Q2","Second quartile","Top cut-off point","Euro",5208,
1996,"EL","EUR","TC","Q2","Second quartile","Top cut-off point","Euro",5466,
1997,"EL","EUR","TC","Q2","Second quartile","Top cut-off point","Euro",5891,
1998,"EL","EUR","TC","Q2","Second quartile","Top cut-off point","Euro",6412,
1999,"EL","EUR","TC","Q2","Second quartile","Top cut-off point","Euro",6350,
2000,"EL","EUR","TC","Q2","Second quartile","Top cut-off point","Euro",6923,
2001,"EL","EUR","TC","Q2","Second quartile","Top cut-off point","Euro",7107,
2003,"EL","EUR","TC","Q2","Second quartile","Top cut-off point","Euro",8206,"b"
2004,"EL","EUR","TC","Q2","Second quartile","Top cut-off point","Euro",8844,
2005,"EL","EUR","TC","Q2","Second quartile","Top cut-off point","Euro",9417,
2006,"EL","EUR","TC","Q2","Second quartile","Top cut-off point","Euro",9850,
2007,"EL","EUR","TC","Q2","Second quartile","Top cut-off point","Euro",10200,
2008,"EL","EUR","TC","Q2","Second quartile","Top cut-off point","Euro",10800,
2009,"EL","EUR","TC","Q2","Second quartile","Top cut-off point","Euro",11496,
2010,"EL","EUR","TC","Q2","Second quartile","Top cut-off point","Euro",11963,
2011,"EL","EUR","TC","Q2","Second quartile","Top cut-off point","Euro",10985,
2012,"EL","EUR","TC","Q2","Second quartile","Top cut-off point","Euro",9513,
2013,"EL","EUR","TC","Q2","Second quartile","Top cut-off point","Euro",8371,
2014,"EL","EUR","TC","Q2","Second quartile","Top cut-off point","Euro",7680,
2015,"EL","EUR","TC","Q2","Second quartile","Top cut-off point","Euro",7520,
2016,"EL","EUR","TC","Q2","Second quartile","Top cut-off point","Euro",7500,
2017,"EL","EUR","TC","Q2","Second quartile","Top cut-off point","Euro",7600,
2018,"EL","EUR","TC","Q2","Second quartile","Top cut-off point","Euro",7863,
2019,"EL","EUR","TC","Q2","Second quartile","Top cut-off point","Euro",8195,
2020,"EL","EUR","TC","Q2","Second quartile","Top cut-off point","Euro",8781,
2021,"EL","EUR","TC","Q2","Second quartile","Top cut-off point","Euro",8752,
2022,"EL","EUR","TC","Q2","Second quartile","Top cut-off point","Euro",9520,
2023,"EL","EUR","TC","Q2","Second quartile","Top cut-off point","Euro",10050,
2024,"EL","EUR","TC","Q2","Second quartile","Top cut-off point","Euro",10850,
2025,"EL","EUR","TC","Q2","Second quartile","Top cut-off point","Euro",11700,
1995,"EL","NAC","TC","Q2","Second quartile","Top cut-off point","National currency",4455,
1996,"EL","NAC","TC","Q2","Second quartile","Top cut-off point","National currency",4919,
1997,"EL","NAC","TC","Q2","Second quartile","Top cut-off point","National currency",5346,
1998,"EL","NAC","TC","Q2","Second quartile","Top cut-off point","National currency",5892,
1999,"EL","NAC","TC","Q2","Second quartile","Top cut-off point","National currency",6237,
2000,"EL","NAC","TC","Q2","Second quartile","Top cut-off point","National currency",6699,
2001,"EL","NAC","TC","Q2","Second quartile","Top cut-off point","National currency",7107,
2003,"EL","NAC","TC","Q2","Second quartile","Top cut-off point","National currency",8206,"b"
2004,"EL","NAC","TC","Q2","Second quartile","Top cut-off point","National currency",8844,
2005,"EL","NAC","TC","Q2","Second quartile","Top cut-off point","National currency",9417,
2006,"EL","NAC","TC","Q2","Second quartile","Top cut-off point","National currency",9850,
2007,"EL","NAC","TC","Q2","Second quartile","Top cut-off point","National currency",10200,
2008,"EL","NAC","TC","Q2","Second quartile","Top cut-off point","National currency",10800,
2009,"EL","NAC","TC","Q2","Second quartile","Top cut-off point","National currency",11496,
2010,"EL","NAC","TC","Q2","Second quartile","Top cut-off point","National currency",11963,
2011,"EL","NAC","TC","Q2","Second quartile","Top cut-off point","National currency",10985,
2012,"EL","NAC","TC","Q2","Second quartile","Top cut-off point","National currency",9513,
2013,"EL","NAC","TC","Q2","Second quartile","Top cut-off point","National currency",8371,
2014,"EL","NAC","TC","Q2","Second quartile","Top cut-off point","National currency",7680,
2015,"EL","NAC","TC","Q2","Second quartile","Top cut-off point","National currency",7520,
2016,"EL","NAC","TC","Q2","Second quartile","Top cut-off point","National currency",7500,
2017,"EL","NAC","TC","Q2","Second quartile","Top cut-off point","National currency",7600,
2018,"EL","NAC","TC","Q2","Second quartile","Top cut-off point","National currency",7863,
2019,"EL","NAC","TC","Q2","Second quartile","Top cut-off point","National currency",8195,
2020,"EL","NAC","TC","Q2","Second quartile","Top cut-off point","National currency",8781,
2021,"EL","NAC","TC","Q2","Second quartile","Top cut-off point","National currency",8752,
2022,"EL","NAC","TC","Q2","Second quartile","Top cut-off point","National currency",9520,
2023,"EL","NAC","TC","Q2","Second quartile","Top cut-off point","National currency",10050,
2024,"EL","NAC","TC","Q2","Second quartile","Top cut-off point","National currency",10850,
2025,"EL","NAC","TC","Q2","Second quartile","Top cut-off point","National currency",11700,
1995,"EL","PPS","TC","Q2","Second quartile","Top cut-off point","Purchasing power standard (PPS)",6702,
1996,"EL","PPS","TC","Q2","Second quartile","Top cut-off point","Purchasing power standard (PPS)",7002,
1997,"EL","PPS","TC","Q2","Second quartile","Top cut-off point","Purchasing power standard (PPS)",7314,
1998,"EL","PPS","TC","Q2","Second quartile","Top cut-off point","Purchasing power standard (PPS)",7746,
1999,"EL","PPS","TC","Q2","Second quartile","Top cut-off point","Purchasing power standard (PPS)",7922,
2000,"EL","PPS","TC","Q2","Second quartile","Top cut-off point","Purchasing power standard (PPS)",8819,
2001,"EL","PPS","TC","Q2","Second quartile","Top cut-off point","Purchasing power standard (PPS)",9072,
2003,"EL","PPS","TC","Q2","Second quartile","Top cut-off point","Purchasing power standard (PPS)",10233,"b"
2004,"EL","PPS","TC","Q2","Second quartile","Top cut-off point","Purchasing power standard (PPS)",10298,
2005,"EL","PPS","TC","Q2","Second quartile","Top cut-off point","Purchasing power standard (PPS)",10751,
2006,"EL","PPS","TC","Q2","Second quartile","Top cut-off point","Purchasing power standard (PPS)",11162,
2007,"EL","PPS","TC","Q2","Second quartile","Top cut-off point","Purchasing power standard (PPS)",11455,
2008,"EL","PPS","TC","Q2","Second quartile","Top cut-off point","Purchasing power standard (PPS)",12032,
2009,"EL","PPS","TC","Q2","Second quartile","Top cut-off point","Purchasing power standard (PPS)",12535,
2010,"EL","PPS","TC","Q2","Second quartile","Top cut-off point","Purchasing power standard (PPS)",12599,
2011,"EL","PPS","TC","Q2","Second quartile","Top cut-off point","Purchasing power standard (PPS)",11627,
2012,"EL","PPS","TC","Q2","Second quartile","Top cut-off point","Purchasing power standard (PPS)",10063,
2013,"EL","PPS","TC","Q2","Second quartile","Top cut-off point","Purchasing power standard (PPS)",9046,
2014,"EL","PPS","TC","Q2","Second quartile","Top cut-off point","Purchasing power standard (PPS)",8674,
2015,"EL","PPS","TC","Q2","Second quartile","Top cut-off point","Purchasing power standard (PPS)",8802,
2016,"EL","PPS","TC","Q2","Second quartile","Top cut-off point","Purchasing power standard (PPS)",9048,
2017,"EL","PPS","TC","Q2","Second quartile","Top cut-off point","Purchasing power standard (PPS)",9035,
2018,"EL","PPS","TC","Q2","Second quartile","Top cut-off point","Purchasing power standard (PPS)",9245,
2019,"EL","PPS","TC","Q2","Second quartile","Top cut-off point","Purchasing power standard (PPS)",9765,
2020,"EL","PPS","TC","Q2","Second quartile","Top cut-off point","Purchasing power standard (PPS)",10175,
2021,"EL","PPS","TC","Q2","Second quartile","Top cut-off point","Purchasing power standard (PPS)",9917,
2022,"EL","PPS","TC","Q2","Second quartile","Top cut-off point","Purchasing power standard (PPS)",10841,
2023,"EL","PPS","TC","Q2","Second quartile","Top cut-off point","Purchasing power standard (PPS)",11389,
2024,"EL","PPS","TC","Q2","Second quartile","Top cut-off point","Purchasing power standard (PPS)",12436,
2025,"EL","PPS","TC","Q2","Second quartile","Top cut-off point","Purchasing power standard (PPS)",13612,
1995,"EL","EUR","SHARE","Q2","Second quartile","Share of national equivalised income","Euro",17,
1996,"EL","EUR","SHARE","Q2","Second quartile","Share of national equivalised income","Euro",17,
1997,"EL","EUR","SHARE","Q2","Second quartile","Share of national equivalised income","Euro",17,
1998,"EL","EUR","SHARE","Q2","Second quartile","Share of national equivalised income","Euro",17,
1999,"EL","EUR","SHARE","Q2","Second quartile","Share of national equivalised income","Euro",17,
2000,"EL","EUR","SHARE","Q2","Second quartile","Share of national equivalised income","Euro",18,
2001,"EL","EUR","SHARE","Q2","Second quartile","Share of national equivalised income","Euro",18,
2003,"EL","EUR","SHARE","Q2","Second quartile","Share of national equivalised income","Euro",17.4,"b"
2004,"EL","EUR","SHARE","Q2","Second quartile","Share of national equivalised income","Euro",17.9,
2005,"EL","EUR","SHARE","Q2","Second quartile","Share of national equivalised income","Euro",17.7,
2006,"EL","EUR","SHARE","Q2","Second quartile","Share of national equivalised income","Euro",17.4,
2007,"EL","EUR","SHARE","Q2","Second quartile","Share of national equivalised income","Euro",17.3,
2008,"EL","EUR","SHARE","Q2","Second quartile","Share of national equivalised income","Euro",17.9,
2009,"EL","EUR","SHARE","Q2","Second quartile","Share of national equivalised income","Euro",18,
2010,"EL","EUR","SHARE","Q2","Second quartile","Share of national equivalised income","Euro",17.9,
2011,"EL","EUR","SHARE","Q2","Second quartile","Share of national equivalised income","Euro",17.7,
2012,"EL","EUR","SHARE","Q2","Second quartile","Share of national equivalised income","Euro",17.9,
2013,"EL","EUR","SHARE","Q2","Second quartile","Share of national equivalised income","Euro",17.8,
2014,"EL","EUR","SHARE","Q2","Second quartile","Share of national equivalised income","Euro",17.6,
2015,"EL","EUR","SHARE","Q2","Second quartile","Share of national equivalised income","Euro",17.9,
2016,"EL","EUR","SHARE","Q2","Second quartile","Share of national equivalised income","Euro",17.9,
2017,"EL","EUR","SHARE","Q2","Second quartile","Share of national equivalised income","Euro",18,
2018,"EL","EUR","SHARE","Q2","Second quartile","Share of national equivalised income","Euro",18.2,
2019,"EL","EUR","SHARE","Q2","Second quartile","Share of national equivalised income","Euro",18.5,
2020,"EL","EUR","SHARE","Q2","Second quartile","Share of national equivalised income","Euro",18.4,
2021,"EL","EUR","SHARE","Q2","Second quartile","Share of national equivalised income","Euro",18.4,
2022,"EL","EUR","SHARE","Q2","Second quartile","Share of national equivalised income","Euro",18.4,
2023,"EL","EUR","SHARE","Q2","Second quartile","Share of national equivalised income","Euro",18.4,
2024,"EL","EUR","SHARE","Q2","Second quartile","Share of national equivalised income","Euro",18.5,
2025,"EL","EUR","SHARE","Q2","Second quartile","Share of national equivalised income","Euro",18.6,
1995,"EL","NAC","SHARE","Q2","Second quartile","Share of national equivalised income","National currency",17,
1996,"EL","NAC","SHARE","Q2","Second quartile","Share of national equivalised income","National currency",17,
1997,"EL","NAC","SHARE","Q2","Second quartile","Share of national equivalised income","National currency",17,
1998,"EL","NAC","SHARE","Q2","Second quartile","Share of national equivalised income","National currency",17,
1999,"EL","NAC","SHARE","Q2","Second quartile","Share of national equivalised income","National currency",17,
2000,"EL","NAC","SHARE","Q2","Second quartile","Share of national equivalised income","National currency",18,
2001,"EL","NAC","SHARE","Q2","Second quartile","Share of national equivalised income","National currency",18,
2003,"EL","NAC","SHARE","Q2","Second quartile","Share of national equivalised income","National currency",17.4,"b"
2004,"EL","NAC","SHARE","Q2","Second quartile","Share of national equivalised income","National currency",17.9,
2005,"EL","NAC","SHARE","Q2","Second quartile","Share of national equivalised income","National currency",17.7,
2006,"EL","NAC","SHARE","Q2","Second quartile","Share of national equivalised income","National currency",17.4,
2007,"EL","NAC","SHARE","Q2","Second quartile","Share of national equivalised income","National currency",17.3,
2008,"EL","NAC","SHARE","Q2","Second quartile","Share of national equivalised income","National currency",17.9,
2009,"EL","NAC","SHARE","Q2","Second quartile","Share of national equivalised income","National currency",18,
2010,"EL","NAC","SHARE","Q2","Second quartile","Share of national equivalised income","National currency",17.9,
2011,"EL","NAC","SHARE","Q2","Second quartile","Share of national equivalised income","National currency",17.7,
2012,"EL","NAC","SHARE","Q2","Second quartile","Share of national equivalised income","National currency",17.9,
2013,"EL","NAC","SHARE","Q2","Second quartile","Share of national equivalised income","National currency",17.8,
2014,"EL","NAC","SHARE","Q2","Second quartile","Share of national equivalised income","National currency",17.6,
2015,"EL","NAC","SHARE","Q2","Second quartile","Share of national equivalised income","National currency",17.9,
2016,"EL","NAC","SHARE","Q2","Second quartile","Share of national equivalised income","National currency",17.9,
2017,"EL","NAC","SHARE","Q2","Second quartile","Share of national equivalised income","National currency",18,
2018,"EL","NAC","SHARE","Q2","Second quartile","Share of national equivalised income","National currency",18.2,
2019,"EL","NAC","SHARE","Q2","Second quartile","Share of national equivalised income","National currency",18.5,
2020,"EL","NAC","SHARE","Q2","Second quartile","Share of national equivalised income","National currency",18.4,
2021,"EL","NAC","SHARE","Q2","Second quartile","Share of national equivalised income","National currency",18.4,
2022,"EL","NAC","SHARE","Q2","Second quartile","Share of national equivalised income","National currency",18.4,
2023,"EL","NAC","SHARE","Q2","Second quartile","Share of national equivalised income","National currency",18.4,
2024,"EL","NAC","SHARE","Q2","Second quartile","Share of national equivalised income","National currency",18.5,
2025,"EL","NAC","SHARE","Q2","Second quartile","Share of national equivalised income","National currency",18.6,
1995,"EL","PPS","SHARE","Q2","Second quartile","Share of national equivalised income","Purchasing power standard (PPS)",17,
1996,"EL","PPS","SHARE","Q2","Second quartile","Share of national equivalised income","Purchasing power standard (PPS)",17,
1997,"EL","PPS","SHARE","Q2","Second quartile","Share of national equivalised income","Purchasing power standard (PPS)",17,
1998,"EL","PPS","SHARE","Q2","Second quartile","Share of national equivalised income","Purchasing power standard (PPS)",17,
1999,"EL","PPS","SHARE","Q2","Second quartile","Share of national equivalised income","Purchasing power standard (PPS)",17,
2000,"EL","PPS","SHARE","Q2","Second quartile","Share of national equivalised income","Purchasing power standard (PPS)",18,
2001,"EL","PPS","SHARE","Q2","Second quartile","Share of national equivalised income","Purchasing power standard (PPS)",18,
2003,"EL","PPS","SHARE","Q2","Second quartile","Share of national equivalised income","Purchasing power standard (PPS)",17.4,"b"
2004,"EL","PPS","SHARE","Q2","Second quartile","Share of national equivalised income","Purchasing power standard (PPS)",17.9,
2005,"EL","PPS","SHARE","Q2","Second quartile","Share of national equivalised income","Purchasing power standard (PPS)",17.7,
2006,"EL","PPS","SHARE","Q2","Second quartile","Share of national equivalised income","Purchasing power standard (PPS)",17.4,
2007,"EL","PPS","SHARE","Q2","Second quartile","Share of national equivalised income","Purchasing power standard (PPS)",17.3,
2008,"EL","PPS","SHARE","Q2","Second quartile","Share of national equivalised income","Purchasing power standard (PPS)",17.9,
2009,"EL","PPS","SHARE","Q2","Second quartile","Share of national equivalised income","Purchasing power standard (PPS)",18,
2010,"EL","PPS","SHARE","Q2","Second quartile","Share of national equivalised income","Purchasing power standard (PPS)",17.9,
2011,"EL","PPS","SHARE","Q2","Second quartile","Share of national equivalised income","Purchasing power standard (PPS)",17.7,
2012,"EL","PPS","SHARE","Q2","Second quartile","Share of national equivalised income","Purchasing power standard (PPS)",17.9,
2013,"EL","PPS","SHARE","Q2","Second quartile","Share of national equivalised income","Purchasing power standard (PPS)",17.8,
2014,"EL","PPS","SHARE","Q2","Second quartile","Share of national equivalised income","Purchasing power standard (PPS)",17.6,
2015,"EL","PPS","SHARE","Q2","Second quartile","Share of national equivalised income","Purchasing power standard (PPS)",17.9,
2016,"EL","PPS","SHARE","Q2","Second quartile","Share of national equivalised income","Purchasing power standard (PPS)",17.9,
2017,"EL","PPS","SHARE","Q2","Second quartile","Share of national equivalised income","Purchasing power standard (PPS)",18,
2018,"EL","PPS","SHARE","Q2","Second quartile","Share of national equivalised income","Purchasing power standard (PPS)",18.2,
2019,"EL","PPS","SHARE","Q2","Second quartile","Share of national equivalised income","Purchasing power standard (PPS)",18.5,
2020,"EL","PPS","SHARE","Q2","Second quartile","Share of national equivalised income","Purchasing power standard (PPS)",18.4,
2021,"EL","PPS","SHARE","Q2","Second quartile","Share of national equivalised income","Purchasing power standard (PPS)",18.4,
2022,"EL","PPS","SHARE","Q2","Second quartile","Share of national equivalised income","Purchasing power standard (PPS)",18.4,
2023,"EL","PPS","SHARE","Q2","Second quartile","Share of national equivalised income","Purchasing power standard (PPS)",18.4,
2024,"EL","PPS","SHARE","Q2","Second quartile","Share of national equivalised income","Purchasing power standard (PPS)",18.5,
2025,"EL","PPS","SHARE","Q2","Second quartile","Share of national equivalised income","Purchasing power standard (PPS)",18.6,
1995,"EL","EUR","TC","Q3","Third quartile","Top cut-off point","Euro",7851,
1996,"EL","EUR","TC","Q3","Third quartile","Top cut-off point","Euro",8214,
1997,"EL","EUR","TC","Q3","Third quartile","Top cut-off point","Euro",9001,
1998,"EL","EUR","TC","Q3","Third quartile","Top cut-off point","Euro",9945,
1999,"EL","EUR","TC","Q3","Third quartile","Top cut-off point","Euro",9403,
2000,"EL","EUR","TC","Q3","Third quartile","Top cut-off point","Euro",10495,
2001,"EL","EUR","TC","Q3","Third quartile","Top cut-off point","Euro",10594,
2003,"EL","EUR","TC","Q3","Third quartile","Top cut-off point","Euro",12040,"b"
2004,"EL","EUR","TC","Q3","Third quartile","Top cut-off point","Euro",13067,
2005,"EL","EUR","TC","Q3","Third quartile","Top cut-off point","Euro",13890,
2006,"EL","EUR","TC","Q3","Third quartile","Top cut-off point","Euro",14359,
2007,"EL","EUR","TC","Q3","Third quartile","Top cut-off point","Euro",15000,
2008,"EL","EUR","TC","Q3","Third quartile","Top cut-off point","Euro",15680,
2009,"EL","EUR","TC","Q3","Third quartile","Top cut-off point","Euro",16625,
2010,"EL","EUR","TC","Q3","Third quartile","Top cut-off point","Euro",17000,
2011,"EL","EUR","TC","Q3","Third quartile","Top cut-off point","Euro",15809,
2012,"EL","EUR","TC","Q3","Third quartile","Top cut-off point","Euro",13489,
2013,"EL","EUR","TC","Q3","Third quartile","Top cut-off point","Euro",11692,
2014,"EL","EUR","TC","Q3","Third quartile","Top cut-off point","Euro",11000,
2015,"EL","EUR","TC","Q3","Third quartile","Top cut-off point","Euro",10860,
2016,"EL","EUR","TC","Q3","Third quartile","Top cut-off point","Euro",11000,
2017,"EL","EUR","TC","Q3","Third quartile","Top cut-off point","Euro",10993,
2018,"EL","EUR","TC","Q3","Third quartile","Top cut-off point","Euro",11200,
2019,"EL","EUR","TC","Q3","Third quartile","Top cut-off point","Euro",11625,
2020,"EL","EUR","TC","Q3","Third quartile","Top cut-off point","Euro",12367,
2021,"EL","EUR","TC","Q3","Third quartile","Top cut-off point","Euro",12308,
2022,"EL","EUR","TC","Q3","Third quartile","Top cut-off point","Euro",13375,
2023,"EL","EUR","TC","Q3","Third quartile","Top cut-off point","Euro",13850,
2024,"EL","EUR","TC","Q3","Third quartile","Top cut-off point","Euro",14705,
2025,"EL","EUR","TC","Q3","Third quartile","Top cut-off point","Euro",15900,
1995,"EL","NAC","TC","Q3","Third quartile","Top cut-off point","National currency",6717,
1996,"EL","NAC","TC","Q3","Third quartile","Top cut-off point","National currency",7392,
1997,"EL","NAC","TC","Q3","Third quartile","Top cut-off point","National currency",8168,
1998,"EL","NAC","TC","Q3","Third quartile","Top cut-off point","National currency",9138,
1999,"EL","NAC","TC","Q3","Third quartile","Top cut-off point","National currency",9237,
2000,"EL","NAC","TC","Q3","Third quartile","Top cut-off point","National currency",10156,
2001,"EL","NAC","TC","Q3","Third quartile","Top cut-off point","National currency",10594,
2003,"EL","NAC","TC","Q3","Third quartile","Top cut-off point","National currency",12040,"b"
2004,"EL","NAC","TC","Q3","Third quartile","Top cut-off point","National currency",13067,
2005,"EL","NAC","TC","Q3","Third quartile","Top cut-off point","National currency",13890,
2006,"EL","NAC","TC","Q3","Third quartile","Top cut-off point","National currency",14359,
2007,"EL","NAC","TC","Q3","Third quartile","Top cut-off point","National currency",15000,
2008,"EL","NAC","TC","Q3","Third quartile","Top cut-off point","National currency",15680,
2009,"EL","NAC","TC","Q3","Third quartile","Top cut-off point","National currency",16625,
2010,"EL","NAC","TC","Q3","Third quartile","Top cut-off point","National currency",17000,
2011,"EL","NAC","TC","Q3","Third quartile","Top cut-off point","National currency",15809,
2012,"EL","NAC","TC","Q3","Third quartile","Top cut-off point","National currency",13489,
2013,"EL","NAC","TC","Q3","Third quartile","Top cut-off point","National currency",11692,
2014,"EL","NAC","TC","Q3","Third quartile","Top cut-off point","National currency",11000,
2015,"EL","NAC","TC","Q3","Third quartile","Top cut-off point","National currency",10860,
2016,"EL","NAC","TC","Q3","Third quartile","Top cut-off point","National currency",11000,
2017,"EL","NAC","TC","Q3","Third quartile","Top cut-off point","National currency",10993,
2018,"EL","NAC","TC","Q3","Third quartile","Top cut-off point","National currency",11200,
2019,"EL","NAC","TC","Q3","Third quartile","Top cut-off point","National currency",11625,
2020,"EL","NAC","TC","Q3","Third quartile","Top cut-off point","National currency",12367,
2021,"EL","NAC","TC","Q3","Third quartile","Top cut-off point","National currency",12308,
2022,"EL","NAC","TC","Q3","Third quartile","Top cut-off point","National currency",13375,
2023,"EL","NAC","TC","Q3","Third quartile","Top cut-off point","National currency",13850,
2024,"EL","NAC","TC","Q3","Third quartile","Top cut-off point","National currency",14705,
2025,"EL","NAC","TC","Q3","Third quartile","Top cut-off point","National currency",15900,
1995,"EL","PPS","TC","Q3","Third quartile","Top cut-off point","Purchasing power standard (PPS)",10104,
1996,"EL","PPS","TC","Q3","Third quartile","Top cut-off point","Purchasing power standard (PPS)",10524,
1997,"EL","PPS","TC","Q3","Third quartile","Top cut-off point","Purchasing power standard (PPS)",11175,
1998,"EL","PPS","TC","Q3","Third quartile","Top cut-off point","Purchasing power standard (PPS)",12014,
1999,"EL","PPS","TC","Q3","Third quartile","Top cut-off point","Purchasing power standard (PPS)",11731,
2000,"EL","PPS","TC","Q3","Third quartile","Top cut-off point","Purchasing power standard (PPS)",13369,
2001,"EL","PPS","TC","Q3","Third quartile","Top cut-off point","Purchasing power standard (PPS)",13523,
2003,"EL","PPS","TC","Q3","Third quartile","Top cut-off point","Purchasing power standard (PPS)",15015,"b"
2004,"EL","PPS","TC","Q3","Third quartile","Top cut-off point","Purchasing power standard (PPS)",15215,
2005,"EL","PPS","TC","Q3","Third quartile","Top cut-off point","Purchasing power standard (PPS)",15857,
2006,"EL","PPS","TC","Q3","Third quartile","Top cut-off point","Purchasing power standard (PPS)",16271,
2007,"EL","PPS","TC","Q3","Third quartile","Top cut-off point","Purchasing power standard (PPS)",16845,
2008,"EL","PPS","TC","Q3","Third quartile","Top cut-off point","Purchasing power standard (PPS)",17469,
2009,"EL","PPS","TC","Q3","Third quartile","Top cut-off point","Purchasing power standard (PPS)",18128,
2010,"EL","PPS","TC","Q3","Third quartile","Top cut-off point","Purchasing power standard (PPS)",17904,
2011,"EL","PPS","TC","Q3","Third quartile","Top cut-off point","Purchasing power standard (PPS)",16733,
2012,"EL","PPS","TC","Q3","Third quartile","Top cut-off point","Purchasing power standard (PPS)",14269,
2013,"EL","PPS","TC","Q3","Third quartile","Top cut-off point","Purchasing power standard (PPS)",12634,
2014,"EL","PPS","TC","Q3","Third quartile","Top cut-off point","Purchasing power standard (PPS)",12424,
2015,"EL","PPS","TC","Q3","Third quartile","Top cut-off point","Purchasing power standard (PPS)",12712,
2016,"EL","PPS","TC","Q3","Third quartile","Top cut-off point","Purchasing power standard (PPS)",13270,
2017,"EL","PPS","TC","Q3","Third quartile","Top cut-off point","Purchasing power standard (PPS)",13069,
2018,"EL","PPS","TC","Q3","Third quartile","Top cut-off point","Purchasing power standard (PPS)",13168,
2019,"EL","PPS","TC","Q3","Third quartile","Top cut-off point","Purchasing power standard (PPS)",13852,
2020,"EL","PPS","TC","Q3","Third quartile","Top cut-off point","Purchasing power standard (PPS)",14329,
2021,"EL","PPS","TC","Q3","Third quartile","Top cut-off point","Purchasing power standard (PPS)",13947,
2022,"EL","PPS","TC","Q3","Third quartile","Top cut-off point","Purchasing power standard (PPS)",15231,
2023,"EL","PPS","TC","Q3","Third quartile","Top cut-off point","Purchasing power standard (PPS)",15695,
2024,"EL","PPS","TC","Q3","Third quartile","Top cut-off point","Purchasing power standard (PPS)",16855,
2025,"EL","PPS","TC","Q3","Third quartile","Top cut-off point","Purchasing power standard (PPS)",18498,
1995,"EL","EUR","SHARE","Q3","Third quartile","Share of national equivalised income","Euro",26,
1996,"EL","EUR","SHARE","Q3","Third quartile","Share of national equivalised income","Euro",26,
1997,"EL","EUR","SHARE","Q3","Third quartile","Share of national equivalised income","Euro",26,
1998,"EL","EUR","SHARE","Q3","Third quartile","Share of national equivalised income","Euro",26,
1999,"EL","EUR","SHARE","Q3","Third quartile","Share of national equivalised income","Euro",25,
2000,"EL","EUR","SHARE","Q3","Third quartile","Share of national equivalised income","Euro",26,
2001,"EL","EUR","SHARE","Q3","Third quartile","Share of national equivalised income","Euro",26,
2003,"EL","EUR","SHARE","Q3","Third quartile","Share of national equivalised income","Euro",25.6,"b"
2004,"EL","EUR","SHARE","Q3","Third quartile","Share of national equivalised income","Euro",26.4,
2005,"EL","EUR","SHARE","Q3","Third quartile","Share of national equivalised income","Euro",25.7,
2006,"EL","EUR","SHARE","Q3","Third quartile","Share of national equivalised income","Euro",25.4,
2007,"EL","EUR","SHARE","Q3","Third quartile","Share of national equivalised income","Euro",25.3,
2008,"EL","EUR","SHARE","Q3","Third quartile","Share of national equivalised income","Euro",25.6,
2009,"EL","EUR","SHARE","Q3","Third quartile","Share of national equivalised income","Euro",25.5,
2010,"EL","EUR","SHARE","Q3","Third quartile","Share of national equivalised income","Euro",25.7,
2011,"EL","EUR","SHARE","Q3","Third quartile","Share of national equivalised income","Euro",26.2,
2012,"EL","EUR","SHARE","Q3","Third quartile","Share of national equivalised income","Euro",26.4,
2013,"EL","EUR","SHARE","Q3","Third quartile","Share of national equivalised income","Euro",26.3,
2014,"EL","EUR","SHARE","Q3","Third quartile","Share of national equivalised income","Euro",25.8,
2015,"EL","EUR","SHARE","Q3","Third quartile","Share of national equivalised income","Euro",26,
2016,"EL","EUR","SHARE","Q3","Third quartile","Share of national equivalised income","Euro",26,
2017,"EL","EUR","SHARE","Q3","Third quartile","Share of national equivalised income","Euro",26.1,
2018,"EL","EUR","SHARE","Q3","Third quartile","Share of national equivalised income","Euro",25.8,
2019,"EL","EUR","SHARE","Q3","Third quartile","Share of national equivalised income","Euro",26.2,
2020,"EL","EUR","SHARE","Q3","Third quartile","Share of national equivalised income","Euro",26,
2021,"EL","EUR","SHARE","Q3","Third quartile","Share of national equivalised income","Euro",26.2,
2022,"EL","EUR","SHARE","Q3","Third quartile","Share of national equivalised income","Euro",26,
2023,"EL","EUR","SHARE","Q3","Third quartile","Share of national equivalised income","Euro",25.6,
2024,"EL","EUR","SHARE","Q3","Third quartile","Share of national equivalised income","Euro",25.5,
2025,"EL","EUR","SHARE","Q3","Third quartile","Share of national equivalised income","Euro",25.4,
1995,"EL","NAC","SHARE","Q3","Third quartile","Share of national equivalised income","National currency",26,
1996,"EL","NAC","SHARE","Q3","Third quartile","Share of national equivalised income","National currency",26,
1997,"EL","NAC","SHARE","Q3","Third quartile","Share of national equivalised income","National currency",26,
1998,"EL","NAC","SHARE","Q3","Third quartile","Share of national equivalised income","National currency",26,
1999,"EL","NAC","SHARE","Q3","Third quartile","Share of national equivalised income","National currency",25,
2000,"EL","NAC","SHARE","Q3","Third quartile","Share of national equivalised income","National currency",26,
2001,"EL","NAC","SHARE","Q3","Third quartile","Share of national equivalised income","National currency",26,
2003,"EL","NAC","SHARE","Q3","Third quartile","Share of national equivalised income","National currency",25.6,"b"
2004,"EL","NAC","SHARE","Q3","Third quartile","Share of national equivalised income","National currency",26.4,
2005,"EL","NAC","SHARE","Q3","Third quartile","Share of national equivalised income","National currency",25.7,
2006,"EL","NAC","SHARE","Q3","Third quartile","Share of national equivalised income","National currency",25.4,
2007,"EL","NAC","SHARE","Q3","Third quartile","Share of national equivalised income","National currency",25.3,
2008,"EL","NAC","SHARE","Q3","Third quartile","Share of national equivalised income","National currency",25.6,
2009,"EL","NAC","SHARE","Q3","Third quartile","Share of national equivalised income","National currency",25.5,
2010,"EL","NAC","SHARE","Q3","Third quartile","Share of national equivalised income","National currency",25.7,
2011,"EL","NAC","SHARE","Q3","Third quartile","Share of national equivalised income","National currency",26.2,
2012,"EL","NAC","SHARE","Q3","Third quartile","Share of national equivalised income","National currency",26.4,
2013,"EL","NAC","SHARE","Q3","Third quartile","Share of national equivalised income","National currency",26.3,
2014,"EL","NAC","SHARE","Q3","Third quartile","Share of national equivalised income","National currency",25.8,
2015,"EL","NAC","SHARE","Q3","Third quartile","Share of national equivalised income","National currency",26,
2016,"EL","NAC","SHARE","Q3","Third quartile","Share of national equivalised income","National currency",26,
2017,"EL","NAC","SHARE","Q3","Third quartile","Share of national equivalised income","National currency",26.1,
2018,"EL","NAC","SHARE","Q3","Third quartile","Share of national equivalised income","National currency",25.8,
2019,"EL","NAC","SHARE","Q3","Third quartile","Share of national equivalised income","National currency",26.2,
2020,"EL","NAC","SHARE","Q3","Third quartile","Share of national equivalised income","National currency",26,
2021,"EL","NAC","SHARE","Q3","Third quartile","Share of national equivalised income","National currency",26.2,
2022,"EL","NAC","SHARE","Q3","Third quartile","Share of national equivalised income","National currency",26,
2023,"EL","NAC","SHARE","Q3","Third quartile","Share of national equivalised income","National currency",25.6,
2024,"EL","NAC","SHARE","Q3","Third quartile","Share of national equivalised income","National currency",25.5,
2025,"EL","NAC","SHARE","Q3","Third quartile","Share of national equivalised income","National currency",25.4,
1995,"EL","PPS","SHARE","Q3","Third quartile","Share of national equivalised income","Purchasing power standard (PPS)",26,
1996,"EL","PPS","SHARE","Q3","Third quartile","Share of national equivalised income","Purchasing power standard (PPS)",26,
1997,"EL","PPS","SHARE","Q3","Third quartile","Share of national equivalised income","Purchasing power standard (PPS)",26,
1998,"EL","PPS","SHARE","Q3","Third quartile","Share of national equivalised income","Purchasing power standard (PPS)",26,
1999,"EL","PPS","SHARE","Q3","Third quartile","Share of national equivalised income","Purchasing power standard (PPS)",25,
2000,"EL","PPS","SHARE","Q3","Third quartile","Share of national equivalised income","Purchasing power standard (PPS)",26,
2001,"EL","PPS","SHARE","Q3","Third quartile","Share of national equivalised income","Purchasing power standard (PPS)",26,
2003,"EL","PPS","SHARE","Q3","Third quartile","Share of national equivalised income","Purchasing power standard (PPS)",25.6,"b"
2004,"EL","PPS","SHARE","Q3","Third quartile","Share of national equivalised income","Purchasing power standard (PPS)",26.4,
2005,"EL","PPS","SHARE","Q3","Third quartile","Share of national equivalised income","Purchasing power standard (PPS)",25.7,
2006,"EL","PPS","SHARE","Q3","Third quartile","Share of national equivalised income","Purchasing power standard (PPS)",25.4,
2007,"EL","PPS","SHARE","Q3","Third quartile","Share of national equivalised income","Purchasing power standard (PPS)",25.3,
2008,"EL","PPS","SHARE","Q3","Third quartile","Share of national equivalised income","Purchasing power standard (PPS)",25.6,
2009,"EL","PPS","SHARE","Q3","Third quartile","Share of national equivalised income","Purchasing power standard (PPS)",25.5,
2010,"EL","PPS","SHARE","Q3","Third quartile","Share of national equivalised income","Purchasing power standard (PPS)",25.7,
2011,"EL","PPS","SHARE","Q3","Third quartile","Share of national equivalised income","Purchasing power standard (PPS)",26.2,
2012,"EL","PPS","SHARE","Q3","Third quartile","Share of national equivalised income","Purchasing power standard (PPS)",26.4,
2013,"EL","PPS","SHARE","Q3","Third quartile","Share of national equivalised income","Purchasing power standard (PPS)",26.3,
2014,"EL","PPS","SHARE","Q3","Third quartile","Share of national equivalised income","Purchasing power standard (PPS)",25.8,
2015,"EL","PPS","SHARE","Q3","Third quartile","Share of national equivalised income","Purchasing power standard (PPS)",26,
2016,"EL","PPS","SHARE","Q3","Third quartile","Share of national equivalised income","Purchasing power standard (PPS)",26,
2017,"EL","PPS","SHARE","Q3","Third quartile","Share of national equivalised income","Purchasing power standard (PPS)",26.1,
2018,"EL","PPS","SHARE","Q3","Third quartile","Share of national equivalised income","Purchasing power standard (PPS)",25.8,
2019,"EL","PPS","SHARE","Q3","Third quartile","Share of national equivalised income","Purchasing power standard (PPS)",26.2,
2020,"EL","PPS","SHARE","Q3","Third quartile","Share of national equivalised income","Purchasing power standard (PPS)",26,
2021,"EL","PPS","SHARE","Q3","Third quartile","Share of national equivalised income","Purchasing power standard (PPS)",26.2,
2022,"EL","PPS","SHARE","Q3","Third quartile","Share of national equivalised income","Purchasing power standard (PPS)",26,
2023,"EL","PPS","SHARE","Q3","Third quartile","Share of national equivalised income","Purchasing power standard (PPS)",25.6,
2024,"EL","PPS","SHARE","Q3","Third quartile","Share of national equivalised income","Purchasing power standard (PPS)",25.5,
2025,"EL","PPS","SHARE","Q3","Third quartile","Share of national equivalised income","Purchasing power standard (PPS)",25.4,
1995,"EL","EUR","SHARE","Q4","Fourth quartile","Share of national equivalised income","Euro",48,
1996,"EL","EUR","SHARE","Q4","Fourth quartile","Share of national equivalised income","Euro",48,
1997,"EL","EUR","SHARE","Q4","Fourth quartile","Share of national equivalised income","Euro",48,
1998,"EL","EUR","SHARE","Q4","Fourth quartile","Share of national equivalised income","Euro",48,
1999,"EL","EUR","SHARE","Q4","Fourth quartile","Share of national equivalised income","Euro",48,
2000,"EL","EUR","SHARE","Q4","Fourth quartile","Share of national equivalised income","Euro",47,
2001,"EL","EUR","SHARE","Q4","Fourth quartile","Share of national equivalised income","Euro",46,
2003,"EL","EUR","SHARE","Q4","Fourth quartile","Share of national equivalised income","Euro",47.9,
2004,"EL","EUR","SHARE","Q4","Fourth quartile","Share of national equivalised income","Euro",46.2,
2005,"EL","EUR","SHARE","Q4","Fourth quartile","Share of national equivalised income","Euro",46.9,
2006,"EL","EUR","SHARE","Q4","Fourth quartile","Share of national equivalised income","Euro",47.7,
2007,"EL","EUR","SHARE","Q4","Fourth quartile","Share of national equivalised income","Euro",47.8,
2008,"EL","EUR","SHARE","Q4","Fourth quartile","Share of national equivalised income","Euro",46.9,
2009,"EL","EUR","SHARE","Q4","Fourth quartile","Share of national equivalised income","Euro",46.7,
2010,"EL","EUR","SHARE","Q4","Fourth quartile","Share of national equivalised income","Euro",46.5,
2011,"EL","EUR","SHARE","Q4","Fourth quartile","Share of national equivalised income","Euro",46.7,
2012,"EL","EUR","SHARE","Q4","Fourth quartile","Share of national equivalised income","Euro",47,
2013,"EL","EUR","SHARE","Q4","Fourth quartile","Share of national equivalised income","Euro",47.1,
2014,"EL","EUR","SHARE","Q4","Fourth quartile","Share of national equivalised income","Euro",47.6,
2015,"EL","EUR","SHARE","Q4","Fourth quartile","Share of national equivalised income","Euro",47.2,
2016,"EL","EUR","SHARE","Q4","Fourth quartile","Share of national equivalised income","Euro",47.2,
2017,"EL","EUR","SHARE","Q4","Fourth quartile","Share of national equivalised income","Euro",46.5,
2018,"EL","EUR","SHARE","Q4","Fourth quartile","Share of national equivalised income","Euro",45.9,
2019,"EL","EUR","SHARE","Q4","Fourth quartile","Share of national equivalised income","Euro",44.9,
2020,"EL","EUR","SHARE","Q4","Fourth quartile","Share of national equivalised income","Euro",45.2,
2021,"EL","EUR","SHARE","Q4","Fourth quartile","Share of national equivalised income","Euro",45.7,
2022,"EL","EUR","SHARE","Q4","Fourth quartile","Share of national equivalised income","Euro",45.3,
2023,"EL","EUR","SHARE","Q4","Fourth quartile","Share of national equivalised income","Euro",45.7,
2024,"EL","EUR","SHARE","Q4","Fourth quartile","Share of national equivalised income","Euro",45.6,
2025,"EL","EUR","SHARE","Q4","Fourth quartile","Share of national equivalised income","Euro",45.5,
1995,"EL","NAC","SHARE","Q4","Fourth quartile","Share of national equivalised income","National currency",48,
1996,"EL","NAC","SHARE","Q4","Fourth quartile","Share of national equivalised income","National currency",48,
1997,"EL","NAC","SHARE","Q4","Fourth quartile","Share of national equivalised income","National currency",48,
1998,"EL","NAC","SHARE","Q4","Fourth quartile","Share of national equivalised income","National currency",48,
1999,"EL","NAC","SHARE","Q4","Fourth quartile","Share of national equivalised income","National currency",48,
2000,"EL","NAC","SHARE","Q4","Fourth quartile","Share of national equivalised income","National currency",47,
2001,"EL","NAC","SHARE","Q4","Fourth quartile","Share of national equivalised income","National currency",46,
2003,"EL","NAC","SHARE","Q4","Fourth quartile","Share of national equivalised income","National currency",47.9,
2004,"EL","NAC","SHARE","Q4","Fourth quartile","Share of national equivalised income","National currency",46.2,
2005,"EL","NAC","SHARE","Q4","Fourth quartile","Share of national equivalised income","National currency",46.9,
2006,"EL","NAC","SHARE","Q4","Fourth quartile","Share of national equivalised income","National currency",47.7,
2007,"EL","NAC","SHARE","Q4","Fourth quartile","Share of national equivalised income","National currency",47.8,
2008,"EL","NAC","SHARE","Q4","Fourth quartile","Share of national equivalised income","National currency",46.9,
2009,"EL","NAC","SHARE","Q4","Fourth quartile","Share of national equivalised income","National currency",46.7,
2010,"EL","NAC","SHARE","Q4","Fourth quartile","Share of national equivalised income","National currency",46.5,
2011,"EL","NAC","SHARE","Q4","Fourth quartile","Share of national equivalised income","National currency",46.7,
2012,"EL","NAC","SHARE","Q4","Fourth quartile","Share of national equivalised income","National currency",47,
2013,"EL","NAC","SHARE","Q4","Fourth quartile","Share of national equivalised income","National currency",47.1,
2014,"EL","NAC","SHARE","Q4","Fourth quartile","Share of national equivalised income","National currency",47.6,
2015,"EL","NAC","SHARE","Q4","Fourth quartile","Share of national equivalised income","National currency",47.2,
2016,"EL","NAC","SHARE","Q4","Fourth quartile","Share of national equivalised income","National currency",47.2,
2017,"EL","NAC","SHARE","Q4","Fourth quartile","Share of national equivalised income","National currency",46.5,
2018,"EL","NAC","SHARE","Q4","Fourth quartile","Share of national equivalised income","National currency",45.9,
2019,"EL","NAC","SHARE","Q4","Fourth quartile","Share of national equivalised income","National currency",44.9,
2020,"EL","NAC","SHARE","Q4","Fourth quartile","Share of national equivalised income","National currency",45.2,
2021,"EL","NAC","SHARE","Q4","Fourth quartile","Share of national equivalised income","National currency",45.7,
2022,"EL","NAC","SHARE","Q4","Fourth quartile","Share of national equivalised income","National currency",45.3,
2023,"EL","NAC","SHARE","Q4","Fourth quartile","Share of national equivalised income","National currency",45.7,
2024,"EL","NAC","SHARE","Q4","Fourth quartile","Share of national equivalised income","National currency",45.6,
2025,"EL","NAC","SHARE","Q4","Fourth quartile","Share of national equivalised income","National currency",45.5,
1995,"EL","PPS","SHARE","Q4","Fourth quartile","Share of national equivalised income","Purchasing power standard (PPS)",48,
1996,"EL","PPS","SHARE","Q4","Fourth quartile","Share of national equivalised income","Purchasing power standard (PPS)",48,
1997,"EL","PPS","SHARE","Q4","Fourth quartile","Share of national equivalised income","Purchasing power standard (PPS)",48,
1998,"EL","PPS","SHARE","Q4","Fourth quartile","Share of national equivalised income","Purchasing power standard (PPS)",48,
1999,"EL","PPS","SHARE","Q4","Fourth quartile","Share of national equivalised income","Purchasing power standard (PPS)",48,
2000,"EL","PPS","SHARE","Q4","Fourth quartile","Share of national equivalised income","Purchasing power standard (PPS)",47,
2001,"EL","PPS","SHARE","Q4","Fourth quartile","Share of national equivalised income","Purchasing power standard (PPS)",46,
2003,"EL","PPS","SHARE","Q4","Fourth quartile","Share of national equivalised income","Purchasing power standard (PPS)",47.9,
2004,"EL","PPS","SHARE","Q4","Fourth quartile","Share of national equivalised income","Purchasing power standard (PPS)",46.2,
2005,"EL","PPS","SHARE","Q4","Fourth quartile","Share of national equivalised income","Purchasing power standard (PPS)",46.9,
2006,"EL","PPS","SHARE","Q4","Fourth quartile","Share of national equivalised income","Purchasing power standard (PPS)",47.7,
2007,"EL","PPS","SHARE","Q4","Fourth quartile","Share of national equivalised income","Purchasing power standard (PPS)",47.8,
2008,"EL","PPS","SHARE","Q4","Fourth quartile","Share of national equivalised income","Purchasing power standard (PPS)",46.9,
2009,"EL","PPS","SHARE","Q4","Fourth quartile","Share of national equivalised income","Purchasing power standard (PPS)",46.7,
2010,"EL","PPS","SHARE","Q4","Fourth quartile","Share of national equivalised income","Purchasing power standard (PPS)",46.5,
2011,"EL","PPS","SHARE","Q4","Fourth quartile","Share of national equivalised income","Purchasing power standard (PPS)",46.7,
2012,"EL","PPS","SHARE","Q4","Fourth quartile","Share of national equivalised income","Purchasing power standard (PPS)",47,
2013,"EL","PPS","SHARE","Q4","Fourth quartile","Share of national equivalised income","Purchasing power standard (PPS)",47.1,
2014,"EL","PPS","SHARE","Q4","Fourth quartile","Share of national equivalised income","Purchasing power standard (PPS)",47.6,
2015,"EL","PPS","SHARE","Q4","Fourth quartile","Share of national equivalised income","Purchasing power standard (PPS)",47.2,
2016,"EL","PPS","SHARE","Q4","Fourth quartile","Share of national equivalised income","Purchasing power standard (PPS)",47.2,
2017,"EL","PPS","SHARE","Q4","Fourth quartile","Share of national equivalised income","Purchasing power standard (PPS)",46.5,
2018,"EL","PPS","SHARE","Q4","Fourth quartile","Share of national equivalised income","Purchasing power standard (PPS)",45.9,
2019,"EL","PPS","SHARE","Q4","Fourth quartile","Share of national equivalised income","Purchasing power standard (PPS)",44.9,
2020,"EL","PPS","SHARE","Q4","Fourth quartile","Share of national equivalised income","Purchasing power standard (PPS)",45.2,
2021,"EL","PPS","SHARE","Q4","Fourth quartile","Share of national equivalised income","Purchasing power standard (PPS)",45.7,
2022,"EL","PPS","SHARE","Q4","Fourth quartile","Share of national equivalised income","Purchasing power standard (PPS)",45.3,
2023,"EL","PPS","SHARE","Q4","Fourth quartile","Share of national equivalised income","Purchasing power standard (PPS)",45.7,
2024,"EL","PPS","SHARE","Q4","Fourth quartile","Share of national equivalised income","Purchasing power standard (PPS)",45.6,
2025,"EL","PPS","SHARE","Q4","Fourth quartile","Share of national equivalised income","Purchasing power standard (PPS)",45.5,
1995,"EL","EUR","TC","QU1","First quintile","Top cut-off point","Euro",2986,
1996,"EL","EUR","TC","QU1","First quintile","Top cut-off point","Euro",3177,
1997,"EL","EUR","TC","QU1","First quintile","Top cut-off point","Euro",3346,
1998,"EL","EUR","TC","QU1","First quintile","Top cut-off point","Euro",3758,
1999,"EL","EUR","TC","QU1","First quintile","Top cut-off point","Euro",3749,
2000,"EL","EUR","TC","QU1","First quintile","Top cut-off point","Euro",4171,
2001,"EL","EUR","TC","QU1","First quintile","Top cut-off point","Euro",4218,
2003,"EL","EUR","TC","QU1","First quintile","Top cut-off point","Euro",4849,"b"
2004,"EL","EUR","TC","QU1","First quintile","Top cut-off point","Euro",5322,
2005,"EL","EUR","TC","QU1","First quintile","Top cut-off point","Euro",5707,
2006,"EL","EUR","TC","QU1","First quintile","Top cut-off point","Euro",5820,
2007,"EL","EUR","TC","QU1","First quintile","Top cut-off point","Euro",6071,
2008,"EL","EUR","TC","QU1","First quintile","Top cut-off point","Euro",6452,
2009,"EL","EUR","TC","QU1","First quintile","Top cut-off point","Euro",7007,
2010,"EL","EUR","TC","QU1","First quintile","Top cut-off point","Euro",7148,
2011,"EL","EUR","TC","QU1","First quintile","Top cut-off point","Euro",6368,
2012,"EL","EUR","TC","QU1","First quintile","Top cut-off point","Euro",5293,
2013,"EL","EUR","TC","QU1","First quintile","Top cut-off point","Euro",4667,
2014,"EL","EUR","TC","QU1","First quintile","Top cut-off point","Euro",4357,
2015,"EL","EUR","TC","QU1","First quintile","Top cut-off point","Euro",4370,
2016,"EL","EUR","TC","QU1","First quintile","Top cut-off point","Euro",4320,
2017,"EL","EUR","TC","QU1","First quintile","Top cut-off point","Euro",4529,
2018,"EL","EUR","TC","QU1","First quintile","Top cut-off point","Euro",4865,
2019,"EL","EUR","TC","QU1","First quintile","Top cut-off point","Euro",5183,
2020,"EL","EUR","TC","QU1","First quintile","Top cut-off point","Euro",5561,
2021,"EL","EUR","TC","QU1","First quintile","Top cut-off point","Euro",5314,
2022,"EL","EUR","TC","QU1","First quintile","Top cut-off point","Euro",5900,
2023,"EL","EUR","TC","QU1","First quintile","Top cut-off point","Euro",6280,
2024,"EL","EUR","TC","QU1","First quintile","Top cut-off point","Euro",6653,
2025,"EL","EUR","TC","QU1","First quintile","Top cut-off point","Euro",7110,
1995,"EL","NAC","TC","QU1","First quintile","Top cut-off point","National currency",2555,
1996,"EL","NAC","TC","QU1","First quintile","Top cut-off point","National currency",2859,
1997,"EL","NAC","TC","QU1","First quintile","Top cut-off point","National currency",3037,
1998,"EL","NAC","TC","QU1","First quintile","Top cut-off point","National currency",3453,
1999,"EL","NAC","TC","QU1","First quintile","Top cut-off point","National currency",3683,
2000,"EL","NAC","TC","QU1","First quintile","Top cut-off point","National currency",4037,
2001,"EL","NAC","TC","QU1","First quintile","Top cut-off point","National currency",4218,
2003,"EL","NAC","TC","QU1","First quintile","Top cut-off point","National currency",4849,"b"
2004,"EL","NAC","TC","QU1","First quintile","Top cut-off point","National currency",5322,
2005,"EL","NAC","TC","QU1","First quintile","Top cut-off point","National currency",5707,
2006,"EL","NAC","TC","QU1","First quintile","Top cut-off point","National currency",5820,
2007,"EL","NAC","TC","QU1","First quintile","Top cut-off point","National currency",6071,
2008,"EL","NAC","TC","QU1","First quintile","Top cut-off point","National currency",6452,
2009,"EL","NAC","TC","QU1","First quintile","Top cut-off point","National currency",7007,
2010,"EL","NAC","TC","QU1","First quintile","Top cut-off point","National currency",7148,
2011,"EL","NAC","TC","QU1","First quintile","Top cut-off point","National currency",6368,
2012,"EL","NAC","TC","QU1","First quintile","Top cut-off point","National currency",5293,
2013,"EL","NAC","TC","QU1","First quintile","Top cut-off point","National currency",4667,
2014,"EL","NAC","TC","QU1","First quintile","Top cut-off point","National currency",4357,
2015,"EL","NAC","TC","QU1","First quintile","Top cut-off point","National currency",4370,
2016,"EL","NAC","TC","QU1","First quintile","Top cut-off point","National currency",4320,
2017,"EL","NAC","TC","QU1","First quintile","Top cut-off point","National currency",4529,
2018,"EL","NAC","TC","QU1","First quintile","Top cut-off point","National currency",4865,
2019,"EL","NAC","TC","QU1","First quintile","Top cut-off point","National currency",5183,
2020,"EL","NAC","TC","QU1","First quintile","Top cut-off point","National currency",5561,
2021,"EL","NAC","TC","QU1","First quintile","Top cut-off point","National currency",5314,
2022,"EL","NAC","TC","QU1","First quintile","Top cut-off point","National currency",5900,
2023,"EL","NAC","TC","QU1","First quintile","Top cut-off point","National currency",6280,
2024,"EL","NAC","TC","QU1","First quintile","Top cut-off point","National currency",6653,
2025,"EL","NAC","TC","QU1","First quintile","Top cut-off point","National currency",7110,
1995,"EL","PPS","TC","QU1","First quintile","Top cut-off point","Purchasing power standard (PPS)",3843,
1996,"EL","PPS","TC","QU1","First quintile","Top cut-off point","Purchasing power standard (PPS)",4070,
1997,"EL","PPS","TC","QU1","First quintile","Top cut-off point","Purchasing power standard (PPS)",4155,
1998,"EL","PPS","TC","QU1","First quintile","Top cut-off point","Purchasing power standard (PPS)",4539,
1999,"EL","PPS","TC","QU1","First quintile","Top cut-off point","Purchasing power standard (PPS)",4677,
2000,"EL","PPS","TC","QU1","First quintile","Top cut-off point","Purchasing power standard (PPS)",5313,
2001,"EL","PPS","TC","QU1","First quintile","Top cut-off point","Purchasing power standard (PPS)",5384,
2003,"EL","PPS","TC","QU1","First quintile","Top cut-off point","Purchasing power standard (PPS)",6047,"b"
2004,"EL","PPS","TC","QU1","First quintile","Top cut-off point","Purchasing power standard (PPS)",6197,
2005,"EL","PPS","TC","QU1","First quintile","Top cut-off point","Purchasing power standard (PPS)",6515,
2006,"EL","PPS","TC","QU1","First quintile","Top cut-off point","Purchasing power standard (PPS)",6595,
2007,"EL","PPS","TC","QU1","First quintile","Top cut-off point","Purchasing power standard (PPS)",6818,
2008,"EL","PPS","TC","QU1","First quintile","Top cut-off point","Purchasing power standard (PPS)",7188,
2009,"EL","PPS","TC","QU1","First quintile","Top cut-off point","Purchasing power standard (PPS)",7640,
2010,"EL","PPS","TC","QU1","First quintile","Top cut-off point","Purchasing power standard (PPS)",7528,
2011,"EL","PPS","TC","QU1","First quintile","Top cut-off point","Purchasing power standard (PPS)",6740,
2012,"EL","PPS","TC","QU1","First quintile","Top cut-off point","Purchasing power standard (PPS)",5599,
2013,"EL","PPS","TC","QU1","First quintile","Top cut-off point","Purchasing power standard (PPS)",5043,
2014,"EL","PPS","TC","QU1","First quintile","Top cut-off point","Purchasing power standard (PPS)",4921,
2015,"EL","PPS","TC","QU1","First quintile","Top cut-off point","Purchasing power standard (PPS)",5115,
2016,"EL","PPS","TC","QU1","First quintile","Top cut-off point","Purchasing power standard (PPS)",5212,
2017,"EL","PPS","TC","QU1","First quintile","Top cut-off point","Purchasing power standard (PPS)",5384,
2018,"EL","PPS","TC","QU1","First quintile","Top cut-off point","Purchasing power standard (PPS)",5720,
2019,"EL","PPS","TC","QU1","First quintile","Top cut-off point","Purchasing power standard (PPS)",6176,
2020,"EL","PPS","TC","QU1","First quintile","Top cut-off point","Purchasing power standard (PPS)",6444,
2021,"EL","PPS","TC","QU1","First quintile","Top cut-off point","Purchasing power standard (PPS)",6022,
2022,"EL","PPS","TC","QU1","First quintile","Top cut-off point","Purchasing power standard (PPS)",6719,
2023,"EL","PPS","TC","QU1","First quintile","Top cut-off point","Purchasing power standard (PPS)",7117,
2024,"EL","PPS","TC","QU1","First quintile","Top cut-off point","Purchasing power standard (PPS)",7626,
2025,"EL","PPS","TC","QU1","First quintile","Top cut-off point","Purchasing power standard (PPS)",8272,
1995,"EL","EUR","SHARE","QU1","First quintile","Share of national equivalised income","Euro",6,
1996,"EL","EUR","SHARE","QU1","First quintile","Share of national equivalised income","Euro",6,
1997,"EL","EUR","SHARE","QU1","First quintile","Share of national equivalised income","Euro",6,
1998,"EL","EUR","SHARE","QU1","First quintile","Share of national equivalised income","Euro",6,
1999,"EL","EUR","SHARE","QU1","First quintile","Share of national equivalised income","Euro",7,
2000,"EL","EUR","SHARE","QU1","First quintile","Share of national equivalised income","Euro",7,
2001,"EL","EUR","SHARE","QU1","First quintile","Share of national equivalised income","Euro",7,
2003,"EL","EUR","SHARE","QU1","First quintile","Share of national equivalised income","Euro",6.5,"b"
2004,"EL","EUR","SHARE","QU1","First quintile","Share of national equivalised income","Euro",6.7,
2005,"EL","EUR","SHARE","QU1","First quintile","Share of national equivalised income","Euro",7,
2006,"EL","EUR","SHARE","QU1","First quintile","Share of national equivalised income","Euro",6.8,
2007,"EL","EUR","SHARE","QU1","First quintile","Share of national equivalised income","Euro",6.9,
2008,"EL","EUR","SHARE","QU1","First quintile","Share of national equivalised income","Euro",6.9,
2009,"EL","EUR","SHARE","QU1","First quintile","Share of national equivalised income","Euro",7,
2010,"EL","EUR","SHARE","QU1","First quintile","Share of national equivalised income","Euro",7.2,
2011,"EL","EUR","SHARE","QU1","First quintile","Share of national equivalised income","Euro",6.8,
2012,"EL","EUR","SHARE","QU1","First quintile","Share of national equivalised income","Euro",6.1,
2013,"EL","EUR","SHARE","QU1","First quintile","Share of national equivalised income","Euro",6.1,
2014,"EL","EUR","SHARE","QU1","First quintile","Share of national equivalised income","Euro",6.4,
2015,"EL","EUR","SHARE","QU1","First quintile","Share of national equivalised income","Euro",6.2,
2016,"EL","EUR","SHARE","QU1","First quintile","Share of national equivalised income","Euro",6.2,
2017,"EL","EUR","SHARE","QU1","First quintile","Share of national equivalised income","Euro",6.6,
2018,"EL","EUR","SHARE","QU1","First quintile","Share of national equivalised income","Euro",7.2,
2019,"EL","EUR","SHARE","QU1","First quintile","Share of national equivalised income","Euro",7.5,
2020,"EL","EUR","SHARE","QU1","First quintile","Share of national equivalised income","Euro",7.4,
2021,"EL","EUR","SHARE","QU1","First quintile","Share of national equivalised income","Euro",6.8,
2022,"EL","EUR","SHARE","QU1","First quintile","Share of national equivalised income","Euro",7.4,
2023,"EL","EUR","SHARE","QU1","First quintile","Share of national equivalised income","Euro",7.5,
2024,"EL","EUR","SHARE","QU1","First quintile","Share of national equivalised income","Euro",7.5,
2025,"EL","EUR","SHARE","QU1","First quintile","Share of national equivalised income","Euro",7.6,
1995,"EL","NAC","SHARE","QU1","First quintile","Share of national equivalised income","National currency",6,
1996,"EL","NAC","SHARE","QU1","First quintile","Share of national equivalised income","National currency",6,
1997,"EL","NAC","SHARE","QU1","First quintile","Share of national equivalised income","National currency",6,
1998,"EL","NAC","SHARE","QU1","First quintile","Share of national equivalised income","National currency",6,
1999,"EL","NAC","SHARE","QU1","First quintile","Share of national equivalised income","National currency",7,
2000,"EL","NAC","SHARE","QU1","First quintile","Share of national equivalised income","National currency",7,
2001,"EL","NAC","SHARE","QU1","First quintile","Share of national equivalised income","National currency",7,
2003,"EL","NAC","SHARE","QU1","First quintile","Share of national equivalised income","National currency",6.5,"b"
2004,"EL","NAC","SHARE","QU1","First quintile","Share of national equivalised income","National currency",6.7,
2005,"EL","NAC","SHARE","QU1","First quintile","Share of national equivalised income","National currency",7,
2006,"EL","NAC","SHARE","QU1","First quintile","Share of national equivalised income","National currency",6.8,
2007,"EL","NAC","SHARE","QU1","First quintile","Share of national equivalised income","National currency",6.9,
2008,"EL","NAC","SHARE","QU1","First quintile","Share of national equivalised income","National currency",6.9,
2009,"EL","NAC","SHARE","QU1","First quintile","Share of national equivalised income","National currency",7,
2010,"EL","NAC","SHARE","QU1","First quintile","Share of national equivalised income","National currency",7.2,
2011,"EL","NAC","SHARE","QU1","First quintile","Share of national equivalised income","National currency",6.8,
2012,"EL","NAC","SHARE","QU1","First quintile","Share of national equivalised income","National currency",6.1,
2013,"EL","NAC","SHARE","QU1","First quintile","Share of national equivalised income","National currency",6.1,
2014,"EL","NAC","SHARE","QU1","First quintile","Share of national equivalised income","National currency",6.4,
2015,"EL","NAC","SHARE","QU1","First quintile","Share of national equivalised income","National currency",6.2,
2016,"EL","NAC","SHARE","QU1","First quintile","Share of national equivalised income","National currency",6.2,
2017,"EL","NAC","SHARE","QU1","First quintile","Share of national equivalised income","National currency",6.6,
2018,"EL","NAC","SHARE","QU1","First quintile","Share of national equivalised income","National currency",7.2,
2019,"EL","NAC","SHARE","QU1","First quintile","Share of national equivalised income","National currency",7.5,
2020,"EL","NAC","SHARE","QU1","First quintile","Share of national equivalised income","National currency",7.4,
2021,"EL","NAC","SHARE","QU1","First quintile","Share of national equivalised income","National currency",6.8,
2022,"EL","NAC","SHARE","QU1","First quintile","Share of national equivalised income","National currency",7.4,
2023,"EL","NAC","SHARE","QU1","First quintile","Share of national equivalised income","National currency",7.5,
2024,"EL","NAC","SHARE","QU1","First quintile","Share of national equivalised income","National currency",7.5,
2025,"EL","NAC","SHARE","QU1","First quintile","Share of national equivalised income","National currency",7.6,
1995,"EL","PPS","SHARE","QU1","First quintile","Share of national equivalised income","Purchasing power standard (PPS)",6,
1996,"EL","PPS","SHARE","QU1","First quintile","Share of national equivalised income","Purchasing power standard (PPS)",6,
1997,"EL","PPS","SHARE","QU1","First quintile","Share of national equivalised income","Purchasing power standard (PPS)",6,
1998,"EL","PPS","SHARE","QU1","First quintile","Share of national equivalised income","Purchasing power standard (PPS)",6,
1999,"EL","PPS","SHARE","QU1","First quintile","Share of national equivalised income","Purchasing power standard (PPS)",7,
2000,"EL","PPS","SHARE","QU1","First quintile","Share of national equivalised income","Purchasing power standard (PPS)",7,
2001,"EL","PPS","SHARE","QU1","First quintile","Share of national equivalised income","Purchasing power standard (PPS)",7,
2003,"EL","PPS","SHARE","QU1","First quintile","Share of national equivalised income","Purchasing power standard (PPS)",6.5,"b"
2004,"EL","PPS","SHARE","QU1","First quintile","Share of national equivalised income","Purchasing power standard (PPS)",6.7,
2005,"EL","PPS","SHARE","QU1","First quintile","Share of national equivalised income","Purchasing power standard (PPS)",7,
2006,"EL","PPS","SHARE","QU1","First quintile","Share of national equivalised income","Purchasing power standard (PPS)",6.8,
2007,"EL","PPS","SHARE","QU1","First quintile","Share of national equivalised income","Purchasing power standard (PPS)",6.9,
2008,"EL","PPS","SHARE","QU1","First quintile","Share of national equivalised income","Purchasing power standard (PPS)",6.9,
2009,"EL","PPS","SHARE","QU1","First quintile","Share of national equivalised income","Purchasing power standard (PPS)",7,
2010,"EL","PPS","SHARE","QU1","First quintile","Share of national equivalised income","Purchasing power standard (PPS)",7.2,
2011,"EL","PPS","SHARE","QU1","First quintile","Share of national equivalised income","Purchasing power standard (PPS)",6.8,
2012,"EL","PPS","SHARE","QU1","First quintile","Share of national equivalised income","Purchasing power standard (PPS)",6.1,
2013,"EL","PPS","SHARE","QU1","First quintile","Share of national equivalised income","Purchasing power standard (PPS)",6.1,
2014,"EL","PPS","SHARE","QU1","First quintile","Share of national equivalised income","Purchasing power standard (PPS)",6.4,
2015,"EL","PPS","SHARE","QU1","First quintile","Share of national equivalised income","Purchasing power standard (PPS)",6.2,
2016,"EL","PPS","SHARE","QU1","First quintile","Share of national equivalised income","Purchasing power standard (PPS)",6.2,
2017,"EL","PPS","SHARE","QU1","First quintile","Share of national equivalised income","Purchasing power standard (PPS)",6.6,
2018,"EL","PPS","SHARE","QU1","First quintile","Share of national equivalised income","Purchasing power standard (PPS)",7.2,
2019,"EL","PPS","SHARE","QU1","First quintile","Share of national equivalised income","Purchasing power standard (PPS)",7.5,
2020,"EL","PPS","SHARE","QU1","First quintile","Share of national equivalised income","Purchasing power standard (PPS)",7.4,
2021,"EL","PPS","SHARE","QU1","First quintile","Share of national equivalised income","Purchasing power standard (PPS)",6.8,
2022,"EL","PPS","SHARE","QU1","First quintile","Share of national equivalised income","Purchasing power standard (PPS)",7.4,
2023,"EL","PPS","SHARE","QU1","First quintile","Share of national equivalised income","Purchasing power standard (PPS)",7.5,
2024,"EL","PPS","SHARE","QU1","First quintile","Share of national equivalised income","Purchasing power standard (PPS)",7.5,
2025,"EL","PPS","SHARE","QU1","First quintile","Share of national equivalised income","Purchasing power standard (PPS)",7.6,
1995,"EL","EUR","TC","QU2","Second quintile","Top cut-off point","Euro",4467,
1996,"EL","EUR","TC","QU2","Second quintile","Top cut-off point","Euro",4631,
1997,"EL","EUR","TC","QU2","Second quintile","Top cut-off point","Euro",5018,
1998,"EL","EUR","TC","QU2","Second quintile","Top cut-off point","Euro",5562,
1999,"EL","EUR","TC","QU2","Second quintile","Top cut-off point","Euro",5521,
2000,"EL","EUR","TC","QU2","Second quintile","Top cut-off point","Euro",5968,
2001,"EL","EUR","TC","QU2","Second quintile","Top cut-off point","Euro",6029,
2003,"EL","EUR","TC","QU2","Second quintile","Top cut-off point","Euro",6967,"b"
2004,"EL","EUR","TC","QU2","Second quintile","Top cut-off point","Euro",7572,
2005,"EL","EUR","TC","QU2","Second quintile","Top cut-off point","Euro",8216,
2006,"EL","EUR","TC","QU2","Second quintile","Top cut-off point","Euro",8409,
2007,"EL","EUR","TC","QU2","Second quintile","Top cut-off point","Euro",8710,
2008,"EL","EUR","TC","QU2","Second quintile","Top cut-off point","Euro",9500,
2009,"EL","EUR","TC","QU2","Second quintile","Top cut-off point","Euro",10025,
2010,"EL","EUR","TC","QU2","Second quintile","Top cut-off point","Euro",10333,
2011,"EL","EUR","TC","QU2","Second quintile","Top cut-off point","Euro",9240,
2012,"EL","EUR","TC","QU2","Second quintile","Top cut-off point","Euro",8000,
2013,"EL","EUR","TC","QU2","Second quintile","Top cut-off point","Euro",6870,
2014,"EL","EUR","TC","QU2","Second quintile","Top cut-off point","Euro",6428,
2015,"EL","EUR","TC","QU2","Second quintile","Top cut-off point","Euro",6457,
2016,"EL","EUR","TC","QU2","Second quintile","Top cut-off point","Euro",6457,
2017,"EL","EUR","TC","QU2","Second quintile","Top cut-off point","Euro",6616,
2018,"EL","EUR","TC","QU2","Second quintile","Top cut-off point","Euro",6820,
2019,"EL","EUR","TC","QU2","Second quintile","Top cut-off point","Euro",7185,
2020,"EL","EUR","TC","QU2","Second quintile","Top cut-off point","Euro",7622,
2021,"EL","EUR","TC","QU2","Second quintile","Top cut-off point","Euro",7633,
2022,"EL","EUR","TC","QU2","Second quintile","Top cut-off point","Euro",8247,
2023,"EL","EUR","TC","QU2","Second quintile","Top cut-off point","Euro",8765,
2024,"EL","EUR","TC","QU2","Second quintile","Top cut-off point","Euro",9513,
2025,"EL","EUR","TC","QU2","Second quintile","Top cut-off point","Euro",10269,
1995,"EL","NAC","TC","QU2","Second quintile","Top cut-off point","National currency",3822,
1996,"EL","NAC","TC","QU2","Second quintile","Top cut-off point","National currency",4167,
1997,"EL","NAC","TC","QU2","Second quintile","Top cut-off point","National currency",4554,
1998,"EL","NAC","TC","QU2","Second quintile","Top cut-off point","National currency",5111,
1999,"EL","NAC","TC","QU2","Second quintile","Top cut-off point","National currency",5424,
2000,"EL","NAC","TC","QU2","Second quintile","Top cut-off point","National currency",5775,
2001,"EL","NAC","TC","QU2","Second quintile","Top cut-off point","National currency",6029,
2003,"EL","NAC","TC","QU2","Second quintile","Top cut-off point","National currency",6967,"b"
2004,"EL","NAC","TC","QU2","Second quintile","Top cut-off point","National currency",7572,
2005,"EL","NAC","TC","QU2","Second quintile","Top cut-off point","National currency",8216,
2006,"EL","NAC","TC","QU2","Second quintile","Top cut-off point","National currency",8409,
2007,"EL","NAC","TC","QU2","Second quintile","Top cut-off point","National currency",8710,
2008,"EL","NAC","TC","QU2","Second quintile","Top cut-off point","National currency",9500,
2009,"EL","NAC","TC","QU2","Second quintile","Top cut-off point","National currency",10025,
2010,"EL","NAC","TC","QU2","Second quintile","Top cut-off point","National currency",10333,
2011,"EL","NAC","TC","QU2","Second quintile","Top cut-off point","National currency",9240,
2012,"EL","NAC","TC","QU2","Second quintile","Top cut-off point","National currency",8000,
2013,"EL","NAC","TC","QU2","Second quintile","Top cut-off point","National currency",6870,
2014,"EL","NAC","TC","QU2","Second quintile","Top cut-off point","National currency",6428,
2015,"EL","NAC","TC","QU2","Second quintile","Top cut-off point","National currency",6457,
2016,"EL","NAC","TC","QU2","Second quintile","Top cut-off point","National currency",6457,
2017,"EL","NAC","TC","QU2","Second quintile","Top cut-off point","National currency",6616,
2018,"EL","NAC","TC","QU2","Second quintile","Top cut-off point","National currency",6820,
2019,"EL","NAC","TC","QU2","Second quintile","Top cut-off point","National currency",7185,
2020,"EL","NAC","TC","QU2","Second quintile","Top cut-off point","National currency",7622,
2021,"EL","NAC","TC","QU2","Second quintile","Top cut-off point","National currency",7633,
2022,"EL","NAC","TC","QU2","Second quintile","Top cut-off point","National currency",8247,
2023,"EL","NAC","TC","QU2","Second quintile","Top cut-off point","National currency",8765,
2024,"EL","NAC","TC","QU2","Second quintile","Top cut-off point","National currency",9513,
2025,"EL","NAC","TC","QU2","Second quintile","Top cut-off point","National currency",10269,
1995,"EL","PPS","TC","QU2","Second quintile","Top cut-off point","Purchasing power standard (PPS)",5749,
1996,"EL","PPS","TC","QU2","Second quintile","Top cut-off point","Purchasing power standard (PPS)",5932,
1997,"EL","PPS","TC","QU2","Second quintile","Top cut-off point","Purchasing power standard (PPS)",6231,
1998,"EL","PPS","TC","QU2","Second quintile","Top cut-off point","Purchasing power standard (PPS)",6719,
1999,"EL","PPS","TC","QU2","Second quintile","Top cut-off point","Purchasing power standard (PPS)",6888,
2000,"EL","PPS","TC","QU2","Second quintile","Top cut-off point","Purchasing power standard (PPS)",7602,
2001,"EL","PPS","TC","QU2","Second quintile","Top cut-off point","Purchasing power standard (PPS)",7697,
2003,"EL","PPS","TC","QU2","Second quintile","Top cut-off point","Purchasing power standard (PPS)",8688,"b"
2004,"EL","PPS","TC","QU2","Second quintile","Top cut-off point","Purchasing power standard (PPS)",8817,
2005,"EL","PPS","TC","QU2","Second quintile","Top cut-off point","Purchasing power standard (PPS)",9380,
2006,"EL","PPS","TC","QU2","Second quintile","Top cut-off point","Purchasing power standard (PPS)",9528,
2007,"EL","PPS","TC","QU2","Second quintile","Top cut-off point","Purchasing power standard (PPS)",9781,
2008,"EL","PPS","TC","QU2","Second quintile","Top cut-off point","Purchasing power standard (PPS)",10584,
2009,"EL","PPS","TC","QU2","Second quintile","Top cut-off point","Purchasing power standard (PPS)",10931,
2010,"EL","PPS","TC","QU2","Second quintile","Top cut-off point","Purchasing power standard (PPS)",10883,
2011,"EL","PPS","TC","QU2","Second quintile","Top cut-off point","Purchasing power standard (PPS)",9780,
2012,"EL","PPS","TC","QU2","Second quintile","Top cut-off point","Purchasing power standard (PPS)",8463,
2013,"EL","PPS","TC","QU2","Second quintile","Top cut-off point","Purchasing power standard (PPS)",7424,
2014,"EL","PPS","TC","QU2","Second quintile","Top cut-off point","Purchasing power standard (PPS)",7260,
2015,"EL","PPS","TC","QU2","Second quintile","Top cut-off point","Purchasing power standard (PPS)",7558,
2016,"EL","PPS","TC","QU2","Second quintile","Top cut-off point","Purchasing power standard (PPS)",7790,
2017,"EL","PPS","TC","QU2","Second quintile","Top cut-off point","Purchasing power standard (PPS)",7865,
2018,"EL","PPS","TC","QU2","Second quintile","Top cut-off point","Purchasing power standard (PPS)",8019,
2019,"EL","PPS","TC","QU2","Second quintile","Top cut-off point","Purchasing power standard (PPS)",8561,
2020,"EL","PPS","TC","QU2","Second quintile","Top cut-off point","Purchasing power standard (PPS)",8831,
2021,"EL","PPS","TC","QU2","Second quintile","Top cut-off point","Purchasing power standard (PPS)",8650,
2022,"EL","PPS","TC","QU2","Second quintile","Top cut-off point","Purchasing power standard (PPS)",9391,
2023,"EL","PPS","TC","QU2","Second quintile","Top cut-off point","Purchasing power standard (PPS)",9933,
2024,"EL","PPS","TC","QU2","Second quintile","Top cut-off point","Purchasing power standard (PPS)",10904,
2025,"EL","PPS","TC","QU2","Second quintile","Top cut-off point","Purchasing power standard (PPS)",11947,
1995,"EL","EUR","SHARE","QU2","Second quintile","Share of national equivalised income","Euro",12,
1996,"EL","EUR","SHARE","QU2","Second quintile","Share of national equivalised income","Euro",12,
1997,"EL","EUR","SHARE","QU2","Second quintile","Share of national equivalised income","Euro",12,
1998,"EL","EUR","SHARE","QU2","Second quintile","Share of national equivalised income","Euro",12,
1999,"EL","EUR","SHARE","QU2","Second quintile","Share of national equivalised income","Euro",12,
2000,"EL","EUR","SHARE","QU2","Second quintile","Share of national equivalised income","Euro",12,
2001,"EL","EUR","SHARE","QU2","Second quintile","Share of national equivalised income","Euro",12,
2003,"EL","EUR","SHARE","QU2","Second quintile","Share of national equivalised income","Euro",12.2,"b"
2004,"EL","EUR","SHARE","QU2","Second quintile","Share of national equivalised income","Euro",12.6,
2005,"EL","EUR","SHARE","QU2","Second quintile","Share of national equivalised income","Euro",12.6,
2006,"EL","EUR","SHARE","QU2","Second quintile","Share of national equivalised income","Euro",12.2,
2007,"EL","EUR","SHARE","QU2","Second quintile","Share of national equivalised income","Euro",12.2,
2008,"EL","EUR","SHARE","QU2","Second quintile","Share of national equivalised income","Euro",12.6,
2009,"EL","EUR","SHARE","QU2","Second quintile","Share of national equivalised income","Euro",12.8,
2010,"EL","EUR","SHARE","QU2","Second quintile","Share of national equivalised income","Euro",12.6,
2011,"EL","EUR","SHARE","QU2","Second quintile","Share of national equivalised income","Euro",12.4,
2012,"EL","EUR","SHARE","QU2","Second quintile","Share of national equivalised income","Euro",12.4,
2013,"EL","EUR","SHARE","QU2","Second quintile","Share of national equivalised income","Euro",12.4,
2014,"EL","EUR","SHARE","QU2","Second quintile","Share of national equivalised income","Euro",12.3,
2015,"EL","EUR","SHARE","QU2","Second quintile","Share of national equivalised income","Euro",12.5,
2016,"EL","EUR","SHARE","QU2","Second quintile","Share of national equivalised income","Euro",12.5,
2017,"EL","EUR","SHARE","QU2","Second quintile","Share of national equivalised income","Euro",12.8,
2018,"EL","EUR","SHARE","QU2","Second quintile","Share of national equivalised income","Euro",13,
2019,"EL","EUR","SHARE","QU2","Second quintile","Share of national equivalised income","Euro",13.2,
2020,"EL","EUR","SHARE","QU2","Second quintile","Share of national equivalised income","Euro",13.1,
2021,"EL","EUR","SHARE","QU2","Second quintile","Share of national equivalised income","Euro",13.1,
2022,"EL","EUR","SHARE","QU2","Second quintile","Share of national equivalised income","Euro",13.1,
2023,"EL","EUR","SHARE","QU2","Second quintile","Share of national equivalised income","Euro",13.2,
2024,"EL","EUR","SHARE","QU2","Second quintile","Share of national equivalised income","Euro",13.2,
2025,"EL","EUR","SHARE","QU2","Second quintile","Share of national equivalised income","Euro",13.2,
1995,"EL","NAC","SHARE","QU2","Second quintile","Share of national equivalised income","National currency",12,
1996,"EL","NAC","SHARE","QU2","Second quintile","Share of national equivalised income","National currency",12,
1997,"EL","NAC","SHARE","QU2","Second quintile","Share of national equivalised income","National currency",12,
1998,"EL","NAC","SHARE","QU2","Second quintile","Share of national equivalised income","National currency",12,
1999,"EL","NAC","SHARE","QU2","Second quintile","Share of national equivalised income","National currency",12,
2000,"EL","NAC","SHARE","QU2","Second quintile","Share of national equivalised income","National currency",12,
2001,"EL","NAC","SHARE","QU2","Second quintile","Share of national equivalised income","National currency",12,
2003,"EL","NAC","SHARE","QU2","Second quintile","Share of national equivalised income","National currency",12.2,"b"
2004,"EL","NAC","SHARE","QU2","Second quintile","Share of national equivalised income","National currency",12.6,
2005,"EL","NAC","SHARE","QU2","Second quintile","Share of national equivalised income","National currency",12.6,
2006,"EL","NAC","SHARE","QU2","Second quintile","Share of national equivalised income","National currency",12.2,
2007,"EL","NAC","SHARE","QU2","Second quintile","Share of national equivalised income","National currency",12.2,
2008,"EL","NAC","SHARE","QU2","Second quintile","Share of national equivalised income","National currency",12.6,
2009,"EL","NAC","SHARE","QU2","Second quintile","Share of national equivalised income","National currency",12.8,
2010,"EL","NAC","SHARE","QU2","Second quintile","Share of national equivalised income","National currency",12.6,
2011,"EL","NAC","SHARE","QU2","Second quintile","Share of national equivalised income","National currency",12.4,
2012,"EL","NAC","SHARE","QU2","Second quintile","Share of national equivalised income","National currency",12.4,
2013,"EL","NAC","SHARE","QU2","Second quintile","Share of national equivalised income","National currency",12.4,
2014,"EL","NAC","SHARE","QU2","Second quintile","Share of national equivalised income","National currency",12.3,
2015,"EL","NAC","SHARE","QU2","Second quintile","Share of national equivalised income","National currency",12.5,
2016,"EL","NAC","SHARE","QU2","Second quintile","Share of national equivalised income","National currency",12.5,
2017,"EL","NAC","SHARE","QU2","Second quintile","Share of national equivalised income","National currency",12.8,
2018,"EL","NAC","SHARE","QU2","Second quintile","Share of national equivalised income","National currency",13,
2019,"EL","NAC","SHARE","QU2","Second quintile","Share of national equivalised income","National currency",13.2,
2020,"EL","NAC","SHARE","QU2","Second quintile","Share of national equivalised income","National currency",13.1,
2021,"EL","NAC","SHARE","QU2","Second quintile","Share of national equivalised income","National currency",13.1,
2022,"EL","NAC","SHARE","QU2","Second quintile","Share of national equivalised income","National currency",13.1,
2023,"EL","NAC","SHARE","QU2","Second quintile","Share of national equivalised income","National currency",13.2,
2024,"EL","NAC","SHARE","QU2","Second quintile","Share of national equivalised income","National currency",13.2,
2025,"EL","NAC","SHARE","QU2","Second quintile","Share of national equivalised income","National currency",13.2,
1995,"EL","PPS","SHARE","QU2","Second quintile","Share of national equivalised income","Purchasing power standard (PPS)",12,
1996,"EL","PPS","SHARE","QU2","Second quintile","Share of national equivalised income","Purchasing power standard (PPS)",12,
1997,"EL","PPS","SHARE","QU2","Second quintile","Share of national equivalised income","Purchasing power standard (PPS)",12,
1998,"EL","PPS","SHARE","QU2","Second quintile","Share of national equivalised income","Purchasing power standard (PPS)",12,
1999,"EL","PPS","SHARE","QU2","Second quintile","Share of national equivalised income","Purchasing power standard (PPS)",12,
2000,"EL","PPS","SHARE","QU2","Second quintile","Share of national equivalised income","Purchasing power standard (PPS)",12,
2001,"EL","PPS","SHARE","QU2","Second quintile","Share of national equivalised income","Purchasing power standard (PPS)",12,
2003,"EL","PPS","SHARE","QU2","Second quintile","Share of national equivalised income","Purchasing power standard (PPS)",12.2,"b"
2004,"EL","PPS","SHARE","QU2","Second quintile","Share of national equivalised income","Purchasing power standard (PPS)",12.6,
2005,"EL","PPS","SHARE","QU2","Second quintile","Share of national equivalised income","Purchasing power standard (PPS)",12.6,
2006,"EL","PPS","SHARE","QU2","Second quintile","Share of national equivalised income","Purchasing power standard (PPS)",12.2,
2007,"EL","PPS","SHARE","QU2","Second quintile","Share of national equivalised income","Purchasing power standard (PPS)",12.2,
2008,"EL","PPS","SHARE","QU2","Second quintile","Share of national equivalised income","Purchasing power standard (PPS)",12.6,
2009,"EL","PPS","SHARE","QU2","Second quintile","Share of national equivalised income","Purchasing power standard (PPS)",12.8,
2010,"EL","PPS","SHARE","QU2","Second quintile","Share of national equivalised income","Purchasing power standard (PPS)",12.6,
2011,"EL","PPS","SHARE","QU2","Second quintile","Share of national equivalised income","Purchasing power standard (PPS)",12.4,
2012,"EL","PPS","SHARE","QU2","Second quintile","Share of national equivalised income","Purchasing power standard (PPS)",12.4,
2013,"EL","PPS","SHARE","QU2","Second quintile","Share of national equivalised income","Purchasing power standard (PPS)",12.4,
2014,"EL","PPS","SHARE","QU2","Second quintile","Share of national equivalised income","Purchasing power standard (PPS)",12.3,
2015,"EL","PPS","SHARE","QU2","Second quintile","Share of national equivalised income","Purchasing power standard (PPS)",12.5,
2016,"EL","PPS","SHARE","QU2","Second quintile","Share of national equivalised income","Purchasing power standard (PPS)",12.5,
2017,"EL","PPS","SHARE","QU2","Second quintile","Share of national equivalised income","Purchasing power standard (PPS)",12.8,
2018,"EL","PPS","SHARE","QU2","Second quintile","Share of national equivalised income","Purchasing power standard (PPS)",13,
2019,"EL","PPS","SHARE","QU2","Second quintile","Share of national equivalised income","Purchasing power standard (PPS)",13.2,
2020,"EL","PPS","SHARE","QU2","Second quintile","Share of national equivalised income","Purchasing power standard (PPS)",13.1,
2021,"EL","PPS","SHARE","QU2","Second quintile","Share of national equivalised income","Purchasing power standard (PPS)",13.1,
2022,"EL","PPS","SHARE","QU2","Second quintile","Share of national equivalised income","Purchasing power standard (PPS)",13.1,
2023,"EL","PPS","SHARE","QU2","Second quintile","Share of national equivalised income","Purchasing power standard (PPS)",13.2,
2024,"EL","PPS","SHARE","QU2","Second quintile","Share of national equivalised income","Purchasing power standard (PPS)",13.2,
2025,"EL","PPS","SHARE","QU2","Second quintile","Share of national equivalised income","Purchasing power standard (PPS)",13.2,
1995,"EL","EUR","TC","QU3","Third quintile","Top cut-off point","Euro",6080,
1996,"EL","EUR","TC","QU3","Third quintile","Top cut-off point","Euro",6337,
1997,"EL","EUR","TC","QU3","Third quintile","Top cut-off point","Euro",6933,
1998,"EL","EUR","TC","QU3","Third quintile","Top cut-off point","Euro",7571,
1999,"EL","EUR","TC","QU3","Third quintile","Top cut-off point","Euro",7408,
2000,"EL","EUR","TC","QU3","Third quintile","Top cut-off point","Euro",7949,
2001,"EL","EUR","TC","QU3","Third quintile","Top cut-off point","Euro",8267,
2003,"EL","EUR","TC","QU3","Third quintile","Top cut-off point","Euro",9454,"b"
2004,"EL","EUR","TC","QU3","Third quintile","Top cut-off point","Euro",10234,
2005,"EL","EUR","TC","QU3","Third quintile","Top cut-off point","Euro",10833,
2006,"EL","EUR","TC","QU3","Third quintile","Top cut-off point","Euro",11333,
2007,"EL","EUR","TC","QU3","Third quintile","Top cut-off point","Euro",11665,
2008,"EL","EUR","TC","QU3","Third quintile","Top cut-off point","Euro",12619,
2009,"EL","EUR","TC","QU3","Third quintile","Top cut-off point","Euro",13157,
2010,"EL","EUR","TC","QU3","Third quintile","Top cut-off point","Euro",13908,
2011,"EL","EUR","TC","QU3","Third quintile","Top cut-off point","Euro",12750,
2012,"EL","EUR","TC","QU3","Third quintile","Top cut-off point","Euro",10835,
2013,"EL","EUR","TC","QU3","Third quintile","Top cut-off point","Euro",9350,
2014,"EL","EUR","TC","QU3","Third quintile","Top cut-off point","Euro",8793,
2015,"EL","EUR","TC","QU3","Third quintile","Top cut-off point","Euro",8633,
2016,"EL","EUR","TC","QU3","Third quintile","Top cut-off point","Euro",8633,
2017,"EL","EUR","TC","QU3","Third quintile","Top cut-off point","Euro",8733,
2018,"EL","EUR","TC","QU3","Third quintile","Top cut-off point","Euro",8946,
2019,"EL","EUR","TC","QU3","Third quintile","Top cut-off point","Euro",9457,
2020,"EL","EUR","TC","QU3","Third quintile","Top cut-off point","Euro",10052,
2021,"EL","EUR","TC","QU3","Third quintile","Top cut-off point","Euro",10018,
2022,"EL","EUR","TC","QU3","Third quintile","Top cut-off point","Euro",10787,
2023,"EL","EUR","TC","QU3","Third quintile","Top cut-off point","Euro",11351,
2024,"EL","EUR","TC","QU3","Third quintile","Top cut-off point","Euro",12150,
2025,"EL","EUR","TC","QU3","Third quintile","Top cut-off point","Euro",13184,
1995,"EL","NAC","TC","QU3","Third quintile","Top cut-off point","National currency",5202,
1996,"EL","NAC","TC","QU3","Third quintile","Top cut-off point","National currency",5703,
1997,"EL","NAC","TC","QU3","Third quintile","Top cut-off point","National currency",6291,
1998,"EL","NAC","TC","QU3","Third quintile","Top cut-off point","National currency",6956,
1999,"EL","NAC","TC","QU3","Third quintile","Top cut-off point","National currency",7277,
2000,"EL","NAC","TC","QU3","Third quintile","Top cut-off point","National currency",7693,
2001,"EL","NAC","TC","QU3","Third quintile","Top cut-off point","National currency",8267,
2003,"EL","NAC","TC","QU3","Third quintile","Top cut-off point","National currency",9454,"b"
2004,"EL","NAC","TC","QU3","Third quintile","Top cut-off point","National currency",10234,
2005,"EL","NAC","TC","QU3","Third quintile","Top cut-off point","National currency",10833,
2006,"EL","NAC","TC","QU3","Third quintile","Top cut-off point","National currency",11333,
2007,"EL","NAC","TC","QU3","Third quintile","Top cut-off point","National currency",11665,
2008,"EL","NAC","TC","QU3","Third quintile","Top cut-off point","National currency",12619,
2009,"EL","NAC","TC","QU3","Third quintile","Top cut-off point","National currency",13157,
2010,"EL","NAC","TC","QU3","Third quintile","Top cut-off point","National currency",13908,
2011,"EL","NAC","TC","QU3","Third quintile","Top cut-off point","National currency",12750,
2012,"EL","NAC","TC","QU3","Third quintile","Top cut-off point","National currency",10835,
2013,"EL","NAC","TC","QU3","Third quintile","Top cut-off point","National currency",9350,
2014,"EL","NAC","TC","QU3","Third quintile","Top cut-off point","National currency",8793,
2015,"EL","NAC","TC","QU3","Third quintile","Top cut-off point","National currency",8633,
2016,"EL","NAC","TC","QU3","Third quintile","Top cut-off point","National currency",8633,
2017,"EL","NAC","TC","QU3","Third quintile","Top cut-off point","National currency",8733,
2018,"EL","NAC","TC","QU3","Third quintile","Top cut-off point","National currency",8946,
2019,"EL","NAC","TC","QU3","Third quintile","Top cut-off point","National currency",9457,
2020,"EL","NAC","TC","QU3","Third quintile","Top cut-off point","National currency",10052,
2021,"EL","NAC","TC","QU3","Third quintile","Top cut-off point","National currency",10018,
2022,"EL","NAC","TC","QU3","Third quintile","Top cut-off point","National currency",10787,
2023,"EL","NAC","TC","QU3","Third quintile","Top cut-off point","National currency",11351,
2024,"EL","NAC","TC","QU3","Third quintile","Top cut-off point","National currency",12150,
2025,"EL","NAC","TC","QU3","Third quintile","Top cut-off point","National currency",13184,
1995,"EL","PPS","TC","QU3","Third quintile","Top cut-off point","Purchasing power standard (PPS)",7825,
1996,"EL","PPS","TC","QU3","Third quintile","Top cut-off point","Purchasing power standard (PPS)",8118,
1997,"EL","PPS","TC","QU3","Third quintile","Top cut-off point","Purchasing power standard (PPS)",8607,
1998,"EL","PPS","TC","QU3","Third quintile","Top cut-off point","Purchasing power standard (PPS)",9145,
1999,"EL","PPS","TC","QU3","Third quintile","Top cut-off point","Purchasing power standard (PPS)",9242,
2000,"EL","PPS","TC","QU3","Third quintile","Top cut-off point","Purchasing power standard (PPS)",10126,
2001,"EL","PPS","TC","QU3","Third quintile","Top cut-off point","Purchasing power standard (PPS)",10553,
2003,"EL","PPS","TC","QU3","Third quintile","Top cut-off point","Purchasing power standard (PPS)",11790,"b"
2004,"EL","PPS","TC","QU3","Third quintile","Top cut-off point","Purchasing power standard (PPS)",11916,
2005,"EL","PPS","TC","QU3","Third quintile","Top cut-off point","Purchasing power standard (PPS)",12367,
2006,"EL","PPS","TC","QU3","Third quintile","Top cut-off point","Purchasing power standard (PPS)",12842,
2007,"EL","PPS","TC","QU3","Third quintile","Top cut-off point","Purchasing power standard (PPS)",13100,
2008,"EL","PPS","TC","QU3","Third quintile","Top cut-off point","Purchasing power standard (PPS)",14058,
2009,"EL","PPS","TC","QU3","Third quintile","Top cut-off point","Purchasing power standard (PPS)",14346,
2010,"EL","PPS","TC","QU3","Third quintile","Top cut-off point","Purchasing power standard (PPS)",14648,
2011,"EL","PPS","TC","QU3","Third quintile","Top cut-off point","Purchasing power standard (PPS)",13496,
2012,"EL","PPS","TC","QU3","Third quintile","Top cut-off point","Purchasing power standard (PPS)",11462,
2013,"EL","PPS","TC","QU3","Third quintile","Top cut-off point","Purchasing power standard (PPS)",10103,
2014,"EL","PPS","TC","QU3","Third quintile","Top cut-off point","Purchasing power standard (PPS)",9932,
2015,"EL","PPS","TC","QU3","Third quintile","Top cut-off point","Purchasing power standard (PPS)",10105,
2016,"EL","PPS","TC","QU3","Third quintile","Top cut-off point","Purchasing power standard (PPS)",10415,
2017,"EL","PPS","TC","QU3","Third quintile","Top cut-off point","Purchasing power standard (PPS)",10382,
2018,"EL","PPS","TC","QU3","Third quintile","Top cut-off point","Purchasing power standard (PPS)",10518,
2019,"EL","PPS","TC","QU3","Third quintile","Top cut-off point","Purchasing power standard (PPS)",11268,
2020,"EL","PPS","TC","QU3","Third quintile","Top cut-off point","Purchasing power standard (PPS)",11647,
2021,"EL","PPS","TC","QU3","Third quintile","Top cut-off point","Purchasing power standard (PPS)",11352,
2022,"EL","PPS","TC","QU3","Third quintile","Top cut-off point","Purchasing power standard (PPS)",12283,
2023,"EL","PPS","TC","QU3","Third quintile","Top cut-off point","Purchasing power standard (PPS)",12863,
2024,"EL","PPS","TC","QU3","Third quintile","Top cut-off point","Purchasing power standard (PPS)",13927,
2025,"EL","PPS","TC","QU3","Third quintile","Top cut-off point","Purchasing power standard (PPS)",15338,
1995,"EL","EUR","SHARE","QU3","Third quintile","Share of national equivalised income","Euro",17,
1996,"EL","EUR","SHARE","QU3","Third quintile","Share of national equivalised income","Euro",17,
1997,"EL","EUR","SHARE","QU3","Third quintile","Share of national equivalised income","Euro",17,
1998,"EL","EUR","SHARE","QU3","Third quintile","Share of national equivalised income","Euro",17,
1999,"EL","EUR","SHARE","QU3","Third quintile","Share of national equivalised income","Euro",17,
2000,"EL","EUR","SHARE","QU3","Third quintile","Share of national equivalised income","Euro",17,
2001,"EL","EUR","SHARE","QU3","Third quintile","Share of national equivalised income","Euro",17,
2003,"EL","EUR","SHARE","QU3","Third quintile","Share of national equivalised income","Euro",16.9,"b"
2004,"EL","EUR","SHARE","QU3","Third quintile","Share of national equivalised income","Euro",17.4,
2005,"EL","EUR","SHARE","QU3","Third quintile","Share of national equivalised income","Euro",16.9,
2006,"EL","EUR","SHARE","QU3","Third quintile","Share of national equivalised income","Euro",16.8,
2007,"EL","EUR","SHARE","QU3","Third quintile","Share of national equivalised income","Euro",16.8,
2008,"EL","EUR","SHARE","QU3","Third quintile","Share of national equivalised income","Euro",17.2,
2009,"EL","EUR","SHARE","QU3","Third quintile","Share of national equivalised income","Euro",17.1,
2010,"EL","EUR","SHARE","QU3","Third quintile","Share of national equivalised income","Euro",17.2,
2011,"EL","EUR","SHARE","QU3","Third quintile","Share of national equivalised income","Euro",17.3,
2012,"EL","EUR","SHARE","QU3","Third quintile","Share of national equivalised income","Euro",17.6,
2013,"EL","EUR","SHARE","QU3","Third quintile","Share of national equivalised income","Euro",17.7,
2014,"EL","EUR","SHARE","QU3","Third quintile","Share of national equivalised income","Euro",17.2,
2015,"EL","EUR","SHARE","QU3","Third quintile","Share of national equivalised income","Euro",17.3,
2016,"EL","EUR","SHARE","QU3","Third quintile","Share of national equivalised income","Euro",17.3,
2017,"EL","EUR","SHARE","QU3","Third quintile","Share of national equivalised income","Euro",17.3,
2018,"EL","EUR","SHARE","QU3","Third quintile","Share of national equivalised income","Euro",17.4,
2019,"EL","EUR","SHARE","QU3","Third quintile","Share of national equivalised income","Euro",17.6,
2020,"EL","EUR","SHARE","QU3","Third quintile","Share of national equivalised income","Euro",17.5,
2021,"EL","EUR","SHARE","QU3","Third quintile","Share of national equivalised income","Euro",17.7,
2022,"EL","EUR","SHARE","QU3","Third quintile","Share of national equivalised income","Euro",17.6,
2023,"EL","EUR","SHARE","QU3","Third quintile","Share of national equivalised income","Euro",17.4,
2024,"EL","EUR","SHARE","QU3","Third quintile","Share of national equivalised income","Euro",17.5,
2025,"EL","EUR","SHARE","QU3","Third quintile","Share of national equivalised income","Euro",17.5,
1995,"EL","NAC","SHARE","QU3","Third quintile","Share of national equivalised income","National currency",17,
1996,"EL","NAC","SHARE","QU3","Third quintile","Share of national equivalised income","National currency",17,
1997,"EL","NAC","SHARE","QU3","Third quintile","Share of national equivalised income","National currency",17,
1998,"EL","NAC","SHARE","QU3","Third quintile","Share of national equivalised income","National currency",17,
1999,"EL","NAC","SHARE","QU3","Third quintile","Share of national equivalised income","National currency",17,
2000,"EL","NAC","SHARE","QU3","Third quintile","Share of national equivalised income","National currency",17,
2001,"EL","NAC","SHARE","QU3","Third quintile","Share of national equivalised income","National currency",17,
2003,"EL","NAC","SHARE","QU3","Third quintile","Share of national equivalised income","National currency",16.9,"b"
2004,"EL","NAC","SHARE","QU3","Third quintile","Share of national equivalised income","National currency",17.4,
2005,"EL","NAC","SHARE","QU3","Third quintile","Share of national equivalised income","National currency",16.9,
2006,"EL","NAC","SHARE","QU3","Third quintile","Share of national equivalised income","National currency",16.8,
2007,"EL","NAC","SHARE","QU3","Third quintile","Share of national equivalised income","National currency",16.8,
2008,"EL","NAC","SHARE","QU3","Third quintile","Share of national equivalised income","National currency",17.2,
2009,"EL","NAC","SHARE","QU3","Third quintile","Share of national equivalised income","National currency",17.1,
2010,"EL","NAC","SHARE","QU3","Third quintile","Share of national equivalised income","National currency",17.2,
2011,"EL","NAC","SHARE","QU3","Third quintile","Share of national equivalised income","National currency",17.3,
2012,"EL","NAC","SHARE","QU3","Third quintile","Share of national equivalised income","National currency",17.6,
2013,"EL","NAC","SHARE","QU3","Third quintile","Share of national equivalised income","National currency",17.7,
2014,"EL","NAC","SHARE","QU3","Third quintile","Share of national equivalised income","National currency",17.2,
2015,"EL","NAC","SHARE","QU3","Third quintile","Share of national equivalised income","National currency",17.3,
2016,"EL","NAC","SHARE","QU3","Third quintile","Share of national equivalised income","National currency",17.3,
2017,"EL","NAC","SHARE","QU3","Third quintile","Share of national equivalised income","National currency",17.3,
2018,"EL","NAC","SHARE","QU3","Third quintile","Share of national equivalised income","National currency",17.4,
2019,"EL","NAC","SHARE","QU3","Third quintile","Share of national equivalised income","National currency",17.6,
2020,"EL","NAC","SHARE","QU3","Third quintile","Share of national equivalised income","National currency",17.5,
2021,"EL","NAC","SHARE","QU3","Third quintile","Share of national equivalised income","National currency",17.7,
2022,"EL","NAC","SHARE","QU3","Third quintile","Share of national equivalised income","National currency",17.6,
2023,"EL","NAC","SHARE","QU3","Third quintile","Share of national equivalised income","National currency",17.4,
2024,"EL","NAC","SHARE","QU3","Third quintile","Share of national equivalised income","National currency",17.5,
2025,"EL","NAC","SHARE","QU3","Third quintile","Share of national equivalised income","National currency",17.5,
1995,"EL","PPS","SHARE","QU3","Third quintile","Share of national equivalised income","Purchasing power standard (PPS)",17,
1996,"EL","PPS","SHARE","QU3","Third quintile","Share of national equivalised income","Purchasing power standard (PPS)",17,
1997,"EL","PPS","SHARE","QU3","Third quintile","Share of national equivalised income","Purchasing power standard (PPS)",17,
1998,"EL","PPS","SHARE","QU3","Third quintile","Share of national equivalised income","Purchasing power standard (PPS)",17,
1999,"EL","PPS","SHARE","QU3","Third quintile","Share of national equivalised income","Purchasing power standard (PPS)",17,
2000,"EL","PPS","SHARE","QU3","Third quintile","Share of national equivalised income","Purchasing power standard (PPS)",17,
2001,"EL","PPS","SHARE","QU3","Third quintile","Share of national equivalised income","Purchasing power standard (PPS)",17,
2003,"EL","PPS","SHARE","QU3","Third quintile","Share of national equivalised income","Purchasing power standard (PPS)",16.9,"b"
2004,"EL","PPS","SHARE","QU3","Third quintile","Share of national equivalised income","Purchasing power standard (PPS)",17.4,
2005,"EL","PPS","SHARE","QU3","Third quintile","Share of national equivalised income","Purchasing power standard (PPS)",16.9,
2006,"EL","PPS","SHARE","QU3","Third quintile","Share of national equivalised income","Purchasing power standard (PPS)",16.8,
2007,"EL","PPS","SHARE","QU3","Third quintile","Share of national equivalised income","Purchasing power standard (PPS)",16.8,
2008,"EL","PPS","SHARE","QU3","Third quintile","Share of national equivalised income","Purchasing power standard (PPS)",17.2,
2009,"EL","PPS","SHARE","QU3","Third quintile","Share of national equivalised income","Purchasing power standard (PPS)",17.1,
2010,"EL","PPS","SHARE","QU3","Third quintile","Share of national equivalised income","Purchasing power standard (PPS)",17.2,
2011,"EL","PPS","SHARE","QU3","Third quintile","Share of national equivalised income","Purchasing power standard (PPS)",17.3,
2012,"EL","PPS","SHARE","QU3","Third quintile","Share of national equivalised income","Purchasing power standard (PPS)",17.6,
2013,"EL","PPS","SHARE","QU3","Third quintile","Share of national equivalised income","Purchasing power standard (PPS)",17.7,
2014,"EL","PPS","SHARE","QU3","Third quintile","Share of national equivalised income","Purchasing power standard (PPS)",17.2,
2015,"EL","PPS","SHARE","QU3","Third quintile","Share of national equivalised income","Purchasing power standard (PPS)",17.3,
2016,"EL","PPS","SHARE","QU3","Third quintile","Share of national equivalised income","Purchasing power standard (PPS)",17.3,
2017,"EL","PPS","SHARE","QU3","Third quintile","Share of national equivalised income","Purchasing power standard (PPS)",17.3,
2018,"EL","PPS","SHARE","QU3","Third quintile","Share of national equivalised income","Purchasing power standard (PPS)",17.4,
2019,"EL","PPS","SHARE","QU3","Third quintile","Share of national equivalised income","Purchasing power standard (PPS)",17.6,
2020,"EL","PPS","SHARE","QU3","Third quintile","Share of national equivalised income","Purchasing power standard (PPS)",17.5,
2021,"EL","PPS","SHARE","QU3","Third quintile","Share of national equivalised income","Purchasing power standard (PPS)",17.7,
2022,"EL","PPS","SHARE","QU3","Third quintile","Share of national equivalised income","Purchasing power standard (PPS)",17.6,
2023,"EL","PPS","SHARE","QU3","Third quintile","Share of national equivalised income","Purchasing power standard (PPS)",17.4,
2024,"EL","PPS","SHARE","QU3","Third quintile","Share of national equivalised income","Purchasing power standard (PPS)",17.5,
2025,"EL","PPS","SHARE","QU3","Third quintile","Share of national equivalised income","Purchasing power standard (PPS)",17.5,
1995,"EL","EUR","TC","QU4","Fourth quintile","Top cut-off point","Euro",8645,
1996,"EL","EUR","TC","QU4","Fourth quintile","Top cut-off point","Euro",9046,
1997,"EL","EUR","TC","QU4","Fourth quintile","Top cut-off point","Euro",9839,
1998,"EL","EUR","TC","QU4","Fourth quintile","Top cut-off point","Euro",10806,
1999,"EL","EUR","TC","QU4","Fourth quintile","Top cut-off point","Euro",10573,
2000,"EL","EUR","TC","QU4","Fourth quintile","Top cut-off point","Euro",11477,
2001,"EL","EUR","TC","QU4","Fourth quintile","Top cut-off point","Euro",11619,
2003,"EL","EUR","TC","QU4","Fourth quintile","Top cut-off point","Euro",13203,"b"
2004,"EL","EUR","TC","QU4","Fourth quintile","Top cut-off point","Euro",14230,
2005,"EL","EUR","TC","QU4","Fourth quintile","Top cut-off point","Euro",15392,
2006,"EL","EUR","TC","QU4","Fourth quintile","Top cut-off point","Euro",15920,
2007,"EL","EUR","TC","QU4","Fourth quintile","Top cut-off point","Euro",16540,
2008,"EL","EUR","TC","QU4","Fourth quintile","Top cut-off point","Euro",17279,
2009,"EL","EUR","TC","QU4","Fourth quintile","Top cut-off point","Euro",18184,
2010,"EL","EUR","TC","QU4","Fourth quintile","Top cut-off point","Euro",18602,
2011,"EL","EUR","TC","QU4","Fourth quintile","Top cut-off point","Euro",17203,
2012,"EL","EUR","TC","QU4","Fourth quintile","Top cut-off point","Euro",14647,
2013,"EL","EUR","TC","QU4","Fourth quintile","Top cut-off point","Euro",12693,
2014,"EL","EUR","TC","QU4","Fourth quintile","Top cut-off point","Euro",12171,
2015,"EL","EUR","TC","QU4","Fourth quintile","Top cut-off point","Euro",11875,
2016,"EL","EUR","TC","QU4","Fourth quintile","Top cut-off point","Euro",12017,
2017,"EL","EUR","TC","QU4","Fourth quintile","Top cut-off point","Euro",11962,
2018,"EL","EUR","TC","QU4","Fourth quintile","Top cut-off point","Euro",12100,
2019,"EL","EUR","TC","QU4","Fourth quintile","Top cut-off point","Euro",12584,
2020,"EL","EUR","TC","QU4","Fourth quintile","Top cut-off point","Euro",13472,
2021,"EL","EUR","TC","QU4","Fourth quintile","Top cut-off point","Euro",13453,
2022,"EL","EUR","TC","QU4","Fourth quintile","Top cut-off point","Euro",14502,
2023,"EL","EUR","TC","QU4","Fourth quintile","Top cut-off point","Euro",14965,
2024,"EL","EUR","TC","QU4","Fourth quintile","Top cut-off point","Euro",15960,
2025,"EL","EUR","TC","QU4","Fourth quintile","Top cut-off point","Euro",17056,
1995,"EL","NAC","TC","QU4","Fourth quintile","Top cut-off point","National currency",7395,
1996,"EL","NAC","TC","QU4","Fourth quintile","Top cut-off point","National currency",8141,
1997,"EL","NAC","TC","QU4","Fourth quintile","Top cut-off point","National currency",8929,
1998,"EL","NAC","TC","QU4","Fourth quintile","Top cut-off point","National currency",9929,
1999,"EL","NAC","TC","QU4","Fourth quintile","Top cut-off point","National currency",10387,
2000,"EL","NAC","TC","QU4","Fourth quintile","Top cut-off point","National currency",11107,
2001,"EL","NAC","TC","QU4","Fourth quintile","Top cut-off point","National currency",11619,
2003,"EL","NAC","TC","QU4","Fourth quintile","Top cut-off point","National currency",13203,"b"
2004,"EL","NAC","TC","QU4","Fourth quintile","Top cut-off point","National currency",14230,
2005,"EL","NAC","TC","QU4","Fourth quintile","Top cut-off point","National currency",15392,
2006,"EL","NAC","TC","QU4","Fourth quintile","Top cut-off point","National currency",15920,
2007,"EL","NAC","TC","QU4","Fourth quintile","Top cut-off point","National currency",16540,
2008,"EL","NAC","TC","QU4","Fourth quintile","Top cut-off point","National currency",17279,
2009,"EL","NAC","TC","QU4","Fourth quintile","Top cut-off point","National currency",18184,
2010,"EL","NAC","TC","QU4","Fourth quintile","Top cut-off point","National currency",18602,
2011,"EL","NAC","TC","QU4","Fourth quintile","Top cut-off point","National currency",17203,
2012,"EL","NAC","TC","QU4","Fourth quintile","Top cut-off point","National currency",14647,
2013,"EL","NAC","TC","QU4","Fourth quintile","Top cut-off point","National currency",12693,
2014,"EL","NAC","TC","QU4","Fourth quintile","Top cut-off point","National currency",12171,
2015,"EL","NAC","TC","QU4","Fourth quintile","Top cut-off point","National currency",11875,
2016,"EL","NAC","TC","QU4","Fourth quintile","Top cut-off point","National currency",12017,
2017,"EL","NAC","TC","QU4","Fourth quintile","Top cut-off point","National currency",11962,
2018,"EL","NAC","TC","QU4","Fourth quintile","Top cut-off point","National currency",12100,
2019,"EL","NAC","TC","QU4","Fourth quintile","Top cut-off point","National currency",12584,
2020,"EL","NAC","TC","QU4","Fourth quintile","Top cut-off point","National currency",13472,
2021,"EL","NAC","TC","QU4","Fourth quintile","Top cut-off point","National currency",13453,
2022,"EL","NAC","TC","QU4","Fourth quintile","Top cut-off point","National currency",14502,
2023,"EL","NAC","TC","QU4","Fourth quintile","Top cut-off point","National currency",14965,
2024,"EL","NAC","TC","QU4","Fourth quintile","Top cut-off point","National currency",15960,
2025,"EL","NAC","TC","QU4","Fourth quintile","Top cut-off point","National currency",17056,
1995,"EL","PPS","TC","QU4","Fourth quintile","Top cut-off point","Purchasing power standard (PPS)",11125,
1996,"EL","PPS","TC","QU4","Fourth quintile","Top cut-off point","Purchasing power standard (PPS)",11589,
1997,"EL","PPS","TC","QU4","Fourth quintile","Top cut-off point","Purchasing power standard (PPS)",12215,
1998,"EL","PPS","TC","QU4","Fourth quintile","Top cut-off point","Purchasing power standard (PPS)",13053,
1999,"EL","PPS","TC","QU4","Fourth quintile","Top cut-off point","Purchasing power standard (PPS)",13191,
2000,"EL","PPS","TC","QU4","Fourth quintile","Top cut-off point","Purchasing power standard (PPS)",14620,
2001,"EL","PPS","TC","QU4","Fourth quintile","Top cut-off point","Purchasing power standard (PPS)",14832,
2003,"EL","PPS","TC","QU4","Fourth quintile","Top cut-off point","Purchasing power standard (PPS)",16465,"b"
2004,"EL","PPS","TC","QU4","Fourth quintile","Top cut-off point","Purchasing power standard (PPS)",16570,
2005,"EL","PPS","TC","QU4","Fourth quintile","Top cut-off point","Purchasing power standard (PPS)",17571,
2006,"EL","PPS","TC","QU4","Fourth quintile","Top cut-off point","Purchasing power standard (PPS)",18039,
2007,"EL","PPS","TC","QU4","Fourth quintile","Top cut-off point","Purchasing power standard (PPS)",18574,
2008,"EL","PPS","TC","QU4","Fourth quintile","Top cut-off point","Purchasing power standard (PPS)",19250,
2009,"EL","PPS","TC","QU4","Fourth quintile","Top cut-off point","Purchasing power standard (PPS)",19828,
2010,"EL","PPS","TC","QU4","Fourth quintile","Top cut-off point","Purchasing power standard (PPS)",19591,
2011,"EL","PPS","TC","QU4","Fourth quintile","Top cut-off point","Purchasing power standard (PPS)",18209,
2012,"EL","PPS","TC","QU4","Fourth quintile","Top cut-off point","Purchasing power standard (PPS)",15494,
2013,"EL","PPS","TC","QU4","Fourth quintile","Top cut-off point","Purchasing power standard (PPS)",13716,
2014,"EL","PPS","TC","QU4","Fourth quintile","Top cut-off point","Purchasing power standard (PPS)",13747,
2015,"EL","PPS","TC","QU4","Fourth quintile","Top cut-off point","Purchasing power standard (PPS)",13900,
2016,"EL","PPS","TC","QU4","Fourth quintile","Top cut-off point","Purchasing power standard (PPS)",14497,
2017,"EL","PPS","TC","QU4","Fourth quintile","Top cut-off point","Purchasing power standard (PPS)",14220,
2018,"EL","PPS","TC","QU4","Fourth quintile","Top cut-off point","Purchasing power standard (PPS)",14226,
2019,"EL","PPS","TC","QU4","Fourth quintile","Top cut-off point","Purchasing power standard (PPS)",14994,
2020,"EL","PPS","TC","QU4","Fourth quintile","Top cut-off point","Purchasing power standard (PPS)",15610,
2021,"EL","PPS","TC","QU4","Fourth quintile","Top cut-off point","Purchasing power standard (PPS)",15245,
2022,"EL","PPS","TC","QU4","Fourth quintile","Top cut-off point","Purchasing power standard (PPS)",16514,
2023,"EL","PPS","TC","QU4","Fourth quintile","Top cut-off point","Purchasing power standard (PPS)",16958,
2024,"EL","PPS","TC","QU4","Fourth quintile","Top cut-off point","Purchasing power standard (PPS)",18294,
2025,"EL","PPS","TC","QU4","Fourth quintile","Top cut-off point","Purchasing power standard (PPS)",19843,
1995,"EL","EUR","SHARE","QU4","Fourth quintile","Share of national equivalised income","Euro",23,
1996,"EL","EUR","SHARE","QU4","Fourth quintile","Share of national equivalised income","Euro",23,
1997,"EL","EUR","SHARE","QU4","Fourth quintile","Share of national equivalised income","Euro",23,
1998,"EL","EUR","SHARE","QU4","Fourth quintile","Share of national equivalised income","Euro",23,
1999,"EL","EUR","SHARE","QU4","Fourth quintile","Share of national equivalised income","Euro",23,
2000,"EL","EUR","SHARE","QU4","Fourth quintile","Share of national equivalised income","Euro",24,
2001,"EL","EUR","SHARE","QU4","Fourth quintile","Share of national equivalised income","Euro",24,
2003,"EL","EUR","SHARE","QU4","Fourth quintile","Share of national equivalised income","Euro",23,"b"
2004,"EL","EUR","SHARE","QU4","Fourth quintile","Share of national equivalised income","Euro",23.7,
2005,"EL","EUR","SHARE","QU4","Fourth quintile","Share of national equivalised income","Euro",23.2,
2006,"EL","EUR","SHARE","QU4","Fourth quintile","Share of national equivalised income","Euro",22.9,
2007,"EL","EUR","SHARE","QU4","Fourth quintile","Share of national equivalised income","Euro",22.8,
2008,"EL","EUR","SHARE","QU4","Fourth quintile","Share of national equivalised income","Euro",22.9,
2009,"EL","EUR","SHARE","QU4","Fourth quintile","Share of national equivalised income","Euro",22.7,
2010,"EL","EUR","SHARE","QU4","Fourth quintile","Share of national equivalised income","Euro",22.8,
2011,"EL","EUR","SHARE","QU4","Fourth quintile","Share of national equivalised income","Euro",23.3,
2012,"EL","EUR","SHARE","QU4","Fourth quintile","Share of national equivalised income","Euro",23.5,
2013,"EL","EUR","SHARE","QU4","Fourth quintile","Share of national equivalised income","Euro",23.3,
2014,"EL","EUR","SHARE","QU4","Fourth quintile","Share of national equivalised income","Euro",23.1,
2015,"EL","EUR","SHARE","QU4","Fourth quintile","Share of national equivalised income","Euro",23.3,
2016,"EL","EUR","SHARE","QU4","Fourth quintile","Share of national equivalised income","Euro",23.5,
2017,"EL","EUR","SHARE","QU4","Fourth quintile","Share of national equivalised income","Euro",23.2,
2018,"EL","EUR","SHARE","QU4","Fourth quintile","Share of national equivalised income","Euro",23,
2019,"EL","EUR","SHARE","QU4","Fourth quintile","Share of national equivalised income","Euro",23.3,
2020,"EL","EUR","SHARE","QU4","Fourth quintile","Share of national equivalised income","Euro",23.1,
2021,"EL","EUR","SHARE","QU4","Fourth quintile","Share of national equivalised income","Euro",23.2,
2022,"EL","EUR","SHARE","QU4","Fourth quintile","Share of national equivalised income","Euro",23,
2023,"EL","EUR","SHARE","QU4","Fourth quintile","Share of national equivalised income","Euro",22.5,
2024,"EL","EUR","SHARE","QU4","Fourth quintile","Share of national equivalised income","Euro",22.4,
2025,"EL","EUR","SHARE","QU4","Fourth quintile","Share of national equivalised income","Euro",22.3,
1995,"EL","NAC","SHARE","QU4","Fourth quintile","Share of national equivalised income","National currency",23,
1996,"EL","NAC","SHARE","QU4","Fourth quintile","Share of national equivalised income","National currency",23,
1997,"EL","NAC","SHARE","QU4","Fourth quintile","Share of national equivalised income","National currency",23,
1998,"EL","NAC","SHARE","QU4","Fourth quintile","Share of national equivalised income","National currency",23,
1999,"EL","NAC","SHARE","QU4","Fourth quintile","Share of national equivalised income","National currency",23,
2000,"EL","NAC","SHARE","QU4","Fourth quintile","Share of national equivalised income","National currency",24,
2001,"EL","NAC","SHARE","QU4","Fourth quintile","Share of national equivalised income","National currency",24,
2003,"EL","NAC","SHARE","QU4","Fourth quintile","Share of national equivalised income","National currency",23,"b"
2004,"EL","NAC","SHARE","QU4","Fourth quintile","Share of national equivalised income","National currency",23.7,
2005,"EL","NAC","SHARE","QU4","Fourth quintile","Share of national equivalised income","National currency",23.2,
2006,"EL","NAC","SHARE","QU4","Fourth quintile","Share of national equivalised income","National currency",22.9,
2007,"EL","NAC","SHARE","QU4","Fourth quintile","Share of national equivalised income","National currency",22.8,
2008,"EL","NAC","SHARE","QU4","Fourth quintile","Share of national equivalised income","National currency",22.9,
2009,"EL","NAC","SHARE","QU4","Fourth quintile","Share of national equivalised income","National currency",22.7,
2010,"EL","NAC","SHARE","QU4","Fourth quintile","Share of national equivalised income","National currency",22.8,
2011,"EL","NAC","SHARE","QU4","Fourth quintile","Share of national equivalised income","National currency",23.3,
2012,"EL","NAC","SHARE","QU4","Fourth quintile","Share of national equivalised income","National currency",23.5,
2013,"EL","NAC","SHARE","QU4","Fourth quintile","Share of national equivalised income","National currency",23.3,
2014,"EL","NAC","SHARE","QU4","Fourth quintile","Share of national equivalised income","National currency",23.1,
2015,"EL","NAC","SHARE","QU4","Fourth quintile","Share of national equivalised income","National currency",23.3,
2016,"EL","NAC","SHARE","QU4","Fourth quintile","Share of national equivalised income","National currency",23.5,
2017,"EL","NAC","SHARE","QU4","Fourth quintile","Share of national equivalised income","National currency",23.2,
2018,"EL","NAC","SHARE","QU4","Fourth quintile","Share of national equivalised income","National currency",23,
2019,"EL","NAC","SHARE","QU4","Fourth quintile","Share of national equivalised income","National currency",23.3,
2020,"EL","NAC","SHARE","QU4","Fourth quintile","Share of national equivalised income","National currency",23.1,
2021,"EL","NAC","SHARE","QU4","Fourth quintile","Share of national equivalised income","National currency",23.2,
2022,"EL","NAC","SHARE","QU4","Fourth quintile","Share of national equivalised income","National currency",23,
2023,"EL","NAC","SHARE","QU4","Fourth quintile","Share of national equivalised income","National currency",22.5,
2024,"EL","NAC","SHARE","QU4","Fourth quintile","Share of national equivalised income","National currency",22.4,
2025,"EL","NAC","SHARE","QU4","Fourth quintile","Share of national equivalised income","National currency",22.3,
1995,"EL","PPS","SHARE","QU4","Fourth quintile","Share of national equivalised income","Purchasing power standard (PPS)",23,
1996,"EL","PPS","SHARE","QU4","Fourth quintile","Share of national equivalised income","Purchasing power standard (PPS)",23,
1997,"EL","PPS","SHARE","QU4","Fourth quintile","Share of national equivalised income","Purchasing power standard (PPS)",23,
1998,"EL","PPS","SHARE","QU4","Fourth quintile","Share of national equivalised income","Purchasing power standard (PPS)",23,
1999,"EL","PPS","SHARE","QU4","Fourth quintile","Share of national equivalised income","Purchasing power standard (PPS)",23,
2000,"EL","PPS","SHARE","QU4","Fourth quintile","Share of national equivalised income","Purchasing power standard (PPS)",24,
2001,"EL","PPS","SHARE","QU4","Fourth quintile","Share of national equivalised income","Purchasing power standard (PPS)",24,
2003,"EL","PPS","SHARE","QU4","Fourth quintile","Share of national equivalised income","Purchasing power standard (PPS)",23,"b"
2004,"EL","PPS","SHARE","QU4","Fourth quintile","Share of national equivalised income","Purchasing power standard (PPS)",23.7,
2005,"EL","PPS","SHARE","QU4","Fourth quintile","Share of national equivalised income","Purchasing power standard (PPS)",23.2,
2006,"EL","PPS","SHARE","QU4","Fourth quintile","Share of national equivalised income","Purchasing power standard (PPS)",22.9,
2007,"EL","PPS","SHARE","QU4","Fourth quintile","Share of national equivalised income","Purchasing power standard (PPS)",22.8,
2008,"EL","PPS","SHARE","QU4","Fourth quintile","Share of national equivalised income","Purchasing power standard (PPS)",22.9,
2009,"EL","PPS","SHARE","QU4","Fourth quintile","Share of national equivalised income","Purchasing power standard (PPS)",22.7,
2010,"EL","PPS","SHARE","QU4","Fourth quintile","Share of national equivalised income","Purchasing power standard (PPS)",22.8,
2011,"EL","PPS","SHARE","QU4","Fourth quintile","Share of national equivalised income","Purchasing power standard (PPS)",23.3,
2012,"EL","PPS","SHARE","QU4","Fourth quintile","Share of national equivalised income","Purchasing power standard (PPS)",23.5,
2013,"EL","PPS","SHARE","QU4","Fourth quintile","Share of national equivalised income","Purchasing power standard (PPS)",23.3,
2014,"EL","PPS","SHARE","QU4","Fourth quintile","Share of national equivalised income","Purchasing power standard (PPS)",23.1,
2015,"EL","PPS","SHARE","QU4","Fourth quintile","Share of national equivalised income","Purchasing power standard (PPS)",23.3,
2016,"EL","PPS","SHARE","QU4","Fourth quintile","Share of national equivalised income","Purchasing power standard (PPS)",23.5,
2017,"EL","PPS","SHARE","QU4","Fourth quintile","Share of national equivalised income","Purchasing power standard (PPS)",23.2,
2018,"EL","PPS","SHARE","QU4","Fourth quintile","Share of national equivalised income","Purchasing power standard (PPS)",23,
2019,"EL","PPS","SHARE","QU4","Fourth quintile","Share of national equivalised income","Purchasing power standard (PPS)",23.3,
2020,"EL","PPS","SHARE","QU4","Fourth quintile","Share of national equivalised income","Purchasing power standard (PPS)",23.1,
2021,"EL","PPS","SHARE","QU4","Fourth quintile","Share of national equivalised income","Purchasing power standard (PPS)",23.2,
2022,"EL","PPS","SHARE","QU4","Fourth quintile","Share of national equivalised income","Purchasing power standard (PPS)",23,
2023,"EL","PPS","SHARE","QU4","Fourth quintile","Share of national equivalised income","Purchasing power standard (PPS)",22.5,
2024,"EL","PPS","SHARE","QU4","Fourth quintile","Share of national equivalised income","Purchasing power standard (PPS)",22.4,
2025,"EL","PPS","SHARE","QU4","Fourth quintile","Share of national equivalised income","Purchasing power standard (PPS)",22.3,
1995,"EL","EUR","SHARE","QU5","Fifth quintile","Share of national equivalised income","Euro",41,
1996,"EL","EUR","SHARE","QU5","Fifth quintile","Share of national equivalised income","Euro",41,
1997,"EL","EUR","SHARE","QU5","Fifth quintile","Share of national equivalised income","Euro",42,
1998,"EL","EUR","SHARE","QU5","Fifth quintile","Share of national equivalised income","Euro",41,
1999,"EL","EUR","SHARE","QU5","Fifth quintile","Share of national equivalised income","Euro",41,
2000,"EL","EUR","SHARE","QU5","Fifth quintile","Share of national equivalised income","Euro",40,
2001,"EL","EUR","SHARE","QU5","Fifth quintile","Share of national equivalised income","Euro",40,
2003,"EL","EUR","SHARE","QU5","Fifth quintile","Share of national equivalised income","Euro",41.4,
2004,"EL","EUR","SHARE","QU5","Fifth quintile","Share of national equivalised income","Euro",39.6,
2005,"EL","EUR","SHARE","QU5","Fifth quintile","Share of national equivalised income","Euro",40.3,
2006,"EL","EUR","SHARE","QU5","Fifth quintile","Share of national equivalised income","Euro",41.2,
2007,"EL","EUR","SHARE","QU5","Fifth quintile","Share of national equivalised income","Euro",41.4,
2008,"EL","EUR","SHARE","QU5","Fifth quintile","Share of national equivalised income","Euro",40.5,
2009,"EL","EUR","SHARE","QU5","Fifth quintile","Share of national equivalised income","Euro",40.4,
2010,"EL","EUR","SHARE","QU5","Fifth quintile","Share of national equivalised income","Euro",40.2,
2011,"EL","EUR","SHARE","QU5","Fifth quintile","Share of national equivalised income","Euro",40.3,
2012,"EL","EUR","SHARE","QU5","Fifth quintile","Share of national equivalised income","Euro",40.4,
2013,"EL","EUR","SHARE","QU5","Fifth quintile","Share of national equivalised income","Euro",40.5,
2014,"EL","EUR","SHARE","QU5","Fifth quintile","Share of national equivalised income","Euro",41.1,
2015,"EL","EUR","SHARE","QU5","Fifth quintile","Share of national equivalised income","Euro",40.6,
2016,"EL","EUR","SHARE","QU5","Fifth quintile","Share of national equivalised income","Euro",40.5,
2017,"EL","EUR","SHARE","QU5","Fifth quintile","Share of national equivalised income","Euro",40.1,
2018,"EL","EUR","SHARE","QU5","Fifth quintile","Share of national equivalised income","Euro",39.5,
2019,"EL","EUR","SHARE","QU5","Fifth quintile","Share of national equivalised income","Euro",38.5,
2020,"EL","EUR","SHARE","QU5","Fifth quintile","Share of national equivalised income","Euro",38.8,
2021,"EL","EUR","SHARE","QU5","Fifth quintile","Share of national equivalised income","Euro",39.3,
2022,"EL","EUR","SHARE","QU5","Fifth quintile","Share of national equivalised income","Euro",38.9,
2023,"EL","EUR","SHARE","QU5","Fifth quintile","Share of national equivalised income","Euro",39.4,
2024,"EL","EUR","SHARE","QU5","Fifth quintile","Share of national equivalised income","Euro",39.5,
2025,"EL","EUR","SHARE","QU5","Fifth quintile","Share of national equivalised income","Euro",39.3,
1995,"EL","NAC","SHARE","QU5","Fifth quintile","Share of national equivalised income","National currency",41,
1996,"EL","NAC","SHARE","QU5","Fifth quintile","Share of national equivalised income","National currency",41,
1997,"EL","NAC","SHARE","QU5","Fifth quintile","Share of national equivalised income","National currency",42,
1998,"EL","NAC","SHARE","QU5","Fifth quintile","Share of national equivalised income","National currency",41,
1999,"EL","NAC","SHARE","QU5","Fifth quintile","Share of national equivalised income","National currency",41,
2000,"EL","NAC","SHARE","QU5","Fifth quintile","Share of national equivalised income","National currency",40,
2001,"EL","NAC","SHARE","QU5","Fifth quintile","Share of national equivalised income","National currency",40,
2003,"EL","NAC","SHARE","QU5","Fifth quintile","Share of national equivalised income","National currency",41.4,
2004,"EL","NAC","SHARE","QU5","Fifth quintile","Share of national equivalised income","National currency",39.6,
2005,"EL","NAC","SHARE","QU5","Fifth quintile","Share of national equivalised income","National currency",40.3,
2006,"EL","NAC","SHARE","QU5","Fifth quintile","Share of national equivalised income","National currency",41.2,
2007,"EL","NAC","SHARE","QU5","Fifth quintile","Share of national equivalised income","National currency",41.4,
2008,"EL","NAC","SHARE","QU5","Fifth quintile","Share of national equivalised income","National currency",40.5,
2009,"EL","NAC","SHARE","QU5","Fifth quintile","Share of national equivalised income","National currency",40.4,
2010,"EL","NAC","SHARE","QU5","Fifth quintile","Share of national equivalised income","National currency",40.2,
2011,"EL","NAC","SHARE","QU5","Fifth quintile","Share of national equivalised income","National currency",40.3,
2012,"EL","NAC","SHARE","QU5","Fifth quintile","Share of national equivalised income","National currency",40.4,
2013,"EL","NAC","SHARE","QU5","Fifth quintile","Share of national equivalised income","National currency",40.5,
2014,"EL","NAC","SHARE","QU5","Fifth quintile","Share of national equivalised income","National currency",41.1,
2015,"EL","NAC","SHARE","QU5","Fifth quintile","Share of national equivalised income","National currency",40.6,
2016,"EL","NAC","SHARE","QU5","Fifth quintile","Share of national equivalised income","National currency",40.5,
2017,"EL","NAC","SHARE","QU5","Fifth quintile","Share of national equivalised income","National currency",40.1,
2018,"EL","NAC","SHARE","QU5","Fifth quintile","Share of national equivalised income","National currency",39.5,
2019,"EL","NAC","SHARE","QU5","Fifth quintile","Share of national equivalised income","National currency",38.5,
2020,"EL","NAC","SHARE","QU5","Fifth quintile","Share of national equivalised income","National currency",38.8,
2021,"EL","NAC","SHARE","QU5","Fifth quintile","Share of national equivalised income","National currency",39.3,
2022,"EL","NAC","SHARE","QU5","Fifth quintile","Share of national equivalised income","National currency",38.9,
2023,"EL","NAC","SHARE","QU5","Fifth quintile","Share of national equivalised income","National currency",39.4,
2024,"EL","NAC","SHARE","QU5","Fifth quintile","Share of national equivalised income","National currency",39.5,
2025,"EL","NAC","SHARE","QU5","Fifth quintile","Share of national equivalised income","National currency",39.3,
1995,"EL","PPS","SHARE","QU5","Fifth quintile","Share of national equivalised income","Purchasing power standard (PPS)",41,
1996,"EL","PPS","SHARE","QU5","Fifth quintile","Share of national equivalised income","Purchasing power standard (PPS)",41,
1997,"EL","PPS","SHARE","QU5","Fifth quintile","Share of national equivalised income","Purchasing power standard (PPS)",42,
1998,"EL","PPS","SHARE","QU5","Fifth quintile","Share of national equivalised income","Purchasing power standard (PPS)",41,
1999,"EL","PPS","SHARE","QU5","Fifth quintile","Share of national equivalised income","Purchasing power standard (PPS)",41,
2000,"EL","PPS","SHARE","QU5","Fifth quintile","Share of national equivalised income","Purchasing power standard (PPS)",40,
2001,"EL","PPS","SHARE","QU5","Fifth quintile","Share of national equivalised income","Purchasing power standard (PPS)",40,
2003,"EL","PPS","SHARE","QU5","Fifth quintile","Share of national equivalised income","Purchasing power standard (PPS)",41.4,
2004,"EL","PPS","SHARE","QU5","Fifth quintile","Share of national equivalised income","Purchasing power standard (PPS)",39.6,
2005,"EL","PPS","SHARE","QU5","Fifth quintile","Share of national equivalised income","Purchasing power standard (PPS)",40.3,
2006,"EL","PPS","SHARE","QU5","Fifth quintile","Share of national equivalised income","Purchasing power standard (PPS)",41.2,
2007,"EL","PPS","SHARE","QU5","Fifth quintile","Share of national equivalised income","Purchasing power standard (PPS)",41.4,
2008,"EL","PPS","SHARE","QU5","Fifth quintile","Share of national equivalised income","Purchasing power standard (PPS)",40.5,
2009,"EL","PPS","SHARE","QU5","Fifth quintile","Share of national equivalised income","Purchasing power standard (PPS)",40.4,
2010,"EL","PPS","SHARE","QU5","Fifth quintile","Share of national equivalised income","Purchasing power standard (PPS)",40.2,
2011,"EL","PPS","SHARE","QU5","Fifth quintile","Share of national equivalised income","Purchasing power standard (PPS)",40.3,
2012,"EL","PPS","SHARE","QU5","Fifth quintile","Share of national equivalised income","Purchasing power standard (PPS)",40.4,
2013,"EL","PPS","SHARE","QU5","Fifth quintile","Share of national equivalised income","Purchasing power standard (PPS)",40.5,
2014,"EL","PPS","SHARE","QU5","Fifth quintile","Share of national equivalised income","Purchasing power standard (PPS)",41.1,
2015,"EL","PPS","SHARE","QU5","Fifth quintile","Share of national equivalised income","Purchasing power standard (PPS)",40.6,
2016,"EL","PPS","SHARE","QU5","Fifth quintile","Share of national equivalised income","Purchasing power standard (PPS)",40.5,
2017,"EL","PPS","SHARE","QU5","Fifth quintile","Share of national equivalised income","Purchasing power standard (PPS)",40.1,
2018,"EL","PPS","SHARE","QU5","Fifth quintile","Share of national equivalised income","Purchasing power standard (PPS)",39.5,
2019,"EL","PPS","SHARE","QU5","Fifth quintile","Share of national equivalised income","Purchasing power standard (PPS)",38.5,
2020,"EL","PPS","SHARE","QU5","Fifth quintile","Share of national equivalised income","Purchasing power standard (PPS)",38.8,
2021,"EL","PPS","SHARE","QU5","Fifth quintile","Share of national equivalised income","Purchasing power standard (PPS)",39.3,
2022,"EL","PPS","SHARE","QU5","Fifth quintile","Share of national equivalised income","Purchasing power standard (PPS)",38.9,
2023,"EL","PPS","SHARE","QU5","Fifth quintile","Share of national equivalised income","Purchasing power standard (PPS)",39.4,
2024,"EL","PPS","SHARE","QU5","Fifth quintile","Share of national equivalised income","Purchasing power standard (PPS)",39.5,
2025,"EL","PPS","SHARE","QU5","Fifth quintile","Share of national equivalised income","Purchasing power standard (PPS)",39.3,
1995,"EL","EUR","TC","D1","First decile","Top cut-off point","Euro",2073,
1996,"EL","EUR","TC","D1","First decile","Top cut-off point","Euro",2230,
1997,"EL","EUR","TC","D1","First decile","Top cut-off point","Euro",2338,
1998,"EL","EUR","TC","D1","First decile","Top cut-off point","Euro",2672,
1999,"EL","EUR","TC","D1","First decile","Top cut-off point","Euro",2701,
2000,"EL","EUR","TC","D1","First decile","Top cut-off point","Euro",2920,
2001,"EL","EUR","TC","D1","First decile","Top cut-off point","Euro",3041,
2003,"EL","EUR","TC","D1","First decile","Top cut-off point","Euro",3425,"b"
2004,"EL","EUR","TC","D1","First decile","Top cut-off point","Euro",4000,
2005,"EL","EUR","TC","D1","First decile","Top cut-off point","Euro",4338,
2006,"EL","EUR","TC","D1","First decile","Top cut-off point","Euro",4348,
2007,"EL","EUR","TC","D1","First decile","Top cut-off point","Euro",4507,
2008,"EL","EUR","TC","D1","First decile","Top cut-off point","Euro",4859,
2009,"EL","EUR","TC","D1","First decile","Top cut-off point","Euro",5280,
2010,"EL","EUR","TC","D1","First decile","Top cut-off point","Euro",5500,
2011,"EL","EUR","TC","D1","First decile","Top cut-off point","Euro",4762,
2012,"EL","EUR","TC","D1","First decile","Top cut-off point","Euro",3679,
2013,"EL","EUR","TC","D1","First decile","Top cut-off point","Euro",3172,
2014,"EL","EUR","TC","D1","First decile","Top cut-off point","Euro",3000,
2015,"EL","EUR","TC","D1","First decile","Top cut-off point","Euro",3000,
2016,"EL","EUR","TC","D1","First decile","Top cut-off point","Euro",2967,
2017,"EL","EUR","TC","D1","First decile","Top cut-off point","Euro",3164,
2018,"EL","EUR","TC","D1","First decile","Top cut-off point","Euro",3472,
2019,"EL","EUR","TC","D1","First decile","Top cut-off point","Euro",3744,
2020,"EL","EUR","TC","D1","First decile","Top cut-off point","Euro",4064,
2021,"EL","EUR","TC","D1","First decile","Top cut-off point","Euro",3890,
2022,"EL","EUR","TC","D1","First decile","Top cut-off point","Euro",4453,
2023,"EL","EUR","TC","D1","First decile","Top cut-off point","Euro",4782,
2024,"EL","EUR","TC","D1","First decile","Top cut-off point","Euro",5031,
2025,"EL","EUR","TC","D1","First decile","Top cut-off point","Euro",5537,
1995,"EL","NAC","TC","D1","First decile","Top cut-off point","National currency",1773,
1996,"EL","NAC","TC","D1","First decile","Top cut-off point","National currency",2007,
1997,"EL","NAC","TC","D1","First decile","Top cut-off point","National currency",2122,
1998,"EL","NAC","TC","D1","First decile","Top cut-off point","National currency",2455,
1999,"EL","NAC","TC","D1","First decile","Top cut-off point","National currency",2653,
2000,"EL","NAC","TC","D1","First decile","Top cut-off point","National currency",2825,
2001,"EL","NAC","TC","D1","First decile","Top cut-off point","National currency",3041,
2003,"EL","NAC","TC","D1","First decile","Top cut-off point","National currency",3425,"b"
2004,"EL","NAC","TC","D1","First decile","Top cut-off point","National currency",4000,
2005,"EL","NAC","TC","D1","First decile","Top cut-off point","National currency",4338,
2006,"EL","NAC","TC","D1","First decile","Top cut-off point","National currency",4348,
2007,"EL","NAC","TC","D1","First decile","Top cut-off point","National currency",4507,
2008,"EL","NAC","TC","D1","First decile","Top cut-off point","National currency",4859,
2009,"EL","NAC","TC","D1","First decile","Top cut-off point","National currency",5280,
2010,"EL","NAC","TC","D1","First decile","Top cut-off point","National currency",5500,
2011,"EL","NAC","TC","D1","First decile","Top cut-off point","National currency",4762,
2012,"EL","NAC","TC","D1","First decile","Top cut-off point","National currency",3679,
2013,"EL","NAC","TC","D1","First decile","Top cut-off point","National currency",3172,
2014,"EL","NAC","TC","D1","First decile","Top cut-off point","National currency",3000,
2015,"EL","NAC","TC","D1","First decile","Top cut-off point","National currency",3000,
2016,"EL","NAC","TC","D1","First decile","Top cut-off point","National currency",2967,
2017,"EL","NAC","TC","D1","First decile","Top cut-off point","National currency",3164,
2018,"EL","NAC","TC","D1","First decile","Top cut-off point","National currency",3472,
2019,"EL","NAC","TC","D1","First decile","Top cut-off point","National currency",3744,
2020,"EL","NAC","TC","D1","First decile","Top cut-off point","National currency",4064,
2021,"EL","NAC","TC","D1","First decile","Top cut-off point","National currency",3890,
2022,"EL","NAC","TC","D1","First decile","Top cut-off point","National currency",4453,
2023,"EL","NAC","TC","D1","First decile","Top cut-off point","National currency",4782,
2024,"EL","NAC","TC","D1","First decile","Top cut-off point","National currency",5031,
2025,"EL","NAC","TC","D1","First decile","Top cut-off point","National currency",5537,
1995,"EL","PPS","TC","D1","First decile","Top cut-off point","Purchasing power standard (PPS)",2668,
1996,"EL","PPS","TC","D1","First decile","Top cut-off point","Purchasing power standard (PPS)",2857,
1997,"EL","PPS","TC","D1","First decile","Top cut-off point","Purchasing power standard (PPS)",2902,
1998,"EL","PPS","TC","D1","First decile","Top cut-off point","Purchasing power standard (PPS)",3228,
1999,"EL","PPS","TC","D1","First decile","Top cut-off point","Purchasing power standard (PPS)",3370,
2000,"EL","PPS","TC","D1","First decile","Top cut-off point","Purchasing power standard (PPS)",3719,
2001,"EL","PPS","TC","D1","First decile","Top cut-off point","Purchasing power standard (PPS)",3882,
2003,"EL","PPS","TC","D1","First decile","Top cut-off point","Purchasing power standard (PPS)",4272,"b"
2004,"EL","PPS","TC","D1","First decile","Top cut-off point","Purchasing power standard (PPS)",4658,
2005,"EL","PPS","TC","D1","First decile","Top cut-off point","Purchasing power standard (PPS)",4952,
2006,"EL","PPS","TC","D1","First decile","Top cut-off point","Purchasing power standard (PPS)",4927,
2007,"EL","PPS","TC","D1","First decile","Top cut-off point","Purchasing power standard (PPS)",5061,
2008,"EL","PPS","TC","D1","First decile","Top cut-off point","Purchasing power standard (PPS)",5413,
2009,"EL","PPS","TC","D1","First decile","Top cut-off point","Purchasing power standard (PPS)",5757,
2010,"EL","PPS","TC","D1","First decile","Top cut-off point","Purchasing power standard (PPS)",5792,
2011,"EL","PPS","TC","D1","First decile","Top cut-off point","Purchasing power standard (PPS)",5040,
2012,"EL","PPS","TC","D1","First decile","Top cut-off point","Purchasing power standard (PPS)",3891,
2013,"EL","PPS","TC","D1","First decile","Top cut-off point","Purchasing power standard (PPS)",3428,
2014,"EL","PPS","TC","D1","First decile","Top cut-off point","Purchasing power standard (PPS)",3388,
2015,"EL","PPS","TC","D1","First decile","Top cut-off point","Purchasing power standard (PPS)",3511,
2016,"EL","PPS","TC","D1","First decile","Top cut-off point","Purchasing power standard (PPS)",3579,
2017,"EL","PPS","TC","D1","First decile","Top cut-off point","Purchasing power standard (PPS)",3762,
2018,"EL","PPS","TC","D1","First decile","Top cut-off point","Purchasing power standard (PPS)",4082,
2019,"EL","PPS","TC","D1","First decile","Top cut-off point","Purchasing power standard (PPS)",4461,
2020,"EL","PPS","TC","D1","First decile","Top cut-off point","Purchasing power standard (PPS)",4709,
2021,"EL","PPS","TC","D1","First decile","Top cut-off point","Purchasing power standard (PPS)",4408,
2022,"EL","PPS","TC","D1","First decile","Top cut-off point","Purchasing power standard (PPS)",5071,
2023,"EL","PPS","TC","D1","First decile","Top cut-off point","Purchasing power standard (PPS)",5419,
2024,"EL","PPS","TC","D1","First decile","Top cut-off point","Purchasing power standard (PPS)",5766,
2025,"EL","PPS","TC","D1","First decile","Top cut-off point","Purchasing power standard (PPS)",6442,
1995,"EL","EUR","SHARE","D1","First decile","Share of national equivalised income","Euro",2,
1996,"EL","EUR","SHARE","D1","First decile","Share of national equivalised income","Euro",2,
1997,"EL","EUR","SHARE","D1","First decile","Share of national equivalised income","Euro",2,
1998,"EL","EUR","SHARE","D1","First decile","Share of national equivalised income","Euro",2,
1999,"EL","EUR","SHARE","D1","First decile","Share of national equivalised income","Euro",2,
2000,"EL","EUR","SHARE","D1","First decile","Share of national equivalised income","Euro",3,
2001,"EL","EUR","SHARE","D1","First decile","Share of national equivalised income","Euro",3,
2003,"EL","EUR","SHARE","D1","First decile","Share of national equivalised income","Euro",2.2,"b"
2004,"EL","EUR","SHARE","D1","First decile","Share of national equivalised income","Euro",2,
2005,"EL","EUR","SHARE","D1","First decile","Share of national equivalised income","Euro",2.5,
2006,"EL","EUR","SHARE","D1","First decile","Share of national equivalised income","Euro",2.4,
2007,"EL","EUR","SHARE","D1","First decile","Share of national equivalised income","Euro",2.4,
2008,"EL","EUR","SHARE","D1","First decile","Share of national equivalised income","Euro",2.4,
2009,"EL","EUR","SHARE","D1","First decile","Share of national equivalised income","Euro",2.4,
2010,"EL","EUR","SHARE","D1","First decile","Share of national equivalised income","Euro",2.6,
2011,"EL","EUR","SHARE","D1","First decile","Share of national equivalised income","Euro",2.3,
2012,"EL","EUR","SHARE","D1","First decile","Share of national equivalised income","Euro",1.8,
2013,"EL","EUR","SHARE","D1","First decile","Share of national equivalised income","Euro",2,
2014,"EL","EUR","SHARE","D1","First decile","Share of national equivalised income","Euro",2.2,
2015,"EL","EUR","SHARE","D1","First decile","Share of national equivalised income","Euro",1.9,
2016,"EL","EUR","SHARE","D1","First decile","Share of national equivalised income","Euro",2,
2017,"EL","EUR","SHARE","D1","First decile","Share of national equivalised income","Euro",2.2,
2018,"EL","EUR","SHARE","D1","First decile","Share of national equivalised income","Euro",2.5,
2019,"EL","EUR","SHARE","D1","First decile","Share of national equivalised income","Euro",2.7,
2020,"EL","EUR","SHARE","D1","First decile","Share of national equivalised income","Euro",2.6,
2021,"EL","EUR","SHARE","D1","First decile","Share of national equivalised income","Euro",2.1,
2022,"EL","EUR","SHARE","D1","First decile","Share of national equivalised income","Euro",2.6,
2023,"EL","EUR","SHARE","D1","First decile","Share of national equivalised income","Euro",2.7,
2024,"EL","EUR","SHARE","D1","First decile","Share of national equivalised income","Euro",2.7,
2025,"EL","EUR","SHARE","D1","First decile","Share of national equivalised income","Euro",2.8,
1995,"EL","NAC","SHARE","D1","First decile","Share of national equivalised income","National currency",2,
1996,"EL","NAC","SHARE","D1","First decile","Share of national equivalised income","National currency",2,
1997,"EL","NAC","SHARE","D1","First decile","Share of national equivalised income","National currency",2,
1998,"EL","NAC","SHARE","D1","First decile","Share of national equivalised income","National currency",2,
1999,"EL","NAC","SHARE","D1","First decile","Share of national equivalised income","National currency",2,
2000,"EL","NAC","SHARE","D1","First decile","Share of national equivalised income","National currency",3,
2001,"EL","NAC","SHARE","D1","First decile","Share of national equivalised income","National currency",3,
2003,"EL","NAC","SHARE","D1","First decile","Share of national equivalised income","National currency",2.2,"b"
2004,"EL","NAC","SHARE","D1","First decile","Share of national equivalised income","National currency",2,
2005,"EL","NAC","SHARE","D1","First decile","Share of national equivalised income","National currency",2.5,
2006,"EL","NAC","SHARE","D1","First decile","Share of national equivalised income","National currency",2.4,
2007,"EL","NAC","SHARE","D1","First decile","Share of national equivalised income","National currency",2.4,
2008,"EL","NAC","SHARE","D1","First decile","Share of national equivalised income","National currency",2.4,
2009,"EL","NAC","SHARE","D1","First decile","Share of national equivalised income","National currency",2.4,
2010,"EL","NAC","SHARE","D1","First decile","Share of national equivalised income","National currency",2.6,
2011,"EL","NAC","SHARE","D1","First decile","Share of national equivalised income","National currency",2.3,
2012,"EL","NAC","SHARE","D1","First decile","Share of national equivalised income","National currency",1.8,
2013,"EL","NAC","SHARE","D1","First decile","Share of national equivalised income","National currency",2,
2014,"EL","NAC","SHARE","D1","First decile","Share of national equivalised income","National currency",2.2,
2015,"EL","NAC","SHARE","D1","First decile","Share of national equivalised income","National currency",1.9,
2016,"EL","NAC","SHARE","D1","First decile","Share of national equivalised income","National currency",2,
2017,"EL","NAC","SHARE","D1","First decile","Share of national equivalised income","National currency",2.2,
2018,"EL","NAC","SHARE","D1","First decile","Share of national equivalised income","National currency",2.5,
2019,"EL","NAC","SHARE","D1","First decile","Share of national equivalised income","National currency",2.7,
2020,"EL","NAC","SHARE","D1","First decile","Share of national equivalised income","National currency",2.6,
2021,"EL","NAC","SHARE","D1","First decile","Share of national equivalised income","National currency",2.1,
2022,"EL","NAC","SHARE","D1","First decile","Share of national equivalised income","National currency",2.6,
2023,"EL","NAC","SHARE","D1","First decile","Share of national equivalised income","National currency",2.7,
2024,"EL","NAC","SHARE","D1","First decile","Share of national equivalised income","National currency",2.7,
2025,"EL","NAC","SHARE","D1","First decile","Share of national equivalised income","National currency",2.8,
1995,"EL","PPS","SHARE","D1","First decile","Share of national equivalised income","Purchasing power standard (PPS)",2,
1996,"EL","PPS","SHARE","D1","First decile","Share of national equivalised income","Purchasing power standard (PPS)",2,
1997,"EL","PPS","SHARE","D1","First decile","Share of national equivalised income","Purchasing power standard (PPS)",2,
1998,"EL","PPS","SHARE","D1","First decile","Share of national equivalised income","Purchasing power standard (PPS)",2,
1999,"EL","PPS","SHARE","D1","First decile","Share of national equivalised income","Purchasing power standard (PPS)",2,
2000,"EL","PPS","SHARE","D1","First decile","Share of national equivalised income","Purchasing power standard (PPS)",3,
2001,"EL","PPS","SHARE","D1","First decile","Share of national equivalised income","Purchasing power standard (PPS)",3,
2003,"EL","PPS","SHARE","D1","First decile","Share of national equivalised income","Purchasing power standard (PPS)",2.2,"b"
2004,"EL","PPS","SHARE","D1","First decile","Share of national equivalised income","Purchasing power standard (PPS)",2,
2005,"EL","PPS","SHARE","D1","First decile","Share of national equivalised income","Purchasing power standard (PPS)",2.5,
2006,"EL","PPS","SHARE","D1","First decile","Share of national equivalised income","Purchasing power standard (PPS)",2.4,
2007,"EL","PPS","SHARE","D1","First decile","Share of national equivalised income","Purchasing power standard (PPS)",2.4,
2008,"EL","PPS","SHARE","D1","First decile","Share of national equivalised income","Purchasing power standard (PPS)",2.4,
2009,"EL","PPS","SHARE","D1","First decile","Share of national equivalised income","Purchasing power standard (PPS)",2.4,
2010,"EL","PPS","SHARE","D1","First decile","Share of national equivalised income","Purchasing power standard (PPS)",2.6,
2011,"EL","PPS","SHARE","D1","First decile","Share of national equivalised income","Purchasing power standard (PPS)",2.3,
2012,"EL","PPS","SHARE","D1","First decile","Share of national equivalised income","Purchasing power standard (PPS)",1.8,
2013,"EL","PPS","SHARE","D1","First decile","Share of national equivalised income","Purchasing power standard (PPS)",2,
2014,"EL","PPS","SHARE","D1","First decile","Share of national equivalised income","Purchasing power standard (PPS)",2.2,
2015,"EL","PPS","SHARE","D1","First decile","Share of national equivalised income","Purchasing power standard (PPS)",1.9,
2016,"EL","PPS","SHARE","D1","First decile","Share of national equivalised income","Purchasing power standard (PPS)",2,
2017,"EL","PPS","SHARE","D1","First decile","Share of national equivalised income","Purchasing power standard (PPS)",2.2,
2018,"EL","PPS","SHARE","D1","First decile","Share of national equivalised income","Purchasing power standard (PPS)",2.5,
2019,"EL","PPS","SHARE","D1","First decile","Share of national equivalised income","Purchasing power standard (PPS)",2.7,
2020,"EL","PPS","SHARE","D1","First decile","Share of national equivalised income","Purchasing power standard (PPS)",2.6,
2021,"EL","PPS","SHARE","D1","First decile","Share of national equivalised income","Purchasing power standard (PPS)",2.1,
2022,"EL","PPS","SHARE","D1","First decile","Share of national equivalised income","Purchasing power standard (PPS)",2.6,
2023,"EL","PPS","SHARE","D1","First decile","Share of national equivalised income","Purchasing power standard (PPS)",2.7,
2024,"EL","PPS","SHARE","D1","First decile","Share of national equivalised income","Purchasing power standard (PPS)",2.7,
2025,"EL","PPS","SHARE","D1","First decile","Share of national equivalised income","Purchasing power standard (PPS)",2.8,
1995,"EL","EUR","TC","D2","Second decile","Top cut-off point","Euro",2986,
1996,"EL","EUR","TC","D2","Second decile","Top cut-off point","Euro",3177,
1997,"EL","EUR","TC","D2","Second decile","Top cut-off point","Euro",3346,
1998,"EL","EUR","TC","D2","Second decile","Top cut-off point","Euro",3758,
1999,"EL","EUR","TC","D2","Second decile","Top cut-off point","Euro",3749,
2000,"EL","EUR","TC","D2","Second decile","Top cut-off point","Euro",4171,
2001,"EL","EUR","TC","D2","Second decile","Top cut-off point","Euro",4218,
2003,"EL","EUR","TC","D2","Second decile","Top cut-off point","Euro",4849,"b"
2004,"EL","EUR","TC","D2","Second decile","Top cut-off point","Euro",5322,
2005,"EL","EUR","TC","D2","Second decile","Top cut-off point","Euro",5707,
2006,"EL","EUR","TC","D2","Second decile","Top cut-off point","Euro",5820,
2007,"EL","EUR","TC","D2","Second decile","Top cut-off point","Euro",6071,
2008,"EL","EUR","TC","D2","Second decile","Top cut-off point","Euro",6452,
2009,"EL","EUR","TC","D2","Second decile","Top cut-off point","Euro",7007,
2010,"EL","EUR","TC","D2","Second decile","Top cut-off point","Euro",7148,
2011,"EL","EUR","TC","D2","Second decile","Top cut-off point","Euro",6368,
2012,"EL","EUR","TC","D2","Second decile","Top cut-off point","Euro",5293,
2013,"EL","EUR","TC","D2","Second decile","Top cut-off point","Euro",4667,
2014,"EL","EUR","TC","D2","Second decile","Top cut-off point","Euro",4357,
2015,"EL","EUR","TC","D2","Second decile","Top cut-off point","Euro",4370,
2016,"EL","EUR","TC","D2","Second decile","Top cut-off point","Euro",4320,
2017,"EL","EUR","TC","D2","Second decile","Top cut-off point","Euro",4529,
2018,"EL","EUR","TC","D2","Second decile","Top cut-off point","Euro",4865,
2019,"EL","EUR","TC","D2","Second decile","Top cut-off point","Euro",5183,
2020,"EL","EUR","TC","D2","Second decile","Top cut-off point","Euro",5561,
2021,"EL","EUR","TC","D2","Second decile","Top cut-off point","Euro",5314,
2022,"EL","EUR","TC","D2","Second decile","Top cut-off point","Euro",5900,
2023,"EL","EUR","TC","D2","Second decile","Top cut-off point","Euro",6280,
2024,"EL","EUR","TC","D2","Second decile","Top cut-off point","Euro",6653,
2025,"EL","EUR","TC","D2","Second decile","Top cut-off point","Euro",7110,
1995,"EL","NAC","TC","D2","Second decile","Top cut-off point","National currency",2555,
1996,"EL","NAC","TC","D2","Second decile","Top cut-off point","National currency",2859,
1997,"EL","NAC","TC","D2","Second decile","Top cut-off point","National currency",3037,
1998,"EL","NAC","TC","D2","Second decile","Top cut-off point","National currency",3453,
1999,"EL","NAC","TC","D2","Second decile","Top cut-off point","National currency",3683,
2000,"EL","NAC","TC","D2","Second decile","Top cut-off point","National currency",4037,
2001,"EL","NAC","TC","D2","Second decile","Top cut-off point","National currency",4218,
2003,"EL","NAC","TC","D2","Second decile","Top cut-off point","National currency",4849,"b"
2004,"EL","NAC","TC","D2","Second decile","Top cut-off point","National currency",5322,
2005,"EL","NAC","TC","D2","Second decile","Top cut-off point","National currency",5707,
2006,"EL","NAC","TC","D2","Second decile","Top cut-off point","National currency",5820,
2007,"EL","NAC","TC","D2","Second decile","Top cut-off point","National currency",6071,
2008,"EL","NAC","TC","D2","Second decile","Top cut-off point","National currency",6452,
2009,"EL","NAC","TC","D2","Second decile","Top cut-off point","National currency",7007,
2010,"EL","NAC","TC","D2","Second decile","Top cut-off point","National currency",7148,
2011,"EL","NAC","TC","D2","Second decile","Top cut-off point","National currency",6368,
2012,"EL","NAC","TC","D2","Second decile","Top cut-off point","National currency",5293,
2013,"EL","NAC","TC","D2","Second decile","Top cut-off point","National currency",4667,
2014,"EL","NAC","TC","D2","Second decile","Top cut-off point","National currency",4357,
2015,"EL","NAC","TC","D2","Second decile","Top cut-off point","National currency",4370,
2016,"EL","NAC","TC","D2","Second decile","Top cut-off point","National currency",4320,
2017,"EL","NAC","TC","D2","Second decile","Top cut-off point","National currency",4529,
2018,"EL","NAC","TC","D2","Second decile","Top cut-off point","National currency",4865,
2019,"EL","NAC","TC","D2","Second decile","Top cut-off point","National currency",5183,
2020,"EL","NAC","TC","D2","Second decile","Top cut-off point","National currency",5561,
2021,"EL","NAC","TC","D2","Second decile","Top cut-off point","National currency",5314,
2022,"EL","NAC","TC","D2","Second decile","Top cut-off point","National currency",5900,
2023,"EL","NAC","TC","D2","Second decile","Top cut-off point","National currency",6280,
2024,"EL","NAC","TC","D2","Second decile","Top cut-off point","National currency",6653,
2025,"EL","NAC","TC","D2","Second decile","Top cut-off point","National currency",7110,
1995,"EL","PPS","TC","D2","Second decile","Top cut-off point","Purchasing power standard (PPS)",3843,
1996,"EL","PPS","TC","D2","Second decile","Top cut-off point","Purchasing power standard (PPS)",4070,
1997,"EL","PPS","TC","D2","Second decile","Top cut-off point","Purchasing power standard (PPS)",4155,
1998,"EL","PPS","TC","D2","Second decile","Top cut-off point","Purchasing power standard (PPS)",4539,
1999,"EL","PPS","TC","D2","Second decile","Top cut-off point","Purchasing power standard (PPS)",4677,
2000,"EL","PPS","TC","D2","Second decile","Top cut-off point","Purchasing power standard (PPS)",5313,
2001,"EL","PPS","TC","D2","Second decile","Top cut-off point","Purchasing power standard (PPS)",5384,
2003,"EL","PPS","TC","D2","Second decile","Top cut-off point","Purchasing power standard (PPS)",6047,"b"
2004,"EL","PPS","TC","D2","Second decile","Top cut-off point","Purchasing power standard (PPS)",6197,
2005,"EL","PPS","TC","D2","Second decile","Top cut-off point","Purchasing power standard (PPS)",6515,
2006,"EL","PPS","TC","D2","Second decile","Top cut-off point","Purchasing power standard (PPS)",6595,
2007,"EL","PPS","TC","D2","Second decile","Top cut-off point","Purchasing power standard (PPS)",6818,
2008,"EL","PPS","TC","D2","Second decile","Top cut-off point","Purchasing power standard (PPS)",7188,
2009,"EL","PPS","TC","D2","Second decile","Top cut-off point","Purchasing power standard (PPS)",7640,
2010,"EL","PPS","TC","D2","Second decile","Top cut-off point","Purchasing power standard (PPS)",7528,
2011,"EL","PPS","TC","D2","Second decile","Top cut-off point","Purchasing power standard (PPS)",6740,
2012,"EL","PPS","TC","D2","Second decile","Top cut-off point","Purchasing power standard (PPS)",5599,
2013,"EL","PPS","TC","D2","Second decile","Top cut-off point","Purchasing power standard (PPS)",5043,
2014,"EL","PPS","TC","D2","Second decile","Top cut-off point","Purchasing power standard (PPS)",4921,
2015,"EL","PPS","TC","D2","Second decile","Top cut-off point","Purchasing power standard (PPS)",5115,
2016,"EL","PPS","TC","D2","Second decile","Top cut-off point","Purchasing power standard (PPS)",5212,
2017,"EL","PPS","TC","D2","Second decile","Top cut-off point","Purchasing power standard (PPS)",5384,
2018,"EL","PPS","TC","D2","Second decile","Top cut-off point","Purchasing power standard (PPS)",5720,
2019,"EL","PPS","TC","D2","Second decile","Top cut-off point","Purchasing power standard (PPS)",6176,
2020,"EL","PPS","TC","D2","Second decile","Top cut-off point","Purchasing power standard (PPS)",6444,
2021,"EL","PPS","TC","D2","Second decile","Top cut-off point","Purchasing power standard (PPS)",6022,
2022,"EL","PPS","TC","D2","Second decile","Top cut-off point","Purchasing power standard (PPS)",6719,
2023,"EL","PPS","TC","D2","Second decile","Top cut-off point","Purchasing power standard (PPS)",7117,
2024,"EL","PPS","TC","D2","Second decile","Top cut-off point","Purchasing power standard (PPS)",7626,
2025,"EL","PPS","TC","D2","Second decile","Top cut-off point","Purchasing power standard (PPS)",8272,
1995,"EL","EUR","SHARE","D2","Second decile","Share of national equivalised income","Euro",4,
1996,"EL","EUR","SHARE","D2","Second decile","Share of national equivalised income","Euro",4,
1997,"EL","EUR","SHARE","D2","Second decile","Share of national equivalised income","Euro",4,
1998,"EL","EUR","SHARE","D2","Second decile","Share of national equivalised income","Euro",4,
1999,"EL","EUR","SHARE","D2","Second decile","Share of national equivalised income","Euro",4,
2000,"EL","EUR","SHARE","D2","Second decile","Share of national equivalised income","Euro",4,
2001,"EL","EUR","SHARE","D2","Second decile","Share of national equivalised income","Euro",4,
2003,"EL","EUR","SHARE","D2","Second decile","Share of national equivalised income","Euro",4.3,"b"
2004,"EL","EUR","SHARE","D2","Second decile","Share of national equivalised income","Euro",4.7,
2005,"EL","EUR","SHARE","D2","Second decile","Share of national equivalised income","Euro",4.5,
2006,"EL","EUR","SHARE","D2","Second decile","Share of national equivalised income","Euro",4.4,
2007,"EL","EUR","SHARE","D2","Second decile","Share of national equivalised income","Euro",4.4,
2008,"EL","EUR","SHARE","D2","Second decile","Share of national equivalised income","Euro",4.5,
2009,"EL","EUR","SHARE","D2","Second decile","Share of national equivalised income","Euro",4.6,
2010,"EL","EUR","SHARE","D2","Second decile","Share of national equivalised income","Euro",4.6,
2011,"EL","EUR","SHARE","D2","Second decile","Share of national equivalised income","Euro",4.4,
2012,"EL","EUR","SHARE","D2","Second decile","Share of national equivalised income","Euro",4.3,
2013,"EL","EUR","SHARE","D2","Second decile","Share of national equivalised income","Euro",4.2,
2014,"EL","EUR","SHARE","D2","Second decile","Share of national equivalised income","Euro",4.2,
2015,"EL","EUR","SHARE","D2","Second decile","Share of national equivalised income","Euro",4.3,
2016,"EL","EUR","SHARE","D2","Second decile","Share of national equivalised income","Euro",4.2,
2017,"EL","EUR","SHARE","D2","Second decile","Share of national equivalised income","Euro",4.4,
2018,"EL","EUR","SHARE","D2","Second decile","Share of national equivalised income","Euro",4.7,
2019,"EL","EUR","SHARE","D2","Second decile","Share of national equivalised income","Euro",4.8,
2020,"EL","EUR","SHARE","D2","Second decile","Share of national equivalised income","Euro",4.9,
2021,"EL","EUR","SHARE","D2","Second decile","Share of national equivalised income","Euro",4.6,
2022,"EL","EUR","SHARE","D2","Second decile","Share of national equivalised income","Euro",4.8,
2023,"EL","EUR","SHARE","D2","Second decile","Share of national equivalised income","Euro",4.8,
2024,"EL","EUR","SHARE","D2","Second decile","Share of national equivalised income","Euro",4.8,
2025,"EL","EUR","SHARE","D2","Second decile","Share of national equivalised income","Euro",4.7,
1995,"EL","NAC","SHARE","D2","Second decile","Share of national equivalised income","National currency",4,
1996,"EL","NAC","SHARE","D2","Second decile","Share of national equivalised income","National currency",4,
1997,"EL","NAC","SHARE","D2","Second decile","Share of national equivalised income","National currency",4,
1998,"EL","NAC","SHARE","D2","Second decile","Share of national equivalised income","National currency",4,
1999,"EL","NAC","SHARE","D2","Second decile","Share of national equivalised income","National currency",4,
2000,"EL","NAC","SHARE","D2","Second decile","Share of national equivalised income","National currency",4,
2001,"EL","NAC","SHARE","D2","Second decile","Share of national equivalised income","National currency",4,
2003,"EL","NAC","SHARE","D2","Second decile","Share of national equivalised income","National currency",4.3,"b"
2004,"EL","NAC","SHARE","D2","Second decile","Share of national equivalised income","National currency",4.7,
2005,"EL","NAC","SHARE","D2","Second decile","Share of national equivalised income","National currency",4.5,
2006,"EL","NAC","SHARE","D2","Second decile","Share of national equivalised income","National currency",4.4,
2007,"EL","NAC","SHARE","D2","Second decile","Share of national equivalised income","National currency",4.4,
2008,"EL","NAC","SHARE","D2","Second decile","Share of national equivalised income","National currency",4.5,
2009,"EL","NAC","SHARE","D2","Second decile","Share of national equivalised income","National currency",4.6,
2010,"EL","NAC","SHARE","D2","Second decile","Share of national equivalised income","National currency",4.6,
2011,"EL","NAC","SHARE","D2","Second decile","Share of national equivalised income","National currency",4.4,
2012,"EL","NAC","SHARE","D2","Second decile","Share of national equivalised income","National currency",4.3,
2013,"EL","NAC","SHARE","D2","Second decile","Share of national equivalised income","National currency",4.2,
2014,"EL","NAC","SHARE","D2","Second decile","Share of national equivalised income","National currency",4.2,
2015,"EL","NAC","SHARE","D2","Second decile","Share of national equivalised income","National currency",4.3,
2016,"EL","NAC","SHARE","D2","Second decile","Share of national equivalised income","National currency",4.2,
2017,"EL","NAC","SHARE","D2","Second decile","Share of national equivalised income","National currency",4.4,
2018,"EL","NAC","SHARE","D2","Second decile","Share of national equivalised income","National currency",4.7,
2019,"EL","NAC","SHARE","D2","Second decile","Share of national equivalised income","National currency",4.8,
2020,"EL","NAC","SHARE","D2","Second decile","Share of national equivalised income","National currency",4.9,
2021,"EL","NAC","SHARE","D2","Second decile","Share of national equivalised income","National currency",4.6,
2022,"EL","NAC","SHARE","D2","Second decile","Share of national equivalised income","National currency",4.8,
2023,"EL","NAC","SHARE","D2","Second decile","Share of national equivalised income","National currency",4.8,
2024,"EL","NAC","SHARE","D2","Second decile","Share of national equivalised income","National currency",4.8,
2025,"EL","NAC","SHARE","D2","Second decile","Share of national equivalised income","National currency",4.7,
1995,"EL","PPS","SHARE","D2","Second decile","Share of national equivalised income","Purchasing power standard (PPS)",4,
1996,"EL","PPS","SHARE","D2","Second decile","Share of national equivalised income","Purchasing power standard (PPS)",4,
1997,"EL","PPS","SHARE","D2","Second decile","Share of national equivalised income","Purchasing power standard (PPS)",4,
1998,"EL","PPS","SHARE","D2","Second decile","Share of national equivalised income","Purchasing power standard (PPS)",4,
1999,"EL","PPS","SHARE","D2","Second decile","Share of national equivalised income","Purchasing power standard (PPS)",4,
2000,"EL","PPS","SHARE","D2","Second decile","Share of national equivalised income","Purchasing power standard (PPS)",4,
2001,"EL","PPS","SHARE","D2","Second decile","Share of national equivalised income","Purchasing power standard (PPS)",4,
2003,"EL","PPS","SHARE","D2","Second decile","Share of national equivalised income","Purchasing power standard (PPS)",4.3,"b"
2004,"EL","PPS","SHARE","D2","Second decile","Share of national equivalised income","Purchasing power standard (PPS)",4.7,
2005,"EL","PPS","SHARE","D2","Second decile","Share of national equivalised income","Purchasing power standard (PPS)",4.5,
2006,"EL","PPS","SHARE","D2","Second decile","Share of national equivalised income","Purchasing power standard (PPS)",4.4,
2007,"EL","PPS","SHARE","D2","Second decile","Share of national equivalised income","Purchasing power standard (PPS)",4.4,
2008,"EL","PPS","SHARE","D2","Second decile","Share of national equivalised income","Purchasing power standard (PPS)",4.5,
2009,"EL","PPS","SHARE","D2","Second decile","Share of national equivalised income","Purchasing power standard (PPS)",4.6,
2010,"EL","PPS","SHARE","D2","Second decile","Share of national equivalised income","Purchasing power standard (PPS)",4.6,
2011,"EL","PPS","SHARE","D2","Second decile","Share of national equivalised income","Purchasing power standard (PPS)",4.4,
2012,"EL","PPS","SHARE","D2","Second decile","Share of national equivalised income","Purchasing power standard (PPS)",4.3,
2013,"EL","PPS","SHARE","D2","Second decile","Share of national equivalised income","Purchasing power standard (PPS)",4.2,
2014,"EL","PPS","SHARE","D2","Second decile","Share of national equivalised income","Purchasing power standard (PPS)",4.2,
2015,"EL","PPS","SHARE","D2","Second decile","Share of national equivalised income","Purchasing power standard (PPS)",4.3,
2016,"EL","PPS","SHARE","D2","Second decile","Share of national equivalised income","Purchasing power standard (PPS)",4.2,
2017,"EL","PPS","SHARE","D2","Second decile","Share of national equivalised income","Purchasing power standard (PPS)",4.4,
2018,"EL","PPS","SHARE","D2","Second decile","Share of national equivalised income","Purchasing power standard (PPS)",4.7,
2019,"EL","PPS","SHARE","D2","Second decile","Share of national equivalised income","Purchasing power standard (PPS)",4.8,
2020,"EL","PPS","SHARE","D2","Second decile","Share of national equivalised income","Purchasing power standard (PPS)",4.9,
2021,"EL","PPS","SHARE","D2","Second decile","Share of national equivalised income","Purchasing power standard (PPS)",4.6,
2022,"EL","PPS","SHARE","D2","Second decile","Share of national equivalised income","Purchasing power standard (PPS)",4.8,
2023,"EL","PPS","SHARE","D2","Second decile","Share of national equivalised income","Purchasing power standard (PPS)",4.8,
2024,"EL","PPS","SHARE","D2","Second decile","Share of national equivalised income","Purchasing power standard (PPS)",4.8,
2025,"EL","PPS","SHARE","D2","Second decile","Share of national equivalised income","Purchasing power standard (PPS)",4.7,
1995,"EL","EUR","TC","D3","Third decile","Top cut-off point","Euro",3743,
1996,"EL","EUR","TC","D3","Third decile","Top cut-off point","Euro",3961,
1997,"EL","EUR","TC","D3","Third decile","Top cut-off point","Euro",4246,
1998,"EL","EUR","TC","D3","Third decile","Top cut-off point","Euro",4655,
1999,"EL","EUR","TC","D3","Third decile","Top cut-off point","Euro",4622,
2000,"EL","EUR","TC","D3","Third decile","Top cut-off point","Euro",5101,
2001,"EL","EUR","TC","D3","Third decile","Top cut-off point","Euro",5119,
2003,"EL","EUR","TC","D3","Third decile","Top cut-off point","Euro",5899,"b"
2004,"EL","EUR","TC","D3","Third decile","Top cut-off point","Euro",6438,
2005,"EL","EUR","TC","D3","Third decile","Top cut-off point","Euro",7067,
2006,"EL","EUR","TC","D3","Third decile","Top cut-off point","Euro",7146,
2007,"EL","EUR","TC","D3","Third decile","Top cut-off point","Euro",7405,
2008,"EL","EUR","TC","D3","Third decile","Top cut-off point","Euro",8022,
2009,"EL","EUR","TC","D3","Third decile","Top cut-off point","Euro",8680,
2010,"EL","EUR","TC","D3","Third decile","Top cut-off point","Euro",8853,
2011,"EL","EUR","TC","D3","Third decile","Top cut-off point","Euro",7886,
2012,"EL","EUR","TC","D3","Third decile","Top cut-off point","Euro",6595,
2013,"EL","EUR","TC","D3","Third decile","Top cut-off point","Euro",5695,
2014,"EL","EUR","TC","D3","Third decile","Top cut-off point","Euro",5490,
2015,"EL","EUR","TC","D3","Third decile","Top cut-off point","Euro",5452,
2016,"EL","EUR","TC","D3","Third decile","Top cut-off point","Euro",5447,
2017,"EL","EUR","TC","D3","Third decile","Top cut-off point","Euro",5648,
2018,"EL","EUR","TC","D3","Third decile","Top cut-off point","Euro",5843,
2019,"EL","EUR","TC","D3","Third decile","Top cut-off point","Euro",6193,
2020,"EL","EUR","TC","D3","Third decile","Top cut-off point","Euro",6598,
2021,"EL","EUR","TC","D3","Third decile","Top cut-off point","Euro",6487,
2022,"EL","EUR","TC","D3","Third decile","Top cut-off point","Euro",7080,
2023,"EL","EUR","TC","D3","Third decile","Top cut-off point","Euro",7644,
2024,"EL","EUR","TC","D3","Third decile","Top cut-off point","Euro",8175,
2025,"EL","EUR","TC","D3","Third decile","Top cut-off point","Euro",8916,
1995,"EL","NAC","TC","D3","Third decile","Top cut-off point","National currency",3202,
1996,"EL","NAC","TC","D3","Third decile","Top cut-off point","National currency",3564,
1997,"EL","NAC","TC","D3","Third decile","Top cut-off point","National currency",3854,
1998,"EL","NAC","TC","D3","Third decile","Top cut-off point","National currency",4277,
1999,"EL","NAC","TC","D3","Third decile","Top cut-off point","National currency",4541,
2000,"EL","NAC","TC","D3","Third decile","Top cut-off point","National currency",4936,
2001,"EL","NAC","TC","D3","Third decile","Top cut-off point","National currency",5119,
2003,"EL","NAC","TC","D3","Third decile","Top cut-off point","National currency",5899,"b"
2004,"EL","NAC","TC","D3","Third decile","Top cut-off point","National currency",6438,
2005,"EL","NAC","TC","D3","Third decile","Top cut-off point","National currency",7067,
2006,"EL","NAC","TC","D3","Third decile","Top cut-off point","National currency",7146,
2007,"EL","NAC","TC","D3","Third decile","Top cut-off point","National currency",7405,
2008,"EL","NAC","TC","D3","Third decile","Top cut-off point","National currency",8022,
2009,"EL","NAC","TC","D3","Third decile","Top cut-off point","National currency",8680,
2010,"EL","NAC","TC","D3","Third decile","Top cut-off point","National currency",8853,
2011,"EL","NAC","TC","D3","Third decile","Top cut-off point","National currency",7886,
2012,"EL","NAC","TC","D3","Third decile","Top cut-off point","National currency",6595,
2013,"EL","NAC","TC","D3","Third decile","Top cut-off point","National currency",5695,
2014,"EL","NAC","TC","D3","Third decile","Top cut-off point","National currency",5490,
2015,"EL","NAC","TC","D3","Third decile","Top cut-off point","National currency",5452,
2016,"EL","NAC","TC","D3","Third decile","Top cut-off point","National currency",5447,
2017,"EL","NAC","TC","D3","Third decile","Top cut-off point","National currency",5648,
2018,"EL","NAC","TC","D3","Third decile","Top cut-off point","National currency",5843,
2019,"EL","NAC","TC","D3","Third decile","Top cut-off point","National currency",6193,
2020,"EL","NAC","TC","D3","Third decile","Top cut-off point","National currency",6598,
2021,"EL","NAC","TC","D3","Third decile","Top cut-off point","National currency",6487,
2022,"EL","NAC","TC","D3","Third decile","Top cut-off point","National currency",7080,
2023,"EL","NAC","TC","D3","Third decile","Top cut-off point","National currency",7644,
2024,"EL","NAC","TC","D3","Third decile","Top cut-off point","National currency",8175,
2025,"EL","NAC","TC","D3","Third decile","Top cut-off point","National currency",8916,
1995,"EL","PPS","TC","D3","Third decile","Top cut-off point","Purchasing power standard (PPS)",4817,
1996,"EL","PPS","TC","D3","Third decile","Top cut-off point","Purchasing power standard (PPS)",5074,
1997,"EL","PPS","TC","D3","Third decile","Top cut-off point","Purchasing power standard (PPS)",5272,
1998,"EL","PPS","TC","D3","Third decile","Top cut-off point","Purchasing power standard (PPS)",5623,
1999,"EL","PPS","TC","D3","Third decile","Top cut-off point","Purchasing power standard (PPS)",5767,
2000,"EL","PPS","TC","D3","Third decile","Top cut-off point","Purchasing power standard (PPS)",6498,
2001,"EL","PPS","TC","D3","Third decile","Top cut-off point","Purchasing power standard (PPS)",6535,
2003,"EL","PPS","TC","D3","Third decile","Top cut-off point","Purchasing power standard (PPS)",7357,"b"
2004,"EL","PPS","TC","D3","Third decile","Top cut-off point","Purchasing power standard (PPS)",7496,
2005,"EL","PPS","TC","D3","Third decile","Top cut-off point","Purchasing power standard (PPS)",8067,
2006,"EL","PPS","TC","D3","Third decile","Top cut-off point","Purchasing power standard (PPS)",8098,
2007,"EL","PPS","TC","D3","Third decile","Top cut-off point","Purchasing power standard (PPS)",8315,
2008,"EL","PPS","TC","D3","Third decile","Top cut-off point","Purchasing power standard (PPS)",8937,
2009,"EL","PPS","TC","D3","Third decile","Top cut-off point","Purchasing power standard (PPS)",9465,
2010,"EL","PPS","TC","D3","Third decile","Top cut-off point","Purchasing power standard (PPS)",9324,
2011,"EL","PPS","TC","D3","Third decile","Top cut-off point","Purchasing power standard (PPS)",8347,
2012,"EL","PPS","TC","D3","Third decile","Top cut-off point","Purchasing power standard (PPS)",6976,
2013,"EL","PPS","TC","D3","Third decile","Top cut-off point","Purchasing power standard (PPS)",6154,
2014,"EL","PPS","TC","D3","Third decile","Top cut-off point","Purchasing power standard (PPS)",6201,
2015,"EL","PPS","TC","D3","Third decile","Top cut-off point","Purchasing power standard (PPS)",6381,
2016,"EL","PPS","TC","D3","Third decile","Top cut-off point","Purchasing power standard (PPS)",6571,
2017,"EL","PPS","TC","D3","Third decile","Top cut-off point","Purchasing power standard (PPS)",6714,
2018,"EL","PPS","TC","D3","Third decile","Top cut-off point","Purchasing power standard (PPS)",6869,
2019,"EL","PPS","TC","D3","Third decile","Top cut-off point","Purchasing power standard (PPS)",7379,
2020,"EL","PPS","TC","D3","Third decile","Top cut-off point","Purchasing power standard (PPS)",7645,
2021,"EL","PPS","TC","D3","Third decile","Top cut-off point","Purchasing power standard (PPS)",7350,
2022,"EL","PPS","TC","D3","Third decile","Top cut-off point","Purchasing power standard (PPS)",8062,
2023,"EL","PPS","TC","D3","Third decile","Top cut-off point","Purchasing power standard (PPS)",8662,
2024,"EL","PPS","TC","D3","Third decile","Top cut-off point","Purchasing power standard (PPS)",9370,
2025,"EL","PPS","TC","D3","Third decile","Top cut-off point","Purchasing power standard (PPS)",10373,
1995,"EL","EUR","SHARE","D3","Third decile","Share of national equivalised income","Euro",5,
1996,"EL","EUR","SHARE","D3","Third decile","Share of national equivalised income","Euro",6,
1997,"EL","EUR","SHARE","D3","Third decile","Share of national equivalised income","Euro",5,
1998,"EL","EUR","SHARE","D3","Third decile","Share of national equivalised income","Euro",5,
1999,"EL","EUR","SHARE","D3","Third decile","Share of national equivalised income","Euro",6,
2000,"EL","EUR","SHARE","D3","Third decile","Share of national equivalised income","Euro",6,
2001,"EL","EUR","SHARE","D3","Third decile","Share of national equivalised income","Euro",6,
2003,"EL","EUR","SHARE","D3","Third decile","Share of national equivalised income","Euro",5.6,"b"
2004,"EL","EUR","SHARE","D3","Third decile","Share of national equivalised income","Euro",5.8,
2005,"EL","EUR","SHARE","D3","Third decile","Share of national equivalised income","Euro",5.8,
2006,"EL","EUR","SHARE","D3","Third decile","Share of national equivalised income","Euro",5.6,
2007,"EL","EUR","SHARE","D3","Third decile","Share of national equivalised income","Euro",5.6,
2008,"EL","EUR","SHARE","D3","Third decile","Share of national equivalised income","Euro",5.7,
2009,"EL","EUR","SHARE","D3","Third decile","Share of national equivalised income","Euro",5.9,
2010,"EL","EUR","SHARE","D3","Third decile","Share of national equivalised income","Euro",5.7,
2011,"EL","EUR","SHARE","D3","Third decile","Share of national equivalised income","Euro",5.6,
2012,"EL","EUR","SHARE","D3","Third decile","Share of national equivalised income","Euro",5.6,
2013,"EL","EUR","SHARE","D3","Third decile","Share of national equivalised income","Euro",5.6,
2014,"EL","EUR","SHARE","D3","Third decile","Share of national equivalised income","Euro",5.6,
2015,"EL","EUR","SHARE","D3","Third decile","Share of national equivalised income","Euro",5.7,
2016,"EL","EUR","SHARE","D3","Third decile","Share of national equivalised income","Euro",5.7,
2017,"EL","EUR","SHARE","D3","Third decile","Share of national equivalised income","Euro",5.9,
2018,"EL","EUR","SHARE","D3","Third decile","Share of national equivalised income","Euro",5.9,
2019,"EL","EUR","SHARE","D3","Third decile","Share of national equivalised income","Euro",6.1,
2020,"EL","EUR","SHARE","D3","Third decile","Share of national equivalised income","Euro",6.1,
2021,"EL","EUR","SHARE","D3","Third decile","Share of national equivalised income","Euro",6,
2022,"EL","EUR","SHARE","D3","Third decile","Share of national equivalised income","Euro",6,
2023,"EL","EUR","SHARE","D3","Third decile","Share of national equivalised income","Euro",6.1,
2024,"EL","EUR","SHARE","D3","Third decile","Share of national equivalised income","Euro",6,
2025,"EL","EUR","SHARE","D3","Third decile","Share of national equivalised income","Euro",6.1,
1995,"EL","NAC","SHARE","D3","Third decile","Share of national equivalised income","National currency",5,
1996,"EL","NAC","SHARE","D3","Third decile","Share of national equivalised income","National currency",6,
1997,"EL","NAC","SHARE","D3","Third decile","Share of national equivalised income","National currency",5,
1998,"EL","NAC","SHARE","D3","Third decile","Share of national equivalised income","National currency",5,
1999,"EL","NAC","SHARE","D3","Third decile","Share of national equivalised income","National currency",6,
2000,"EL","NAC","SHARE","D3","Third decile","Share of national equivalised income","National currency",6,
2001,"EL","NAC","SHARE","D3","Third decile","Share of national equivalised income","National currency",6,
2003,"EL","NAC","SHARE","D3","Third decile","Share of national equivalised income","National currency",5.6,"b"
2004,"EL","NAC","SHARE","D3","Third decile","Share of national equivalised income","National currency",5.8,
2005,"EL","NAC","SHARE","D3","Third decile","Share of national equivalised income","National currency",5.8,
2006,"EL","NAC","SHARE","D3","Third decile","Share of national equivalised income","National currency",5.6,
2007,"EL","NAC","SHARE","D3","Third decile","Share of national equivalised income","National currency",5.6,
2008,"EL","NAC","SHARE","D3","Third decile","Share of national equivalised income","National currency",5.7,
2009,"EL","NAC","SHARE","D3","Third decile","Share of national equivalised income","National currency",5.9,
2010,"EL","NAC","SHARE","D3","Third decile","Share of national equivalised income","National currency",5.7,
2011,"EL","NAC","SHARE","D3","Third decile","Share of national equivalised income","National currency",5.6,
2012,"EL","NAC","SHARE","D3","Third decile","Share of national equivalised income","National currency",5.6,
2013,"EL","NAC","SHARE","D3","Third decile","Share of national equivalised income","National currency",5.6,
2014,"EL","NAC","SHARE","D3","Third decile","Share of national equivalised income","National currency",5.6,
2015,"EL","NAC","SHARE","D3","Third decile","Share of national equivalised income","National currency",5.7,
2016,"EL","NAC","SHARE","D3","Third decile","Share of national equivalised income","National currency",5.7,
2017,"EL","NAC","SHARE","D3","Third decile","Share of national equivalised income","National currency",5.9,
2018,"EL","NAC","SHARE","D3","Third decile","Share of national equivalised income","National currency",5.9,
2019,"EL","NAC","SHARE","D3","Third decile","Share of national equivalised income","National currency",6.1,
2020,"EL","NAC","SHARE","D3","Third decile","Share of national equivalised income","National currency",6.1,
2021,"EL","NAC","SHARE","D3","Third decile","Share of national equivalised income","National currency",6,
2022,"EL","NAC","SHARE","D3","Third decile","Share of national equivalised income","National currency",6,
2023,"EL","NAC","SHARE","D3","Third decile","Share of national equivalised income","National currency",6.1,
2024,"EL","NAC","SHARE","D3","Third decile","Share of national equivalised income","National currency",6,
2025,"EL","NAC","SHARE","D3","Third decile","Share of national equivalised income","National currency",6.1,
1995,"EL","PPS","SHARE","D3","Third decile","Share of national equivalised income","Purchasing power standard (PPS)",5,
1996,"EL","PPS","SHARE","D3","Third decile","Share of national equivalised income","Purchasing power standard (PPS)",6,
1997,"EL","PPS","SHARE","D3","Third decile","Share of national equivalised income","Purchasing power standard (PPS)",5,
1998,"EL","PPS","SHARE","D3","Third decile","Share of national equivalised income","Purchasing power standard (PPS)",5,
1999,"EL","PPS","SHARE","D3","Third decile","Share of national equivalised income","Purchasing power standard (PPS)",6,
2000,"EL","PPS","SHARE","D3","Third decile","Share of national equivalised income","Purchasing power standard (PPS)",6,
2001,"EL","PPS","SHARE","D3","Third decile","Share of national equivalised income","Purchasing power standard (PPS)",6,
2003,"EL","PPS","SHARE","D3","Third decile","Share of national equivalised income","Purchasing power standard (PPS)",5.6,"b"
2004,"EL","PPS","SHARE","D3","Third decile","Share of national equivalised income","Purchasing power standard (PPS)",5.8,
2005,"EL","PPS","SHARE","D3","Third decile","Share of national equivalised income","Purchasing power standard (PPS)",5.8,
2006,"EL","PPS","SHARE","D3","Third decile","Share of national equivalised income","Purchasing power standard (PPS)",5.6,
2007,"EL","PPS","SHARE","D3","Third decile","Share of national equivalised income","Purchasing power standard (PPS)",5.6,
2008,"EL","PPS","SHARE","D3","Third decile","Share of national equivalised income","Purchasing power standard (PPS)",5.7,
2009,"EL","PPS","SHARE","D3","Third decile","Share of national equivalised income","Purchasing power standard (PPS)",5.9,
2010,"EL","PPS","SHARE","D3","Third decile","Share of national equivalised income","Purchasing power standard (PPS)",5.7,
2011,"EL","PPS","SHARE","D3","Third decile","Share of national equivalised income","Purchasing power standard (PPS)",5.6,
2012,"EL","PPS","SHARE","D3","Third decile","Share of national equivalised income","Purchasing power standard (PPS)",5.6,
2013,"EL","PPS","SHARE","D3","Third decile","Share of national equivalised income","Purchasing power standard (PPS)",5.6,
2014,"EL","PPS","SHARE","D3","Third decile","Share of national equivalised income","Purchasing power standard (PPS)",5.6,
2015,"EL","PPS","SHARE","D3","Third decile","Share of national equivalised income","Purchasing power standard (PPS)",5.7,
2016,"EL","PPS","SHARE","D3","Third decile","Share of national equivalised income","Purchasing power standard (PPS)",5.7,
2017,"EL","PPS","SHARE","D3","Third decile","Share of national equivalised income","Purchasing power standard (PPS)",5.9,
2018,"EL","PPS","SHARE","D3","Third decile","Share of national equivalised income","Purchasing power standard (PPS)",5.9,
2019,"EL","PPS","SHARE","D3","Third decile","Share of national equivalised income","Purchasing power standard (PPS)",6.1,
2020,"EL","PPS","SHARE","D3","Third decile","Share of national equivalised income","Purchasing power standard (PPS)",6.1,
2021,"EL","PPS","SHARE","D3","Third decile","Share of national equivalised income","Purchasing power standard (PPS)",6,
2022,"EL","PPS","SHARE","D3","Third decile","Share of national equivalised income","Purchasing power standard (PPS)",6,
2023,"EL","PPS","SHARE","D3","Third decile","Share of national equivalised income","Purchasing power standard (PPS)",6.1,
2024,"EL","PPS","SHARE","D3","Third decile","Share of national equivalised income","Purchasing power standard (PPS)",6,
2025,"EL","PPS","SHARE","D3","Third decile","Share of national equivalised income","Purchasing power standard (PPS)",6.1,
1995,"EL","EUR","TC","D4","Fourth decile","Top cut-off point","Euro",4467,
1996,"EL","EUR","TC","D4","Fourth decile","Top cut-off point","Euro",4631,
1997,"EL","EUR","TC","D4","Fourth decile","Top cut-off point","Euro",5018,
1998,"EL","EUR","TC","D4","Fourth decile","Top cut-off point","Euro",5562,
1999,"EL","EUR","TC","D4","Fourth decile","Top cut-off point","Euro",5521,
2000,"EL","EUR","TC","D4","Fourth decile","Top cut-off point","Euro",5968,
2001,"EL","EUR","TC","D4","Fourth decile","Top cut-off point","Euro",6029,
2003,"EL","EUR","TC","D4","Fourth decile","Top cut-off point","Euro",6967,"b"
2004,"EL","EUR","TC","D4","Fourth decile","Top cut-off point","Euro",7572,
2005,"EL","EUR","TC","D4","Fourth decile","Top cut-off point","Euro",8216,
2006,"EL","EUR","TC","D4","Fourth decile","Top cut-off point","Euro",8409,
2007,"EL","EUR","TC","D4","Fourth decile","Top cut-off point","Euro",8710,
2008,"EL","EUR","TC","D4","Fourth decile","Top cut-off point","Euro",9500,
2009,"EL","EUR","TC","D4","Fourth decile","Top cut-off point","Euro",10025,
2010,"EL","EUR","TC","D4","Fourth decile","Top cut-off point","Euro",10333,
2011,"EL","EUR","TC","D4","Fourth decile","Top cut-off point","Euro",9240,
2012,"EL","EUR","TC","D4","Fourth decile","Top cut-off point","Euro",8000,
2013,"EL","EUR","TC","D4","Fourth decile","Top cut-off point","Euro",6870,
2014,"EL","EUR","TC","D4","Fourth decile","Top cut-off point","Euro",6428,
2015,"EL","EUR","TC","D4","Fourth decile","Top cut-off point","Euro",6457,
2016,"EL","EUR","TC","D4","Fourth decile","Top cut-off point","Euro",6457,
2017,"EL","EUR","TC","D4","Fourth decile","Top cut-off point","Euro",6616,
2018,"EL","EUR","TC","D4","Fourth decile","Top cut-off point","Euro",6820,
2019,"EL","EUR","TC","D4","Fourth decile","Top cut-off point","Euro",7185,
2020,"EL","EUR","TC","D4","Fourth decile","Top cut-off point","Euro",7622,
2021,"EL","EUR","TC","D4","Fourth decile","Top cut-off point","Euro",7633,
2022,"EL","EUR","TC","D4","Fourth decile","Top cut-off point","Euro",8247,
2023,"EL","EUR","TC","D4","Fourth decile","Top cut-off point","Euro",8765,
2024,"EL","EUR","TC","D4","Fourth decile","Top cut-off point","Euro",9513,
2025,"EL","EUR","TC","D4","Fourth decile","Top cut-off point","Euro",10269,
1995,"EL","NAC","TC","D4","Fourth decile","Top cut-off point","National currency",3822,
1996,"EL","NAC","TC","D4","Fourth decile","Top cut-off point","National currency",4167,
1997,"EL","NAC","TC","D4","Fourth decile","Top cut-off point","National currency",4554,
1998,"EL","NAC","TC","D4","Fourth decile","Top cut-off point","National currency",5111,
1999,"EL","NAC","TC","D4","Fourth decile","Top cut-off point","National currency",5424,
2000,"EL","NAC","TC","D4","Fourth decile","Top cut-off point","National currency",5775,
2001,"EL","NAC","TC","D4","Fourth decile","Top cut-off point","National currency",6029,
2003,"EL","NAC","TC","D4","Fourth decile","Top cut-off point","National currency",6967,"b"
2004,"EL","NAC","TC","D4","Fourth decile","Top cut-off point","National currency",7572,
2005,"EL","NAC","TC","D4","Fourth decile","Top cut-off point","National currency",8216,
2006,"EL","NAC","TC","D4","Fourth decile","Top cut-off point","National currency",8409,
2007,"EL","NAC","TC","D4","Fourth decile","Top cut-off point","National currency",8710,
2008,"EL","NAC","TC","D4","Fourth decile","Top cut-off point","National currency",9500,
2009,"EL","NAC","TC","D4","Fourth decile","Top cut-off point","National currency",10025,
2010,"EL","NAC","TC","D4","Fourth decile","Top cut-off point","National currency",10333,
2011,"EL","NAC","TC","D4","Fourth decile","Top cut-off point","National currency",9240,
2012,"EL","NAC","TC","D4","Fourth decile","Top cut-off point","National currency",8000,
2013,"EL","NAC","TC","D4","Fourth decile","Top cut-off point","National currency",6870,
2014,"EL","NAC","TC","D4","Fourth decile","Top cut-off point","National currency",6428,
2015,"EL","NAC","TC","D4","Fourth decile","Top cut-off point","National currency",6457,
2016,"EL","NAC","TC","D4","Fourth decile","Top cut-off point","National currency",6457,
2017,"EL","NAC","TC","D4","Fourth decile","Top cut-off point","National currency",6616,
2018,"EL","NAC","TC","D4","Fourth decile","Top cut-off point","National currency",6820,
2019,"EL","NAC","TC","D4","Fourth decile","Top cut-off point","National currency",7185,
2020,"EL","NAC","TC","D4","Fourth decile","Top cut-off point","National currency",7622,
2021,"EL","NAC","TC","D4","Fourth decile","Top cut-off point","National currency",7633,
2022,"EL","NAC","TC","D4","Fourth decile","Top cut-off point","National currency",8247,
2023,"EL","NAC","TC","D4","Fourth decile","Top cut-off point","National currency",8765,
2024,"EL","NAC","TC","D4","Fourth decile","Top cut-off point","National currency",9513,
2025,"EL","NAC","TC","D4","Fourth decile","Top cut-off point","National currency",10269,
1995,"EL","PPS","TC","D4","Fourth decile","Top cut-off point","Purchasing power standard (PPS)",5749,
1996,"EL","PPS","TC","D4","Fourth decile","Top cut-off point","Purchasing power standard (PPS)",5932,
1997,"EL","PPS","TC","D4","Fourth decile","Top cut-off point","Purchasing power standard (PPS)",6231,
1998,"EL","PPS","TC","D4","Fourth decile","Top cut-off point","Purchasing power standard (PPS)",6719,
1999,"EL","PPS","TC","D4","Fourth decile","Top cut-off point","Purchasing power standard (PPS)",6888,
2000,"EL","PPS","TC","D4","Fourth decile","Top cut-off point","Purchasing power standard (PPS)",7602,
2001,"EL","PPS","TC","D4","Fourth decile","Top cut-off point","Purchasing power standard (PPS)",7697,
2003,"EL","PPS","TC","D4","Fourth decile","Top cut-off point","Purchasing power standard (PPS)",8688,"b"
2004,"EL","PPS","TC","D4","Fourth decile","Top cut-off point","Purchasing power standard (PPS)",8817,
2005,"EL","PPS","TC","D4","Fourth decile","Top cut-off point","Purchasing power standard (PPS)",9380,
2006,"EL","PPS","TC","D4","Fourth decile","Top cut-off point","Purchasing power standard (PPS)",9528,
2007,"EL","PPS","TC","D4","Fourth decile","Top cut-off point","Purchasing power standard (PPS)",9781,
2008,"EL","PPS","TC","D4","Fourth decile","Top cut-off point","Purchasing power standard (PPS)",10584,
2009,"EL","PPS","TC","D4","Fourth decile","Top cut-off point","Purchasing power standard (PPS)",10931,
2010,"EL","PPS","TC","D4","Fourth decile","Top cut-off point","Purchasing power standard (PPS)",10883,
2011,"EL","PPS","TC","D4","Fourth decile","Top cut-off point","Purchasing power standard (PPS)",9780,
2012,"EL","PPS","TC","D4","Fourth decile","Top cut-off point","Purchasing power standard (PPS)",8463,
2013,"EL","PPS","TC","D4","Fourth decile","Top cut-off point","Purchasing power standard (PPS)",7424,
2014,"EL","PPS","TC","D4","Fourth decile","Top cut-off point","Purchasing power standard (PPS)",7260,
2015,"EL","PPS","TC","D4","Fourth decile","Top cut-off point","Purchasing power standard (PPS)",7558,
2016,"EL","PPS","TC","D4","Fourth decile","Top cut-off point","Purchasing power standard (PPS)",7790,
2017,"EL","PPS","TC","D4","Fourth decile","Top cut-off point","Purchasing power standard (PPS)",7865,
2018,"EL","PPS","TC","D4","Fourth decile","Top cut-off point","Purchasing power standard (PPS)",8019,
2019,"EL","PPS","TC","D4","Fourth decile","Top cut-off point","Purchasing power standard (PPS)",8561,
2020,"EL","PPS","TC","D4","Fourth decile","Top cut-off point","Purchasing power standard (PPS)",8831,
2021,"EL","PPS","TC","D4","Fourth decile","Top cut-off point","Purchasing power standard (PPS)",8650,
2022,"EL","PPS","TC","D4","Fourth decile","Top cut-off point","Purchasing power standard (PPS)",9391,
2023,"EL","PPS","TC","D4","Fourth decile","Top cut-off point","Purchasing power standard (PPS)",9933,
2024,"EL","PPS","TC","D4","Fourth decile","Top cut-off point","Purchasing power standard (PPS)",10904,
2025,"EL","PPS","TC","D4","Fourth decile","Top cut-off point","Purchasing power standard (PPS)",11947,
1995,"EL","EUR","SHARE","D4","Fourth decile","Share of national equivalised income","Euro",7,
1996,"EL","EUR","SHARE","D4","Fourth decile","Share of national equivalised income","Euro",7,
1997,"EL","EUR","SHARE","D4","Fourth decile","Share of national equivalised income","Euro",7,
1998,"EL","EUR","SHARE","D4","Fourth decile","Share of national equivalised income","Euro",7,
1999,"EL","EUR","SHARE","D4","Fourth decile","Share of national equivalised income","Euro",7,
2000,"EL","EUR","SHARE","D4","Fourth decile","Share of national equivalised income","Euro",7,
2001,"EL","EUR","SHARE","D4","Fourth decile","Share of national equivalised income","Euro",7,
2003,"EL","EUR","SHARE","D4","Fourth decile","Share of national equivalised income","Euro",6.6,"b"
2004,"EL","EUR","SHARE","D4","Fourth decile","Share of national equivalised income","Euro",6.9,
2005,"EL","EUR","SHARE","D4","Fourth decile","Share of national equivalised income","Euro",6.8,
2006,"EL","EUR","SHARE","D4","Fourth decile","Share of national equivalised income","Euro",6.7,
2007,"EL","EUR","SHARE","D4","Fourth decile","Share of national equivalised income","Euro",6.6,
2008,"EL","EUR","SHARE","D4","Fourth decile","Share of national equivalised income","Euro",6.9,
2009,"EL","EUR","SHARE","D4","Fourth decile","Share of national equivalised income","Euro",7,
2010,"EL","EUR","SHARE","D4","Fourth decile","Share of national equivalised income","Euro",6.9,
2011,"EL","EUR","SHARE","D4","Fourth decile","Share of national equivalised income","Euro",6.7,
2012,"EL","EUR","SHARE","D4","Fourth decile","Share of national equivalised income","Euro",6.8,
2013,"EL","EUR","SHARE","D4","Fourth decile","Share of national equivalised income","Euro",6.7,
2014,"EL","EUR","SHARE","D4","Fourth decile","Share of national equivalised income","Euro",6.7,
2015,"EL","EUR","SHARE","D4","Fourth decile","Share of national equivalised income","Euro",6.9,
2016,"EL","EUR","SHARE","D4","Fourth decile","Share of national equivalised income","Euro",6.8,
2017,"EL","EUR","SHARE","D4","Fourth decile","Share of national equivalised income","Euro",7,
2018,"EL","EUR","SHARE","D4","Fourth decile","Share of national equivalised income","Euro",7,
2019,"EL","EUR","SHARE","D4","Fourth decile","Share of national equivalised income","Euro",7.1,
2020,"EL","EUR","SHARE","D4","Fourth decile","Share of national equivalised income","Euro",7.1,
2021,"EL","EUR","SHARE","D4","Fourth decile","Share of national equivalised income","Euro",7.1,
2022,"EL","EUR","SHARE","D4","Fourth decile","Share of national equivalised income","Euro",7.1,
2023,"EL","EUR","SHARE","D4","Fourth decile","Share of national equivalised income","Euro",7.1,
2024,"EL","EUR","SHARE","D4","Fourth decile","Share of national equivalised income","Euro",7.2,
2025,"EL","EUR","SHARE","D4","Fourth decile","Share of national equivalised income","Euro",7.2,
1995,"EL","NAC","SHARE","D4","Fourth decile","Share of national equivalised income","National currency",7,
1996,"EL","NAC","SHARE","D4","Fourth decile","Share of national equivalised income","National currency",7,
1997,"EL","NAC","SHARE","D4","Fourth decile","Share of national equivalised income","National currency",7,
1998,"EL","NAC","SHARE","D4","Fourth decile","Share of national equivalised income","National currency",7,
1999,"EL","NAC","SHARE","D4","Fourth decile","Share of national equivalised income","National currency",7,
2000,"EL","NAC","SHARE","D4","Fourth decile","Share of national equivalised income","National currency",7,
2001,"EL","NAC","SHARE","D4","Fourth decile","Share of national equivalised income","National currency",7,
2003,"EL","NAC","SHARE","D4","Fourth decile","Share of national equivalised income","National currency",6.6,"b"
2004,"EL","NAC","SHARE","D4","Fourth decile","Share of national equivalised income","National currency",6.9,
2005,"EL","NAC","SHARE","D4","Fourth decile","Share of national equivalised income","National currency",6.8,
2006,"EL","NAC","SHARE","D4","Fourth decile","Share of national equivalised income","National currency",6.7,
2007,"EL","NAC","SHARE","D4","Fourth decile","Share of national equivalised income","National currency",6.6,
2008,"EL","NAC","SHARE","D4","Fourth decile","Share of national equivalised income","National currency",6.9,
2009,"EL","NAC","SHARE","D4","Fourth decile","Share of national equivalised income","National currency",7,
2010,"EL","NAC","SHARE","D4","Fourth decile","Share of national equivalised income","National currency",6.9,
2011,"EL","NAC","SHARE","D4","Fourth decile","Share of national equivalised income","National currency",6.7,
2012,"EL","NAC","SHARE","D4","Fourth decile","Share of national equivalised income","National currency",6.8,
2013,"EL","NAC","SHARE","D4","Fourth decile","Share of national equivalised income","National currency",6.7,
2014,"EL","NAC","SHARE","D4","Fourth decile","Share of national equivalised income","National currency",6.7,
2015,"EL","NAC","SHARE","D4","Fourth decile","Share of national equivalised income","National currency",6.9,
2016,"EL","NAC","SHARE","D4","Fourth decile","Share of national equivalised income","National currency",6.8,
2017,"EL","NAC","SHARE","D4","Fourth decile","Share of national equivalised income","National currency",7,
2018,"EL","NAC","SHARE","D4","Fourth decile","Share of national equivalised income","National currency",7,
2019,"EL","NAC","SHARE","D4","Fourth decile","Share of national equivalised income","National currency",7.1,
2020,"EL","NAC","SHARE","D4","Fourth decile","Share of national equivalised income","National currency",7.1,
2021,"EL","NAC","SHARE","D4","Fourth decile","Share of national equivalised income","National currency",7.1,
2022,"EL","NAC","SHARE","D4","Fourth decile","Share of national equivalised income","National currency",7.1,
2023,"EL","NAC","SHARE","D4","Fourth decile","Share of national equivalised income","National currency",7.1,
2024,"EL","NAC","SHARE","D4","Fourth decile","Share of national equivalised income","National currency",7.2,
2025,"EL","NAC","SHARE","D4","Fourth decile","Share of national equivalised income","National currency",7.2,
1995,"EL","PPS","SHARE","D4","Fourth decile","Share of national equivalised income","Purchasing power standard (PPS)",7,
1996,"EL","PPS","SHARE","D4","Fourth decile","Share of national equivalised income","Purchasing power standard (PPS)",7,
1997,"EL","PPS","SHARE","D4","Fourth decile","Share of national equivalised income","Purchasing power standard (PPS)",7,
1998,"EL","PPS","SHARE","D4","Fourth decile","Share of national equivalised income","Purchasing power standard (PPS)",7,
1999,"EL","PPS","SHARE","D4","Fourth decile","Share of national equivalised income","Purchasing power standard (PPS)",7,
2000,"EL","PPS","SHARE","D4","Fourth decile","Share of national equivalised income","Purchasing power standard (PPS)",7,
2001,"EL","PPS","SHARE","D4","Fourth decile","Share of national equivalised income","Purchasing power standard (PPS)",7,
2003,"EL","PPS","SHARE","D4","Fourth decile","Share of national equivalised income","Purchasing power standard (PPS)",6.6,"b"
2004,"EL","PPS","SHARE","D4","Fourth decile","Share of national equivalised income","Purchasing power standard (PPS)",6.9,
2005,"EL","PPS","SHARE","D4","Fourth decile","Share of national equivalised income","Purchasing power standard (PPS)",6.8,
2006,"EL","PPS","SHARE","D4","Fourth decile","Share of national equivalised income","Purchasing power standard (PPS)",6.7,
2007,"EL","PPS","SHARE","D4","Fourth decile","Share of national equivalised income","Purchasing power standard (PPS)",6.6,
2008,"EL","PPS","SHARE","D4","Fourth decile","Share of national equivalised income","Purchasing power standard (PPS)",6.9,
2009,"EL","PPS","SHARE","D4","Fourth decile","Share of national equivalised income","Purchasing power standard (PPS)",7,
2010,"EL","PPS","SHARE","D4","Fourth decile","Share of national equivalised income","Purchasing power standard (PPS)",6.9,
2011,"EL","PPS","SHARE","D4","Fourth decile","Share of national equivalised income","Purchasing power standard (PPS)",6.7,
2012,"EL","PPS","SHARE","D4","Fourth decile","Share of national equivalised income","Purchasing power standard (PPS)",6.8,
2013,"EL","PPS","SHARE","D4","Fourth decile","Share of national equivalised income","Purchasing power standard (PPS)",6.7,
2014,"EL","PPS","SHARE","D4","Fourth decile","Share of national equivalised income","Purchasing power standard (PPS)",6.7,
2015,"EL","PPS","SHARE","D4","Fourth decile","Share of national equivalised income","Purchasing power standard (PPS)",6.9,
2016,"EL","PPS","SHARE","D4","Fourth decile","Share of national equivalised income","Purchasing power standard (PPS)",6.8,
2017,"EL","PPS","SHARE","D4","Fourth decile","Share of national equivalised income","Purchasing power standard (PPS)",7,
2018,"EL","PPS","SHARE","D4","Fourth decile","Share of national equivalised income","Purchasing power standard (PPS)",7,
2019,"EL","PPS","SHARE","D4","Fourth decile","Share of national equivalised income","Purchasing power standard (PPS)",7.1,
2020,"EL","PPS","SHARE","D4","Fourth decile","Share of national equivalised income","Purchasing power standard (PPS)",7.1,
2021,"EL","PPS","SHARE","D4","Fourth decile","Share of national equivalised income","Purchasing power standard (PPS)",7.1,
2022,"EL","PPS","SHARE","D4","Fourth decile","Share of national equivalised income","Purchasing power standard (PPS)",7.1,
2023,"EL","PPS","SHARE","D4","Fourth decile","Share of national equivalised income","Purchasing power standard (PPS)",7.1,
2024,"EL","PPS","SHARE","D4","Fourth decile","Share of national equivalised income","Purchasing power standard (PPS)",7.2,
2025,"EL","PPS","SHARE","D4","Fourth decile","Share of national equivalised income","Purchasing power standard (PPS)",7.2,
1995,"EL","EUR","TC","D5","Fifth decile","Top cut-off point","Euro",5208,
1996,"EL","EUR","TC","D5","Fifth decile","Top cut-off point","Euro",5466,
1997,"EL","EUR","TC","D5","Fifth decile","Top cut-off point","Euro",5891,
1998,"EL","EUR","TC","D5","Fifth decile","Top cut-off point","Euro",6412,
1999,"EL","EUR","TC","D5","Fifth decile","Top cut-off point","Euro",6350,
2000,"EL","EUR","TC","D5","Fifth decile","Top cut-off point","Euro",6923,
2001,"EL","EUR","TC","D5","Fifth decile","Top cut-off point","Euro",7107,
2003,"EL","EUR","TC","D5","Fifth decile","Top cut-off point","Euro",8206,"b"
2004,"EL","EUR","TC","D5","Fifth decile","Top cut-off point","Euro",8844,
2005,"EL","EUR","TC","D5","Fifth decile","Top cut-off point","Euro",9417,
2006,"EL","EUR","TC","D5","Fifth decile","Top cut-off point","Euro",9850,
2007,"EL","EUR","TC","D5","Fifth decile","Top cut-off point","Euro",10200,
2008,"EL","EUR","TC","D5","Fifth decile","Top cut-off point","Euro",10800,
2009,"EL","EUR","TC","D5","Fifth decile","Top cut-off point","Euro",11496,
2010,"EL","EUR","TC","D5","Fifth decile","Top cut-off point","Euro",11963,
2011,"EL","EUR","TC","D5","Fifth decile","Top cut-off point","Euro",10985,
2012,"EL","EUR","TC","D5","Fifth decile","Top cut-off point","Euro",9513,
2013,"EL","EUR","TC","D5","Fifth decile","Top cut-off point","Euro",8371,
2014,"EL","EUR","TC","D5","Fifth decile","Top cut-off point","Euro",7680,
2015,"EL","EUR","TC","D5","Fifth decile","Top cut-off point","Euro",7520,
2016,"EL","EUR","TC","D5","Fifth decile","Top cut-off point","Euro",7500,
2017,"EL","EUR","TC","D5","Fifth decile","Top cut-off point","Euro",7600,
2018,"EL","EUR","TC","D5","Fifth decile","Top cut-off point","Euro",7863,
2019,"EL","EUR","TC","D5","Fifth decile","Top cut-off point","Euro",8195,
2020,"EL","EUR","TC","D5","Fifth decile","Top cut-off point","Euro",8781,
2021,"EL","EUR","TC","D5","Fifth decile","Top cut-off point","Euro",8752,
2022,"EL","EUR","TC","D5","Fifth decile","Top cut-off point","Euro",9520,
2023,"EL","EUR","TC","D5","Fifth decile","Top cut-off point","Euro",10050,
2024,"EL","EUR","TC","D5","Fifth decile","Top cut-off point","Euro",10850,
2025,"EL","EUR","TC","D5","Fifth decile","Top cut-off point","Euro",11700,
1995,"EL","NAC","TC","D5","Fifth decile","Top cut-off point","National currency",4455,
1996,"EL","NAC","TC","D5","Fifth decile","Top cut-off point","National currency",4919,
1997,"EL","NAC","TC","D5","Fifth decile","Top cut-off point","National currency",5346,
1998,"EL","NAC","TC","D5","Fifth decile","Top cut-off point","National currency",5892,
1999,"EL","NAC","TC","D5","Fifth decile","Top cut-off point","National currency",6237,
2000,"EL","NAC","TC","D5","Fifth decile","Top cut-off point","National currency",6699,
2001,"EL","NAC","TC","D5","Fifth decile","Top cut-off point","National currency",7107,
2003,"EL","NAC","TC","D5","Fifth decile","Top cut-off point","National currency",8206,"b"
2004,"EL","NAC","TC","D5","Fifth decile","Top cut-off point","National currency",8844,
2005,"EL","NAC","TC","D5","Fifth decile","Top cut-off point","National currency",9417,
2006,"EL","NAC","TC","D5","Fifth decile","Top cut-off point","National currency",9850,
2007,"EL","NAC","TC","D5","Fifth decile","Top cut-off point","National currency",10200,
2008,"EL","NAC","TC","D5","Fifth decile","Top cut-off point","National currency",10800,
2009,"EL","NAC","TC","D5","Fifth decile","Top cut-off point","National currency",11496,
2010,"EL","NAC","TC","D5","Fifth decile","Top cut-off point","National currency",11963,
2011,"EL","NAC","TC","D5","Fifth decile","Top cut-off point","National currency",10985,
2012,"EL","NAC","TC","D5","Fifth decile","Top cut-off point","National currency",9513,
2013,"EL","NAC","TC","D5","Fifth decile","Top cut-off point","National currency",8371,
2014,"EL","NAC","TC","D5","Fifth decile","Top cut-off point","National currency",7680,
2015,"EL","NAC","TC","D5","Fifth decile","Top cut-off point","National currency",7520,
2016,"EL","NAC","TC","D5","Fifth decile","Top cut-off point","National currency",7500,
2017,"EL","NAC","TC","D5","Fifth decile","Top cut-off point","National currency",7600,
2018,"EL","NAC","TC","D5","Fifth decile","Top cut-off point","National currency",7863,
2019,"EL","NAC","TC","D5","Fifth decile","Top cut-off point","National currency",8195,
2020,"EL","NAC","TC","D5","Fifth decile","Top cut-off point","National currency",8781,
2021,"EL","NAC","TC","D5","Fifth decile","Top cut-off point","National currency",8752,
2022,"EL","NAC","TC","D5","Fifth decile","Top cut-off point","National currency",9520,
2023,"EL","NAC","TC","D5","Fifth decile","Top cut-off point","National currency",10050,
2024,"EL","NAC","TC","D5","Fifth decile","Top cut-off point","National currency",10850,
2025,"EL","NAC","TC","D5","Fifth decile","Top cut-off point","National currency",11700,
1995,"EL","PPS","TC","D5","Fifth decile","Top cut-off point","Purchasing power standard (PPS)",6702,
1996,"EL","PPS","TC","D5","Fifth decile","Top cut-off point","Purchasing power standard (PPS)",7002,
1997,"EL","PPS","TC","D5","Fifth decile","Top cut-off point","Purchasing power standard (PPS)",7314,
1998,"EL","PPS","TC","D5","Fifth decile","Top cut-off point","Purchasing power standard (PPS)",7746,
1999,"EL","PPS","TC","D5","Fifth decile","Top cut-off point","Purchasing power standard (PPS)",7922,
2000,"EL","PPS","TC","D5","Fifth decile","Top cut-off point","Purchasing power standard (PPS)",8819,
2001,"EL","PPS","TC","D5","Fifth decile","Top cut-off point","Purchasing power standard (PPS)",9072,
2003,"EL","PPS","TC","D5","Fifth decile","Top cut-off point","Purchasing power standard (PPS)",10233,"b"
2004,"EL","PPS","TC","D5","Fifth decile","Top cut-off point","Purchasing power standard (PPS)",10298,
2005,"EL","PPS","TC","D5","Fifth decile","Top cut-off point","Purchasing power standard (PPS)",10751,
2006,"EL","PPS","TC","D5","Fifth decile","Top cut-off point","Purchasing power standard (PPS)",11162,
2007,"EL","PPS","TC","D5","Fifth decile","Top cut-off point","Purchasing power standard (PPS)",11455,
2008,"EL","PPS","TC","D5","Fifth decile","Top cut-off point","Purchasing power standard (PPS)",12032,
2009,"EL","PPS","TC","D5","Fifth decile","Top cut-off point","Purchasing power standard (PPS)",12535,
2010,"EL","PPS","TC","D5","Fifth decile","Top cut-off point","Purchasing power standard (PPS)",12599,
2011,"EL","PPS","TC","D5","Fifth decile","Top cut-off point","Purchasing power standard (PPS)",11627,
2012,"EL","PPS","TC","D5","Fifth decile","Top cut-off point","Purchasing power standard (PPS)",10063,
2013,"EL","PPS","TC","D5","Fifth decile","Top cut-off point","Purchasing power standard (PPS)",9046,
2014,"EL","PPS","TC","D5","Fifth decile","Top cut-off point","Purchasing power standard (PPS)",8674,
2015,"EL","PPS","TC","D5","Fifth decile","Top cut-off point","Purchasing power standard (PPS)",8802,
2016,"EL","PPS","TC","D5","Fifth decile","Top cut-off point","Purchasing power standard (PPS)",9048,
2017,"EL","PPS","TC","D5","Fifth decile","Top cut-off point","Purchasing power standard (PPS)",9035,
2018,"EL","PPS","TC","D5","Fifth decile","Top cut-off point","Purchasing power standard (PPS)",9245,
2019,"EL","PPS","TC","D5","Fifth decile","Top cut-off point","Purchasing power standard (PPS)",9765,
2020,"EL","PPS","TC","D5","Fifth decile","Top cut-off point","Purchasing power standard (PPS)",10175,
2021,"EL","PPS","TC","D5","Fifth decile","Top cut-off point","Purchasing power standard (PPS)",9917,
2022,"EL","PPS","TC","D5","Fifth decile","Top cut-off point","Purchasing power standard (PPS)",10841,
2023,"EL","PPS","TC","D5","Fifth decile","Top cut-off point","Purchasing power standard (PPS)",11389,
2024,"EL","PPS","TC","D5","Fifth decile","Top cut-off point","Purchasing power standard (PPS)",12436,
2025,"EL","PPS","TC","D5","Fifth decile","Top cut-off point","Purchasing power standard (PPS)",13612,
1995,"EL","EUR","SHARE","D5","Fifth decile","Share of national equivalised income","Euro",8,
1996,"EL","EUR","SHARE","D5","Fifth decile","Share of national equivalised income","Euro",8,
1997,"EL","EUR","SHARE","D5","Fifth decile","Share of national equivalised income","Euro",8,
1998,"EL","EUR","SHARE","D5","Fifth decile","Share of national equivalised income","Euro",8,
1999,"EL","EUR","SHARE","D5","Fifth decile","Share of national equivalised income","Euro",8,
2000,"EL","EUR","SHARE","D5","Fifth decile","Share of national equivalised income","Euro",8,
2001,"EL","EUR","SHARE","D5","Fifth decile","Share of national equivalised income","Euro",8,
2003,"EL","EUR","SHARE","D5","Fifth decile","Share of national equivalised income","Euro",7.8,"b"
2004,"EL","EUR","SHARE","D5","Fifth decile","Share of national equivalised income","Euro",8,
2005,"EL","EUR","SHARE","D5","Fifth decile","Share of national equivalised income","Euro",7.9,
2006,"EL","EUR","SHARE","D5","Fifth decile","Share of national equivalised income","Euro",7.8,
2007,"EL","EUR","SHARE","D5","Fifth decile","Share of national equivalised income","Euro",7.8,
2008,"EL","EUR","SHARE","D5","Fifth decile","Share of national equivalised income","Euro",8,
2009,"EL","EUR","SHARE","D5","Fifth decile","Share of national equivalised income","Euro",8,
2010,"EL","EUR","SHARE","D5","Fifth decile","Share of national equivalised income","Euro",7.9,
2011,"EL","EUR","SHARE","D5","Fifth decile","Share of national equivalised income","Euro",7.9,
2012,"EL","EUR","SHARE","D5","Fifth decile","Share of national equivalised income","Euro",8.2,
2013,"EL","EUR","SHARE","D5","Fifth decile","Share of national equivalised income","Euro",8.1,
2014,"EL","EUR","SHARE","D5","Fifth decile","Share of national equivalised income","Euro",7.9,
2015,"EL","EUR","SHARE","D5","Fifth decile","Share of national equivalised income","Euro",8,
2016,"EL","EUR","SHARE","D5","Fifth decile","Share of national equivalised income","Euro",8,
2017,"EL","EUR","SHARE","D5","Fifth decile","Share of national equivalised income","Euro",8,
2018,"EL","EUR","SHARE","D5","Fifth decile","Share of national equivalised income","Euro",8.1,
2019,"EL","EUR","SHARE","D5","Fifth decile","Share of national equivalised income","Euro",8.2,
2020,"EL","EUR","SHARE","D5","Fifth decile","Share of national equivalised income","Euro",8.2,
2021,"EL","EUR","SHARE","D5","Fifth decile","Share of national equivalised income","Euro",8.2,
2022,"EL","EUR","SHARE","D5","Fifth decile","Share of national equivalised income","Euro",8.2,
2023,"EL","EUR","SHARE","D5","Fifth decile","Share of national equivalised income","Euro",8.1,
2024,"EL","EUR","SHARE","D5","Fifth decile","Share of national equivalised income","Euro",8.2,
2025,"EL","EUR","SHARE","D5","Fifth decile","Share of national equivalised income","Euro",8.2,
1995,"EL","NAC","SHARE","D5","Fifth decile","Share of national equivalised income","National currency",8,
1996,"EL","NAC","SHARE","D5","Fifth decile","Share of national equivalised income","National currency",8,
1997,"EL","NAC","SHARE","D5","Fifth decile","Share of national equivalised income","National currency",8,
1998,"EL","NAC","SHARE","D5","Fifth decile","Share of national equivalised income","National currency",8,
1999,"EL","NAC","SHARE","D5","Fifth decile","Share of national equivalised income","National currency",8,
2000,"EL","NAC","SHARE","D5","Fifth decile","Share of national equivalised income","National currency",8,
2001,"EL","NAC","SHARE","D5","Fifth decile","Share of national equivalised income","National currency",8,
2003,"EL","NAC","SHARE","D5","Fifth decile","Share of national equivalised income","National currency",7.8,"b"
2004,"EL","NAC","SHARE","D5","Fifth decile","Share of national equivalised income","National currency",8,
2005,"EL","NAC","SHARE","D5","Fifth decile","Share of national equivalised income","National currency",7.9,
2006,"EL","NAC","SHARE","D5","Fifth decile","Share of national equivalised income","National currency",7.8,
2007,"EL","NAC","SHARE","D5","Fifth decile","Share of national equivalised income","National currency",7.8,
2008,"EL","NAC","SHARE","D5","Fifth decile","Share of national equivalised income","National currency",8,
2009,"EL","NAC","SHARE","D5","Fifth decile","Share of national equivalised income","National currency",8,
2010,"EL","NAC","SHARE","D5","Fifth decile","Share of national equivalised income","National currency",7.9,
2011,"EL","NAC","SHARE","D5","Fifth decile","Share of national equivalised income","National currency",7.9,
2012,"EL","NAC","SHARE","D5","Fifth decile","Share of national equivalised income","National currency",8.2,
2013,"EL","NAC","SHARE","D5","Fifth decile","Share of national equivalised income","National currency",8.1,
2014,"EL","NAC","SHARE","D5","Fifth decile","Share of national equivalised income","National currency",7.9,
2015,"EL","NAC","SHARE","D5","Fifth decile","Share of national equivalised income","National currency",8,
2016,"EL","NAC","SHARE","D5","Fifth decile","Share of national equivalised income","National currency",8,
2017,"EL","NAC","SHARE","D5","Fifth decile","Share of national equivalised income","National currency",8,
2018,"EL","NAC","SHARE","D5","Fifth decile","Share of national equivalised income","National currency",8.1,
2019,"EL","NAC","SHARE","D5","Fifth decile","Share of national equivalised income","National currency",8.2,
2020,"EL","NAC","SHARE","D5","Fifth decile","Share of national equivalised income","National currency",8.2,
2021,"EL","NAC","SHARE","D5","Fifth decile","Share of national equivalised income","National currency",8.2,
2022,"EL","NAC","SHARE","D5","Fifth decile","Share of national equivalised income","National currency",8.2,
2023,"EL","NAC","SHARE","D5","Fifth decile","Share of national equivalised income","National currency",8.1,
2024,"EL","NAC","SHARE","D5","Fifth decile","Share of national equivalised income","National currency",8.2,
2025,"EL","NAC","SHARE","D5","Fifth decile","Share of national equivalised income","National currency",8.2,
1995,"EL","PPS","SHARE","D5","Fifth decile","Share of national equivalised income","Purchasing power standard (PPS)",8,
1996,"EL","PPS","SHARE","D5","Fifth decile","Share of national equivalised income","Purchasing power standard (PPS)",8,
1997,"EL","PPS","SHARE","D5","Fifth decile","Share of national equivalised income","Purchasing power standard (PPS)",8,
1998,"EL","PPS","SHARE","D5","Fifth decile","Share of national equivalised income","Purchasing power standard (PPS)",8,
1999,"EL","PPS","SHARE","D5","Fifth decile","Share of national equivalised income","Purchasing power standard (PPS)",8,
2000,"EL","PPS","SHARE","D5","Fifth decile","Share of national equivalised income","Purchasing power standard (PPS)",8,
2001,"EL","PPS","SHARE","D5","Fifth decile","Share of national equivalised income","Purchasing power standard (PPS)",8,
2003,"EL","PPS","SHARE","D5","Fifth decile","Share of national equivalised income","Purchasing power standard (PPS)",7.8,"b"
2004,"EL","PPS","SHARE","D5","Fifth decile","Share of national equivalised income","Purchasing power standard (PPS)",8,
2005,"EL","PPS","SHARE","D5","Fifth decile","Share of national equivalised income","Purchasing power standard (PPS)",7.9,
2006,"EL","PPS","SHARE","D5","Fifth decile","Share of national equivalised income","Purchasing power standard (PPS)",7.8,
2007,"EL","PPS","SHARE","D5","Fifth decile","Share of national equivalised income","Purchasing power standard (PPS)",7.8,
2008,"EL","PPS","SHARE","D5","Fifth decile","Share of national equivalised income","Purchasing power standard (PPS)",8,
2009,"EL","PPS","SHARE","D5","Fifth decile","Share of national equivalised income","Purchasing power standard (PPS)",8,
2010,"EL","PPS","SHARE","D5","Fifth decile","Share of national equivalised income","Purchasing power standard (PPS)",7.9,
2011,"EL","PPS","SHARE","D5","Fifth decile","Share of national equivalised income","Purchasing power standard (PPS)",7.9,
2012,"EL","PPS","SHARE","D5","Fifth decile","Share of national equivalised income","Purchasing power standard (PPS)",8.2,
2013,"EL","PPS","SHARE","D5","Fifth decile","Share of national equivalised income","Purchasing power standard (PPS)",8.1,
2014,"EL","PPS","SHARE","D5","Fifth decile","Share of national equivalised income","Purchasing power standard (PPS)",7.9,
2015,"EL","PPS","SHARE","D5","Fifth decile","Share of national equivalised income","Purchasing power standard (PPS)",8,
2016,"EL","PPS","SHARE","D5","Fifth decile","Share of national equivalised income","Purchasing power standard (PPS)",8,
2017,"EL","PPS","SHARE","D5","Fifth decile","Share of national equivalised income","Purchasing power standard (PPS)",8,
2018,"EL","PPS","SHARE","D5","Fifth decile","Share of national equivalised income","Purchasing power standard (PPS)",8.1,
2019,"EL","PPS","SHARE","D5","Fifth decile","Share of national equivalised income","Purchasing power standard (PPS)",8.2,
2020,"EL","PPS","SHARE","D5","Fifth decile","Share of national equivalised income","Purchasing power standard (PPS)",8.2,
2021,"EL","PPS","SHARE","D5","Fifth decile","Share of national equivalised income","Purchasing power standard (PPS)",8.2,
2022,"EL","PPS","SHARE","D5","Fifth decile","Share of national equivalised income","Purchasing power standard (PPS)",8.2,
2023,"EL","PPS","SHARE","D5","Fifth decile","Share of national equivalised income","Purchasing power standard (PPS)",8.1,
2024,"EL","PPS","SHARE","D5","Fifth decile","Share of national equivalised income","Purchasing power standard (PPS)",8.2,
2025,"EL","PPS","SHARE","D5","Fifth decile","Share of national equivalised income","Purchasing power standard (PPS)",8.2,
1995,"EL","EUR","TC","D6","Sixth decile","Top cut-off point","Euro",6080,
1996,"EL","EUR","TC","D6","Sixth decile","Top cut-off point","Euro",6337,
1997,"EL","EUR","TC","D6","Sixth decile","Top cut-off point","Euro",6933,
1998,"EL","EUR","TC","D6","Sixth decile","Top cut-off point","Euro",7571,
1999,"EL","EUR","TC","D6","Sixth decile","Top cut-off point","Euro",7408,
2000,"EL","EUR","TC","D6","Sixth decile","Top cut-off point","Euro",7949,
2001,"EL","EUR","TC","D6","Sixth decile","Top cut-off point","Euro",8267,
2003,"EL","EUR","TC","D6","Sixth decile","Top cut-off point","Euro",9454,"b"
2004,"EL","EUR","TC","D6","Sixth decile","Top cut-off point","Euro",10234,
2005,"EL","EUR","TC","D6","Sixth decile","Top cut-off point","Euro",10833,
2006,"EL","EUR","TC","D6","Sixth decile","Top cut-off point","Euro",11333,
2007,"EL","EUR","TC","D6","Sixth decile","Top cut-off point","Euro",11665,
2008,"EL","EUR","TC","D6","Sixth decile","Top cut-off point","Euro",12619,
2009,"EL","EUR","TC","D6","Sixth decile","Top cut-off point","Euro",13157,
2010,"EL","EUR","TC","D6","Sixth decile","Top cut-off point","Euro",13908,
2011,"EL","EUR","TC","D6","Sixth decile","Top cut-off point","Euro",12750,
2012,"EL","EUR","TC","D6","Sixth decile","Top cut-off point","Euro",10835,
2013,"EL","EUR","TC","D6","Sixth decile","Top cut-off point","Euro",9350,
2014,"EL","EUR","TC","D6","Sixth decile","Top cut-off point","Euro",8793,
2015,"EL","EUR","TC","D6","Sixth decile","Top cut-off point","Euro",8633,
2016,"EL","EUR","TC","D6","Sixth decile","Top cut-off point","Euro",8633,
2017,"EL","EUR","TC","D6","Sixth decile","Top cut-off point","Euro",8733,
2018,"EL","EUR","TC","D6","Sixth decile","Top cut-off point","Euro",8946,
2019,"EL","EUR","TC","D6","Sixth decile","Top cut-off point","Euro",9457,
2020,"EL","EUR","TC","D6","Sixth decile","Top cut-off point","Euro",10052,
2021,"EL","EUR","TC","D6","Sixth decile","Top cut-off point","Euro",10018,
2022,"EL","EUR","TC","D6","Sixth decile","Top cut-off point","Euro",10787,
2023,"EL","EUR","TC","D6","Sixth decile","Top cut-off point","Euro",11351,
2024,"EL","EUR","TC","D6","Sixth decile","Top cut-off point","Euro",12150,
2025,"EL","EUR","TC","D6","Sixth decile","Top cut-off point","Euro",13184,
1995,"EL","NAC","TC","D6","Sixth decile","Top cut-off point","National currency",5202,
1996,"EL","NAC","TC","D6","Sixth decile","Top cut-off point","National currency",5703,
1997,"EL","NAC","TC","D6","Sixth decile","Top cut-off point","National currency",6291,
1998,"EL","NAC","TC","D6","Sixth decile","Top cut-off point","National currency",6956,
1999,"EL","NAC","TC","D6","Sixth decile","Top cut-off point","National currency",7277,
2000,"EL","NAC","TC","D6","Sixth decile","Top cut-off point","National currency",7693,
2001,"EL","NAC","TC","D6","Sixth decile","Top cut-off point","National currency",8267,
2003,"EL","NAC","TC","D6","Sixth decile","Top cut-off point","National currency",9454,"b"
2004,"EL","NAC","TC","D6","Sixth decile","Top cut-off point","National currency",10234,
2005,"EL","NAC","TC","D6","Sixth decile","Top cut-off point","National currency",10833,
2006,"EL","NAC","TC","D6","Sixth decile","Top cut-off point","National currency",11333,
2007,"EL","NAC","TC","D6","Sixth decile","Top cut-off point","National currency",11665,
2008,"EL","NAC","TC","D6","Sixth decile","Top cut-off point","National currency",12619,
2009,"EL","NAC","TC","D6","Sixth decile","Top cut-off point","National currency",13157,
2010,"EL","NAC","TC","D6","Sixth decile","Top cut-off point","National currency",13908,
2011,"EL","NAC","TC","D6","Sixth decile","Top cut-off point","National currency",12750,
2012,"EL","NAC","TC","D6","Sixth decile","Top cut-off point","National currency",10835,
2013,"EL","NAC","TC","D6","Sixth decile","Top cut-off point","National currency",9350,
2014,"EL","NAC","TC","D6","Sixth decile","Top cut-off point","National currency",8793,
2015,"EL","NAC","TC","D6","Sixth decile","Top cut-off point","National currency",8633,
2016,"EL","NAC","TC","D6","Sixth decile","Top cut-off point","National currency",8633,
2017,"EL","NAC","TC","D6","Sixth decile","Top cut-off point","National currency",8733,
2018,"EL","NAC","TC","D6","Sixth decile","Top cut-off point","National currency",8946,
2019,"EL","NAC","TC","D6","Sixth decile","Top cut-off point","National currency",9457,
2020,"EL","NAC","TC","D6","Sixth decile","Top cut-off point","National currency",10052,
2021,"EL","NAC","TC","D6","Sixth decile","Top cut-off point","National currency",10018,
2022,"EL","NAC","TC","D6","Sixth decile","Top cut-off point","National currency",10787,
2023,"EL","NAC","TC","D6","Sixth decile","Top cut-off point","National currency",11351,
2024,"EL","NAC","TC","D6","Sixth decile","Top cut-off point","National currency",12150,
2025,"EL","NAC","TC","D6","Sixth decile","Top cut-off point","National currency",13184,
1995,"EL","PPS","TC","D6","Sixth decile","Top cut-off point","Purchasing power standard (PPS)",7825,
1996,"EL","PPS","TC","D6","Sixth decile","Top cut-off point","Purchasing power standard (PPS)",8118,
1997,"EL","PPS","TC","D6","Sixth decile","Top cut-off point","Purchasing power standard (PPS)",8607,
1998,"EL","PPS","TC","D6","Sixth decile","Top cut-off point","Purchasing power standard (PPS)",9145,
1999,"EL","PPS","TC","D6","Sixth decile","Top cut-off point","Purchasing power standard (PPS)",9242,
2000,"EL","PPS","TC","D6","Sixth decile","Top cut-off point","Purchasing power standard (PPS)",10126,
2001,"EL","PPS","TC","D6","Sixth decile","Top cut-off point","Purchasing power standard (PPS)",10553,
2003,"EL","PPS","TC","D6","Sixth decile","Top cut-off point","Purchasing power standard (PPS)",11790,"b"
2004,"EL","PPS","TC","D6","Sixth decile","Top cut-off point","Purchasing power standard (PPS)",11916,
2005,"EL","PPS","TC","D6","Sixth decile","Top cut-off point","Purchasing power standard (PPS)",12367,
2006,"EL","PPS","TC","D6","Sixth decile","Top cut-off point","Purchasing power standard (PPS)",12842,
2007,"EL","PPS","TC","D6","Sixth decile","Top cut-off point","Purchasing power standard (PPS)",13100,
2008,"EL","PPS","TC","D6","Sixth decile","Top cut-off point","Purchasing power standard (PPS)",14058,
2009,"EL","PPS","TC","D6","Sixth decile","Top cut-off point","Purchasing power standard (PPS)",14346,
2010,"EL","PPS","TC","D6","Sixth decile","Top cut-off point","Purchasing power standard (PPS)",14648,
2011,"EL","PPS","TC","D6","Sixth decile","Top cut-off point","Purchasing power standard (PPS)",13496,
2012,"EL","PPS","TC","D6","Sixth decile","Top cut-off point","Purchasing power standard (PPS)",11462,
2013,"EL","PPS","TC","D6","Sixth decile","Top cut-off point","Purchasing power standard (PPS)",10103,
2014,"EL","PPS","TC","D6","Sixth decile","Top cut-off point","Purchasing power standard (PPS)",9932,
2015,"EL","PPS","TC","D6","Sixth decile","Top cut-off point","Purchasing power standard (PPS)",10105,
2016,"EL","PPS","TC","D6","Sixth decile","Top cut-off point","Purchasing power standard (PPS)",10415,
2017,"EL","PPS","TC","D6","Sixth decile","Top cut-off point","Purchasing power standard (PPS)",10382,
2018,"EL","PPS","TC","D6","Sixth decile","Top cut-off point","Purchasing power standard (PPS)",10518,
2019,"EL","PPS","TC","D6","Sixth decile","Top cut-off point","Purchasing power standard (PPS)",11268,
2020,"EL","PPS","TC","D6","Sixth decile","Top cut-off point","Purchasing power standard (PPS)",11647,
2021,"EL","PPS","TC","D6","Sixth decile","Top cut-off point","Purchasing power standard (PPS)",11352,
2022,"EL","PPS","TC","D6","Sixth decile","Top cut-off point","Purchasing power standard (PPS)",12283,
2023,"EL","PPS","TC","D6","Sixth decile","Top cut-off point","Purchasing power standard (PPS)",12863,
2024,"EL","PPS","TC","D6","Sixth decile","Top cut-off point","Purchasing power standard (PPS)",13927,
2025,"EL","PPS","TC","D6","Sixth decile","Top cut-off point","Purchasing power standard (PPS)",15338,
1995,"EL","EUR","SHARE","D6","Sixth decile","Share of national equivalised income","Euro",9,
1996,"EL","EUR","SHARE","D6","Sixth decile","Share of national equivalised income","Euro",9,
1997,"EL","EUR","SHARE","D6","Sixth decile","Share of national equivalised income","Euro",9,
1998,"EL","EUR","SHARE","D6","Sixth decile","Share of national equivalised income","Euro",9,
1999,"EL","EUR","SHARE","D6","Sixth decile","Share of national equivalised income","Euro",9,
2000,"EL","EUR","SHARE","D6","Sixth decile","Share of national equivalised income","Euro",9,
2001,"EL","EUR","SHARE","D6","Sixth decile","Share of national equivalised income","Euro",9,
2003,"EL","EUR","SHARE","D6","Sixth decile","Share of national equivalised income","Euro",9.1,"b"
2004,"EL","EUR","SHARE","D6","Sixth decile","Share of national equivalised income","Euro",9.3,
2005,"EL","EUR","SHARE","D6","Sixth decile","Share of national equivalised income","Euro",9.1,
2006,"EL","EUR","SHARE","D6","Sixth decile","Share of national equivalised income","Euro",9,
2007,"EL","EUR","SHARE","D6","Sixth decile","Share of national equivalised income","Euro",9,
2008,"EL","EUR","SHARE","D6","Sixth decile","Share of national equivalised income","Euro",9.2,
2009,"EL","EUR","SHARE","D6","Sixth decile","Share of national equivalised income","Euro",9.1,
2010,"EL","EUR","SHARE","D6","Sixth decile","Share of national equivalised income","Euro",9.2,
2011,"EL","EUR","SHARE","D6","Sixth decile","Share of national equivalised income","Euro",9.3,
2012,"EL","EUR","SHARE","D6","Sixth decile","Share of national equivalised income","Euro",9.5,
2013,"EL","EUR","SHARE","D6","Sixth decile","Share of national equivalised income","Euro",9.5,
2014,"EL","EUR","SHARE","D6","Sixth decile","Share of national equivalised income","Euro",9.3,
2015,"EL","EUR","SHARE","D6","Sixth decile","Share of national equivalised income","Euro",9.3,
2016,"EL","EUR","SHARE","D6","Sixth decile","Share of national equivalised income","Euro",9.2,
2017,"EL","EUR","SHARE","D6","Sixth decile","Share of national equivalised income","Euro",9.3,
2018,"EL","EUR","SHARE","D6","Sixth decile","Share of national equivalised income","Euro",9.3,
2019,"EL","EUR","SHARE","D6","Sixth decile","Share of national equivalised income","Euro",9.4,
2020,"EL","EUR","SHARE","D6","Sixth decile","Share of national equivalised income","Euro",9.4,
2021,"EL","EUR","SHARE","D6","Sixth decile","Share of national equivalised income","Euro",9.4,
2022,"EL","EUR","SHARE","D6","Sixth decile","Share of national equivalised income","Euro",9.4,
2023,"EL","EUR","SHARE","D6","Sixth decile","Share of national equivalised income","Euro",9.3,
2024,"EL","EUR","SHARE","D6","Sixth decile","Share of national equivalised income","Euro",9.3,
2025,"EL","EUR","SHARE","D6","Sixth decile","Share of national equivalised income","Euro",9.3,
1995,"EL","NAC","SHARE","D6","Sixth decile","Share of national equivalised income","National currency",9,
1996,"EL","NAC","SHARE","D6","Sixth decile","Share of national equivalised income","National currency",9,
1997,"EL","NAC","SHARE","D6","Sixth decile","Share of national equivalised income","National currency",9,
1998,"EL","NAC","SHARE","D6","Sixth decile","Share of national equivalised income","National currency",9,
1999,"EL","NAC","SHARE","D6","Sixth decile","Share of national equivalised income","National currency",9,
2000,"EL","NAC","SHARE","D6","Sixth decile","Share of national equivalised income","National currency",9,
2001,"EL","NAC","SHARE","D6","Sixth decile","Share of national equivalised income","National currency",9,
2003,"EL","NAC","SHARE","D6","Sixth decile","Share of national equivalised income","National currency",9.1,"b"
2004,"EL","NAC","SHARE","D6","Sixth decile","Share of national equivalised income","National currency",9.3,
2005,"EL","NAC","SHARE","D6","Sixth decile","Share of national equivalised income","National currency",9.1,
2006,"EL","NAC","SHARE","D6","Sixth decile","Share of national equivalised income","National currency",9,
2007,"EL","NAC","SHARE","D6","Sixth decile","Share of national equivalised income","National currency",9,
2008,"EL","NAC","SHARE","D6","Sixth decile","Share of national equivalised income","National currency",9.2,
2009,"EL","NAC","SHARE","D6","Sixth decile","Share of national equivalised income","National currency",9.1,
2010,"EL","NAC","SHARE","D6","Sixth decile","Share of national equivalised income","National currency",9.2,
2011,"EL","NAC","SHARE","D6","Sixth decile","Share of national equivalised income","National currency",9.3,
2012,"EL","NAC","SHARE","D6","Sixth decile","Share of national equivalised income","National currency",9.5,
2013,"EL","NAC","SHARE","D6","Sixth decile","Share of national equivalised income","National currency",9.5,
2014,"EL","NAC","SHARE","D6","Sixth decile","Share of national equivalised income","National currency",9.3,
2015,"EL","NAC","SHARE","D6","Sixth decile","Share of national equivalised income","National currency",9.3,
2016,"EL","NAC","SHARE","D6","Sixth decile","Share of national equivalised income","National currency",9.2,
2017,"EL","NAC","SHARE","D6","Sixth decile","Share of national equivalised income","National currency",9.3,
2018,"EL","NAC","SHARE","D6","Sixth decile","Share of national equivalised income","National currency",9.3,
2019,"EL","NAC","SHARE","D6","Sixth decile","Share of national equivalised income","National currency",9.4,
2020,"EL","NAC","SHARE","D6","Sixth decile","Share of national equivalised income","National currency",9.4,
2021,"EL","NAC","SHARE","D6","Sixth decile","Share of national equivalised income","National currency",9.4,
2022,"EL","NAC","SHARE","D6","Sixth decile","Share of national equivalised income","National currency",9.4,
2023,"EL","NAC","SHARE","D6","Sixth decile","Share of national equivalised income","National currency",9.3,
2024,"EL","NAC","SHARE","D6","Sixth decile","Share of national equivalised income","National currency",9.3,
2025,"EL","NAC","SHARE","D6","Sixth decile","Share of national equivalised income","National currency",9.3,
1995,"EL","PPS","SHARE","D6","Sixth decile","Share of national equivalised income","Purchasing power standard (PPS)",9,
1996,"EL","PPS","SHARE","D6","Sixth decile","Share of national equivalised income","Purchasing power standard (PPS)",9,
1997,"EL","PPS","SHARE","D6","Sixth decile","Share of national equivalised income","Purchasing power standard (PPS)",9,
1998,"EL","PPS","SHARE","D6","Sixth decile","Share of national equivalised income","Purchasing power standard (PPS)",9,
1999,"EL","PPS","SHARE","D6","Sixth decile","Share of national equivalised income","Purchasing power standard (PPS)",9,
2000,"EL","PPS","SHARE","D6","Sixth decile","Share of national equivalised income","Purchasing power standard (PPS)",9,
2001,"EL","PPS","SHARE","D6","Sixth decile","Share of national equivalised income","Purchasing power standard (PPS)",9,
2003,"EL","PPS","SHARE","D6","Sixth decile","Share of national equivalised income","Purchasing power standard (PPS)",9.1,"b"
2004,"EL","PPS","SHARE","D6","Sixth decile","Share of national equivalised income","Purchasing power standard (PPS)",9.3,
2005,"EL","PPS","SHARE","D6","Sixth decile","Share of national equivalised income","Purchasing power standard (PPS)",9.1,
2006,"EL","PPS","SHARE","D6","Sixth decile","Share of national equivalised income","Purchasing power standard (PPS)",9,
2007,"EL","PPS","SHARE","D6","Sixth decile","Share of national equivalised income","Purchasing power standard (PPS)",9,
2008,"EL","PPS","SHARE","D6","Sixth decile","Share of national equivalised income","Purchasing power standard (PPS)",9.2,
2009,"EL","PPS","SHARE","D6","Sixth decile","Share of national equivalised income","Purchasing power standard (PPS)",9.1,
2010,"EL","PPS","SHARE","D6","Sixth decile","Share of national equivalised income","Purchasing power standard (PPS)",9.2,
2011,"EL","PPS","SHARE","D6","Sixth decile","Share of national equivalised income","Purchasing power standard (PPS)",9.3,
2012,"EL","PPS","SHARE","D6","Sixth decile","Share of national equivalised income","Purchasing power standard (PPS)",9.5,
2013,"EL","PPS","SHARE","D6","Sixth decile","Share of national equivalised income","Purchasing power standard (PPS)",9.5,
2014,"EL","PPS","SHARE","D6","Sixth decile","Share of national equivalised income","Purchasing power standard (PPS)",9.3,
2015,"EL","PPS","SHARE","D6","Sixth decile","Share of national equivalised income","Purchasing power standard (PPS)",9.3,
2016,"EL","PPS","SHARE","D6","Sixth decile","Share of national equivalised income","Purchasing power standard (PPS)",9.2,
2017,"EL","PPS","SHARE","D6","Sixth decile","Share of national equivalised income","Purchasing power standard (PPS)",9.3,
2018,"EL","PPS","SHARE","D6","Sixth decile","Share of national equivalised income","Purchasing power standard (PPS)",9.3,
2019,"EL","PPS","SHARE","D6","Sixth decile","Share of national equivalised income","Purchasing power standard (PPS)",9.4,
2020,"EL","PPS","SHARE","D6","Sixth decile","Share of national equivalised income","Purchasing power standard (PPS)",9.4,
2021,"EL","PPS","SHARE","D6","Sixth decile","Share of national equivalised income","Purchasing power standard (PPS)",9.4,
2022,"EL","PPS","SHARE","D6","Sixth decile","Share of national equivalised income","Purchasing power standard (PPS)",9.4,
2023,"EL","PPS","SHARE","D6","Sixth decile","Share of national equivalised income","Purchasing power standard (PPS)",9.3,
2024,"EL","PPS","SHARE","D6","Sixth decile","Share of national equivalised income","Purchasing power standard (PPS)",9.3,
2025,"EL","PPS","SHARE","D6","Sixth decile","Share of national equivalised income","Purchasing power standard (PPS)",9.3,
1995,"EL","EUR","TC","D7","Seventh decile","Top cut-off point","Euro",7138,
1996,"EL","EUR","TC","D7","Seventh decile","Top cut-off point","Euro",7547,
1997,"EL","EUR","TC","D7","Seventh decile","Top cut-off point","Euro",8143,
1998,"EL","EUR","TC","D7","Seventh decile","Top cut-off point","Euro",8982,
1999,"EL","EUR","TC","D7","Seventh decile","Top cut-off point","Euro",8639,
2000,"EL","EUR","TC","D7","Seventh decile","Top cut-off point","Euro",9514,
2001,"EL","EUR","TC","D7","Seventh decile","Top cut-off point","Euro",9754,
2003,"EL","EUR","TC","D7","Seventh decile","Top cut-off point","Euro",11042,"b"
2004,"EL","EUR","TC","D7","Seventh decile","Top cut-off point","Euro",12095,
2005,"EL","EUR","TC","D7","Seventh decile","Top cut-off point","Euro",12833,
2006,"EL","EUR","TC","D7","Seventh decile","Top cut-off point","Euro",13192,
2007,"EL","EUR","TC","D7","Seventh decile","Top cut-off point","Euro",13675,
2008,"EL","EUR","TC","D7","Seventh decile","Top cut-off point","Euro",14398,
2009,"EL","EUR","TC","D7","Seventh decile","Top cut-off point","Euro",15240,
2010,"EL","EUR","TC","D7","Seventh decile","Top cut-off point","Euro",15822,
2011,"EL","EUR","TC","D7","Seventh decile","Top cut-off point","Euro",14600,
2012,"EL","EUR","TC","D7","Seventh decile","Top cut-off point","Euro",12399,
2013,"EL","EUR","TC","D7","Seventh decile","Top cut-off point","Euro",10735,
2014,"EL","EUR","TC","D7","Seventh decile","Top cut-off point","Euro",10147,
2015,"EL","EUR","TC","D7","Seventh decile","Top cut-off point","Euro",10070,
2016,"EL","EUR","TC","D7","Seventh decile","Top cut-off point","Euro",10117,
2017,"EL","EUR","TC","D7","Seventh decile","Top cut-off point","Euro",10180,
2018,"EL","EUR","TC","D7","Seventh decile","Top cut-off point","Euro",10333,
2019,"EL","EUR","TC","D7","Seventh decile","Top cut-off point","Euro",10886,
2020,"EL","EUR","TC","D7","Seventh decile","Top cut-off point","Euro",11568,
2021,"EL","EUR","TC","D7","Seventh decile","Top cut-off point","Euro",11506,
2022,"EL","EUR","TC","D7","Seventh decile","Top cut-off point","Euro",12383,
2023,"EL","EUR","TC","D7","Seventh decile","Top cut-off point","Euro",12910,
2024,"EL","EUR","TC","D7","Seventh decile","Top cut-off point","Euro",13783,
2025,"EL","EUR","TC","D7","Seventh decile","Top cut-off point","Euro",14818,
1995,"EL","NAC","TC","D7","Seventh decile","Top cut-off point","National currency",6107,
1996,"EL","NAC","TC","D7","Seventh decile","Top cut-off point","National currency",6792,
1997,"EL","NAC","TC","D7","Seventh decile","Top cut-off point","National currency",7390,
1998,"EL","NAC","TC","D7","Seventh decile","Top cut-off point","National currency",8253,
1999,"EL","NAC","TC","D7","Seventh decile","Top cut-off point","National currency",8486,
2000,"EL","NAC","TC","D7","Seventh decile","Top cut-off point","National currency",9208,
2001,"EL","NAC","TC","D7","Seventh decile","Top cut-off point","National currency",9754,
2003,"EL","NAC","TC","D7","Seventh decile","Top cut-off point","National currency",11042,"b"
2004,"EL","NAC","TC","D7","Seventh decile","Top cut-off point","National currency",12095,
2005,"EL","NAC","TC","D7","Seventh decile","Top cut-off point","National currency",12833,
2006,"EL","NAC","TC","D7","Seventh decile","Top cut-off point","National currency",13192,
2007,"EL","NAC","TC","D7","Seventh decile","Top cut-off point","National currency",13675,
2008,"EL","NAC","TC","D7","Seventh decile","Top cut-off point","National currency",14398,
2009,"EL","NAC","TC","D7","Seventh decile","Top cut-off point","National currency",15240,
2010,"EL","NAC","TC","D7","Seventh decile","Top cut-off point","National currency",15822,
2011,"EL","NAC","TC","D7","Seventh decile","Top cut-off point","National currency",14600,
2012,"EL","NAC","TC","D7","Seventh decile","Top cut-off point","National currency",12399,
2013,"EL","NAC","TC","D7","Seventh decile","Top cut-off point","National currency",10735,
2014,"EL","NAC","TC","D7","Seventh decile","Top cut-off point","National currency",10147,
2015,"EL","NAC","TC","D7","Seventh decile","Top cut-off point","National currency",10070,
2016,"EL","NAC","TC","D7","Seventh decile","Top cut-off point","National currency",10117,
2017,"EL","NAC","TC","D7","Seventh decile","Top cut-off point","National currency",10180,
2018,"EL","NAC","TC","D7","Seventh decile","Top cut-off point","National currency",10333,
2019,"EL","NAC","TC","D7","Seventh decile","Top cut-off point","National currency",10886,
2020,"EL","NAC","TC","D7","Seventh decile","Top cut-off point","National currency",11568,
2021,"EL","NAC","TC","D7","Seventh decile","Top cut-off point","National currency",11506,
2022,"EL","NAC","TC","D7","Seventh decile","Top cut-off point","National currency",12383,
2023,"EL","NAC","TC","D7","Seventh decile","Top cut-off point","National currency",12910,
2024,"EL","NAC","TC","D7","Seventh decile","Top cut-off point","National currency",13783,
2025,"EL","NAC","TC","D7","Seventh decile","Top cut-off point","National currency",14818,
1995,"EL","PPS","TC","D7","Seventh decile","Top cut-off point","Purchasing power standard (PPS)",9187,
1996,"EL","PPS","TC","D7","Seventh decile","Top cut-off point","Purchasing power standard (PPS)",9669,
1997,"EL","PPS","TC","D7","Seventh decile","Top cut-off point","Purchasing power standard (PPS)",10110,
1998,"EL","PPS","TC","D7","Seventh decile","Top cut-off point","Purchasing power standard (PPS)",10850,
1999,"EL","PPS","TC","D7","Seventh decile","Top cut-off point","Purchasing power standard (PPS)",10778,
2000,"EL","PPS","TC","D7","Seventh decile","Top cut-off point","Purchasing power standard (PPS)",12120,
2001,"EL","PPS","TC","D7","Seventh decile","Top cut-off point","Purchasing power standard (PPS)",12451,
2003,"EL","PPS","TC","D7","Seventh decile","Top cut-off point","Purchasing power standard (PPS)",13770,"b"
2004,"EL","PPS","TC","D7","Seventh decile","Top cut-off point","Purchasing power standard (PPS)",14084,
2005,"EL","PPS","TC","D7","Seventh decile","Top cut-off point","Purchasing power standard (PPS)",14650,
2006,"EL","PPS","TC","D7","Seventh decile","Top cut-off point","Purchasing power standard (PPS)",14949,
2007,"EL","PPS","TC","D7","Seventh decile","Top cut-off point","Purchasing power standard (PPS)",15357,
2008,"EL","PPS","TC","D7","Seventh decile","Top cut-off point","Purchasing power standard (PPS)",16040,
2009,"EL","PPS","TC","D7","Seventh decile","Top cut-off point","Purchasing power standard (PPS)",16618,
2010,"EL","PPS","TC","D7","Seventh decile","Top cut-off point","Purchasing power standard (PPS)",16663,
2011,"EL","PPS","TC","D7","Seventh decile","Top cut-off point","Purchasing power standard (PPS)",15454,
2012,"EL","PPS","TC","D7","Seventh decile","Top cut-off point","Purchasing power standard (PPS)",13116,
2013,"EL","PPS","TC","D7","Seventh decile","Top cut-off point","Purchasing power standard (PPS)",11600,
2014,"EL","PPS","TC","D7","Seventh decile","Top cut-off point","Purchasing power standard (PPS)",11460,
2015,"EL","PPS","TC","D7","Seventh decile","Top cut-off point","Purchasing power standard (PPS)",11787,
2016,"EL","PPS","TC","D7","Seventh decile","Top cut-off point","Purchasing power standard (PPS)",12204,
2017,"EL","PPS","TC","D7","Seventh decile","Top cut-off point","Purchasing power standard (PPS)",12102,
2018,"EL","PPS","TC","D7","Seventh decile","Top cut-off point","Purchasing power standard (PPS)",12149,
2019,"EL","PPS","TC","D7","Seventh decile","Top cut-off point","Purchasing power standard (PPS)",12971,
2020,"EL","PPS","TC","D7","Seventh decile","Top cut-off point","Purchasing power standard (PPS)",13404,
2021,"EL","PPS","TC","D7","Seventh decile","Top cut-off point","Purchasing power standard (PPS)",13038,
2022,"EL","PPS","TC","D7","Seventh decile","Top cut-off point","Purchasing power standard (PPS)",14102,
2023,"EL","PPS","TC","D7","Seventh decile","Top cut-off point","Purchasing power standard (PPS)",14630,
2024,"EL","PPS","TC","D7","Seventh decile","Top cut-off point","Purchasing power standard (PPS)",15799,
2025,"EL","PPS","TC","D7","Seventh decile","Top cut-off point","Purchasing power standard (PPS)",17239,
1995,"EL","EUR","SHARE","D7","Seventh decile","Share of national equivalised income","Euro",11,
1996,"EL","EUR","SHARE","D7","Seventh decile","Share of national equivalised income","Euro",11,
1997,"EL","EUR","SHARE","D7","Seventh decile","Share of national equivalised income","Euro",11,
1998,"EL","EUR","SHARE","D7","Seventh decile","Share of national equivalised income","Euro",11,
1999,"EL","EUR","SHARE","D7","Seventh decile","Share of national equivalised income","Euro",11,
2000,"EL","EUR","SHARE","D7","Seventh decile","Share of national equivalised income","Euro",11,
2001,"EL","EUR","SHARE","D7","Seventh decile","Share of national equivalised income","Euro",11,
2003,"EL","EUR","SHARE","D7","Seventh decile","Share of national equivalised income","Euro",10.5,"b"
2004,"EL","EUR","SHARE","D7","Seventh decile","Share of national equivalised income","Euro",10.8,
2005,"EL","EUR","SHARE","D7","Seventh decile","Share of national equivalised income","Euro",10.6,
2006,"EL","EUR","SHARE","D7","Seventh decile","Share of national equivalised income","Euro",10.5,
2007,"EL","EUR","SHARE","D7","Seventh decile","Share of national equivalised income","Euro",10.4,
2008,"EL","EUR","SHARE","D7","Seventh decile","Share of national equivalised income","Euro",10.5,
2009,"EL","EUR","SHARE","D7","Seventh decile","Share of national equivalised income","Euro",10.5,
2010,"EL","EUR","SHARE","D7","Seventh decile","Share of national equivalised income","Euro",10.6,
2011,"EL","EUR","SHARE","D7","Seventh decile","Share of national equivalised income","Euro",10.8,
2012,"EL","EUR","SHARE","D7","Seventh decile","Share of national equivalised income","Euro",10.7,
2013,"EL","EUR","SHARE","D7","Seventh decile","Share of national equivalised income","Euro",10.8,
2014,"EL","EUR","SHARE","D7","Seventh decile","Share of national equivalised income","Euro",10.6,
2015,"EL","EUR","SHARE","D7","Seventh decile","Share of national equivalised income","Euro",10.7,
2016,"EL","EUR","SHARE","D7","Seventh decile","Share of national equivalised income","Euro",10.8,
2017,"EL","EUR","SHARE","D7","Seventh decile","Share of national equivalised income","Euro",10.7,
2018,"EL","EUR","SHARE","D7","Seventh decile","Share of national equivalised income","Euro",10.6,
2019,"EL","EUR","SHARE","D7","Seventh decile","Share of national equivalised income","Euro",10.8,
2020,"EL","EUR","SHARE","D7","Seventh decile","Share of national equivalised income","Euro",10.7,
2021,"EL","EUR","SHARE","D7","Seventh decile","Share of national equivalised income","Euro",10.8,
2022,"EL","EUR","SHARE","D7","Seventh decile","Share of national equivalised income","Euro",10.7,
2023,"EL","EUR","SHARE","D7","Seventh decile","Share of national equivalised income","Euro",10.5,
2024,"EL","EUR","SHARE","D7","Seventh decile","Share of national equivalised income","Euro",10.5,
2025,"EL","EUR","SHARE","D7","Seventh decile","Share of national equivalised income","Euro",10.4,
1995,"EL","NAC","SHARE","D7","Seventh decile","Share of national equivalised income","National currency",11,
1996,"EL","NAC","SHARE","D7","Seventh decile","Share of national equivalised income","National currency",11,
1997,"EL","NAC","SHARE","D7","Seventh decile","Share of national equivalised income","National currency",11,
1998,"EL","NAC","SHARE","D7","Seventh decile","Share of national equivalised income","National currency",11,
1999,"EL","NAC","SHARE","D7","Seventh decile","Share of national equivalised income","National currency",11,
2000,"EL","NAC","SHARE","D7","Seventh decile","Share of national equivalised income","National currency",11,
2001,"EL","NAC","SHARE","D7","Seventh decile","Share of national equivalised income","National currency",11,
2003,"EL","NAC","SHARE","D7","Seventh decile","Share of national equivalised income","National currency",10.5,"b"
2004,"EL","NAC","SHARE","D7","Seventh decile","Share of national equivalised income","National currency",10.8,
2005,"EL","NAC","SHARE","D7","Seventh decile","Share of national equivalised income","National currency",10.6,
2006,"EL","NAC","SHARE","D7","Seventh decile","Share of national equivalised income","National currency",10.5,
2007,"EL","NAC","SHARE","D7","Seventh decile","Share of national equivalised income","National currency",10.4,
2008,"EL","NAC","SHARE","D7","Seventh decile","Share of national equivalised income","National currency",10.5,
2009,"EL","NAC","SHARE","D7","Seventh decile","Share of national equivalised income","National currency",10.5,
2010,"EL","NAC","SHARE","D7","Seventh decile","Share of national equivalised income","National currency",10.6,
2011,"EL","NAC","SHARE","D7","Seventh decile","Share of national equivalised income","National currency",10.8,
2012,"EL","NAC","SHARE","D7","Seventh decile","Share of national equivalised income","National currency",10.7,
2013,"EL","NAC","SHARE","D7","Seventh decile","Share of national equivalised income","National currency",10.8,
2014,"EL","NAC","SHARE","D7","Seventh decile","Share of national equivalised income","National currency",10.6,
2015,"EL","NAC","SHARE","D7","Seventh decile","Share of national equivalised income","National currency",10.7,
2016,"EL","NAC","SHARE","D7","Seventh decile","Share of national equivalised income","National currency",10.8,
2017,"EL","NAC","SHARE","D7","Seventh decile","Share of national equivalised income","National currency",10.7,
2018,"EL","NAC","SHARE","D7","Seventh decile","Share of national equivalised income","National currency",10.6,
2019,"EL","NAC","SHARE","D7","Seventh decile","Share of national equivalised income","National currency",10.8,
2020,"EL","NAC","SHARE","D7","Seventh decile","Share of national equivalised income","National currency",10.7,
2021,"EL","NAC","SHARE","D7","Seventh decile","Share of national equivalised income","National currency",10.8,
2022,"EL","NAC","SHARE","D7","Seventh decile","Share of national equivalised income","National currency",10.7,
2023,"EL","NAC","SHARE","D7","Seventh decile","Share of national equivalised income","National currency",10.5,
2024,"EL","NAC","SHARE","D7","Seventh decile","Share of national equivalised income","National currency",10.5,
2025,"EL","NAC","SHARE","D7","Seventh decile","Share of national equivalised income","National currency",10.4,
1995,"EL","PPS","SHARE","D7","Seventh decile","Share of national equivalised income","Purchasing power standard (PPS)",11,
1996,"EL","PPS","SHARE","D7","Seventh decile","Share of national equivalised income","Purchasing power standard (PPS)",11,
1997,"EL","PPS","SHARE","D7","Seventh decile","Share of national equivalised income","Purchasing power standard (PPS)",11,
1998,"EL","PPS","SHARE","D7","Seventh decile","Share of national equivalised income","Purchasing power standard (PPS)",11,
1999,"EL","PPS","SHARE","D7","Seventh decile","Share of national equivalised income","Purchasing power standard (PPS)",11,
2000,"EL","PPS","SHARE","D7","Seventh decile","Share of national equivalised income","Purchasing power standard (PPS)",11,
2001,"EL","PPS","SHARE","D7","Seventh decile","Share of national equivalised income","Purchasing power standard (PPS)",11,
2003,"EL","PPS","SHARE","D7","Seventh decile","Share of national equivalised income","Purchasing power standard (PPS)",10.5,"b"
2004,"EL","PPS","SHARE","D7","Seventh decile","Share of national equivalised income","Purchasing power standard (PPS)",10.8,
2005,"EL","PPS","SHARE","D7","Seventh decile","Share of national equivalised income","Purchasing power standard (PPS)",10.6,
2006,"EL","PPS","SHARE","D7","Seventh decile","Share of national equivalised income","Purchasing power standard (PPS)",10.5,
2007,"EL","PPS","SHARE","D7","Seventh decile","Share of national equivalised income","Purchasing power standard (PPS)",10.4,
2008,"EL","PPS","SHARE","D7","Seventh decile","Share of national equivalised income","Purchasing power standard (PPS)",10.5,
2009,"EL","PPS","SHARE","D7","Seventh decile","Share of national equivalised income","Purchasing power standard (PPS)",10.5,
2010,"EL","PPS","SHARE","D7","Seventh decile","Share of national equivalised income","Purchasing power standard (PPS)",10.6,
2011,"EL","PPS","SHARE","D7","Seventh decile","Share of national equivalised income","Purchasing power standard (PPS)",10.8,
2012,"EL","PPS","SHARE","D7","Seventh decile","Share of national equivalised income","Purchasing power standard (PPS)",10.7,
2013,"EL","PPS","SHARE","D7","Seventh decile","Share of national equivalised income","Purchasing power standard (PPS)",10.8,
2014,"EL","PPS","SHARE","D7","Seventh decile","Share of national equivalised income","Purchasing power standard (PPS)",10.6,
2015,"EL","PPS","SHARE","D7","Seventh decile","Share of national equivalised income","Purchasing power standard (PPS)",10.7,
2016,"EL","PPS","SHARE","D7","Seventh decile","Share of national equivalised income","Purchasing power standard (PPS)",10.8,
2017,"EL","PPS","SHARE","D7","Seventh decile","Share of national equivalised income","Purchasing power standard (PPS)",10.7,
2018,"EL","PPS","SHARE","D7","Seventh decile","Share of national equivalised income","Purchasing power standard (PPS)",10.6,
2019,"EL","PPS","SHARE","D7","Seventh decile","Share of national equivalised income","Purchasing power standard (PPS)",10.8,
2020,"EL","PPS","SHARE","D7","Seventh decile","Share of national equivalised income","Purchasing power standard (PPS)",10.7,
2021,"EL","PPS","SHARE","D7","Seventh decile","Share of national equivalised income","Purchasing power standard (PPS)",10.8,
2022,"EL","PPS","SHARE","D7","Seventh decile","Share of national equivalised income","Purchasing power standard (PPS)",10.7,
2023,"EL","PPS","SHARE","D7","Seventh decile","Share of national equivalised income","Purchasing power standard (PPS)",10.5,
2024,"EL","PPS","SHARE","D7","Seventh decile","Share of national equivalised income","Purchasing power standard (PPS)",10.5,
2025,"EL","PPS","SHARE","D7","Seventh decile","Share of national equivalised income","Purchasing power standard (PPS)",10.4,
1995,"EL","EUR","TC","D8","Eighth decile","Top cut-off point","Euro",8645,
1996,"EL","EUR","TC","D8","Eighth decile","Top cut-off point","Euro",9046,
1997,"EL","EUR","TC","D8","Eighth decile","Top cut-off point","Euro",9839,
1998,"EL","EUR","TC","D8","Eighth decile","Top cut-off point","Euro",10806,
1999,"EL","EUR","TC","D8","Eighth decile","Top cut-off point","Euro",10573,
2000,"EL","EUR","TC","D8","Eighth decile","Top cut-off point","Euro",11477,
2001,"EL","EUR","TC","D8","Eighth decile","Top cut-off point","Euro",11619,
2003,"EL","EUR","TC","D8","Eighth decile","Top cut-off point","Euro",13203,"b"
2004,"EL","EUR","TC","D8","Eighth decile","Top cut-off point","Euro",14230,
2005,"EL","EUR","TC","D8","Eighth decile","Top cut-off point","Euro",15392,
2006,"EL","EUR","TC","D8","Eighth decile","Top cut-off point","Euro",15920,
2007,"EL","EUR","TC","D8","Eighth decile","Top cut-off point","Euro",16540,
2008,"EL","EUR","TC","D8","Eighth decile","Top cut-off point","Euro",17279,
2009,"EL","EUR","TC","D8","Eighth decile","Top cut-off point","Euro",18184,
2010,"EL","EUR","TC","D8","Eighth decile","Top cut-off point","Euro",18602,
2011,"EL","EUR","TC","D8","Eighth decile","Top cut-off point","Euro",17203,
2012,"EL","EUR","TC","D8","Eighth decile","Top cut-off point","Euro",14647,
2013,"EL","EUR","TC","D8","Eighth decile","Top cut-off point","Euro",12693,
2014,"EL","EUR","TC","D8","Eighth decile","Top cut-off point","Euro",12171,
2015,"EL","EUR","TC","D8","Eighth decile","Top cut-off point","Euro",11875,
2016,"EL","EUR","TC","D8","Eighth decile","Top cut-off point","Euro",12017,
2017,"EL","EUR","TC","D8","Eighth decile","Top cut-off point","Euro",11962,
2018,"EL","EUR","TC","D8","Eighth decile","Top cut-off point","Euro",12100,
2019,"EL","EUR","TC","D8","Eighth decile","Top cut-off point","Euro",12584,
2020,"EL","EUR","TC","D8","Eighth decile","Top cut-off point","Euro",13472,
2021,"EL","EUR","TC","D8","Eighth decile","Top cut-off point","Euro",13453,
2022,"EL","EUR","TC","D8","Eighth decile","Top cut-off point","Euro",14502,
2023,"EL","EUR","TC","D8","Eighth decile","Top cut-off point","Euro",14965,
2024,"EL","EUR","TC","D8","Eighth decile","Top cut-off point","Euro",15960,
2025,"EL","EUR","TC","D8","Eighth decile","Top cut-off point","Euro",17056,
1995,"EL","NAC","TC","D8","Eighth decile","Top cut-off point","National currency",7395,
1996,"EL","NAC","TC","D8","Eighth decile","Top cut-off point","National currency",8141,
1997,"EL","NAC","TC","D8","Eighth decile","Top cut-off point","National currency",8929,
1998,"EL","NAC","TC","D8","Eighth decile","Top cut-off point","National currency",9929,
1999,"EL","NAC","TC","D8","Eighth decile","Top cut-off point","National currency",10387,
2000,"EL","NAC","TC","D8","Eighth decile","Top cut-off point","National currency",11107,
2001,"EL","NAC","TC","D8","Eighth decile","Top cut-off point","National currency",11619,
2003,"EL","NAC","TC","D8","Eighth decile","Top cut-off point","National currency",13203,"b"
2004,"EL","NAC","TC","D8","Eighth decile","Top cut-off point","National currency",14230,
2005,"EL","NAC","TC","D8","Eighth decile","Top cut-off point","National currency",15392,
2006,"EL","NAC","TC","D8","Eighth decile","Top cut-off point","National currency",15920,
2007,"EL","NAC","TC","D8","Eighth decile","Top cut-off point","National currency",16540,
2008,"EL","NAC","TC","D8","Eighth decile","Top cut-off point","National currency",17279,
2009,"EL","NAC","TC","D8","Eighth decile","Top cut-off point","National currency",18184,
2010,"EL","NAC","TC","D8","Eighth decile","Top cut-off point","National currency",18602,
2011,"EL","NAC","TC","D8","Eighth decile","Top cut-off point","National currency",17203,
2012,"EL","NAC","TC","D8","Eighth decile","Top cut-off point","National currency",14647,
2013,"EL","NAC","TC","D8","Eighth decile","Top cut-off point","National currency",12693,
2014,"EL","NAC","TC","D8","Eighth decile","Top cut-off point","National currency",12171,
2015,"EL","NAC","TC","D8","Eighth decile","Top cut-off point","National currency",11875,
2016,"EL","NAC","TC","D8","Eighth decile","Top cut-off point","National currency",12017,
2017,"EL","NAC","TC","D8","Eighth decile","Top cut-off point","National currency",11962,
2018,"EL","NAC","TC","D8","Eighth decile","Top cut-off point","National currency",12100,
2019,"EL","NAC","TC","D8","Eighth decile","Top cut-off point","National currency",12584,
2020,"EL","NAC","TC","D8","Eighth decile","Top cut-off point","National currency",13472,
2021,"EL","NAC","TC","D8","Eighth decile","Top cut-off point","National currency",13453,
2022,"EL","NAC","TC","D8","Eighth decile","Top cut-off point","National currency",14502,
2023,"EL","NAC","TC","D8","Eighth decile","Top cut-off point","National currency",14965,
2024,"EL","NAC","TC","D8","Eighth decile","Top cut-off point","National currency",15960,
2025,"EL","NAC","TC","D8","Eighth decile","Top cut-off point","National currency",17056,
1995,"EL","PPS","TC","D8","Eighth decile","Top cut-off point","Purchasing power standard (PPS)",11125,
1996,"EL","PPS","TC","D8","Eighth decile","Top cut-off point","Purchasing power standard (PPS)",11589,
1997,"EL","PPS","TC","D8","Eighth decile","Top cut-off point","Purchasing power standard (PPS)",12215,
1998,"EL","PPS","TC","D8","Eighth decile","Top cut-off point","Purchasing power standard (PPS)",13053,
1999,"EL","PPS","TC","D8","Eighth decile","Top cut-off point","Purchasing power standard (PPS)",13191,
2000,"EL","PPS","TC","D8","Eighth decile","Top cut-off point","Purchasing power standard (PPS)",14620,
2001,"EL","PPS","TC","D8","Eighth decile","Top cut-off point","Purchasing power standard (PPS)",14832,
2003,"EL","PPS","TC","D8","Eighth decile","Top cut-off point","Purchasing power standard (PPS)",16465,"b"
2004,"EL","PPS","TC","D8","Eighth decile","Top cut-off point","Purchasing power standard (PPS)",16570,
2005,"EL","PPS","TC","D8","Eighth decile","Top cut-off point","Purchasing power standard (PPS)",17571,
2006,"EL","PPS","TC","D8","Eighth decile","Top cut-off point","Purchasing power standard (PPS)",18039,
2007,"EL","PPS","TC","D8","Eighth decile","Top cut-off point","Purchasing power standard (PPS)",18574,
2008,"EL","PPS","TC","D8","Eighth decile","Top cut-off point","Purchasing power standard (PPS)",19250,
2009,"EL","PPS","TC","D8","Eighth decile","Top cut-off point","Purchasing power standard (PPS)",19828,
2010,"EL","PPS","TC","D8","Eighth decile","Top cut-off point","Purchasing power standard (PPS)",19591,
2011,"EL","PPS","TC","D8","Eighth decile","Top cut-off point","Purchasing power standard (PPS)",18209,
2012,"EL","PPS","TC","D8","Eighth decile","Top cut-off point","Purchasing power standard (PPS)",15494,
2013,"EL","PPS","TC","D8","Eighth decile","Top cut-off point","Purchasing power standard (PPS)",13716,
2014,"EL","PPS","TC","D8","Eighth decile","Top cut-off point","Purchasing power standard (PPS)",13747,
2015,"EL","PPS","TC","D8","Eighth decile","Top cut-off point","Purchasing power standard (PPS)",13900,
2016,"EL","PPS","TC","D8","Eighth decile","Top cut-off point","Purchasing power standard (PPS)",14497,
2017,"EL","PPS","TC","D8","Eighth decile","Top cut-off point","Purchasing power standard (PPS)",14220,
2018,"EL","PPS","TC","D8","Eighth decile","Top cut-off point","Purchasing power standard (PPS)",14226,
2019,"EL","PPS","TC","D8","Eighth decile","Top cut-off point","Purchasing power standard (PPS)",14994,
2020,"EL","PPS","TC","D8","Eighth decile","Top cut-off point","Purchasing power standard (PPS)",15610,
2021,"EL","PPS","TC","D8","Eighth decile","Top cut-off point","Purchasing power standard (PPS)",15245,
2022,"EL","PPS","TC","D8","Eighth decile","Top cut-off point","Purchasing power standard (PPS)",16514,
2023,"EL","PPS","TC","D8","Eighth decile","Top cut-off point","Purchasing power standard (PPS)",16958,
2024,"EL","PPS","TC","D8","Eighth decile","Top cut-off point","Purchasing power standard (PPS)",18294,
2025,"EL","PPS","TC","D8","Eighth decile","Top cut-off point","Purchasing power standard (PPS)",19843,
1995,"EL","EUR","SHARE","D8","Eighth decile","Share of national equivalised income","Euro",13,
1996,"EL","EUR","SHARE","D8","Eighth decile","Share of national equivalised income","Euro",13,
1997,"EL","EUR","SHARE","D8","Eighth decile","Share of national equivalised income","Euro",13,
1998,"EL","EUR","SHARE","D8","Eighth decile","Share of national equivalised income","Euro",13,
1999,"EL","EUR","SHARE","D8","Eighth decile","Share of national equivalised income","Euro",12,
2000,"EL","EUR","SHARE","D8","Eighth decile","Share of national equivalised income","Euro",13,
2001,"EL","EUR","SHARE","D8","Eighth decile","Share of national equivalised income","Euro",13,
2003,"EL","EUR","SHARE","D8","Eighth decile","Share of national equivalised income","Euro",12.5,"b"
2004,"EL","EUR","SHARE","D8","Eighth decile","Share of national equivalised income","Euro",12.9,
2005,"EL","EUR","SHARE","D8","Eighth decile","Share of national equivalised income","Euro",12.5,
2006,"EL","EUR","SHARE","D8","Eighth decile","Share of national equivalised income","Euro",12.4,
2007,"EL","EUR","SHARE","D8","Eighth decile","Share of national equivalised income","Euro",12.4,
2008,"EL","EUR","SHARE","D8","Eighth decile","Share of national equivalised income","Euro",12.3,
2009,"EL","EUR","SHARE","D8","Eighth decile","Share of national equivalised income","Euro",12.3,
2010,"EL","EUR","SHARE","D8","Eighth decile","Share of national equivalised income","Euro",12.1,
2011,"EL","EUR","SHARE","D8","Eighth decile","Share of national equivalised income","Euro",12.5,
2012,"EL","EUR","SHARE","D8","Eighth decile","Share of national equivalised income","Euro",12.7,
2013,"EL","EUR","SHARE","D8","Eighth decile","Share of national equivalised income","Euro",12.6,
2014,"EL","EUR","SHARE","D8","Eighth decile","Share of national equivalised income","Euro",12.4,
2015,"EL","EUR","SHARE","D8","Eighth decile","Share of national equivalised income","Euro",12.5,
2016,"EL","EUR","SHARE","D8","Eighth decile","Share of national equivalised income","Euro",12.7,
2017,"EL","EUR","SHARE","D8","Eighth decile","Share of national equivalised income","Euro",12.5,
2018,"EL","EUR","SHARE","D8","Eighth decile","Share of national equivalised income","Euro",12.4,
2019,"EL","EUR","SHARE","D8","Eighth decile","Share of national equivalised income","Euro",12.4,
2020,"EL","EUR","SHARE","D8","Eighth decile","Share of national equivalised income","Euro",12.4,
2021,"EL","EUR","SHARE","D8","Eighth decile","Share of national equivalised income","Euro",12.5,
2022,"EL","EUR","SHARE","D8","Eighth decile","Share of national equivalised income","Euro",12.4,
2023,"EL","EUR","SHARE","D8","Eighth decile","Share of national equivalised income","Euro",12,
2024,"EL","EUR","SHARE","D8","Eighth decile","Share of national equivalised income","Euro",11.9,
2025,"EL","EUR","SHARE","D8","Eighth decile","Share of national equivalised income","Euro",11.9,
1995,"EL","NAC","SHARE","D8","Eighth decile","Share of national equivalised income","National currency",13,
1996,"EL","NAC","SHARE","D8","Eighth decile","Share of national equivalised income","National currency",13,
1997,"EL","NAC","SHARE","D8","Eighth decile","Share of national equivalised income","National currency",13,
1998,"EL","NAC","SHARE","D8","Eighth decile","Share of national equivalised income","National currency",13,
1999,"EL","NAC","SHARE","D8","Eighth decile","Share of national equivalised income","National currency",12,
2000,"EL","NAC","SHARE","D8","Eighth decile","Share of national equivalised income","National currency",13,
2001,"EL","NAC","SHARE","D8","Eighth decile","Share of national equivalised income","National currency",13,
2003,"EL","NAC","SHARE","D8","Eighth decile","Share of national equivalised income","National currency",12.5,"b"
2004,"EL","NAC","SHARE","D8","Eighth decile","Share of national equivalised income","National currency",12.9,
2005,"EL","NAC","SHARE","D8","Eighth decile","Share of national equivalised income","National currency",12.5,
2006,"EL","NAC","SHARE","D8","Eighth decile","Share of national equivalised income","National currency",12.4,
2007,"EL","NAC","SHARE","D8","Eighth decile","Share of national equivalised income","National currency",12.4,
2008,"EL","NAC","SHARE","D8","Eighth decile","Share of national equivalised income","National currency",12.3,
2009,"EL","NAC","SHARE","D8","Eighth decile","Share of national equivalised income","National currency",12.3,
2010,"EL","NAC","SHARE","D8","Eighth decile","Share of national equivalised income","National currency",12.1,
2011,"EL","NAC","SHARE","D8","Eighth decile","Share of national equivalised income","National currency",12.5,
2012,"EL","NAC","SHARE","D8","Eighth decile","Share of national equivalised income","National currency",12.7,
2013,"EL","NAC","SHARE","D8","Eighth decile","Share of national equivalised income","National currency",12.6,
2014,"EL","NAC","SHARE","D8","Eighth decile","Share of national equivalised income","National currency",12.4,
2015,"EL","NAC","SHARE","D8","Eighth decile","Share of national equivalised income","National currency",12.5,
2016,"EL","NAC","SHARE","D8","Eighth decile","Share of national equivalised income","National currency",12.7,
2017,"EL","NAC","SHARE","D8","Eighth decile","Share of national equivalised income","National currency",12.5,
2018,"EL","NAC","SHARE","D8","Eighth decile","Share of national equivalised income","National currency",12.4,
2019,"EL","NAC","SHARE","D8","Eighth decile","Share of national equivalised income","National currency",12.4,
2020,"EL","NAC","SHARE","D8","Eighth decile","Share of national equivalised income","National currency",12.4,
2021,"EL","NAC","SHARE","D8","Eighth decile","Share of national equivalised income","National currency",12.5,
2022,"EL","NAC","SHARE","D8","Eighth decile","Share of national equivalised income","National currency",12.4,
2023,"EL","NAC","SHARE","D8","Eighth decile","Share of national equivalised income","National currency",12,
2024,"EL","NAC","SHARE","D8","Eighth decile","Share of national equivalised income","National currency",11.9,
2025,"EL","NAC","SHARE","D8","Eighth decile","Share of national equivalised income","National currency",11.9,
1995,"EL","PPS","SHARE","D8","Eighth decile","Share of national equivalised income","Purchasing power standard (PPS)",13,
1996,"EL","PPS","SHARE","D8","Eighth decile","Share of national equivalised income","Purchasing power standard (PPS)",13,
1997,"EL","PPS","SHARE","D8","Eighth decile","Share of national equivalised income","Purchasing power standard (PPS)",13,
1998,"EL","PPS","SHARE","D8","Eighth decile","Share of national equivalised income","Purchasing power standard (PPS)",13,
1999,"EL","PPS","SHARE","D8","Eighth decile","Share of national equivalised income","Purchasing power standard (PPS)",12,
2000,"EL","PPS","SHARE","D8","Eighth decile","Share of national equivalised income","Purchasing power standard (PPS)",13,
2001,"EL","PPS","SHARE","D8","Eighth decile","Share of national equivalised income","Purchasing power standard (PPS)",13,
2003,"EL","PPS","SHARE","D8","Eighth decile","Share of national equivalised income","Purchasing power standard (PPS)",12.5,"b"
2004,"EL","PPS","SHARE","D8","Eighth decile","Share of national equivalised income","Purchasing power standard (PPS)",12.9,
2005,"EL","PPS","SHARE","D8","Eighth decile","Share of national equivalised income","Purchasing power standard (PPS)",12.5,
2006,"EL","PPS","SHARE","D8","Eighth decile","Share of national equivalised income","Purchasing power standard (PPS)",12.4,
2007,"EL","PPS","SHARE","D8","Eighth decile","Share of national equivalised income","Purchasing power standard (PPS)",12.4,
2008,"EL","PPS","SHARE","D8","Eighth decile","Share of national equivalised income","Purchasing power standard (PPS)",12.3,
2009,"EL","PPS","SHARE","D8","Eighth decile","Share of national equivalised income","Purchasing power standard (PPS)",12.3,
2010,"EL","PPS","SHARE","D8","Eighth decile","Share of national equivalised income","Purchasing power standard (PPS)",12.1,
2011,"EL","PPS","SHARE","D8","Eighth decile","Share of national equivalised income","Purchasing power standard (PPS)",12.5,
2012,"EL","PPS","SHARE","D8","Eighth decile","Share of national equivalised income","Purchasing power standard (PPS)",12.7,
2013,"EL","PPS","SHARE","D8","Eighth decile","Share of national equivalised income","Purchasing power standard (PPS)",12.6,
2014,"EL","PPS","SHARE","D8","Eighth decile","Share of national equivalised income","Purchasing power standard (PPS)",12.4,
2015,"EL","PPS","SHARE","D8","Eighth decile","Share of national equivalised income","Purchasing power standard (PPS)",12.5,
2016,"EL","PPS","SHARE","D8","Eighth decile","Share of national equivalised income","Purchasing power standard (PPS)",12.7,
2017,"EL","PPS","SHARE","D8","Eighth decile","Share of national equivalised income","Purchasing power standard (PPS)",12.5,
2018,"EL","PPS","SHARE","D8","Eighth decile","Share of national equivalised income","Purchasing power standard (PPS)",12.4,
2019,"EL","PPS","SHARE","D8","Eighth decile","Share of national equivalised income","Purchasing power standard (PPS)",12.4,
2020,"EL","PPS","SHARE","D8","Eighth decile","Share of national equivalised income","Purchasing power standard (PPS)",12.4,
2021,"EL","PPS","SHARE","D8","Eighth decile","Share of national equivalised income","Purchasing power standard (PPS)",12.5,
2022,"EL","PPS","SHARE","D8","Eighth decile","Share of national equivalised income","Purchasing power standard (PPS)",12.4,
2023,"EL","PPS","SHARE","D8","Eighth decile","Share of national equivalised income","Purchasing power standard (PPS)",12,
2024,"EL","PPS","SHARE","D8","Eighth decile","Share of national equivalised income","Purchasing power standard (PPS)",11.9,
2025,"EL","PPS","SHARE","D8","Eighth decile","Share of national equivalised income","Purchasing power standard (PPS)",11.9,
1995,"EL","EUR","TC","D9","Ninth decile","Top cut-off point","Euro",11130,
1996,"EL","EUR","TC","D9","Ninth decile","Top cut-off point","Euro",11439,
1997,"EL","EUR","TC","D9","Ninth decile","Top cut-off point","Euro",12702,
1998,"EL","EUR","TC","D9","Ninth decile","Top cut-off point","Euro",13577,
1999,"EL","EUR","TC","D9","Ninth decile","Top cut-off point","Euro",13322,
2000,"EL","EUR","TC","D9","Ninth decile","Top cut-off point","Euro",14411,
2001,"EL","EUR","TC","D9","Ninth decile","Top cut-off point","Euro",14537,
2003,"EL","EUR","TC","D9","Ninth decile","Top cut-off point","Euro",16927,"b"
2004,"EL","EUR","TC","D9","Ninth decile","Top cut-off point","Euro",17778,
2005,"EL","EUR","TC","D9","Ninth decile","Top cut-off point","Euro",19727,
2006,"EL","EUR","TC","D9","Ninth decile","Top cut-off point","Euro",20150,
2007,"EL","EUR","TC","D9","Ninth decile","Top cut-off point","Euro",20956,
2008,"EL","EUR","TC","D9","Ninth decile","Top cut-off point","Euro",21667,
2009,"EL","EUR","TC","D9","Ninth decile","Top cut-off point","Euro",22576,
2010,"EL","EUR","TC","D9","Ninth decile","Top cut-off point","Euro",23333,
2011,"EL","EUR","TC","D9","Ninth decile","Top cut-off point","Euro",21646,
2012,"EL","EUR","TC","D9","Ninth decile","Top cut-off point","Euro",18057,
2013,"EL","EUR","TC","D9","Ninth decile","Top cut-off point","Euro",15840,
2014,"EL","EUR","TC","D9","Ninth decile","Top cut-off point","Euro",15512,
2015,"EL","EUR","TC","D9","Ninth decile","Top cut-off point","Euro",15212,
2016,"EL","EUR","TC","D9","Ninth decile","Top cut-off point","Euro",15056,
2017,"EL","EUR","TC","D9","Ninth decile","Top cut-off point","Euro",15088,
2018,"EL","EUR","TC","D9","Ninth decile","Top cut-off point","Euro",15084,
2019,"EL","EUR","TC","D9","Ninth decile","Top cut-off point","Euro",15560,
2020,"EL","EUR","TC","D9","Ninth decile","Top cut-off point","Euro",16472,
2021,"EL","EUR","TC","D9","Ninth decile","Top cut-off point","Euro",16700,
2022,"EL","EUR","TC","D9","Ninth decile","Top cut-off point","Euro",18100,
2023,"EL","EUR","TC","D9","Ninth decile","Top cut-off point","Euro",18533,
2024,"EL","EUR","TC","D9","Ninth decile","Top cut-off point","Euro",19616,
2025,"EL","EUR","TC","D9","Ninth decile","Top cut-off point","Euro",20796,
1995,"EL","NAC","TC","D9","Ninth decile","Top cut-off point","National currency",9522,
1996,"EL","NAC","TC","D9","Ninth decile","Top cut-off point","National currency",10294,
1997,"EL","NAC","TC","D9","Ninth decile","Top cut-off point","National currency",11527,
1998,"EL","NAC","TC","D9","Ninth decile","Top cut-off point","National currency",12475,
1999,"EL","NAC","TC","D9","Ninth decile","Top cut-off point","National currency",13087,
2000,"EL","NAC","TC","D9","Ninth decile","Top cut-off point","National currency",13946,
2001,"EL","NAC","TC","D9","Ninth decile","Top cut-off point","National currency",14537,
2003,"EL","NAC","TC","D9","Ninth decile","Top cut-off point","National currency",16927,"b"
2004,"EL","NAC","TC","D9","Ninth decile","Top cut-off point","National currency",17778,
2005,"EL","NAC","TC","D9","Ninth decile","Top cut-off point","National currency",19727,
2006,"EL","NAC","TC","D9","Ninth decile","Top cut-off point","National currency",20150,
2007,"EL","NAC","TC","D9","Ninth decile","Top cut-off point","National currency",20956,
2008,"EL","NAC","TC","D9","Ninth decile","Top cut-off point","National currency",21667,
2009,"EL","NAC","TC","D9","Ninth decile","Top cut-off point","National currency",22576,
2010,"EL","NAC","TC","D9","Ninth decile","Top cut-off point","National currency",23333,
2011,"EL","NAC","TC","D9","Ninth decile","Top cut-off point","National currency",21646,
2012,"EL","NAC","TC","D9","Ninth decile","Top cut-off point","National currency",18057,
2013,"EL","NAC","TC","D9","Ninth decile","Top cut-off point","National currency",15840,
2014,"EL","NAC","TC","D9","Ninth decile","Top cut-off point","National currency",15512,
2015,"EL","NAC","TC","D9","Ninth decile","Top cut-off point","National currency",15212,
2016,"EL","NAC","TC","D9","Ninth decile","Top cut-off point","National currency",15056,
2017,"EL","NAC","TC","D9","Ninth decile","Top cut-off point","National currency",15088,
2018,"EL","NAC","TC","D9","Ninth decile","Top cut-off point","National currency",15084,
2019,"EL","NAC","TC","D9","Ninth decile","Top cut-off point","National currency",15560,
2020,"EL","NAC","TC","D9","Ninth decile","Top cut-off point","National currency",16472,
2021,"EL","NAC","TC","D9","Ninth decile","Top cut-off point","National currency",16700,
2022,"EL","NAC","TC","D9","Ninth decile","Top cut-off point","National currency",18100,
2023,"EL","NAC","TC","D9","Ninth decile","Top cut-off point","National currency",18533,
2024,"EL","NAC","TC","D9","Ninth decile","Top cut-off point","National currency",19616,
2025,"EL","NAC","TC","D9","Ninth decile","Top cut-off point","National currency",20796,
1995,"EL","PPS","TC","D9","Ninth decile","Top cut-off point","Purchasing power standard (PPS)",14325,
1996,"EL","PPS","TC","D9","Ninth decile","Top cut-off point","Purchasing power standard (PPS)",14655,
1997,"EL","PPS","TC","D9","Ninth decile","Top cut-off point","Purchasing power standard (PPS)",15770,
1998,"EL","PPS","TC","D9","Ninth decile","Top cut-off point","Purchasing power standard (PPS)",16400,
1999,"EL","PPS","TC","D9","Ninth decile","Top cut-off point","Purchasing power standard (PPS)",16621,
2000,"EL","PPS","TC","D9","Ninth decile","Top cut-off point","Purchasing power standard (PPS)",18357,
2001,"EL","PPS","TC","D9","Ninth decile","Top cut-off point","Purchasing power standard (PPS)",18556,
2003,"EL","PPS","TC","D9","Ninth decile","Top cut-off point","Purchasing power standard (PPS)",21109,"b"
2004,"EL","PPS","TC","D9","Ninth decile","Top cut-off point","Purchasing power standard (PPS)",20701,
2005,"EL","PPS","TC","D9","Ninth decile","Top cut-off point","Purchasing power standard (PPS)",22520,
2006,"EL","PPS","TC","D9","Ninth decile","Top cut-off point","Purchasing power standard (PPS)",22833,
2007,"EL","PPS","TC","D9","Ninth decile","Top cut-off point","Purchasing power standard (PPS)",23534,
2008,"EL","PPS","TC","D9","Ninth decile","Top cut-off point","Purchasing power standard (PPS)",24138,
2009,"EL","PPS","TC","D9","Ninth decile","Top cut-off point","Purchasing power standard (PPS)",24617,
2010,"EL","PPS","TC","D9","Ninth decile","Top cut-off point","Purchasing power standard (PPS)",24574,
2011,"EL","PPS","TC","D9","Ninth decile","Top cut-off point","Purchasing power standard (PPS)",22912,
2012,"EL","PPS","TC","D9","Ninth decile","Top cut-off point","Purchasing power standard (PPS)",19101,
2013,"EL","PPS","TC","D9","Ninth decile","Top cut-off point","Purchasing power standard (PPS)",17116,
2014,"EL","PPS","TC","D9","Ninth decile","Top cut-off point","Purchasing power standard (PPS)",17520,
2015,"EL","PPS","TC","D9","Ninth decile","Top cut-off point","Purchasing power standard (PPS)",17805,
2016,"EL","PPS","TC","D9","Ninth decile","Top cut-off point","Purchasing power standard (PPS)",18163,
2017,"EL","PPS","TC","D9","Ninth decile","Top cut-off point","Purchasing power standard (PPS)",17937,
2018,"EL","PPS","TC","D9","Ninth decile","Top cut-off point","Purchasing power standard (PPS)",17734,
2019,"EL","PPS","TC","D9","Ninth decile","Top cut-off point","Purchasing power standard (PPS)",18540,
2020,"EL","PPS","TC","D9","Ninth decile","Top cut-off point","Purchasing power standard (PPS)",19086,
2021,"EL","PPS","TC","D9","Ninth decile","Top cut-off point","Purchasing power standard (PPS)",18924,
2022,"EL","PPS","TC","D9","Ninth decile","Top cut-off point","Purchasing power standard (PPS)",20612,
2023,"EL","PPS","TC","D9","Ninth decile","Top cut-off point","Purchasing power standard (PPS)",21002,
2024,"EL","PPS","TC","D9","Ninth decile","Top cut-off point","Purchasing power standard (PPS)",22484,
2025,"EL","PPS","TC","D9","Ninth decile","Top cut-off point","Purchasing power standard (PPS)",24194,
1995,"EL","EUR","SHARE","D9","Ninth decile","Share of national equivalised income","Euro",16,
1996,"EL","EUR","SHARE","D9","Ninth decile","Share of national equivalised income","Euro",15,
1997,"EL","EUR","SHARE","D9","Ninth decile","Share of national equivalised income","Euro",16,
1998,"EL","EUR","SHARE","D9","Ninth decile","Share of national equivalised income","Euro",16,
1999,"EL","EUR","SHARE","D9","Ninth decile","Share of national equivalised income","Euro",15,
2000,"EL","EUR","SHARE","D9","Ninth decile","Share of national equivalised income","Euro",16,
2001,"EL","EUR","SHARE","D9","Ninth decile","Share of national equivalised income","Euro",16,
2003,"EL","EUR","SHARE","D9","Ninth decile","Share of national equivalised income","Euro",15.3,"b"
2004,"EL","EUR","SHARE","D9","Ninth decile","Share of national equivalised income","Euro",15.5,
2005,"EL","EUR","SHARE","D9","Ninth decile","Share of national equivalised income","Euro",15.4,
2006,"EL","EUR","SHARE","D9","Ninth decile","Share of national equivalised income","Euro",15.2,
2007,"EL","EUR","SHARE","D9","Ninth decile","Share of national equivalised income","Euro",15.3,
2008,"EL","EUR","SHARE","D9","Ninth decile","Share of national equivalised income","Euro",15.1,
2009,"EL","EUR","SHARE","D9","Ninth decile","Share of national equivalised income","Euro",15,
2010,"EL","EUR","SHARE","D9","Ninth decile","Share of national equivalised income","Euro",14.9,
2011,"EL","EUR","SHARE","D9","Ninth decile","Share of national equivalised income","Euro",15.1,
2012,"EL","EUR","SHARE","D9","Ninth decile","Share of national equivalised income","Euro",15.3,
2013,"EL","EUR","SHARE","D9","Ninth decile","Share of national equivalised income","Euro",15.1,
2014,"EL","EUR","SHARE","D9","Ninth decile","Share of national equivalised income","Euro",15.4,
2015,"EL","EUR","SHARE","D9","Ninth decile","Share of national equivalised income","Euro",15.4,
2016,"EL","EUR","SHARE","D9","Ninth decile","Share of national equivalised income","Euro",15.4,
2017,"EL","EUR","SHARE","D9","Ninth decile","Share of national equivalised income","Euro",15.1,
2018,"EL","EUR","SHARE","D9","Ninth decile","Share of national equivalised income","Euro",14.9,
2019,"EL","EUR","SHARE","D9","Ninth decile","Share of national equivalised income","Euro",14.8,
2020,"EL","EUR","SHARE","D9","Ninth decile","Share of national equivalised income","Euro",14.8,
2021,"EL","EUR","SHARE","D9","Ninth decile","Share of national equivalised income","Euro",14.9,
2022,"EL","EUR","SHARE","D9","Ninth decile","Share of national equivalised income","Euro",14.8,
2023,"EL","EUR","SHARE","D9","Ninth decile","Share of national equivalised income","Euro",14.4,
2024,"EL","EUR","SHARE","D9","Ninth decile","Share of national equivalised income","Euro",14.2,
2025,"EL","EUR","SHARE","D9","Ninth decile","Share of national equivalised income","Euro",13.9,
1995,"EL","NAC","SHARE","D9","Ninth decile","Share of national equivalised income","National currency",16,
1996,"EL","NAC","SHARE","D9","Ninth decile","Share of national equivalised income","National currency",15,
1997,"EL","NAC","SHARE","D9","Ninth decile","Share of national equivalised income","National currency",16,
1998,"EL","NAC","SHARE","D9","Ninth decile","Share of national equivalised income","National currency",16,
1999,"EL","NAC","SHARE","D9","Ninth decile","Share of national equivalised income","National currency",15,
2000,"EL","NAC","SHARE","D9","Ninth decile","Share of national equivalised income","National currency",16,
2001,"EL","NAC","SHARE","D9","Ninth decile","Share of national equivalised income","National currency",16,
2003,"EL","NAC","SHARE","D9","Ninth decile","Share of national equivalised income","National currency",15.3,"b"
2004,"EL","NAC","SHARE","D9","Ninth decile","Share of national equivalised income","National currency",15.5,
2005,"EL","NAC","SHARE","D9","Ninth decile","Share of national equivalised income","National currency",15.4,
2006,"EL","NAC","SHARE","D9","Ninth decile","Share of national equivalised income","National currency",15.2,
2007,"EL","NAC","SHARE","D9","Ninth decile","Share of national equivalised income","National currency",15.3,
2008,"EL","NAC","SHARE","D9","Ninth decile","Share of national equivalised income","National currency",15.1,
2009,"EL","NAC","SHARE","D9","Ninth decile","Share of national equivalised income","National currency",15,
2010,"EL","NAC","SHARE","D9","Ninth decile","Share of national equivalised income","National currency",14.9,
2011,"EL","NAC","SHARE","D9","Ninth decile","Share of national equivalised income","National currency",15.1,
2012,"EL","NAC","SHARE","D9","Ninth decile","Share of national equivalised income","National currency",15.3,
2013,"EL","NAC","SHARE","D9","Ninth decile","Share of national equivalised income","National currency",15.1,
2014,"EL","NAC","SHARE","D9","Ninth decile","Share of national equivalised income","National currency",15.4,
2015,"EL","NAC","SHARE","D9","Ninth decile","Share of national equivalised income","National currency",15.4,
2016,"EL","NAC","SHARE","D9","Ninth decile","Share of national equivalised income","National currency",15.4,
2017,"EL","NAC","SHARE","D9","Ninth decile","Share of national equivalised income","National currency",15.1,
2018,"EL","NAC","SHARE","D9","Ninth decile","Share of national equivalised income","National currency",14.9,
2019,"EL","NAC","SHARE","D9","Ninth decile","Share of national equivalised income","National currency",14.8,
2020,"EL","NAC","SHARE","D9","Ninth decile","Share of national equivalised income","National currency",14.8,
2021,"EL","NAC","SHARE","D9","Ninth decile","Share of national equivalised income","National currency",14.9,
2022,"EL","NAC","SHARE","D9","Ninth decile","Share of national equivalised income","National currency",14.8,
2023,"EL","NAC","SHARE","D9","Ninth decile","Share of national equivalised income","National currency",14.4,
2024,"EL","NAC","SHARE","D9","Ninth decile","Share of national equivalised income","National currency",14.2,
2025,"EL","NAC","SHARE","D9","Ninth decile","Share of national equivalised income","National currency",13.9,
1995,"EL","PPS","SHARE","D9","Ninth decile","Share of national equivalised income","Purchasing power standard (PPS)",16,
1996,"EL","PPS","SHARE","D9","Ninth decile","Share of national equivalised income","Purchasing power standard (PPS)",15,
1997,"EL","PPS","SHARE","D9","Ninth decile","Share of national equivalised income","Purchasing power standard (PPS)",16,
1998,"EL","PPS","SHARE","D9","Ninth decile","Share of national equivalised income","Purchasing power standard (PPS)",16,
1999,"EL","PPS","SHARE","D9","Ninth decile","Share of national equivalised income","Purchasing power standard (PPS)",15,
2000,"EL","PPS","SHARE","D9","Ninth decile","Share of national equivalised income","Purchasing power standard (PPS)",16,
2001,"EL","PPS","SHARE","D9","Ninth decile","Share of national equivalised income","Purchasing power standard (PPS)",16,
2003,"EL","PPS","SHARE","D9","Ninth decile","Share of national equivalised income","Purchasing power standard (PPS)",15.3,"b"
2004,"EL","PPS","SHARE","D9","Ninth decile","Share of national equivalised income","Purchasing power standard (PPS)",15.5,
2005,"EL","PPS","SHARE","D9","Ninth decile","Share of national equivalised income","Purchasing power standard (PPS)",15.4,
2006,"EL","PPS","SHARE","D9","Ninth decile","Share of national equivalised income","Purchasing power standard (PPS)",15.2,
2007,"EL","PPS","SHARE","D9","Ninth decile","Share of national equivalised income","Purchasing power standard (PPS)",15.3,
2008,"EL","PPS","SHARE","D9","Ninth decile","Share of national equivalised income","Purchasing power standard (PPS)",15.1,
2009,"EL","PPS","SHARE","D9","Ninth decile","Share of national equivalised income","Purchasing power standard (PPS)",15,
2010,"EL","PPS","SHARE","D9","Ninth decile","Share of national equivalised income","Purchasing power standard (PPS)",14.9,
2011,"EL","PPS","SHARE","D9","Ninth decile","Share of national equivalised income","Purchasing power standard (PPS)",15.1,
2012,"EL","PPS","SHARE","D9","Ninth decile","Share of national equivalised income","Purchasing power standard (PPS)",15.3,
2013,"EL","PPS","SHARE","D9","Ninth decile","Share of national equivalised income","Purchasing power standard (PPS)",15.1,
2014,"EL","PPS","SHARE","D9","Ninth decile","Share of national equivalised income","Purchasing power standard (PPS)",15.4,
2015,"EL","PPS","SHARE","D9","Ninth decile","Share of national equivalised income","Purchasing power standard (PPS)",15.4,
2016,"EL","PPS","SHARE","D9","Ninth decile","Share of national equivalised income","Purchasing power standard (PPS)",15.4,
2017,"EL","PPS","SHARE","D9","Ninth decile","Share of national equivalised income","Purchasing power standard (PPS)",15.1,
2018,"EL","PPS","SHARE","D9","Ninth decile","Share of national equivalised income","Purchasing power standard (PPS)",14.9,
2019,"EL","PPS","SHARE","D9","Ninth decile","Share of national equivalised income","Purchasing power standard (PPS)",14.8,
2020,"EL","PPS","SHARE","D9","Ninth decile","Share of national equivalised income","Purchasing power standard (PPS)",14.8,
2021,"EL","PPS","SHARE","D9","Ninth decile","Share of national equivalised income","Purchasing power standard (PPS)",14.9,
2022,"EL","PPS","SHARE","D9","Ninth decile","Share of national equivalised income","Purchasing power standard (PPS)",14.8,
2023,"EL","PPS","SHARE","D9","Ninth decile","Share of national equivalised income","Purchasing power standard (PPS)",14.4,
2024,"EL","PPS","SHARE","D9","Ninth decile","Share of national equivalised income","Purchasing power standard (PPS)",14.2,
2025,"EL","PPS","SHARE","D9","Ninth decile","Share of national equivalised income","Purchasing power standard (PPS)",13.9,
1995,"EL","EUR","SHARE","D10","Tenth decile","Share of national equivalised income","Euro",25,
1996,"EL","EUR","SHARE","D10","Tenth decile","Share of national equivalised income","Euro",25,
1997,"EL","EUR","SHARE","D10","Tenth decile","Share of national equivalised income","Euro",26,
1998,"EL","EUR","SHARE","D10","Tenth decile","Share of national equivalised income","Euro",26,
1999,"EL","EUR","SHARE","D10","Tenth decile","Share of national equivalised income","Euro",26,
2000,"EL","EUR","SHARE","D10","Tenth decile","Share of national equivalised income","Euro",24,
2001,"EL","EUR","SHARE","D10","Tenth decile","Share of national equivalised income","Euro",24,
2003,"EL","EUR","SHARE","D10","Tenth decile","Share of national equivalised income","Euro",26.1,
2004,"EL","EUR","SHARE","D10","Tenth decile","Share of national equivalised income","Euro",24.1,
2005,"EL","EUR","SHARE","D10","Tenth decile","Share of national equivalised income","Euro",25,
2006,"EL","EUR","SHARE","D10","Tenth decile","Share of national equivalised income","Euro",26.1,
2007,"EL","EUR","SHARE","D10","Tenth decile","Share of national equivalised income","Euro",26.1,
2008,"EL","EUR","SHARE","D10","Tenth decile","Share of national equivalised income","Euro",25.4,
2009,"EL","EUR","SHARE","D10","Tenth decile","Share of national equivalised income","Euro",25.4,
2010,"EL","EUR","SHARE","D10","Tenth decile","Share of national equivalised income","Euro",25.4,
2011,"EL","EUR","SHARE","D10","Tenth decile","Share of national equivalised income","Euro",25.1,
2012,"EL","EUR","SHARE","D10","Tenth decile","Share of national equivalised income","Euro",25.1,
2013,"EL","EUR","SHARE","D10","Tenth decile","Share of national equivalised income","Euro",25.4,
2014,"EL","EUR","SHARE","D10","Tenth decile","Share of national equivalised income","Euro",25.6,
2015,"EL","EUR","SHARE","D10","Tenth decile","Share of national equivalised income","Euro",25.3,
2016,"EL","EUR","SHARE","D10","Tenth decile","Share of national equivalised income","Euro",25.1,
2017,"EL","EUR","SHARE","D10","Tenth decile","Share of national equivalised income","Euro",25,
2018,"EL","EUR","SHARE","D10","Tenth decile","Share of national equivalised income","Euro",24.6,
2019,"EL","EUR","SHARE","D10","Tenth decile","Share of national equivalised income","Euro",23.7,
2020,"EL","EUR","SHARE","D10","Tenth decile","Share of national equivalised income","Euro",24.1,
2021,"EL","EUR","SHARE","D10","Tenth decile","Share of national equivalised income","Euro",24.4,
2022,"EL","EUR","SHARE","D10","Tenth decile","Share of national equivalised income","Euro",24.1,
2023,"EL","EUR","SHARE","D10","Tenth decile","Share of national equivalised income","Euro",25.1,
2024,"EL","EUR","SHARE","D10","Tenth decile","Share of national equivalised income","Euro",25.3,
2025,"EL","EUR","SHARE","D10","Tenth decile","Share of national equivalised income","Euro",25.4,
1995,"EL","NAC","SHARE","D10","Tenth decile","Share of national equivalised income","National currency",25,
1996,"EL","NAC","SHARE","D10","Tenth decile","Share of national equivalised income","National currency",25,
1997,"EL","NAC","SHARE","D10","Tenth decile","Share of national equivalised income","National currency",26,
1998,"EL","NAC","SHARE","D10","Tenth decile","Share of national equivalised income","National currency",26,
1999,"EL","NAC","SHARE","D10","Tenth decile","Share of national equivalised income","National currency",26,
2000,"EL","NAC","SHARE","D10","Tenth decile","Share of national equivalised income","National currency",24,
2001,"EL","NAC","SHARE","D10","Tenth decile","Share of national equivalised income","National currency",24,
2003,"EL","NAC","SHARE","D10","Tenth decile","Share of national equivalised income","National currency",26.1,
2004,"EL","NAC","SHARE","D10","Tenth decile","Share of national equivalised income","National currency",24.1,
2005,"EL","NAC","SHARE","D10","Tenth decile","Share of national equivalised income","National currency",25,
2006,"EL","NAC","SHARE","D10","Tenth decile","Share of national equivalised income","National currency",26.1,
2007,"EL","NAC","SHARE","D10","Tenth decile","Share of national equivalised income","National currency",26.1,
2008,"EL","NAC","SHARE","D10","Tenth decile","Share of national equivalised income","National currency",25.4,
2009,"EL","NAC","SHARE","D10","Tenth decile","Share of national equivalised income","National currency",25.4,
2010,"EL","NAC","SHARE","D10","Tenth decile","Share of national equivalised income","National currency",25.4,
2011,"EL","NAC","SHARE","D10","Tenth decile","Share of national equivalised income","National currency",25.1,
2012,"EL","NAC","SHARE","D10","Tenth decile","Share of national equivalised income","National currency",25.1,
2013,"EL","NAC","SHARE","D10","Tenth decile","Share of national equivalised income","National currency",25.4,
2014,"EL","NAC","SHARE","D10","Tenth decile","Share of national equivalised income","National currency",25.6,
2015,"EL","NAC","SHARE","D10","Tenth decile","Share of national equivalised income","National currency",25.3,
2016,"EL","NAC","SHARE","D10","Tenth decile","Share of national equivalised income","National currency",25.1,
2017,"EL","NAC","SHARE","D10","Tenth decile","Share of national equivalised income","National currency",25,
2018,"EL","NAC","SHARE","D10","Tenth decile","Share of national equivalised income","National currency",24.6,
2019,"EL","NAC","SHARE","D10","Tenth decile","Share of national equivalised income","National currency",23.7,
2020,"EL","NAC","SHARE","D10","Tenth decile","Share of national equivalised income","National currency",24.1,
2021,"EL","NAC","SHARE","D10","Tenth decile","Share of national equivalised income","National currency",24.4,
2022,"EL","NAC","SHARE","D10","Tenth decile","Share of national equivalised income","National currency",24.1,
2023,"EL","NAC","SHARE","D10","Tenth decile","Share of national equivalised income","National currency",25.1,
2024,"EL","NAC","SHARE","D10","Tenth decile","Share of national equivalised income","National currency",25.3,
2025,"EL","NAC","SHARE","D10","Tenth decile","Share of national equivalised income","National currency",25.4,
1995,"EL","PPS","SHARE","D10","Tenth decile","Share of national equivalised income","Purchasing power standard (PPS)",25,
1996,"EL","PPS","SHARE","D10","Tenth decile","Share of national equivalised income","Purchasing power standard (PPS)",25,
1997,"EL","PPS","SHARE","D10","Tenth decile","Share of national equivalised income","Purchasing power standard (PPS)",26,
1998,"EL","PPS","SHARE","D10","Tenth decile","Share of national equivalised income","Purchasing power standard (PPS)",26,
1999,"EL","PPS","SHARE","D10","Tenth decile","Share of national equivalised income","Purchasing power standard (PPS)",26,
2000,"EL","PPS","SHARE","D10","Tenth decile","Share of national equivalised income","Purchasing power standard (PPS)",24,
2001,"EL","PPS","SHARE","D10","Tenth decile","Share of national equivalised income","Purchasing power standard (PPS)",24,
2003,"EL","PPS","SHARE","D10","Tenth decile","Share of national equivalised income","Purchasing power standard (PPS)",26.1,
2004,"EL","PPS","SHARE","D10","Tenth decile","Share of national equivalised income","Purchasing power standard (PPS)",24.1,
2005,"EL","PPS","SHARE","D10","Tenth decile","Share of national equivalised income","Purchasing power standard (PPS)",25,
2006,"EL","PPS","SHARE","D10","Tenth decile","Share of national equivalised income","Purchasing power standard (PPS)",26.1,
2007,"EL","PPS","SHARE","D10","Tenth decile","Share of national equivalised income","Purchasing power standard (PPS)",26.1,
2008,"EL","PPS","SHARE","D10","Tenth decile","Share of national equivalised income","Purchasing power standard (PPS)",25.4,
2009,"EL","PPS","SHARE","D10","Tenth decile","Share of national equivalised income","Purchasing power standard (PPS)",25.4,
2010,"EL","PPS","SHARE","D10","Tenth decile","Share of national equivalised income","Purchasing power standard (PPS)",25.4,
2011,"EL","PPS","SHARE","D10","Tenth decile","Share of national equivalised income","Purchasing power standard (PPS)",25.1,
2012,"EL","PPS","SHARE","D10","Tenth decile","Share of national equivalised income","Purchasing power standard (PPS)",25.1,
2013,"EL","PPS","SHARE","D10","Tenth decile","Share of national equivalised income","Purchasing power standard (PPS)",25.4,
2014,"EL","PPS","SHARE","D10","Tenth decile","Share of national equivalised income","Purchasing power standard (PPS)",25.6,
2015,"EL","PPS","SHARE","D10","Tenth decile","Share of national equivalised income","Purchasing power standard (PPS)",25.3,
2016,"EL","PPS","SHARE","D10","Tenth decile","Share of national equivalised income","Purchasing power standard (PPS)",25.1,
2017,"EL","PPS","SHARE","D10","Tenth decile","Share of national equivalised income","Purchasing power standard (PPS)",25,
2018,"EL","PPS","SHARE","D10","Tenth decile","Share of national equivalised income","Purchasing power standard (PPS)",24.6,
2019,"EL","PPS","SHARE","D10","Tenth decile","Share of national equivalised income","Purchasing power standard (PPS)",23.7,
2020,"EL","PPS","SHARE","D10","Tenth decile","Share of national equivalised income","Purchasing power standard (PPS)",24.1,
2021,"EL","PPS","SHARE","D10","Tenth decile","Share of national equivalised income","Purchasing power standard (PPS)",24.4,
2022,"EL","PPS","SHARE","D10","Tenth decile","Share of national equivalised income","Purchasing power standard (PPS)",24.1,
2023,"EL","PPS","SHARE","D10","Tenth decile","Share of national equivalised income","Purchasing power standard (PPS)",25.1,
2024,"EL","PPS","SHARE","D10","Tenth decile","Share of national equivalised income","Purchasing power standard (PPS)",25.3,
2025,"EL","PPS","SHARE","D10","Tenth decile","Share of national equivalised income","Purchasing power standard (PPS)",25.4,
2003,"EL","EUR","TC","P1","First percentile","Top cut-off point","Euro",820,"b"
2004,"EL","EUR","TC","P1","First percentile","Top cut-off point","Euro",0,
2005,"EL","EUR","TC","P1","First percentile","Top cut-off point","Euro",667,
2006,"EL","EUR","TC","P1","First percentile","Top cut-off point","Euro",1429,
2007,"EL","EUR","TC","P1","First percentile","Top cut-off point","Euro",979,
2008,"EL","EUR","TC","P1","First percentile","Top cut-off point","Euro",700,
2009,"EL","EUR","TC","P1","First percentile","Top cut-off point","Euro",1200,
2010,"EL","EUR","TC","P1","First percentile","Top cut-off point","Euro",1467,
2011,"EL","EUR","TC","P1","First percentile","Top cut-off point","Euro",87,
2012,"EL","EUR","TC","P1","First percentile","Top cut-off point","Euro",-133,
2013,"EL","EUR","TC","P1","First percentile","Top cut-off point","Euro",312,
2014,"EL","EUR","TC","P1","First percentile","Top cut-off point","Euro",800,
2015,"EL","EUR","TC","P1","First percentile","Top cut-off point","Euro",97,
2016,"EL","EUR","TC","P1","First percentile","Top cut-off point","Euro",215,
2017,"EL","EUR","TC","P1","First percentile","Top cut-off point","Euro",261,
2018,"EL","EUR","TC","P1","First percentile","Top cut-off point","Euro",700,
2019,"EL","EUR","TC","P1","First percentile","Top cut-off point","Euro",1720,
2020,"EL","EUR","TC","P1","First percentile","Top cut-off point","Euro",688,
2021,"EL","EUR","TC","P1","First percentile","Top cut-off point","Euro",-75,
2022,"EL","EUR","TC","P1","First percentile","Top cut-off point","Euro",726,
2023,"EL","EUR","TC","P1","First percentile","Top cut-off point","Euro",933,
2024,"EL","EUR","TC","P1","First percentile","Top cut-off point","Euro",1346,
2025,"EL","EUR","TC","P1","First percentile","Top cut-off point","Euro",1700,
2003,"EL","NAC","TC","P1","First percentile","Top cut-off point","National currency",820,"b"
2004,"EL","NAC","TC","P1","First percentile","Top cut-off point","National currency",0,
2005,"EL","NAC","TC","P1","First percentile","Top cut-off point","National currency",667,
2006,"EL","NAC","TC","P1","First percentile","Top cut-off point","National currency",1429,
2007,"EL","NAC","TC","P1","First percentile","Top cut-off point","National currency",979,
2008,"EL","NAC","TC","P1","First percentile","Top cut-off point","National currency",700,
2009,"EL","NAC","TC","P1","First percentile","Top cut-off point","National currency",1200,
2010,"EL","NAC","TC","P1","First percentile","Top cut-off point","National currency",1467,
2011,"EL","NAC","TC","P1","First percentile","Top cut-off point","National currency",87,
2012,"EL","NAC","TC","P1","First percentile","Top cut-off point","National currency",-133,
2013,"EL","NAC","TC","P1","First percentile","Top cut-off point","National currency",312,
2014,"EL","NAC","TC","P1","First percentile","Top cut-off point","National currency",800,
2015,"EL","NAC","TC","P1","First percentile","Top cut-off point","National currency",97,
2016,"EL","NAC","TC","P1","First percentile","Top cut-off point","National currency",215,
2017,"EL","NAC","TC","P1","First percentile","Top cut-off point","National currency",261,
2018,"EL","NAC","TC","P1","First percentile","Top cut-off point","National currency",700,
2019,"EL","NAC","TC","P1","First percentile","Top cut-off point","National currency",1720,
2020,"EL","NAC","TC","P1","First percentile","Top cut-off point","National currency",688,
2021,"EL","NAC","TC","P1","First percentile","Top cut-off point","National currency",-75,
2022,"EL","NAC","TC","P1","First percentile","Top cut-off point","National currency",726,
2023,"EL","NAC","TC","P1","First percentile","Top cut-off point","National currency",933,
2024,"EL","NAC","TC","P1","First percentile","Top cut-off point","National currency",1346,
2025,"EL","NAC","TC","P1","First percentile","Top cut-off point","National currency",1700,
2003,"EL","PPS","TC","P1","First percentile","Top cut-off point","Purchasing power standard (PPS)",1023,"b"
2004,"EL","PPS","TC","P1","First percentile","Top cut-off point","Purchasing power standard (PPS)",0,
2005,"EL","PPS","TC","P1","First percentile","Top cut-off point","Purchasing power standard (PPS)",761,
2006,"EL","PPS","TC","P1","First percentile","Top cut-off point","Purchasing power standard (PPS)",1619,
2007,"EL","PPS","TC","P1","First percentile","Top cut-off point","Purchasing power standard (PPS)",1100,
2008,"EL","PPS","TC","P1","First percentile","Top cut-off point","Purchasing power standard (PPS)",780,
2009,"EL","PPS","TC","P1","First percentile","Top cut-off point","Purchasing power standard (PPS)",1308,
2010,"EL","PPS","TC","P1","First percentile","Top cut-off point","Purchasing power standard (PPS)",1545,
2011,"EL","PPS","TC","P1","First percentile","Top cut-off point","Purchasing power standard (PPS)",92,
2012,"EL","PPS","TC","P1","First percentile","Top cut-off point","Purchasing power standard (PPS)",-141,
2013,"EL","PPS","TC","P1","First percentile","Top cut-off point","Purchasing power standard (PPS)",337,
2014,"EL","PPS","TC","P1","First percentile","Top cut-off point","Purchasing power standard (PPS)",904,
2015,"EL","PPS","TC","P1","First percentile","Top cut-off point","Purchasing power standard (PPS)",113,
2016,"EL","PPS","TC","P1","First percentile","Top cut-off point","Purchasing power standard (PPS)",259,
2017,"EL","PPS","TC","P1","First percentile","Top cut-off point","Purchasing power standard (PPS)",310,
2018,"EL","PPS","TC","P1","First percentile","Top cut-off point","Purchasing power standard (PPS)",823,
2019,"EL","PPS","TC","P1","First percentile","Top cut-off point","Purchasing power standard (PPS)",2049,
2020,"EL","PPS","TC","P1","First percentile","Top cut-off point","Purchasing power standard (PPS)",797,
2021,"EL","PPS","TC","P1","First percentile","Top cut-off point","Purchasing power standard (PPS)",-85,
2022,"EL","PPS","TC","P1","First percentile","Top cut-off point","Purchasing power standard (PPS)",826,
2023,"EL","PPS","TC","P1","First percentile","Top cut-off point","Purchasing power standard (PPS)",1058,
2024,"EL","PPS","TC","P1","First percentile","Top cut-off point","Purchasing power standard (PPS)",1543,
2025,"EL","PPS","TC","P1","First percentile","Top cut-off point","Purchasing power standard (PPS)",1978,
2003,"EL","EUR","SHARE","P1","First percentile","Share of national equivalised income","Euro",-0.1,"b"
2004,"EL","EUR","SHARE","P1","First percentile","Share of national equivalised income","Euro",-0.5,
2005,"EL","EUR","SHARE","P1","First percentile","Share of national equivalised income","Euro",-0.1,
2006,"EL","EUR","SHARE","P1","First percentile","Share of national equivalised income","Euro",-0.1,
2007,"EL","EUR","SHARE","P1","First percentile","Share of national equivalised income","Euro",0,
2008,"EL","EUR","SHARE","P1","First percentile","Share of national equivalised income","Euro",-0.2,
2009,"EL","EUR","SHARE","P1","First percentile","Share of national equivalised income","Euro",-0.2,
2010,"EL","EUR","SHARE","P1","First percentile","Share of national equivalised income","Euro",0,
2011,"EL","EUR","SHARE","P1","First percentile","Share of national equivalised income","Euro",0,
2012,"EL","EUR","SHARE","P1","First percentile","Share of national equivalised income","Euro",-0.1,
2013,"EL","EUR","SHARE","P1","First percentile","Share of national equivalised income","Euro",0,
2014,"EL","EUR","SHARE","P1","First percentile","Share of national equivalised income","Euro",0,
2015,"EL","EUR","SHARE","P1","First percentile","Share of national equivalised income","Euro",0,
2016,"EL","EUR","SHARE","P1","First percentile","Share of national equivalised income","Euro",0,
2017,"EL","EUR","SHARE","P1","First percentile","Share of national equivalised income","Euro",0,
2018,"EL","EUR","SHARE","P1","First percentile","Share of national equivalised income","Euro",0,
2019,"EL","EUR","SHARE","P1","First percentile","Share of national equivalised income","Euro",0,
2020,"EL","EUR","SHARE","P1","First percentile","Share of national equivalised income","Euro",0,
2021,"EL","EUR","SHARE","P1","First percentile","Share of national equivalised income","Euro",-0.1,
2022,"EL","EUR","SHARE","P1","First percentile","Share of national equivalised income","Euro",-0.1,
2023,"EL","EUR","SHARE","P1","First percentile","Share of national equivalised income","Euro",-0.1,
2024,"EL","EUR","SHARE","P1","First percentile","Share of national equivalised income","Euro",0,
2025,"EL","EUR","SHARE","P1","First percentile","Share of national equivalised income","Euro",0.1,
2003,"EL","NAC","SHARE","P1","First percentile","Share of national equivalised income","National currency",-0.1,"b"
2004,"EL","NAC","SHARE","P1","First percentile","Share of national equivalised income","National currency",-0.5,
2005,"EL","NAC","SHARE","P1","First percentile","Share of national equivalised income","National currency",-0.1,
2006,"EL","NAC","SHARE","P1","First percentile","Share of national equivalised income","National currency",-0.1,
2007,"EL","NAC","SHARE","P1","First percentile","Share of national equivalised income","National currency",0,
2008,"EL","NAC","SHARE","P1","First percentile","Share of national equivalised income","National currency",-0.2,
2009,"EL","NAC","SHARE","P1","First percentile","Share of national equivalised income","National currency",-0.2,
2010,"EL","NAC","SHARE","P1","First percentile","Share of national equivalised income","National currency",0,
2011,"EL","NAC","SHARE","P1","First percentile","Share of national equivalised income","National currency",0,
2012,"EL","NAC","SHARE","P1","First percentile","Share of national equivalised income","National currency",-0.1,
2013,"EL","NAC","SHARE","P1","First percentile","Share of national equivalised income","National currency",0,
2014,"EL","NAC","SHARE","P1","First percentile","Share of national equivalised income","National currency",0,
2015,"EL","NAC","SHARE","P1","First percentile","Share of national equivalised income","National currency",0,
2016,"EL","NAC","SHARE","P1","First percentile","Share of national equivalised income","National currency",0,
2017,"EL","NAC","SHARE","P1","First percentile","Share of national equivalised income","National currency",0,
2018,"EL","NAC","SHARE","P1","First percentile","Share of national equivalised income","National currency",0,
2019,"EL","NAC","SHARE","P1","First percentile","Share of national equivalised income","National currency",0,
2020,"EL","NAC","SHARE","P1","First percentile","Share of national equivalised income","National currency",0,
2021,"EL","NAC","SHARE","P1","First percentile","Share of national equivalised income","National currency",-0.1,
2022,"EL","NAC","SHARE","P1","First percentile","Share of national equivalised income","National currency",-0.1,
2023,"EL","NAC","SHARE","P1","First percentile","Share of national equivalised income","National currency",-0.1,
2024,"EL","NAC","SHARE","P1","First percentile","Share of national equivalised income","National currency",0,
2025,"EL","NAC","SHARE","P1","First percentile","Share of national equivalised income","National currency",0.1,
2003,"EL","PPS","SHARE","P1","First percentile","Share of national equivalised income","Purchasing power standard (PPS)",-0.1,"b"
2004,"EL","PPS","SHARE","P1","First percentile","Share of national equivalised income","Purchasing power standard (PPS)",-0.5,
2005,"EL","PPS","SHARE","P1","First percentile","Share of national equivalised income","Purchasing power standard (PPS)",-0.1,
2006,"EL","PPS","SHARE","P1","First percentile","Share of national equivalised income","Purchasing power standard (PPS)",-0.1,
2007,"EL","PPS","SHARE","P1","First percentile","Share of national equivalised income","Purchasing power standard (PPS)",0,
2008,"EL","PPS","SHARE","P1","First percentile","Share of national equivalised income","Purchasing power standard (PPS)",-0.2,
2009,"EL","PPS","SHARE","P1","First percentile","Share of national equivalised income","Purchasing power standard (PPS)",-0.2,
2010,"EL","PPS","SHARE","P1","First percentile","Share of national equivalised income","Purchasing power standard (PPS)",0,
2011,"EL","PPS","SHARE","P1","First percentile","Share of national equivalised income","Purchasing power standard (PPS)",0,
2012,"EL","PPS","SHARE","P1","First percentile","Share of national equivalised income","Purchasing power standard (PPS)",-0.1,
2013,"EL","PPS","SHARE","P1","First percentile","Share of national equivalised income","Purchasing power standard (PPS)",0,
2014,"EL","PPS","SHARE","P1","First percentile","Share of national equivalised income","Purchasing power standard (PPS)",0,
2015,"EL","PPS","SHARE","P1","First percentile","Share of national equivalised income","Purchasing power standard (PPS)",0,
2016,"EL","PPS","SHARE","P1","First percentile","Share of national equivalised income","Purchasing power standard (PPS)",0,
2017,"EL","PPS","SHARE","P1","First percentile","Share of national equivalised income","Purchasing power standard (PPS)",0,
2018,"EL","PPS","SHARE","P1","First percentile","Share of national equivalised income","Purchasing power standard (PPS)",0,
2019,"EL","PPS","SHARE","P1","First percentile","Share of national equivalised income","Purchasing power standard (PPS)",0,
2020,"EL","PPS","SHARE","P1","First percentile","Share of national equivalised income","Purchasing power standard (PPS)",0,
2021,"EL","PPS","SHARE","P1","First percentile","Share of national equivalised income","Purchasing power standard (PPS)",-0.1,
2022,"EL","PPS","SHARE","P1","First percentile","Share of national equivalised income","Purchasing power standard (PPS)",-0.1,
2023,"EL","PPS","SHARE","P1","First percentile","Share of national equivalised income","Purchasing power standard (PPS)",-0.1,
2024,"EL","PPS","SHARE","P1","First percentile","Share of national equivalised income","Purchasing power standard (PPS)",0,
2025,"EL","PPS","SHARE","P1","First percentile","Share of national equivalised income","Purchasing power standard (PPS)",0.1,
2003,"EL","EUR","TC","P2","Second percentile","Top cut-off point","Euro",1443,"b"
2004,"EL","EUR","TC","P2","Second percentile","Top cut-off point","Euro",1667,
2005,"EL","EUR","TC","P2","Second percentile","Top cut-off point","Euro",1888,
2006,"EL","EUR","TC","P2","Second percentile","Top cut-off point","Euro",2125,
2007,"EL","EUR","TC","P2","Second percentile","Top cut-off point","Euro",2067,
2008,"EL","EUR","TC","P2","Second percentile","Top cut-off point","Euro",2174,
2009,"EL","EUR","TC","P2","Second percentile","Top cut-off point","Euro",2467,
2010,"EL","EUR","TC","P2","Second percentile","Top cut-off point","Euro",2667,
2011,"EL","EUR","TC","P2","Second percentile","Top cut-off point","Euro",1625,
2012,"EL","EUR","TC","P2","Second percentile","Top cut-off point","Euro",475,
2013,"EL","EUR","TC","P2","Second percentile","Top cut-off point","Euro",863,
2014,"EL","EUR","TC","P2","Second percentile","Top cut-off point","Euro",1225,
2015,"EL","EUR","TC","P2","Second percentile","Top cut-off point","Euro",812,
2016,"EL","EUR","TC","P2","Second percentile","Top cut-off point","Euro",853,
2017,"EL","EUR","TC","P2","Second percentile","Top cut-off point","Euro",1013,
2018,"EL","EUR","TC","P2","Second percentile","Top cut-off point","Euro",1483,
2019,"EL","EUR","TC","P2","Second percentile","Top cut-off point","Euro",2187,
2020,"EL","EUR","TC","P2","Second percentile","Top cut-off point","Euro",1637,
2021,"EL","EUR","TC","P2","Second percentile","Top cut-off point","Euro",968,
2022,"EL","EUR","TC","P2","Second percentile","Top cut-off point","Euro",1900,
2023,"EL","EUR","TC","P2","Second percentile","Top cut-off point","Euro",2207,
2024,"EL","EUR","TC","P2","Second percentile","Top cut-off point","Euro",2400,
2025,"EL","EUR","TC","P2","Second percentile","Top cut-off point","Euro",2761,
2003,"EL","NAC","TC","P2","Second percentile","Top cut-off point","National currency",1443,"b"
2004,"EL","NAC","TC","P2","Second percentile","Top cut-off point","National currency",1667,
2005,"EL","NAC","TC","P2","Second percentile","Top cut-off point","National currency",1888,
2006,"EL","NAC","TC","P2","Second percentile","Top cut-off point","National currency",2125,
2007,"EL","NAC","TC","P2","Second percentile","Top cut-off point","National currency",2067,
2008,"EL","NAC","TC","P2","Second percentile","Top cut-off point","National currency",2174,
2009,"EL","NAC","TC","P2","Second percentile","Top cut-off point","National currency",2467,
2010,"EL","NAC","TC","P2","Second percentile","Top cut-off point","National currency",2667,
2011,"EL","NAC","TC","P2","Second percentile","Top cut-off point","National currency",1625,
2012,"EL","NAC","TC","P2","Second percentile","Top cut-off point","National currency",475,
2013,"EL","NAC","TC","P2","Second percentile","Top cut-off point","National currency",863,
2014,"EL","NAC","TC","P2","Second percentile","Top cut-off point","National currency",1225,
2015,"EL","NAC","TC","P2","Second percentile","Top cut-off point","National currency",812,
2016,"EL","NAC","TC","P2","Second percentile","Top cut-off point","National currency",853,
2017,"EL","NAC","TC","P2","Second percentile","Top cut-off point","National currency",1013,
2018,"EL","NAC","TC","P2","Second percentile","Top cut-off point","National currency",1483,
2019,"EL","NAC","TC","P2","Second percentile","Top cut-off point","National currency",2187,
2020,"EL","NAC","TC","P2","Second percentile","Top cut-off point","National currency",1637,
2021,"EL","NAC","TC","P2","Second percentile","Top cut-off point","National currency",968,
2022,"EL","NAC","TC","P2","Second percentile","Top cut-off point","National currency",1900,
2023,"EL","NAC","TC","P2","Second percentile","Top cut-off point","National currency",2207,
2024,"EL","NAC","TC","P2","Second percentile","Top cut-off point","National currency",2400,
2025,"EL","NAC","TC","P2","Second percentile","Top cut-off point","National currency",2761,
2003,"EL","PPS","TC","P2","Second percentile","Top cut-off point","Purchasing power standard (PPS)",1800,"b"
2004,"EL","PPS","TC","P2","Second percentile","Top cut-off point","Purchasing power standard (PPS)",1941,
2005,"EL","PPS","TC","P2","Second percentile","Top cut-off point","Purchasing power standard (PPS)",2155,
2006,"EL","PPS","TC","P2","Second percentile","Top cut-off point","Purchasing power standard (PPS)",2408,
2007,"EL","PPS","TC","P2","Second percentile","Top cut-off point","Purchasing power standard (PPS)",2321,
2008,"EL","PPS","TC","P2","Second percentile","Top cut-off point","Purchasing power standard (PPS)",2422,
2009,"EL","PPS","TC","P2","Second percentile","Top cut-off point","Purchasing power standard (PPS)",2690,
2010,"EL","PPS","TC","P2","Second percentile","Top cut-off point","Purchasing power standard (PPS)",2808,
2011,"EL","PPS","TC","P2","Second percentile","Top cut-off point","Purchasing power standard (PPS)",1720,
2012,"EL","PPS","TC","P2","Second percentile","Top cut-off point","Purchasing power standard (PPS)",502,
2013,"EL","PPS","TC","P2","Second percentile","Top cut-off point","Purchasing power standard (PPS)",932,
2014,"EL","PPS","TC","P2","Second percentile","Top cut-off point","Purchasing power standard (PPS)",1384,
2015,"EL","PPS","TC","P2","Second percentile","Top cut-off point","Purchasing power standard (PPS)",950,
2016,"EL","PPS","TC","P2","Second percentile","Top cut-off point","Purchasing power standard (PPS)",1029,
2017,"EL","PPS","TC","P2","Second percentile","Top cut-off point","Purchasing power standard (PPS)",1205,
2018,"EL","PPS","TC","P2","Second percentile","Top cut-off point","Purchasing power standard (PPS)",1744,
2019,"EL","PPS","TC","P2","Second percentile","Top cut-off point","Purchasing power standard (PPS)",2605,
2020,"EL","PPS","TC","P2","Second percentile","Top cut-off point","Purchasing power standard (PPS)",1897,
2021,"EL","PPS","TC","P2","Second percentile","Top cut-off point","Purchasing power standard (PPS)",1097,
2022,"EL","PPS","TC","P2","Second percentile","Top cut-off point","Purchasing power standard (PPS)",2164,
2023,"EL","PPS","TC","P2","Second percentile","Top cut-off point","Purchasing power standard (PPS)",2501,
2024,"EL","PPS","TC","P2","Second percentile","Top cut-off point","Purchasing power standard (PPS)",2751,
2025,"EL","PPS","TC","P2","Second percentile","Top cut-off point","Purchasing power standard (PPS)",3212,
2003,"EL","EUR","SHARE","P2","Second percentile","Share of national equivalised income","Euro",0.1,"b"
2004,"EL","EUR","SHARE","P2","Second percentile","Share of national equivalised income","Euro",0.1,
2005,"EL","EUR","SHARE","P2","Second percentile","Share of national equivalised income","Euro",0.1,
2006,"EL","EUR","SHARE","P2","Second percentile","Share of national equivalised income","Euro",0.2,
2007,"EL","EUR","SHARE","P2","Second percentile","Share of national equivalised income","Euro",0.1,
2008,"EL","EUR","SHARE","P2","Second percentile","Share of national equivalised income","Euro",0.1,
2009,"EL","EUR","SHARE","P2","Second percentile","Share of national equivalised income","Euro",0.1,
2010,"EL","EUR","SHARE","P2","Second percentile","Share of national equivalised income","Euro",0.1,
2011,"EL","EUR","SHARE","P2","Second percentile","Share of national equivalised income","Euro",0.1,
2012,"EL","EUR","SHARE","P2","Second percentile","Share of national equivalised income","Euro",0,
2013,"EL","EUR","SHARE","P2","Second percentile","Share of national equivalised income","Euro",0.1,
2014,"EL","EUR","SHARE","P2","Second percentile","Share of national equivalised income","Euro",0.1,
2015,"EL","EUR","SHARE","P2","Second percentile","Share of national equivalised income","Euro",0.1,
2016,"EL","EUR","SHARE","P2","Second percentile","Share of national equivalised income","Euro",0.1,
2017,"EL","EUR","SHARE","P2","Second percentile","Share of national equivalised income","Euro",0.1,
2018,"EL","EUR","SHARE","P2","Second percentile","Share of national equivalised income","Euro",0.1,
2019,"EL","EUR","SHARE","P2","Second percentile","Share of national equivalised income","Euro",0.2,
2020,"EL","EUR","SHARE","P2","Second percentile","Share of national equivalised income","Euro",0.1,
2021,"EL","EUR","SHARE","P2","Second percentile","Share of national equivalised income","Euro",0,
2022,"EL","EUR","SHARE","P2","Second percentile","Share of national equivalised income","Euro",0.1,
2023,"EL","EUR","SHARE","P2","Second percentile","Share of national equivalised income","Euro",0.1,
2024,"EL","EUR","SHARE","P2","Second percentile","Share of national equivalised income","Euro",0.1,
2025,"EL","EUR","SHARE","P2","Second percentile","Share of national equivalised income","Euro",0.2,
2003,"EL","NAC","SHARE","P2","Second percentile","Share of national equivalised income","National currency",0.1,"b"
2004,"EL","NAC","SHARE","P2","Second percentile","Share of national equivalised income","National currency",0.1,
2005,"EL","NAC","SHARE","P2","Second percentile","Share of national equivalised income","National currency",0.1,
2006,"EL","NAC","SHARE","P2","Second percentile","Share of national equivalised income","National currency",0.2,
2007,"EL","NAC","SHARE","P2","Second percentile","Share of national equivalised income","National currency",0.1,
2008,"EL","NAC","SHARE","P2","Second percentile","Share of national equivalised income","National currency",0.1,
2009,"EL","NAC","SHARE","P2","Second percentile","Share of national equivalised income","National currency",0.1,
2010,"EL","NAC","SHARE","P2","Second percentile","Share of national equivalised income","National currency",0.1,
2011,"EL","NAC","SHARE","P2","Second percentile","Share of national equivalised income","National currency",0.1,
2012,"EL","NAC","SHARE","P2","Second percentile","Share of national equivalised income","National currency",0,
2013,"EL","NAC","SHARE","P2","Second percentile","Share of national equivalised income","National currency",0.1,
2014,"EL","NAC","SHARE","P2","Second percentile","Share of national equivalised income","National currency",0.1,
2015,"EL","NAC","SHARE","P2","Second percentile","Share of national equivalised income","National currency",0.1,
2016,"EL","NAC","SHARE","P2","Second percentile","Share of national equivalised income","National currency",0.1,
2017,"EL","NAC","SHARE","P2","Second percentile","Share of national equivalised income","National currency",0.1,
2018,"EL","NAC","SHARE","P2","Second percentile","Share of national equivalised income","National currency",0.1,
2019,"EL","NAC","SHARE","P2","Second percentile","Share of national equivalised income","National currency",0.2,
2020,"EL","NAC","SHARE","P2","Second percentile","Share of national equivalised income","National currency",0.1,
2021,"EL","NAC","SHARE","P2","Second percentile","Share of national equivalised income","National currency",0,
2022,"EL","NAC","SHARE","P2","Second percentile","Share of national equivalised income","National currency",0.1,
2023,"EL","NAC","SHARE","P2","Second percentile","Share of national equivalised income","National currency",0.1,
2024,"EL","NAC","SHARE","P2","Second percentile","Share of national equivalised income","National currency",0.1,
2025,"EL","NAC","SHARE","P2","Second percentile","Share of national equivalised income","National currency",0.2,
2003,"EL","PPS","SHARE","P2","Second percentile","Share of national equivalised income","Purchasing power standard (PPS)",0.1,"b"
2004,"EL","PPS","SHARE","P2","Second percentile","Share of national equivalised income","Purchasing power standard (PPS)",0.1,
2005,"EL","PPS","SHARE","P2","Second percentile","Share of national equivalised income","Purchasing power standard (PPS)",0.1,
2006,"EL","PPS","SHARE","P2","Second percentile","Share of national equivalised income","Purchasing power standard (PPS)",0.2,
2007,"EL","PPS","SHARE","P2","Second percentile","Share of national equivalised income","Purchasing power standard (PPS)",0.1,
2008,"EL","PPS","SHARE","P2","Second percentile","Share of national equivalised income","Purchasing power standard (PPS)",0.1,
2009,"EL","PPS","SHARE","P2","Second percentile","Share of national equivalised income","Purchasing power standard (PPS)",0.1,
2010,"EL","PPS","SHARE","P2","Second percentile","Share of national equivalised income","Purchasing power standard (PPS)",0.1,
2011,"EL","PPS","SHARE","P2","Second percentile","Share of national equivalised income","Purchasing power standard (PPS)",0.1,
2012,"EL","PPS","SHARE","P2","Second percentile","Share of national equivalised income","Purchasing power standard (PPS)",0,
2013,"EL","PPS","SHARE","P2","Second percentile","Share of national equivalised income","Purchasing power standard (PPS)",0.1,
2014,"EL","PPS","SHARE","P2","Second percentile","Share of national equivalised income","Purchasing power standard (PPS)",0.1,
2015,"EL","PPS","SHARE","P2","Second percentile","Share of national equivalised income","Purchasing power standard (PPS)",0.1,
2016,"EL","PPS","SHARE","P2","Second percentile","Share of national equivalised income","Purchasing power standard (PPS)",0.1,
2017,"EL","PPS","SHARE","P2","Second percentile","Share of national equivalised income","Purchasing power standard (PPS)",0.1,
2018,"EL","PPS","SHARE","P2","Second percentile","Share of national equivalised income","Purchasing power standard (PPS)",0.1,
2019,"EL","PPS","SHARE","P2","Second percentile","Share of national equivalised income","Purchasing power standard (PPS)",0.2,
2020,"EL","PPS","SHARE","P2","Second percentile","Share of national equivalised income","Purchasing power standard (PPS)",0.1,
2021,"EL","PPS","SHARE","P2","Second percentile","Share of national equivalised income","Purchasing power standard (PPS)",0,
2022,"EL","PPS","SHARE","P2","Second percentile","Share of national equivalised income","Purchasing power standard (PPS)",0.1,
2023,"EL","PPS","SHARE","P2","Second percentile","Share of national equivalised income","Purchasing power standard (PPS)",0.1,
2024,"EL","PPS","SHARE","P2","Second percentile","Share of national equivalised income","Purchasing power standard (PPS)",0.1,
2025,"EL","PPS","SHARE","P2","Second percentile","Share of national equivalised income","Purchasing power standard (PPS)",0.2,
2003,"EL","EUR","TC","P3","Third percentile","Top cut-off point","Euro",1931,"b"
2004,"EL","EUR","TC","P3","Third percentile","Top cut-off point","Euro",2333,
2005,"EL","EUR","TC","P3","Third percentile","Top cut-off point","Euro",2552,
2006,"EL","EUR","TC","P3","Third percentile","Top cut-off point","Euro",2694,
2007,"EL","EUR","TC","P3","Third percentile","Top cut-off point","Euro",2667,
2008,"EL","EUR","TC","P3","Third percentile","Top cut-off point","Euro",2928,
2009,"EL","EUR","TC","P3","Third percentile","Top cut-off point","Euro",3217,
2010,"EL","EUR","TC","P3","Third percentile","Top cut-off point","Euro",3250,
2011,"EL","EUR","TC","P3","Third percentile","Top cut-off point","Euro",2487,
2012,"EL","EUR","TC","P3","Third percentile","Top cut-off point","Euro",1429,
2013,"EL","EUR","TC","P3","Third percentile","Top cut-off point","Euro",1288,
2014,"EL","EUR","TC","P3","Third percentile","Top cut-off point","Euro",1554,
2015,"EL","EUR","TC","P3","Third percentile","Top cut-off point","Euro",1260,
2016,"EL","EUR","TC","P3","Third percentile","Top cut-off point","Euro",1271,
2017,"EL","EUR","TC","P3","Third percentile","Top cut-off point","Euro",1600,
2018,"EL","EUR","TC","P3","Third percentile","Top cut-off point","Euro",1968,
2019,"EL","EUR","TC","P3","Third percentile","Top cut-off point","Euro",2414,
2020,"EL","EUR","TC","P3","Third percentile","Top cut-off point","Euro",2252,
2021,"EL","EUR","TC","P3","Third percentile","Top cut-off point","Euro",1735,
2022,"EL","EUR","TC","P3","Third percentile","Top cut-off point","Euro",2520,
2023,"EL","EUR","TC","P3","Third percentile","Top cut-off point","Euro",2852,
2024,"EL","EUR","TC","P3","Third percentile","Top cut-off point","Euro",2957,
2025,"EL","EUR","TC","P3","Third percentile","Top cut-off point","Euro",3274,
2003,"EL","NAC","TC","P3","Third percentile","Top cut-off point","National currency",1931,"b"
2004,"EL","NAC","TC","P3","Third percentile","Top cut-off point","National currency",2333,
2005,"EL","NAC","TC","P3","Third percentile","Top cut-off point","National currency",2552,
2006,"EL","NAC","TC","P3","Third percentile","Top cut-off point","National currency",2694,
2007,"EL","NAC","TC","P3","Third percentile","Top cut-off point","National currency",2667,
2008,"EL","NAC","TC","P3","Third percentile","Top cut-off point","National currency",2928,
2009,"EL","NAC","TC","P3","Third percentile","Top cut-off point","National currency",3217,
2010,"EL","NAC","TC","P3","Third percentile","Top cut-off point","National currency",3250,
2011,"EL","NAC","TC","P3","Third percentile","Top cut-off point","National currency",2487,
2012,"EL","NAC","TC","P3","Third percentile","Top cut-off point","National currency",1429,
2013,"EL","NAC","TC","P3","Third percentile","Top cut-off point","National currency",1288,
2014,"EL","NAC","TC","P3","Third percentile","Top cut-off point","National currency",1554,
2015,"EL","NAC","TC","P3","Third percentile","Top cut-off point","National currency",1260,
2016,"EL","NAC","TC","P3","Third percentile","Top cut-off point","National currency",1271,
2017,"EL","NAC","TC","P3","Third percentile","Top cut-off point","National currency",1600,
2018,"EL","NAC","TC","P3","Third percentile","Top cut-off point","National currency",1968,
2019,"EL","NAC","TC","P3","Third percentile","Top cut-off point","National currency",2414,
2020,"EL","NAC","TC","P3","Third percentile","Top cut-off point","National currency",2252,
2021,"EL","NAC","TC","P3","Third percentile","Top cut-off point","National currency",1735,
2022,"EL","NAC","TC","P3","Third percentile","Top cut-off point","National currency",2520,
2023,"EL","NAC","TC","P3","Third percentile","Top cut-off point","National currency",2852,
2024,"EL","NAC","TC","P3","Third percentile","Top cut-off point","National currency",2957,
2025,"EL","NAC","TC","P3","Third percentile","Top cut-off point","National currency",3274,
2003,"EL","PPS","TC","P3","Third percentile","Top cut-off point","Purchasing power standard (PPS)",2408,"b"
2004,"EL","PPS","TC","P3","Third percentile","Top cut-off point","Purchasing power standard (PPS)",2717,
2005,"EL","PPS","TC","P3","Third percentile","Top cut-off point","Purchasing power standard (PPS)",2913,
2006,"EL","PPS","TC","P3","Third percentile","Top cut-off point","Purchasing power standard (PPS)",3052,
2007,"EL","PPS","TC","P3","Third percentile","Top cut-off point","Purchasing power standard (PPS)",2995,
2008,"EL","PPS","TC","P3","Third percentile","Top cut-off point","Purchasing power standard (PPS)",3262,
2009,"EL","PPS","TC","P3","Third percentile","Top cut-off point","Purchasing power standard (PPS)",3507,
2010,"EL","PPS","TC","P3","Third percentile","Top cut-off point","Purchasing power standard (PPS)",3423,
2011,"EL","PPS","TC","P3","Third percentile","Top cut-off point","Purchasing power standard (PPS)",2632,
2012,"EL","PPS","TC","P3","Third percentile","Top cut-off point","Purchasing power standard (PPS)",1511,
2013,"EL","PPS","TC","P3","Third percentile","Top cut-off point","Purchasing power standard (PPS)",1392,
2014,"EL","PPS","TC","P3","Third percentile","Top cut-off point","Purchasing power standard (PPS)",1755,
2015,"EL","PPS","TC","P3","Third percentile","Top cut-off point","Purchasing power standard (PPS)",1475,
2016,"EL","PPS","TC","P3","Third percentile","Top cut-off point","Purchasing power standard (PPS)",1533,
2017,"EL","PPS","TC","P3","Third percentile","Top cut-off point","Purchasing power standard (PPS)",1902,
2018,"EL","PPS","TC","P3","Third percentile","Top cut-off point","Purchasing power standard (PPS)",2314,
2019,"EL","PPS","TC","P3","Third percentile","Top cut-off point","Purchasing power standard (PPS)",2877,
2020,"EL","PPS","TC","P3","Third percentile","Top cut-off point","Purchasing power standard (PPS)",2610,
2021,"EL","PPS","TC","P3","Third percentile","Top cut-off point","Purchasing power standard (PPS)",1966,
2022,"EL","PPS","TC","P3","Third percentile","Top cut-off point","Purchasing power standard (PPS)",2870,
2023,"EL","PPS","TC","P3","Third percentile","Top cut-off point","Purchasing power standard (PPS)",3232,
2024,"EL","PPS","TC","P3","Third percentile","Top cut-off point","Purchasing power standard (PPS)",3390,
2025,"EL","PPS","TC","P3","Third percentile","Top cut-off point","Purchasing power standard (PPS)",3808,
2003,"EL","EUR","SHARE","P3","Third percentile","Share of national equivalised income","Euro",0.2,"b"
2004,"EL","EUR","SHARE","P3","Third percentile","Share of national equivalised income","Euro",0.2,
2005,"EL","EUR","SHARE","P3","Third percentile","Share of national equivalised income","Euro",0.2,
2006,"EL","EUR","SHARE","P3","Third percentile","Share of national equivalised income","Euro",0.2,
2007,"EL","EUR","SHARE","P3","Third percentile","Share of national equivalised income","Euro",0.2,
2008,"EL","EUR","SHARE","P3","Third percentile","Share of national equivalised income","Euro",0.2,
2009,"EL","EUR","SHARE","P3","Third percentile","Share of national equivalised income","Euro",0.2,
2010,"EL","EUR","SHARE","P3","Third percentile","Share of national equivalised income","Euro",0.2,
2011,"EL","EUR","SHARE","P3","Third percentile","Share of national equivalised income","Euro",0.2,
2012,"EL","EUR","SHARE","P3","Third percentile","Share of national equivalised income","Euro",0.1,
2013,"EL","EUR","SHARE","P3","Third percentile","Share of national equivalised income","Euro",0.1,
2014,"EL","EUR","SHARE","P3","Third percentile","Share of national equivalised income","Euro",0.2,
2015,"EL","EUR","SHARE","P3","Third percentile","Share of national equivalised income","Euro",0.1,
2016,"EL","EUR","SHARE","P3","Third percentile","Share of national equivalised income","Euro",0.1,
2017,"EL","EUR","SHARE","P3","Third percentile","Share of national equivalised income","Euro",0.2,
2018,"EL","EUR","SHARE","P3","Third percentile","Share of national equivalised income","Euro",0.2,
2019,"EL","EUR","SHARE","P3","Third percentile","Share of national equivalised income","Euro",0.2,
2020,"EL","EUR","SHARE","P3","Third percentile","Share of national equivalised income","Euro",0.2,
2021,"EL","EUR","SHARE","P3","Third percentile","Share of national equivalised income","Euro",0.1,
2022,"EL","EUR","SHARE","P3","Third percentile","Share of national equivalised income","Euro",0.2,
2023,"EL","EUR","SHARE","P3","Third percentile","Share of national equivalised income","Euro",0.2,
2024,"EL","EUR","SHARE","P3","Third percentile","Share of national equivalised income","Euro",0.2,
2025,"EL","EUR","SHARE","P3","Third percentile","Share of national equivalised income","Euro",0.2,
2003,"EL","NAC","SHARE","P3","Third percentile","Share of national equivalised income","National currency",0.2,"b"
2004,"EL","NAC","SHARE","P3","Third percentile","Share of national equivalised income","National currency",0.2,
2005,"EL","NAC","SHARE","P3","Third percentile","Share of national equivalised income","National currency",0.2,
2006,"EL","NAC","SHARE","P3","Third percentile","Share of national equivalised income","National currency",0.2,
2007,"EL","NAC","SHARE","P3","Third percentile","Share of national equivalised income","National currency",0.2,
2008,"EL","NAC","SHARE","P3","Third percentile","Share of national equivalised income","National currency",0.2,
2009,"EL","NAC","SHARE","P3","Third percentile","Share of national equivalised income","National currency",0.2,
2010,"EL","NAC","SHARE","P3","Third percentile","Share of national equivalised income","National currency",0.2,
2011,"EL","NAC","SHARE","P3","Third percentile","Share of national equivalised income","National currency",0.2,
2012,"EL","NAC","SHARE","P3","Third percentile","Share of national equivalised income","National currency",0.1,
2013,"EL","NAC","SHARE","P3","Third percentile","Share of national equivalised income","National currency",0.1,
2014,"EL","NAC","SHARE","P3","Third percentile","Share of national equivalised income","National currency",0.2,
2015,"EL","NAC","SHARE","P3","Third percentile","Share of national equivalised income","National currency",0.1,
2016,"EL","NAC","SHARE","P3","Third percentile","Share of national equivalised income","National currency",0.1,
2017,"EL","NAC","SHARE","P3","Third percentile","Share of national equivalised income","National currency",0.2,
2018,"EL","NAC","SHARE","P3","Third percentile","Share of national equivalised income","National currency",0.2,
2019,"EL","NAC","SHARE","P3","Third percentile","Share of national equivalised income","National currency",0.2,
2020,"EL","NAC","SHARE","P3","Third percentile","Share of national equivalised income","National currency",0.2,
2021,"EL","NAC","SHARE","P3","Third percentile","Share of national equivalised income","National currency",0.1,
2022,"EL","NAC","SHARE","P3","Third percentile","Share of national equivalised income","National currency",0.2,
2023,"EL","NAC","SHARE","P3","Third percentile","Share of national equivalised income","National currency",0.2,
2024,"EL","NAC","SHARE","P3","Third percentile","Share of national equivalised income","National currency",0.2,
2025,"EL","NAC","SHARE","P3","Third percentile","Share of national equivalised income","National currency",0.2,
2003,"EL","PPS","SHARE","P3","Third percentile","Share of national equivalised income","Purchasing power standard (PPS)",0.2,"b"
2004,"EL","PPS","SHARE","P3","Third percentile","Share of national equivalised income","Purchasing power standard (PPS)",0.2,
2005,"EL","PPS","SHARE","P3","Third percentile","Share of national equivalised income","Purchasing power standard (PPS)",0.2,
2006,"EL","PPS","SHARE","P3","Third percentile","Share of national equivalised income","Purchasing power standard (PPS)",0.2,
2007,"EL","PPS","SHARE","P3","Third percentile","Share of national equivalised income","Purchasing power standard (PPS)",0.2,
2008,"EL","PPS","SHARE","P3","Third percentile","Share of national equivalised income","Purchasing power standard (PPS)",0.2,
2009,"EL","PPS","SHARE","P3","Third percentile","Share of national equivalised income","Purchasing power standard (PPS)",0.2,
2010,"EL","PPS","SHARE","P3","Third percentile","Share of national equivalised income","Purchasing power standard (PPS)",0.2,
2011,"EL","PPS","SHARE","P3","Third percentile","Share of national equivalised income","Purchasing power standard (PPS)",0.2,
2012,"EL","PPS","SHARE","P3","Third percentile","Share of national equivalised income","Purchasing power standard (PPS)",0.1,
2013,"EL","PPS","SHARE","P3","Third percentile","Share of national equivalised income","Purchasing power standard (PPS)",0.1,
2014,"EL","PPS","SHARE","P3","Third percentile","Share of national equivalised income","Purchasing power standard (PPS)",0.2,
2015,"EL","PPS","SHARE","P3","Third percentile","Share of national equivalised income","Purchasing power standard (PPS)",0.1,
2016,"EL","PPS","SHARE","P3","Third percentile","Share of national equivalised income","Purchasing power standard (PPS)",0.1,
2017,"EL","PPS","SHARE","P3","Third percentile","Share of national equivalised income","Purchasing power standard (PPS)",0.2,
2018,"EL","PPS","SHARE","P3","Third percentile","Share of national equivalised income","Purchasing power standard (PPS)",0.2,
2019,"EL","PPS","SHARE","P3","Third percentile","Share of national equivalised income","Purchasing power standard (PPS)",0.2,
2020,"EL","PPS","SHARE","P3","Third percentile","Share of national equivalised income","Purchasing power standard (PPS)",0.2,
2021,"EL","PPS","SHARE","P3","Third percentile","Share of national equivalised income","Purchasing power standard (PPS)",0.1,
2022,"EL","PPS","SHARE","P3","Third percentile","Share of national equivalised income","Purchasing power standard (PPS)",0.2,
2023,"EL","PPS","SHARE","P3","Third percentile","Share of national equivalised income","Purchasing power standard (PPS)",0.2,
2024,"EL","PPS","SHARE","P3","Third percentile","Share of national equivalised income","Purchasing power standard (PPS)",0.2,
2025,"EL","PPS","SHARE","P3","Third percentile","Share of national equivalised income","Purchasing power standard (PPS)",0.2,
2003,"EL","EUR","TC","P4","Fourth percentile","Top cut-off point","Euro",2150,"b"
2004,"EL","EUR","TC","P4","Fourth percentile","Top cut-off point","Euro",2656,
2005,"EL","EUR","TC","P4","Fourth percentile","Top cut-off point","Euro",2870,
2006,"EL","EUR","TC","P4","Fourth percentile","Top cut-off point","Euro",3095,
2007,"EL","EUR","TC","P4","Fourth percentile","Top cut-off point","Euro",3103,
2008,"EL","EUR","TC","P4","Fourth percentile","Top cut-off point","Euro",3600,
2009,"EL","EUR","TC","P4","Fourth percentile","Top cut-off point","Euro",3733,
2010,"EL","EUR","TC","P4","Fourth percentile","Top cut-off point","Euro",3587,
2011,"EL","EUR","TC","P4","Fourth percentile","Top cut-off point","Euro",3000,
2012,"EL","EUR","TC","P4","Fourth percentile","Top cut-off point","Euro",1981,
2013,"EL","EUR","TC","P4","Fourth percentile","Top cut-off point","Euro",1680,
2014,"EL","EUR","TC","P4","Fourth percentile","Top cut-off point","Euro",1824,
2015,"EL","EUR","TC","P4","Fourth percentile","Top cut-off point","Euro",1628,
2016,"EL","EUR","TC","P4","Fourth percentile","Top cut-off point","Euro",1674,
2017,"EL","EUR","TC","P4","Fourth percentile","Top cut-off point","Euro",1954,
2018,"EL","EUR","TC","P4","Fourth percentile","Top cut-off point","Euro",2244,
2019,"EL","EUR","TC","P4","Fourth percentile","Top cut-off point","Euro",2583,
2020,"EL","EUR","TC","P4","Fourth percentile","Top cut-off point","Euro",2555,
2021,"EL","EUR","TC","P4","Fourth percentile","Top cut-off point","Euro",2304,
2022,"EL","EUR","TC","P4","Fourth percentile","Top cut-off point","Euro",2941,
2023,"EL","EUR","TC","P4","Fourth percentile","Top cut-off point","Euro",3267,
2024,"EL","EUR","TC","P4","Fourth percentile","Top cut-off point","Euro",3436,
2025,"EL","EUR","TC","P4","Fourth percentile","Top cut-off point","Euro",3780,
2003,"EL","NAC","TC","P4","Fourth percentile","Top cut-off point","National currency",2150,"b"
2004,"EL","NAC","TC","P4","Fourth percentile","Top cut-off point","National currency",2656,
2005,"EL","NAC","TC","P4","Fourth percentile","Top cut-off point","National currency",2870,
2006,"EL","NAC","TC","P4","Fourth percentile","Top cut-off point","National currency",3095,
2007,"EL","NAC","TC","P4","Fourth percentile","Top cut-off point","National currency",3103,
2008,"EL","NAC","TC","P4","Fourth percentile","Top cut-off point","National currency",3600,
2009,"EL","NAC","TC","P4","Fourth percentile","Top cut-off point","National currency",3733,
2010,"EL","NAC","TC","P4","Fourth percentile","Top cut-off point","National currency",3587,
2011,"EL","NAC","TC","P4","Fourth percentile","Top cut-off point","National currency",3000,
2012,"EL","NAC","TC","P4","Fourth percentile","Top cut-off point","National currency",1981,
2013,"EL","NAC","TC","P4","Fourth percentile","Top cut-off point","National currency",1680,
2014,"EL","NAC","TC","P4","Fourth percentile","Top cut-off point","National currency",1824,
2015,"EL","NAC","TC","P4","Fourth percentile","Top cut-off point","National currency",1628,
2016,"EL","NAC","TC","P4","Fourth percentile","Top cut-off point","National currency",1674,
2017,"EL","NAC","TC","P4","Fourth percentile","Top cut-off point","National currency",1954,
2018,"EL","NAC","TC","P4","Fourth percentile","Top cut-off point","National currency",2244,
2019,"EL","NAC","TC","P4","Fourth percentile","Top cut-off point","National currency",2583,
2020,"EL","NAC","TC","P4","Fourth percentile","Top cut-off point","National currency",2555,
2021,"EL","NAC","TC","P4","Fourth percentile","Top cut-off point","National currency",2304,
2022,"EL","NAC","TC","P4","Fourth percentile","Top cut-off point","National currency",2941,
2023,"EL","NAC","TC","P4","Fourth percentile","Top cut-off point","National currency",3267,
2024,"EL","NAC","TC","P4","Fourth percentile","Top cut-off point","National currency",3436,
2025,"EL","NAC","TC","P4","Fourth percentile","Top cut-off point","National currency",3780,
2003,"EL","PPS","TC","P4","Fourth percentile","Top cut-off point","Purchasing power standard (PPS)",2681,"b"
2004,"EL","PPS","TC","P4","Fourth percentile","Top cut-off point","Purchasing power standard (PPS)",3093,
2005,"EL","PPS","TC","P4","Fourth percentile","Top cut-off point","Purchasing power standard (PPS)",3276,
2006,"EL","PPS","TC","P4","Fourth percentile","Top cut-off point","Purchasing power standard (PPS)",3507,
2007,"EL","PPS","TC","P4","Fourth percentile","Top cut-off point","Purchasing power standard (PPS)",3485,
2008,"EL","PPS","TC","P4","Fourth percentile","Top cut-off point","Purchasing power standard (PPS)",4011,
2009,"EL","PPS","TC","P4","Fourth percentile","Top cut-off point","Purchasing power standard (PPS)",4071,
2010,"EL","PPS","TC","P4","Fourth percentile","Top cut-off point","Purchasing power standard (PPS)",3778,
2011,"EL","PPS","TC","P4","Fourth percentile","Top cut-off point","Purchasing power standard (PPS)",3175,
2012,"EL","PPS","TC","P4","Fourth percentile","Top cut-off point","Purchasing power standard (PPS)",2096,
2013,"EL","PPS","TC","P4","Fourth percentile","Top cut-off point","Purchasing power standard (PPS)",1815,
2014,"EL","PPS","TC","P4","Fourth percentile","Top cut-off point","Purchasing power standard (PPS)",2060,
2015,"EL","PPS","TC","P4","Fourth percentile","Top cut-off point","Purchasing power standard (PPS)",1906,
2016,"EL","PPS","TC","P4","Fourth percentile","Top cut-off point","Purchasing power standard (PPS)",2020,
2017,"EL","PPS","TC","P4","Fourth percentile","Top cut-off point","Purchasing power standard (PPS)",2322,
2018,"EL","PPS","TC","P4","Fourth percentile","Top cut-off point","Purchasing power standard (PPS)",2638,
2019,"EL","PPS","TC","P4","Fourth percentile","Top cut-off point","Purchasing power standard (PPS)",3078,
2020,"EL","PPS","TC","P4","Fourth percentile","Top cut-off point","Purchasing power standard (PPS)",2960,
2021,"EL","PPS","TC","P4","Fourth percentile","Top cut-off point","Purchasing power standard (PPS)",2611,
2022,"EL","PPS","TC","P4","Fourth percentile","Top cut-off point","Purchasing power standard (PPS)",3349,
2023,"EL","PPS","TC","P4","Fourth percentile","Top cut-off point","Purchasing power standard (PPS)",3702,
2024,"EL","PPS","TC","P4","Fourth percentile","Top cut-off point","Purchasing power standard (PPS)",3938,
2025,"EL","PPS","TC","P4","Fourth percentile","Top cut-off point","Purchasing power standard (PPS)",4398,
2003,"EL","EUR","SHARE","P4","Fourth percentile","Share of national equivalised income","Euro",0.2,"b"
2004,"EL","EUR","SHARE","P4","Fourth percentile","Share of national equivalised income","Euro",0.2,
2005,"EL","EUR","SHARE","P4","Fourth percentile","Share of national equivalised income","Euro",0.2,
2006,"EL","EUR","SHARE","P4","Fourth percentile","Share of national equivalised income","Euro",0.2,
2007,"EL","EUR","SHARE","P4","Fourth percentile","Share of national equivalised income","Euro",0.2,
2008,"EL","EUR","SHARE","P4","Fourth percentile","Share of national equivalised income","Euro",0.2,
2009,"EL","EUR","SHARE","P4","Fourth percentile","Share of national equivalised income","Euro",0.3,
2010,"EL","EUR","SHARE","P4","Fourth percentile","Share of national equivalised income","Euro",0.2,
2011,"EL","EUR","SHARE","P4","Fourth percentile","Share of national equivalised income","Euro",0.2,
2012,"EL","EUR","SHARE","P4","Fourth percentile","Share of national equivalised income","Euro",0.2,
2013,"EL","EUR","SHARE","P4","Fourth percentile","Share of national equivalised income","Euro",0.2,
2014,"EL","EUR","SHARE","P4","Fourth percentile","Share of national equivalised income","Euro",0.2,
2015,"EL","EUR","SHARE","P4","Fourth percentile","Share of national equivalised income","Euro",0.2,
2016,"EL","EUR","SHARE","P4","Fourth percentile","Share of national equivalised income","Euro",0.2,
2017,"EL","EUR","SHARE","P4","Fourth percentile","Share of national equivalised income","Euro",0.2,
2018,"EL","EUR","SHARE","P4","Fourth percentile","Share of national equivalised income","Euro",0.2,
2019,"EL","EUR","SHARE","P4","Fourth percentile","Share of national equivalised income","Euro",0.3,
2020,"EL","EUR","SHARE","P4","Fourth percentile","Share of national equivalised income","Euro",0.2,
2021,"EL","EUR","SHARE","P4","Fourth percentile","Share of national equivalised income","Euro",0.2,
2022,"EL","EUR","SHARE","P4","Fourth percentile","Share of national equivalised income","Euro",0.3,
2023,"EL","EUR","SHARE","P4","Fourth percentile","Share of national equivalised income","Euro",0.3,
2024,"EL","EUR","SHARE","P4","Fourth percentile","Share of national equivalised income","Euro",0.3,
2025,"EL","EUR","SHARE","P4","Fourth percentile","Share of national equivalised income","Euro",0.3,
2003,"EL","NAC","SHARE","P4","Fourth percentile","Share of national equivalised income","National currency",0.2,"b"
2004,"EL","NAC","SHARE","P4","Fourth percentile","Share of national equivalised income","National currency",0.2,
2005,"EL","NAC","SHARE","P4","Fourth percentile","Share of national equivalised income","National currency",0.2,
2006,"EL","NAC","SHARE","P4","Fourth percentile","Share of national equivalised income","National currency",0.2,
2007,"EL","NAC","SHARE","P4","Fourth percentile","Share of national equivalised income","National currency",0.2,
2008,"EL","NAC","SHARE","P4","Fourth percentile","Share of national equivalised income","National currency",0.2,
2009,"EL","NAC","SHARE","P4","Fourth percentile","Share of national equivalised income","National currency",0.3,
2010,"EL","NAC","SHARE","P4","Fourth percentile","Share of national equivalised income","National currency",0.2,
2011,"EL","NAC","SHARE","P4","Fourth percentile","Share of national equivalised income","National currency",0.2,
2012,"EL","NAC","SHARE","P4","Fourth percentile","Share of national equivalised income","National currency",0.2,
2013,"EL","NAC","SHARE","P4","Fourth percentile","Share of national equivalised income","National currency",0.2,
2014,"EL","NAC","SHARE","P4","Fourth percentile","Share of national equivalised income","National currency",0.2,
2015,"EL","NAC","SHARE","P4","Fourth percentile","Share of national equivalised income","National currency",0.2,
2016,"EL","NAC","SHARE","P4","Fourth percentile","Share of national equivalised income","National currency",0.2,
2017,"EL","NAC","SHARE","P4","Fourth percentile","Share of national equivalised income","National currency",0.2,
2018,"EL","NAC","SHARE","P4","Fourth percentile","Share of national equivalised income","National currency",0.2,
2019,"EL","NAC","SHARE","P4","Fourth percentile","Share of national equivalised income","National currency",0.3,
2020,"EL","NAC","SHARE","P4","Fourth percentile","Share of national equivalised income","National currency",0.2,
2021,"EL","NAC","SHARE","P4","Fourth percentile","Share of national equivalised income","National currency",0.2,
2022,"EL","NAC","SHARE","P4","Fourth percentile","Share of national equivalised income","National currency",0.3,
2023,"EL","NAC","SHARE","P4","Fourth percentile","Share of national equivalised income","National currency",0.3,
2024,"EL","NAC","SHARE","P4","Fourth percentile","Share of national equivalised income","National currency",0.3,
2025,"EL","NAC","SHARE","P4","Fourth percentile","Share of national equivalised income","National currency",0.3,
2003,"EL","PPS","SHARE","P4","Fourth percentile","Share of national equivalised income","Purchasing power standard (PPS)",0.2,"b"
2004,"EL","PPS","SHARE","P4","Fourth percentile","Share of national equivalised income","Purchasing power standard (PPS)",0.2,
2005,"EL","PPS","SHARE","P4","Fourth percentile","Share of national equivalised income","Purchasing power standard (PPS)",0.2,
2006,"EL","PPS","SHARE","P4","Fourth percentile","Share of national equivalised income","Purchasing power standard (PPS)",0.2,
2007,"EL","PPS","SHARE","P4","Fourth percentile","Share of national equivalised income","Purchasing power standard (PPS)",0.2,
2008,"EL","PPS","SHARE","P4","Fourth percentile","Share of national equivalised income","Purchasing power standard (PPS)",0.2,
2009,"EL","PPS","SHARE","P4","Fourth percentile","Share of national equivalised income","Purchasing power standard (PPS)",0.3,
2010,"EL","PPS","SHARE","P4","Fourth percentile","Share of national equivalised income","Purchasing power standard (PPS)",0.2,
2011,"EL","PPS","SHARE","P4","Fourth percentile","Share of national equivalised income","Purchasing power standard (PPS)",0.2,
2012,"EL","PPS","SHARE","P4","Fourth percentile","Share of national equivalised income","Purchasing power standard (PPS)",0.2,
2013,"EL","PPS","SHARE","P4","Fourth percentile","Share of national equivalised income","Purchasing power standard (PPS)",0.2,
2014,"EL","PPS","SHARE","P4","Fourth percentile","Share of national equivalised income","Purchasing power standard (PPS)",0.2,
2015,"EL","PPS","SHARE","P4","Fourth percentile","Share of national equivalised income","Purchasing power standard (PPS)",0.2,
2016,"EL","PPS","SHARE","P4","Fourth percentile","Share of national equivalised income","Purchasing power standard (PPS)",0.2,
2017,"EL","PPS","SHARE","P4","Fourth percentile","Share of national equivalised income","Purchasing power standard (PPS)",0.2,
2018,"EL","PPS","SHARE","P4","Fourth percentile","Share of national equivalised income","Purchasing power standard (PPS)",0.2,
2019,"EL","PPS","SHARE","P4","Fourth percentile","Share of national equivalised income","Purchasing power standard (PPS)",0.3,
2020,"EL","PPS","SHARE","P4","Fourth percentile","Share of national equivalised income","Purchasing power standard (PPS)",0.2,
2021,"EL","PPS","SHARE","P4","Fourth percentile","Share of national equivalised income","Purchasing power standard (PPS)",0.2,
2022,"EL","PPS","SHARE","P4","Fourth percentile","Share of national equivalised income","Purchasing power standard (PPS)",0.3,
2023,"EL","PPS","SHARE","P4","Fourth percentile","Share of national equivalised income","Purchasing power standard (PPS)",0.3,
2024,"EL","PPS","SHARE","P4","Fourth percentile","Share of national equivalised income","Purchasing power standard (PPS)",0.3,
2025,"EL","PPS","SHARE","P4","Fourth percentile","Share of national equivalised income","Purchasing power standard (PPS)",0.3,
2003,"EL","EUR","TC","P5","Fifth percentile","Top cut-off point","Euro",2450,"b"
2004,"EL","EUR","TC","P5","Fifth percentile","Top cut-off point","Euro",3009,
2005,"EL","EUR","TC","P5","Fifth percentile","Top cut-off point","Euro",3220,
2006,"EL","EUR","TC","P5","Fifth percentile","Top cut-off point","Euro",3449,
2007,"EL","EUR","TC","P5","Fifth percentile","Top cut-off point","Euro",3411,
2008,"EL","EUR","TC","P5","Fifth percentile","Top cut-off point","Euro",3890,
2009,"EL","EUR","TC","P5","Fifth percentile","Top cut-off point","Euro",4000,
2010,"EL","EUR","TC","P5","Fifth percentile","Top cut-off point","Euro",4044,
2011,"EL","EUR","TC","P5","Fifth percentile","Top cut-off point","Euro",3377,
2012,"EL","EUR","TC","P5","Fifth percentile","Top cut-off point","Euro",2309,
2013,"EL","EUR","TC","P5","Fifth percentile","Top cut-off point","Euro",2079,
2014,"EL","EUR","TC","P5","Fifth percentile","Top cut-off point","Euro",2065,
2015,"EL","EUR","TC","P5","Fifth percentile","Top cut-off point","Euro",1887,
2016,"EL","EUR","TC","P5","Fifth percentile","Top cut-off point","Euro",1938,
2017,"EL","EUR","TC","P5","Fifth percentile","Top cut-off point","Euro",2219,
2018,"EL","EUR","TC","P5","Fifth percentile","Top cut-off point","Euro",2483,
2019,"EL","EUR","TC","P5","Fifth percentile","Top cut-off point","Euro",2770,
2020,"EL","EUR","TC","P5","Fifth percentile","Top cut-off point","Euro",2948,
2021,"EL","EUR","TC","P5","Fifth percentile","Top cut-off point","Euro",2612,
2022,"EL","EUR","TC","P5","Fifth percentile","Top cut-off point","Euro",3230,
2023,"EL","EUR","TC","P5","Fifth percentile","Top cut-off point","Euro",3646,
2024,"EL","EUR","TC","P5","Fifth percentile","Top cut-off point","Euro",3774,
2025,"EL","EUR","TC","P5","Fifth percentile","Top cut-off point","Euro",4190,
2003,"EL","NAC","TC","P5","Fifth percentile","Top cut-off point","National currency",2450,"b"
2004,"EL","NAC","TC","P5","Fifth percentile","Top cut-off point","National currency",3009,
2005,"EL","NAC","TC","P5","Fifth percentile","Top cut-off point","National currency",3220,
2006,"EL","NAC","TC","P5","Fifth percentile","Top cut-off point","National currency",3449,
2007,"EL","NAC","TC","P5","Fifth percentile","Top cut-off point","National currency",3411,
2008,"EL","NAC","TC","P5","Fifth percentile","Top cut-off point","National currency",3890,
2009,"EL","NAC","TC","P5","Fifth percentile","Top cut-off point","National currency",4000,
2010,"EL","NAC","TC","P5","Fifth percentile","Top cut-off point","National currency",4044,
2011,"EL","NAC","TC","P5","Fifth percentile","Top cut-off point","National currency",3377,
2012,"EL","NAC","TC","P5","Fifth percentile","Top cut-off point","National currency",2309,
2013,"EL","NAC","TC","P5","Fifth percentile","Top cut-off point","National currency",2079,
2014,"EL","NAC","TC","P5","Fifth percentile","Top cut-off point","National currency",2065,
2015,"EL","NAC","TC","P5","Fifth percentile","Top cut-off point","National currency",1887,
2016,"EL","NAC","TC","P5","Fifth percentile","Top cut-off point","National currency",1938,
2017,"EL","NAC","TC","P5","Fifth percentile","Top cut-off point","National currency",2219,
2018,"EL","NAC","TC","P5","Fifth percentile","Top cut-off point","National currency",2483,
2019,"EL","NAC","TC","P5","Fifth percentile","Top cut-off point","National currency",2770,
2020,"EL","NAC","TC","P5","Fifth percentile","Top cut-off point","National currency",2948,
2021,"EL","NAC","TC","P5","Fifth percentile","Top cut-off point","National currency",2612,
2022,"EL","NAC","TC","P5","Fifth percentile","Top cut-off point","National currency",3230,
2023,"EL","NAC","TC","P5","Fifth percentile","Top cut-off point","National currency",3646,
2024,"EL","NAC","TC","P5","Fifth percentile","Top cut-off point","National currency",3774,
2025,"EL","NAC","TC","P5","Fifth percentile","Top cut-off point","National currency",4190,
2003,"EL","PPS","TC","P5","Fifth percentile","Top cut-off point","Purchasing power standard (PPS)",3055,"b"
2004,"EL","PPS","TC","P5","Fifth percentile","Top cut-off point","Purchasing power standard (PPS)",3504,
2005,"EL","PPS","TC","P5","Fifth percentile","Top cut-off point","Purchasing power standard (PPS)",3676,
2006,"EL","PPS","TC","P5","Fifth percentile","Top cut-off point","Purchasing power standard (PPS)",3909,
2007,"EL","PPS","TC","P5","Fifth percentile","Top cut-off point","Purchasing power standard (PPS)",3831,
2008,"EL","PPS","TC","P5","Fifth percentile","Top cut-off point","Purchasing power standard (PPS)",4334,
2009,"EL","PPS","TC","P5","Fifth percentile","Top cut-off point","Purchasing power standard (PPS)",4362,
2010,"EL","PPS","TC","P5","Fifth percentile","Top cut-off point","Purchasing power standard (PPS)",4259,
2011,"EL","PPS","TC","P5","Fifth percentile","Top cut-off point","Purchasing power standard (PPS)",3575,
2012,"EL","PPS","TC","P5","Fifth percentile","Top cut-off point","Purchasing power standard (PPS)",2443,
2013,"EL","PPS","TC","P5","Fifth percentile","Top cut-off point","Purchasing power standard (PPS)",2246,
2014,"EL","PPS","TC","P5","Fifth percentile","Top cut-off point","Purchasing power standard (PPS)",2333,
2015,"EL","PPS","TC","P5","Fifth percentile","Top cut-off point","Purchasing power standard (PPS)",2208,
2016,"EL","PPS","TC","P5","Fifth percentile","Top cut-off point","Purchasing power standard (PPS)",2339,
2017,"EL","PPS","TC","P5","Fifth percentile","Top cut-off point","Purchasing power standard (PPS)",2638,
2018,"EL","PPS","TC","P5","Fifth percentile","Top cut-off point","Purchasing power standard (PPS)",2919,
2019,"EL","PPS","TC","P5","Fifth percentile","Top cut-off point","Purchasing power standard (PPS)",3300,
2020,"EL","PPS","TC","P5","Fifth percentile","Top cut-off point","Purchasing power standard (PPS)",3416,
2021,"EL","PPS","TC","P5","Fifth percentile","Top cut-off point","Purchasing power standard (PPS)",2960,
2022,"EL","PPS","TC","P5","Fifth percentile","Top cut-off point","Purchasing power standard (PPS)",3678,
2023,"EL","PPS","TC","P5","Fifth percentile","Top cut-off point","Purchasing power standard (PPS)",4132,
2024,"EL","PPS","TC","P5","Fifth percentile","Top cut-off point","Purchasing power standard (PPS)",4326,
2025,"EL","PPS","TC","P5","Fifth percentile","Top cut-off point","Purchasing power standard (PPS)",4875,
2003,"EL","EUR","SHARE","P5","Fifth percentile","Share of national equivalised income","Euro",0.2,"b"
2004,"EL","EUR","SHARE","P5","Fifth percentile","Share of national equivalised income","Euro",0.3,
2005,"EL","EUR","SHARE","P5","Fifth percentile","Share of national equivalised income","Euro",0.3,
2006,"EL","EUR","SHARE","P5","Fifth percentile","Share of national equivalised income","Euro",0.3,
2007,"EL","EUR","SHARE","P5","Fifth percentile","Share of national equivalised income","Euro",0.3,
2008,"EL","EUR","SHARE","P5","Fifth percentile","Share of national equivalised income","Euro",0.3,
2009,"EL","EUR","SHARE","P5","Fifth percentile","Share of national equivalised income","Euro",0.2,
2010,"EL","EUR","SHARE","P5","Fifth percentile","Share of national equivalised income","Euro",0.3,
2011,"EL","EUR","SHARE","P5","Fifth percentile","Share of national equivalised income","Euro",0.3,
2012,"EL","EUR","SHARE","P5","Fifth percentile","Share of national equivalised income","Euro",0.2,
2013,"EL","EUR","SHARE","P5","Fifth percentile","Share of national equivalised income","Euro",0.2,
2014,"EL","EUR","SHARE","P5","Fifth percentile","Share of national equivalised income","Euro",0.2,
2015,"EL","EUR","SHARE","P5","Fifth percentile","Share of national equivalised income","Euro",0.2,
2016,"EL","EUR","SHARE","P5","Fifth percentile","Share of national equivalised income","Euro",0.2,
2017,"EL","EUR","SHARE","P5","Fifth percentile","Share of national equivalised income","Euro",0.2,
2018,"EL","EUR","SHARE","P5","Fifth percentile","Share of national equivalised income","Euro",0.3,
2019,"EL","EUR","SHARE","P5","Fifth percentile","Share of national equivalised income","Euro",0.3,
2020,"EL","EUR","SHARE","P5","Fifth percentile","Share of national equivalised income","Euro",0.3,
2021,"EL","EUR","SHARE","P5","Fifth percentile","Share of national equivalised income","Euro",0.2,
2022,"EL","EUR","SHARE","P5","Fifth percentile","Share of national equivalised income","Euro",0.3,
2023,"EL","EUR","SHARE","P5","Fifth percentile","Share of national equivalised income","Euro",0.3,
2024,"EL","EUR","SHARE","P5","Fifth percentile","Share of national equivalised income","Euro",0.3,
2025,"EL","EUR","SHARE","P5","Fifth percentile","Share of national equivalised income","Euro",0.3,
2003,"EL","NAC","SHARE","P5","Fifth percentile","Share of national equivalised income","National currency",0.2,"b"
2004,"EL","NAC","SHARE","P5","Fifth percentile","Share of national equivalised income","National currency",0.3,
2005,"EL","NAC","SHARE","P5","Fifth percentile","Share of national equivalised income","National currency",0.3,
2006,"EL","NAC","SHARE","P5","Fifth percentile","Share of national equivalised income","National currency",0.3,
2007,"EL","NAC","SHARE","P5","Fifth percentile","Share of national equivalised income","National currency",0.3,
2008,"EL","NAC","SHARE","P5","Fifth percentile","Share of national equivalised income","National currency",0.3,
2009,"EL","NAC","SHARE","P5","Fifth percentile","Share of national equivalised income","National currency",0.2,
2010,"EL","NAC","SHARE","P5","Fifth percentile","Share of national equivalised income","National currency",0.3,
2011,"EL","NAC","SHARE","P5","Fifth percentile","Share of national equivalised income","National currency",0.3,
2012,"EL","NAC","SHARE","P5","Fifth percentile","Share of national equivalised income","National currency",0.2,
2013,"EL","NAC","SHARE","P5","Fifth percentile","Share of national equivalised income","National currency",0.2,
2014,"EL","NAC","SHARE","P5","Fifth percentile","Share of national equivalised income","National currency",0.2,
2015,"EL","NAC","SHARE","P5","Fifth percentile","Share of national equivalised income","National currency",0.2,
2016,"EL","NAC","SHARE","P5","Fifth percentile","Share of national equivalised income","National currency",0.2,
2017,"EL","NAC","SHARE","P5","Fifth percentile","Share of national equivalised income","National currency",0.2,
2018,"EL","NAC","SHARE","P5","Fifth percentile","Share of national equivalised income","National currency",0.3,
2019,"EL","NAC","SHARE","P5","Fifth percentile","Share of national equivalised income","National currency",0.3,
2020,"EL","NAC","SHARE","P5","Fifth percentile","Share of national equivalised income","National currency",0.3,
2021,"EL","NAC","SHARE","P5","Fifth percentile","Share of national equivalised income","National currency",0.2,
2022,"EL","NAC","SHARE","P5","Fifth percentile","Share of national equivalised income","National currency",0.3,
2023,"EL","NAC","SHARE","P5","Fifth percentile","Share of national equivalised income","National currency",0.3,
2024,"EL","NAC","SHARE","P5","Fifth percentile","Share of national equivalised income","National currency",0.3,
2025,"EL","NAC","SHARE","P5","Fifth percentile","Share of national equivalised income","National currency",0.3,
2003,"EL","PPS","SHARE","P5","Fifth percentile","Share of national equivalised income","Purchasing power standard (PPS)",0.2,"b"
2004,"EL","PPS","SHARE","P5","Fifth percentile","Share of national equivalised income","Purchasing power standard (PPS)",0.3,
2005,"EL","PPS","SHARE","P5","Fifth percentile","Share of national equivalised income","Purchasing power standard (PPS)",0.3,
2006,"EL","PPS","SHARE","P5","Fifth percentile","Share of national equivalised income","Purchasing power standard (PPS)",0.3,
2007,"EL","PPS","SHARE","P5","Fifth percentile","Share of national equivalised income","Purchasing power standard (PPS)",0.3,
2008,"EL","PPS","SHARE","P5","Fifth percentile","Share of national equivalised income","Purchasing power standard (PPS)",0.3,
2009,"EL","PPS","SHARE","P5","Fifth percentile","Share of national equivalised income","Purchasing power standard (PPS)",0.2,
2010,"EL","PPS","SHARE","P5","Fifth percentile","Share of national equivalised income","Purchasing power standard (PPS)",0.3,
2011,"EL","PPS","SHARE","P5","Fifth percentile","Share of national equivalised income","Purchasing power standard (PPS)",0.3,
2012,"EL","PPS","SHARE","P5","Fifth percentile","Share of national equivalised income","Purchasing power standard (PPS)",0.2,
2013,"EL","PPS","SHARE","P5","Fifth percentile","Share of national equivalised income","Purchasing power standard (PPS)",0.2,
2014,"EL","PPS","SHARE","P5","Fifth percentile","Share of national equivalised income","Purchasing power standard (PPS)",0.2,
2015,"EL","PPS","SHARE","P5","Fifth percentile","Share of national equivalised income","Purchasing power standard (PPS)",0.2,
2016,"EL","PPS","SHARE","P5","Fifth percentile","Share of national equivalised income","Purchasing power standard (PPS)",0.2,
2017,"EL","PPS","SHARE","P5","Fifth percentile","Share of national equivalised income","Purchasing power standard (PPS)",0.2,
2018,"EL","PPS","SHARE","P5","Fifth percentile","Share of national equivalised income","Purchasing power standard (PPS)",0.3,
2019,"EL","PPS","SHARE","P5","Fifth percentile","Share of national equivalised income","Purchasing power standard (PPS)",0.3,
2020,"EL","PPS","SHARE","P5","Fifth percentile","Share of national equivalised income","Purchasing power standard (PPS)",0.3,
2021,"EL","PPS","SHARE","P5","Fifth percentile","Share of national equivalised income","Purchasing power standard (PPS)",0.2,
2022,"EL","PPS","SHARE","P5","Fifth percentile","Share of national equivalised income","Purchasing power standard (PPS)",0.3,
2023,"EL","PPS","SHARE","P5","Fifth percentile","Share of national equivalised income","Purchasing power standard (PPS)",0.3,
2024,"EL","PPS","SHARE","P5","Fifth percentile","Share of national equivalised income","Purchasing power standard (PPS)",0.3,
2025,"EL","PPS","SHARE","P5","Fifth percentile","Share of national equivalised income","Purchasing power standard (PPS)",0.3,
2003,"EL","EUR","TC","P95","Ninety-fifth percentile","Top cut-off point","Euro",21199,"b"
2004,"EL","EUR","TC","P95","Ninety-fifth percentile","Top cut-off point","Euro",21867,
2005,"EL","EUR","TC","P95","Ninety-fifth percentile","Top cut-off point","Euro",24222,
2006,"EL","EUR","TC","P95","Ninety-fifth percentile","Top cut-off point","Euro",25580,
2007,"EL","EUR","TC","P95","Ninety-fifth percentile","Top cut-off point","Euro",26088,
2008,"EL","EUR","TC","P95","Ninety-fifth percentile","Top cut-off point","Euro",26926,
2009,"EL","EUR","TC","P95","Ninety-fifth percentile","Top cut-off point","Euro",27649,
2010,"EL","EUR","TC","P95","Ninety-fifth percentile","Top cut-off point","Euro",29734,
2011,"EL","EUR","TC","P95","Ninety-fifth percentile","Top cut-off point","Euro",26771,
2012,"EL","EUR","TC","P95","Ninety-fifth percentile","Top cut-off point","Euro",22210,
2013,"EL","EUR","TC","P95","Ninety-fifth percentile","Top cut-off point","Euro",19444,
2014,"EL","EUR","TC","P95","Ninety-fifth percentile","Top cut-off point","Euro",18767,
2015,"EL","EUR","TC","P95","Ninety-fifth percentile","Top cut-off point","Euro",18535,
2016,"EL","EUR","TC","P95","Ninety-fifth percentile","Top cut-off point","Euro",18107,
2017,"EL","EUR","TC","P95","Ninety-fifth percentile","Top cut-off point","Euro",18295,
2018,"EL","EUR","TC","P95","Ninety-fifth percentile","Top cut-off point","Euro",18067,
2019,"EL","EUR","TC","P95","Ninety-fifth percentile","Top cut-off point","Euro",18683,
2020,"EL","EUR","TC","P95","Ninety-fifth percentile","Top cut-off point","Euro",19835,
2021,"EL","EUR","TC","P95","Ninety-fifth percentile","Top cut-off point","Euro",20000,
2022,"EL","EUR","TC","P95","Ninety-fifth percentile","Top cut-off point","Euro",21875,
2023,"EL","EUR","TC","P95","Ninety-fifth percentile","Top cut-off point","Euro",22908,
2024,"EL","EUR","TC","P95","Ninety-fifth percentile","Top cut-off point","Euro",23917,
2025,"EL","EUR","TC","P95","Ninety-fifth percentile","Top cut-off point","Euro",26476,
2003,"EL","NAC","TC","P95","Ninety-fifth percentile","Top cut-off point","National currency",21199,"b"
2004,"EL","NAC","TC","P95","Ninety-fifth percentile","Top cut-off point","National currency",21867,
2005,"EL","NAC","TC","P95","Ninety-fifth percentile","Top cut-off point","National currency",24222,
2006,"EL","NAC","TC","P95","Ninety-fifth percentile","Top cut-off point","National currency",25580,
2007,"EL","NAC","TC","P95","Ninety-fifth percentile","Top cut-off point","National currency",26088,
2008,"EL","NAC","TC","P95","Ninety-fifth percentile","Top cut-off point","National currency",26926,
2009,"EL","NAC","TC","P95","Ninety-fifth percentile","Top cut-off point","National currency",27649,
2010,"EL","NAC","TC","P95","Ninety-fifth percentile","Top cut-off point","National currency",29734,
2011,"EL","NAC","TC","P95","Ninety-fifth percentile","Top cut-off point","National currency",26771,
2012,"EL","NAC","TC","P95","Ninety-fifth percentile","Top cut-off point","National currency",22210,
2013,"EL","NAC","TC","P95","Ninety-fifth percentile","Top cut-off point","National currency",19444,
2014,"EL","NAC","TC","P95","Ninety-fifth percentile","Top cut-off point","National currency",18767,
2015,"EL","NAC","TC","P95","Ninety-fifth percentile","Top cut-off point","National currency",18535,
2016,"EL","NAC","TC","P95","Ninety-fifth percentile","Top cut-off point","National currency",18107,
2017,"EL","NAC","TC","P95","Ninety-fifth percentile","Top cut-off point","National currency",18295,
2018,"EL","NAC","TC","P95","Ninety-fifth percentile","Top cut-off point","National currency",18067,
2019,"EL","NAC","TC","P95","Ninety-fifth percentile","Top cut-off point","National currency",18683,
2020,"EL","NAC","TC","P95","Ninety-fifth percentile","Top cut-off point","National currency",19835,
2021,"EL","NAC","TC","P95","Ninety-fifth percentile","Top cut-off point","National currency",20000,
2022,"EL","NAC","TC","P95","Ninety-fifth percentile","Top cut-off point","National currency",21875,
2023,"EL","NAC","TC","P95","Ninety-fifth percentile","Top cut-off point","National currency",22908,
2024,"EL","NAC","TC","P95","Ninety-fifth percentile","Top cut-off point","National currency",23917,
2025,"EL","NAC","TC","P95","Ninety-fifth percentile","Top cut-off point","National currency",26476,
2003,"EL","PPS","TC","P95","Ninety-fifth percentile","Top cut-off point","Purchasing power standard (PPS)",26436,"b"
2004,"EL","PPS","TC","P95","Ninety-fifth percentile","Top cut-off point","Purchasing power standard (PPS)",25463,
2005,"EL","PPS","TC","P95","Ninety-fifth percentile","Top cut-off point","Purchasing power standard (PPS)",27652,
2006,"EL","PPS","TC","P95","Ninety-fifth percentile","Top cut-off point","Purchasing power standard (PPS)",28986,
2007,"EL","PPS","TC","P95","Ninety-fifth percentile","Top cut-off point","Purchasing power standard (PPS)",29297,
2008,"EL","PPS","TC","P95","Ninety-fifth percentile","Top cut-off point","Purchasing power standard (PPS)",29998,
2009,"EL","PPS","TC","P95","Ninety-fifth percentile","Top cut-off point","Purchasing power standard (PPS)",30148,
2010,"EL","PPS","TC","P95","Ninety-fifth percentile","Top cut-off point","Purchasing power standard (PPS)",31314,
2011,"EL","PPS","TC","P95","Ninety-fifth percentile","Top cut-off point","Purchasing power standard (PPS)",28337,
2012,"EL","PPS","TC","P95","Ninety-fifth percentile","Top cut-off point","Purchasing power standard (PPS)",23494,
2013,"EL","PPS","TC","P95","Ninety-fifth percentile","Top cut-off point","Purchasing power standard (PPS)",21011,
2014,"EL","PPS","TC","P95","Ninety-fifth percentile","Top cut-off point","Purchasing power standard (PPS)",21196,
2015,"EL","PPS","TC","P95","Ninety-fifth percentile","Top cut-off point","Purchasing power standard (PPS)",21695,
2016,"EL","PPS","TC","P95","Ninety-fifth percentile","Top cut-off point","Purchasing power standard (PPS)",21843,
2017,"EL","PPS","TC","P95","Ninety-fifth percentile","Top cut-off point","Purchasing power standard (PPS)",21750,
2018,"EL","PPS","TC","P95","Ninety-fifth percentile","Top cut-off point","Purchasing power standard (PPS)",21240,
2019,"EL","PPS","TC","P95","Ninety-fifth percentile","Top cut-off point","Purchasing power standard (PPS)",22262,
2020,"EL","PPS","TC","P95","Ninety-fifth percentile","Top cut-off point","Purchasing power standard (PPS)",22983,
2021,"EL","PPS","TC","P95","Ninety-fifth percentile","Top cut-off point","Purchasing power standard (PPS)",22663,
2022,"EL","PPS","TC","P95","Ninety-fifth percentile","Top cut-off point","Purchasing power standard (PPS)",24910,
2023,"EL","PPS","TC","P95","Ninety-fifth percentile","Top cut-off point","Purchasing power standard (PPS)",25960,
2024,"EL","PPS","TC","P95","Ninety-fifth percentile","Top cut-off point","Purchasing power standard (PPS)",27414,
2025,"EL","PPS","TC","P95","Ninety-fifth percentile","Top cut-off point","Purchasing power standard (PPS)",30802,
2003,"EL","EUR","SHARE","P95","Ninety-fifth percentile","Share of national equivalised income","Euro",2.1,"b"
2004,"EL","EUR","SHARE","P95","Ninety-fifth percentile","Share of national equivalised income","Euro",2.1,
2005,"EL","EUR","SHARE","P95","Ninety-fifth percentile","Share of national equivalised income","Euro",2.1,
2006,"EL","EUR","SHARE","P95","Ninety-fifth percentile","Share of national equivalised income","Euro",2.1,
2007,"EL","EUR","SHARE","P95","Ninety-fifth percentile","Share of national equivalised income","Euro",2,
2008,"EL","EUR","SHARE","P95","Ninety-fifth percentile","Share of national equivalised income","Euro",2.1,
2009,"EL","EUR","SHARE","P95","Ninety-fifth percentile","Share of national equivalised income","Euro",1.9,
2010,"EL","EUR","SHARE","P95","Ninety-fifth percentile","Share of national equivalised income","Euro",2,
2011,"EL","EUR","SHARE","P95","Ninety-fifth percentile","Share of national equivalised income","Euro",2,
2012,"EL","EUR","SHARE","P95","Ninety-fifth percentile","Share of national equivalised income","Euro",2.1,
2013,"EL","EUR","SHARE","P95","Ninety-fifth percentile","Share of national equivalised income","Euro",2,
2014,"EL","EUR","SHARE","P95","Ninety-fifth percentile","Share of national equivalised income","Euro",2,
2015,"EL","EUR","SHARE","P95","Ninety-fifth percentile","Share of national equivalised income","Euro",2.1,
2016,"EL","EUR","SHARE","P95","Ninety-fifth percentile","Share of national equivalised income","Euro",2,
2017,"EL","EUR","SHARE","P95","Ninety-fifth percentile","Share of national equivalised income","Euro",2,
2018,"EL","EUR","SHARE","P95","Ninety-fifth percentile","Share of national equivalised income","Euro",1.9,
2019,"EL","EUR","SHARE","P95","Ninety-fifth percentile","Share of national equivalised income","Euro",1.9,
2020,"EL","EUR","SHARE","P95","Ninety-fifth percentile","Share of national equivalised income","Euro",1.9,
2021,"EL","EUR","SHARE","P95","Ninety-fifth percentile","Share of national equivalised income","Euro",2,
2022,"EL","EUR","SHARE","P95","Ninety-fifth percentile","Share of national equivalised income","Euro",2,
2023,"EL","EUR","SHARE","P95","Ninety-fifth percentile","Share of national equivalised income","Euro",1.9,
2024,"EL","EUR","SHARE","P95","Ninety-fifth percentile","Share of national equivalised income","Euro",1.9,
2025,"EL","EUR","SHARE","P95","Ninety-fifth percentile","Share of national equivalised income","Euro",1.9,
2003,"EL","NAC","SHARE","P95","Ninety-fifth percentile","Share of national equivalised income","National currency",2.1,"b"
2004,"EL","NAC","SHARE","P95","Ninety-fifth percentile","Share of national equivalised income","National currency",2.1,
2005,"EL","NAC","SHARE","P95","Ninety-fifth percentile","Share of national equivalised income","National currency",2.1,
2006,"EL","NAC","SHARE","P95","Ninety-fifth percentile","Share of national equivalised income","National currency",2.1,
2007,"EL","NAC","SHARE","P95","Ninety-fifth percentile","Share of national equivalised income","National currency",2,
2008,"EL","NAC","SHARE","P95","Ninety-fifth percentile","Share of national equivalised income","National currency",2.1,
2009,"EL","NAC","SHARE","P95","Ninety-fifth percentile","Share of national equivalised income","National currency",1.9,
2010,"EL","NAC","SHARE","P95","Ninety-fifth percentile","Share of national equivalised income","National currency",2,
2011,"EL","NAC","SHARE","P95","Ninety-fifth percentile","Share of national equivalised income","National currency",2,
2012,"EL","NAC","SHARE","P95","Ninety-fifth percentile","Share of national equivalised income","National currency",2.1,
2013,"EL","NAC","SHARE","P95","Ninety-fifth percentile","Share of national equivalised income","National currency",2,
2014,"EL","NAC","SHARE","P95","Ninety-fifth percentile","Share of national equivalised income","National currency",2,
2015,"EL","NAC","SHARE","P95","Ninety-fifth percentile","Share of national equivalised income","National currency",2.1,
2016,"EL","NAC","SHARE","P95","Ninety-fifth percentile","Share of national equivalised income","National currency",2,
2017,"EL","NAC","SHARE","P95","Ninety-fifth percentile","Share of national equivalised income","National currency",2,
2018,"EL","NAC","SHARE","P95","Ninety-fifth percentile","Share of national equivalised income","National currency",1.9,
2019,"EL","NAC","SHARE","P95","Ninety-fifth percentile","Share of national equivalised income","National currency",1.9,
2020,"EL","NAC","SHARE","P95","Ninety-fifth percentile","Share of national equivalised income","National currency",1.9,
2021,"EL","NAC","SHARE","P95","Ninety-fifth percentile","Share of national equivalised income","National currency",2,
2022,"EL","NAC","SHARE","P95","Ninety-fifth percentile","Share of national equivalised income","National currency",2,
2023,"EL","NAC","SHARE","P95","Ninety-fifth percentile","Share of national equivalised income","National currency",1.9,
2024,"EL","NAC","SHARE","P95","Ninety-fifth percentile","Share of national equivalised income","National currency",1.9,
2025,"EL","NAC","SHARE","P95","Ninety-fifth percentile","Share of national equivalised income","National currency",1.9,
2003,"EL","PPS","SHARE","P95","Ninety-fifth percentile","Share of national equivalised income","Purchasing power standard (PPS)",2.1,"b"
2004,"EL","PPS","SHARE","P95","Ninety-fifth percentile","Share of national equivalised income","Purchasing power standard (PPS)",2.1,
2005,"EL","PPS","SHARE","P95","Ninety-fifth percentile","Share of national equivalised income","Purchasing power standard (PPS)",2.1,
2006,"EL","PPS","SHARE","P95","Ninety-fifth percentile","Share of national equivalised income","Purchasing power standard (PPS)",2.1,
2007,"EL","PPS","SHARE","P95","Ninety-fifth percentile","Share of national equivalised income","Purchasing power standard (PPS)",2,
2008,"EL","PPS","SHARE","P95","Ninety-fifth percentile","Share of national equivalised income","Purchasing power standard (PPS)",2.1,
2009,"EL","PPS","SHARE","P95","Ninety-fifth percentile","Share of national equivalised income","Purchasing power standard (PPS)",1.9,
2010,"EL","PPS","SHARE","P95","Ninety-fifth percentile","Share of national equivalised income","Purchasing power standard (PPS)",2,
2011,"EL","PPS","SHARE","P95","Ninety-fifth percentile","Share of national equivalised income","Purchasing power standard (PPS)",2,
2012,"EL","PPS","SHARE","P95","Ninety-fifth percentile","Share of national equivalised income","Purchasing power standard (PPS)",2.1,
2013,"EL","PPS","SHARE","P95","Ninety-fifth percentile","Share of national equivalised income","Purchasing power standard (PPS)",2,
2014,"EL","PPS","SHARE","P95","Ninety-fifth percentile","Share of national equivalised income","Purchasing power standard (PPS)",2,
2015,"EL","PPS","SHARE","P95","Ninety-fifth percentile","Share of national equivalised income","Purchasing power standard (PPS)",2.1,
2016,"EL","PPS","SHARE","P95","Ninety-fifth percentile","Share of national equivalised income","Purchasing power standard (PPS)",2,
2017,"EL","PPS","SHARE","P95","Ninety-fifth percentile","Share of national equivalised income","Purchasing power standard (PPS)",2,
2018,"EL","PPS","SHARE","P95","Ninety-fifth percentile","Share of national equivalised income","Purchasing power standard (PPS)",1.9,
2019,"EL","PPS","SHARE","P95","Ninety-fifth percentile","Share of national equivalised income","Purchasing power standard (PPS)",1.9,
2020,"EL","PPS","SHARE","P95","Ninety-fifth percentile","Share of national equivalised income","Purchasing power standard (PPS)",1.9,
2021,"EL","PPS","SHARE","P95","Ninety-fifth percentile","Share of national equivalised income","Purchasing power standard (PPS)",2,
2022,"EL","PPS","SHARE","P95","Ninety-fifth percentile","Share of national equivalised income","Purchasing power standard (PPS)",2,
2023,"EL","PPS","SHARE","P95","Ninety-fifth percentile","Share of national equivalised income","Purchasing power standard (PPS)",1.9,
2024,"EL","PPS","SHARE","P95","Ninety-fifth percentile","Share of national equivalised income","Purchasing power standard (PPS)",1.9,
2025,"EL","PPS","SHARE","P95","Ninety-fifth percentile","Share of national equivalised income","Purchasing power standard (PPS)",1.9,
2003,"EL","EUR","TC","P96","Ninety-sixth percentile","Top cut-off point","Euro",23144,"b"
2004,"EL","EUR","TC","P96","Ninety-sixth percentile","Top cut-off point","Euro",22928,
2005,"EL","EUR","TC","P96","Ninety-sixth percentile","Top cut-off point","Euro",25900,
2006,"EL","EUR","TC","P96","Ninety-sixth percentile","Top cut-off point","Euro",27565,
2007,"EL","EUR","TC","P96","Ninety-sixth percentile","Top cut-off point","Euro",27840,
2008,"EL","EUR","TC","P96","Ninety-sixth percentile","Top cut-off point","Euro",28608,
2009,"EL","EUR","TC","P96","Ninety-sixth percentile","Top cut-off point","Euro",29867,
2010,"EL","EUR","TC","P96","Ninety-sixth percentile","Top cut-off point","Euro",31929,
2011,"EL","EUR","TC","P96","Ninety-sixth percentile","Top cut-off point","Euro",28800,
2012,"EL","EUR","TC","P96","Ninety-sixth percentile","Top cut-off point","Euro",23743,
2013,"EL","EUR","TC","P96","Ninety-sixth percentile","Top cut-off point","Euro",21008,
2014,"EL","EUR","TC","P96","Ninety-sixth percentile","Top cut-off point","Euro",20003,
2015,"EL","EUR","TC","P96","Ninety-sixth percentile","Top cut-off point","Euro",19507,
2016,"EL","EUR","TC","P96","Ninety-sixth percentile","Top cut-off point","Euro",19267,
2017,"EL","EUR","TC","P96","Ninety-sixth percentile","Top cut-off point","Euro",19525,
2018,"EL","EUR","TC","P96","Ninety-sixth percentile","Top cut-off point","Euro",19230,
2019,"EL","EUR","TC","P96","Ninety-sixth percentile","Top cut-off point","Euro",19605,
2020,"EL","EUR","TC","P96","Ninety-sixth percentile","Top cut-off point","Euro",21113,
2021,"EL","EUR","TC","P96","Ninety-sixth percentile","Top cut-off point","Euro",21440,
2022,"EL","EUR","TC","P96","Ninety-sixth percentile","Top cut-off point","Euro",23720,
2023,"EL","EUR","TC","P96","Ninety-sixth percentile","Top cut-off point","Euro",24862,
2024,"EL","EUR","TC","P96","Ninety-sixth percentile","Top cut-off point","Euro",26222,
2025,"EL","EUR","TC","P96","Ninety-sixth percentile","Top cut-off point","Euro",29280,
2003,"EL","NAC","TC","P96","Ninety-sixth percentile","Top cut-off point","National currency",23144,"b"
2004,"EL","NAC","TC","P96","Ninety-sixth percentile","Top cut-off point","National currency",22928,
2005,"EL","NAC","TC","P96","Ninety-sixth percentile","Top cut-off point","National currency",25900,
2006,"EL","NAC","TC","P96","Ninety-sixth percentile","Top cut-off point","National currency",27565,
2007,"EL","NAC","TC","P96","Ninety-sixth percentile","Top cut-off point","National currency",27840,
2008,"EL","NAC","TC","P96","Ninety-sixth percentile","Top cut-off point","National currency",28608,
2009,"EL","NAC","TC","P96","Ninety-sixth percentile","Top cut-off point","National currency",29867,
2010,"EL","NAC","TC","P96","Ninety-sixth percentile","Top cut-off point","National currency",31929,
2011,"EL","NAC","TC","P96","Ninety-sixth percentile","Top cut-off point","National currency",28800,
2012,"EL","NAC","TC","P96","Ninety-sixth percentile","Top cut-off point","National currency",23743,
2013,"EL","NAC","TC","P96","Ninety-sixth percentile","Top cut-off point","National currency",21008,
2014,"EL","NAC","TC","P96","Ninety-sixth percentile","Top cut-off point","National currency",20003,
2015,"EL","NAC","TC","P96","Ninety-sixth percentile","Top cut-off point","National currency",19507,
2016,"EL","NAC","TC","P96","Ninety-sixth percentile","Top cut-off point","National currency",19267,
2017,"EL","NAC","TC","P96","Ninety-sixth percentile","Top cut-off point","National currency",19525,
2018,"EL","NAC","TC","P96","Ninety-sixth percentile","Top cut-off point","National currency",19230,
2019,"EL","NAC","TC","P96","Ninety-sixth percentile","Top cut-off point","National currency",19605,
2020,"EL","NAC","TC","P96","Ninety-sixth percentile","Top cut-off point","National currency",21113,
2021,"EL","NAC","TC","P96","Ninety-sixth percentile","Top cut-off point","National currency",21440,
2022,"EL","NAC","TC","P96","Ninety-sixth percentile","Top cut-off point","National currency",23720,
2023,"EL","NAC","TC","P96","Ninety-sixth percentile","Top cut-off point","National currency",24862,
2024,"EL","NAC","TC","P96","Ninety-sixth percentile","Top cut-off point","National currency",26222,
2025,"EL","NAC","TC","P96","Ninety-sixth percentile","Top cut-off point","National currency",29280,
2003,"EL","PPS","TC","P96","Ninety-sixth percentile","Top cut-off point","Purchasing power standard (PPS)",28862,"b"
2004,"EL","PPS","TC","P96","Ninety-sixth percentile","Top cut-off point","Purchasing power standard (PPS)",26698,
2005,"EL","PPS","TC","P96","Ninety-sixth percentile","Top cut-off point","Purchasing power standard (PPS)",29567,
2006,"EL","PPS","TC","P96","Ninety-sixth percentile","Top cut-off point","Purchasing power standard (PPS)",31235,
2007,"EL","PPS","TC","P96","Ninety-sixth percentile","Top cut-off point","Purchasing power standard (PPS)",31264,
2008,"EL","PPS","TC","P96","Ninety-sixth percentile","Top cut-off point","Purchasing power standard (PPS)",31871,
2009,"EL","PPS","TC","P96","Ninety-sixth percentile","Top cut-off point","Purchasing power standard (PPS)",32567,
2010,"EL","PPS","TC","P96","Ninety-sixth percentile","Top cut-off point","Purchasing power standard (PPS)",33626,
2011,"EL","PPS","TC","P96","Ninety-sixth percentile","Top cut-off point","Purchasing power standard (PPS)",30484,
2012,"EL","PPS","TC","P96","Ninety-sixth percentile","Top cut-off point","Purchasing power standard (PPS)",25116,
2013,"EL","PPS","TC","P96","Ninety-sixth percentile","Top cut-off point","Purchasing power standard (PPS)",22701,
2014,"EL","PPS","TC","P96","Ninety-sixth percentile","Top cut-off point","Purchasing power standard (PPS)",22592,
2015,"EL","PPS","TC","P96","Ninety-sixth percentile","Top cut-off point","Purchasing power standard (PPS)",22832,
2016,"EL","PPS","TC","P96","Ninety-sixth percentile","Top cut-off point","Purchasing power standard (PPS)",23243,
2017,"EL","PPS","TC","P96","Ninety-sixth percentile","Top cut-off point","Purchasing power standard (PPS)",23211,
2018,"EL","PPS","TC","P96","Ninety-sixth percentile","Top cut-off point","Purchasing power standard (PPS)",22608,
2019,"EL","PPS","TC","P96","Ninety-sixth percentile","Top cut-off point","Purchasing power standard (PPS)",23360,
2020,"EL","PPS","TC","P96","Ninety-sixth percentile","Top cut-off point","Purchasing power standard (PPS)",24464,
2021,"EL","PPS","TC","P96","Ninety-sixth percentile","Top cut-off point","Purchasing power standard (PPS)",24295,
2022,"EL","PPS","TC","P96","Ninety-sixth percentile","Top cut-off point","Purchasing power standard (PPS)",27011,
2023,"EL","PPS","TC","P96","Ninety-sixth percentile","Top cut-off point","Purchasing power standard (PPS)",28174,
2024,"EL","PPS","TC","P96","Ninety-sixth percentile","Top cut-off point","Purchasing power standard (PPS)",30056,
2025,"EL","PPS","TC","P96","Ninety-sixth percentile","Top cut-off point","Purchasing power standard (PPS)",34064,
2003,"EL","EUR","SHARE","P96","Ninety-sixth percentile","Share of national equivalised income","Euro",2.3,"b"
2004,"EL","EUR","SHARE","P96","Ninety-sixth percentile","Share of national equivalised income","Euro",2.2,
2005,"EL","EUR","SHARE","P96","Ninety-sixth percentile","Share of national equivalised income","Euro",2.3,
2006,"EL","EUR","SHARE","P96","Ninety-sixth percentile","Share of national equivalised income","Euro",2.3,
2007,"EL","EUR","SHARE","P96","Ninety-sixth percentile","Share of national equivalised income","Euro",2.2,
2008,"EL","EUR","SHARE","P96","Ninety-sixth percentile","Share of national equivalised income","Euro",2.1,
2009,"EL","EUR","SHARE","P96","Ninety-sixth percentile","Share of national equivalised income","Euro",2.2,
2010,"EL","EUR","SHARE","P96","Ninety-sixth percentile","Share of national equivalised income","Euro",2.1,
2011,"EL","EUR","SHARE","P96","Ninety-sixth percentile","Share of national equivalised income","Euro",2.2,
2012,"EL","EUR","SHARE","P96","Ninety-sixth percentile","Share of national equivalised income","Euro",2.2,
2013,"EL","EUR","SHARE","P96","Ninety-sixth percentile","Share of national equivalised income","Euro",2.1,
2014,"EL","EUR","SHARE","P96","Ninety-sixth percentile","Share of national equivalised income","Euro",2.2,
2015,"EL","EUR","SHARE","P96","Ninety-sixth percentile","Share of national equivalised income","Euro",2.2,
2016,"EL","EUR","SHARE","P96","Ninety-sixth percentile","Share of national equivalised income","Euro",2.2,
2017,"EL","EUR","SHARE","P96","Ninety-sixth percentile","Share of national equivalised income","Euro",2.2,
2018,"EL","EUR","SHARE","P96","Ninety-sixth percentile","Share of national equivalised income","Euro",2.1,
2019,"EL","EUR","SHARE","P96","Ninety-sixth percentile","Share of national equivalised income","Euro",2.1,
2020,"EL","EUR","SHARE","P96","Ninety-sixth percentile","Share of national equivalised income","Euro",2,
2021,"EL","EUR","SHARE","P96","Ninety-sixth percentile","Share of national equivalised income","Euro",2.1,
2022,"EL","EUR","SHARE","P96","Ninety-sixth percentile","Share of national equivalised income","Euro",2.1,
2023,"EL","EUR","SHARE","P96","Ninety-sixth percentile","Share of national equivalised income","Euro",2,
2024,"EL","EUR","SHARE","P96","Ninety-sixth percentile","Share of national equivalised income","Euro",2,
2025,"EL","EUR","SHARE","P96","Ninety-sixth percentile","Share of national equivalised income","Euro",2,
2003,"EL","NAC","SHARE","P96","Ninety-sixth percentile","Share of national equivalised income","National currency",2.3,"b"
2004,"EL","NAC","SHARE","P96","Ninety-sixth percentile","Share of national equivalised income","National currency",2.2,
2005,"EL","NAC","SHARE","P96","Ninety-sixth percentile","Share of national equivalised income","National currency",2.3,
2006,"EL","NAC","SHARE","P96","Ninety-sixth percentile","Share of national equivalised income","National currency",2.3,
2007,"EL","NAC","SHARE","P96","Ninety-sixth percentile","Share of national equivalised income","National currency",2.2,
2008,"EL","NAC","SHARE","P96","Ninety-sixth percentile","Share of national equivalised income","National currency",2.1,
2009,"EL","NAC","SHARE","P96","Ninety-sixth percentile","Share of national equivalised income","National currency",2.2,
2010,"EL","NAC","SHARE","P96","Ninety-sixth percentile","Share of national equivalised income","National currency",2.1,
2011,"EL","NAC","SHARE","P96","Ninety-sixth percentile","Share of national equivalised income","National currency",2.2,
2012,"EL","NAC","SHARE","P96","Ninety-sixth percentile","Share of national equivalised income","National currency",2.2,
2013,"EL","NAC","SHARE","P96","Ninety-sixth percentile","Share of national equivalised income","National currency",2.1,
2014,"EL","NAC","SHARE","P96","Ninety-sixth percentile","Share of national equivalised income","National currency",2.2,
2015,"EL","NAC","SHARE","P96","Ninety-sixth percentile","Share of national equivalised income","National currency",2.2,
2016,"EL","NAC","SHARE","P96","Ninety-sixth percentile","Share of national equivalised income","National currency",2.2,
2017,"EL","NAC","SHARE","P96","Ninety-sixth percentile","Share of national equivalised income","National currency",2.2,
2018,"EL","NAC","SHARE","P96","Ninety-sixth percentile","Share of national equivalised income","National currency",2.1,
2019,"EL","NAC","SHARE","P96","Ninety-sixth percentile","Share of national equivalised income","National currency",2.1,
2020,"EL","NAC","SHARE","P96","Ninety-sixth percentile","Share of national equivalised income","National currency",2,
2021,"EL","NAC","SHARE","P96","Ninety-sixth percentile","Share of national equivalised income","National currency",2.1,
2022,"EL","NAC","SHARE","P96","Ninety-sixth percentile","Share of national equivalised income","National currency",2.1,
2023,"EL","NAC","SHARE","P96","Ninety-sixth percentile","Share of national equivalised income","National currency",2,
2024,"EL","NAC","SHARE","P96","Ninety-sixth percentile","Share of national equivalised income","National currency",2,
2025,"EL","NAC","SHARE","P96","Ninety-sixth percentile","Share of national equivalised income","National currency",2,
2003,"EL","PPS","SHARE","P96","Ninety-sixth percentile","Share of national equivalised income","Purchasing power standard (PPS)",2.3,"b"
2004,"EL","PPS","SHARE","P96","Ninety-sixth percentile","Share of national equivalised income","Purchasing power standard (PPS)",2.2,
2005,"EL","PPS","SHARE","P96","Ninety-sixth percentile","Share of national equivalised income","Purchasing power standard (PPS)",2.3,
2006,"EL","PPS","SHARE","P96","Ninety-sixth percentile","Share of national equivalised income","Purchasing power standard (PPS)",2.3,
2007,"EL","PPS","SHARE","P96","Ninety-sixth percentile","Share of national equivalised income","Purchasing power standard (PPS)",2.2,
2008,"EL","PPS","SHARE","P96","Ninety-sixth percentile","Share of national equivalised income","Purchasing power standard (PPS)",2.1,
2009,"EL","PPS","SHARE","P96","Ninety-sixth percentile","Share of national equivalised income","Purchasing power standard (PPS)",2.2,
2010,"EL","PPS","SHARE","P96","Ninety-sixth percentile","Share of national equivalised income","Purchasing power standard (PPS)",2.1,
2011,"EL","PPS","SHARE","P96","Ninety-sixth percentile","Share of national equivalised income","Purchasing power standard (PPS)",2.2,
2012,"EL","PPS","SHARE","P96","Ninety-sixth percentile","Share of national equivalised income","Purchasing power standard (PPS)",2.2,
2013,"EL","PPS","SHARE","P96","Ninety-sixth percentile","Share of national equivalised income","Purchasing power standard (PPS)",2.1,
2014,"EL","PPS","SHARE","P96","Ninety-sixth percentile","Share of national equivalised income","Purchasing power standard (PPS)",2.2,
2015,"EL","PPS","SHARE","P96","Ninety-sixth percentile","Share of national equivalised income","Purchasing power standard (PPS)",2.2,
2016,"EL","PPS","SHARE","P96","Ninety-sixth percentile","Share of national equivalised income","Purchasing power standard (PPS)",2.2,
2017,"EL","PPS","SHARE","P96","Ninety-sixth percentile","Share of national equivalised income","Purchasing power standard (PPS)",2.2,
2018,"EL","PPS","SHARE","P96","Ninety-sixth percentile","Share of national equivalised income","Purchasing power standard (PPS)",2.1,
2019,"EL","PPS","SHARE","P96","Ninety-sixth percentile","Share of national equivalised income","Purchasing power standard (PPS)",2.1,
2020,"EL","PPS","SHARE","P96","Ninety-sixth percentile","Share of national equivalised income","Purchasing power standard (PPS)",2,
2021,"EL","PPS","SHARE","P96","Ninety-sixth percentile","Share of national equivalised income","Purchasing power standard (PPS)",2.1,
2022,"EL","PPS","SHARE","P96","Ninety-sixth percentile","Share of national equivalised income","Purchasing power standard (PPS)",2.1,
2023,"EL","PPS","SHARE","P96","Ninety-sixth percentile","Share of national equivalised income","Purchasing power standard (PPS)",2,
2024,"EL","PPS","SHARE","P96","Ninety-sixth percentile","Share of national equivalised income","Purchasing power standard (PPS)",2,
2025,"EL","PPS","SHARE","P96","Ninety-sixth percentile","Share of national equivalised income","Purchasing power standard (PPS)",2,
2003,"EL","EUR","TC","P97","Ninety-seventh percentile","Top cut-off point","Euro",25440,"b"
2004,"EL","EUR","TC","P97","Ninety-seventh percentile","Top cut-off point","Euro",24775,
2005,"EL","EUR","TC","P97","Ninety-seventh percentile","Top cut-off point","Euro",28158,
2006,"EL","EUR","TC","P97","Ninety-seventh percentile","Top cut-off point","Euro",31048,
2007,"EL","EUR","TC","P97","Ninety-seventh percentile","Top cut-off point","Euro",31182,
2008,"EL","EUR","TC","P97","Ninety-seventh percentile","Top cut-off point","Euro",30957,
2009,"EL","EUR","TC","P97","Ninety-seventh percentile","Top cut-off point","Euro",32431,
2010,"EL","EUR","TC","P97","Ninety-seventh percentile","Top cut-off point","Euro",36576,
2011,"EL","EUR","TC","P97","Ninety-seventh percentile","Top cut-off point","Euro",31467,
2012,"EL","EUR","TC","P97","Ninety-seventh percentile","Top cut-off point","Euro",25443,
2013,"EL","EUR","TC","P97","Ninety-seventh percentile","Top cut-off point","Euro",22833,
2014,"EL","EUR","TC","P97","Ninety-seventh percentile","Top cut-off point","Euro",21786,
2015,"EL","EUR","TC","P97","Ninety-seventh percentile","Top cut-off point","Euro",21373,
2016,"EL","EUR","TC","P97","Ninety-seventh percentile","Top cut-off point","Euro",20540,
2017,"EL","EUR","TC","P97","Ninety-seventh percentile","Top cut-off point","Euro",21207,
2018,"EL","EUR","TC","P97","Ninety-seventh percentile","Top cut-off point","Euro",20680,
2019,"EL","EUR","TC","P97","Ninety-seventh percentile","Top cut-off point","Euro",21235,
2020,"EL","EUR","TC","P97","Ninety-seventh percentile","Top cut-off point","Euro",23055,
2021,"EL","EUR","TC","P97","Ninety-seventh percentile","Top cut-off point","Euro",23462,
2022,"EL","EUR","TC","P97","Ninety-seventh percentile","Top cut-off point","Euro",26200,
2023,"EL","EUR","TC","P97","Ninety-seventh percentile","Top cut-off point","Euro",27460,
2024,"EL","EUR","TC","P97","Ninety-seventh percentile","Top cut-off point","Euro",29707,
2025,"EL","EUR","TC","P97","Ninety-seventh percentile","Top cut-off point","Euro",32624,
2003,"EL","NAC","TC","P97","Ninety-seventh percentile","Top cut-off point","National currency",25440,"b"
2004,"EL","NAC","TC","P97","Ninety-seventh percentile","Top cut-off point","National currency",24775,
2005,"EL","NAC","TC","P97","Ninety-seventh percentile","Top cut-off point","National currency",28158,
2006,"EL","NAC","TC","P97","Ninety-seventh percentile","Top cut-off point","National currency",31048,
2007,"EL","NAC","TC","P97","Ninety-seventh percentile","Top cut-off point","National currency",31182,
2008,"EL","NAC","TC","P97","Ninety-seventh percentile","Top cut-off point","National currency",30957,
2009,"EL","NAC","TC","P97","Ninety-seventh percentile","Top cut-off point","National currency",32431,
2010,"EL","NAC","TC","P97","Ninety-seventh percentile","Top cut-off point","National currency",36576,
2011,"EL","NAC","TC","P97","Ninety-seventh percentile","Top cut-off point","National currency",31467,
2012,"EL","NAC","TC","P97","Ninety-seventh percentile","Top cut-off point","National currency",25443,
2013,"EL","NAC","TC","P97","Ninety-seventh percentile","Top cut-off point","National currency",22833,
2014,"EL","NAC","TC","P97","Ninety-seventh percentile","Top cut-off point","National currency",21786,
2015,"EL","NAC","TC","P97","Ninety-seventh percentile","Top cut-off point","National currency",21373,
2016,"EL","NAC","TC","P97","Ninety-seventh percentile","Top cut-off point","National currency",20540,
2017,"EL","NAC","TC","P97","Ninety-seventh percentile","Top cut-off point","National currency",21207,
2018,"EL","NAC","TC","P97","Ninety-seventh percentile","Top cut-off point","National currency",20680,
2019,"EL","NAC","TC","P97","Ninety-seventh percentile","Top cut-off point","National currency",21235,
2020,"EL","NAC","TC","P97","Ninety-seventh percentile","Top cut-off point","National currency",23055,
2021,"EL","NAC","TC","P97","Ninety-seventh percentile","Top cut-off point","National currency",23462,
2022,"EL","NAC","TC","P97","Ninety-seventh percentile","Top cut-off point","National currency",26200,
2023,"EL","NAC","TC","P97","Ninety-seventh percentile","Top cut-off point","National currency",27460,
2024,"EL","NAC","TC","P97","Ninety-seventh percentile","Top cut-off point","National currency",29707,
2025,"EL","NAC","TC","P97","Ninety-seventh percentile","Top cut-off point","National currency",32624,
2003,"EL","PPS","TC","P97","Ninety-seventh percentile","Top cut-off point","Purchasing power standard (PPS)",31725,"b"
2004,"EL","PPS","TC","P97","Ninety-seventh percentile","Top cut-off point","Purchasing power standard (PPS)",28849,
2005,"EL","PPS","TC","P97","Ninety-seventh percentile","Top cut-off point","Purchasing power standard (PPS)",32145,
2006,"EL","PPS","TC","P97","Ninety-seventh percentile","Top cut-off point","Purchasing power standard (PPS)",35182,
2007,"EL","PPS","TC","P97","Ninety-seventh percentile","Top cut-off point","Purchasing power standard (PPS)",35017,
2008,"EL","PPS","TC","P97","Ninety-seventh percentile","Top cut-off point","Purchasing power standard (PPS)",34489,
2009,"EL","PPS","TC","P97","Ninety-seventh percentile","Top cut-off point","Purchasing power standard (PPS)",35362,
2010,"EL","PPS","TC","P97","Ninety-seventh percentile","Top cut-off point","Purchasing power standard (PPS)",38520,
2011,"EL","PPS","TC","P97","Ninety-seventh percentile","Top cut-off point","Purchasing power standard (PPS)",33307,
2012,"EL","PPS","TC","P97","Ninety-seventh percentile","Top cut-off point","Purchasing power standard (PPS)",26914,
2013,"EL","PPS","TC","P97","Ninety-seventh percentile","Top cut-off point","Purchasing power standard (PPS)",24673,
2014,"EL","PPS","TC","P97","Ninety-seventh percentile","Top cut-off point","Purchasing power standard (PPS)",24606,
2015,"EL","PPS","TC","P97","Ninety-seventh percentile","Top cut-off point","Purchasing power standard (PPS)",25017,
2016,"EL","PPS","TC","P97","Ninety-seventh percentile","Top cut-off point","Purchasing power standard (PPS)",24779,
2017,"EL","PPS","TC","P97","Ninety-seventh percentile","Top cut-off point","Purchasing power standard (PPS)",25211,
2018,"EL","PPS","TC","P97","Ninety-seventh percentile","Top cut-off point","Purchasing power standard (PPS)",24313,
2019,"EL","PPS","TC","P97","Ninety-seventh percentile","Top cut-off point","Purchasing power standard (PPS)",25302,
2020,"EL","PPS","TC","P97","Ninety-seventh percentile","Top cut-off point","Purchasing power standard (PPS)",26714,
2021,"EL","PPS","TC","P97","Ninety-seventh percentile","Top cut-off point","Purchasing power standard (PPS)",26586,
2022,"EL","PPS","TC","P97","Ninety-seventh percentile","Top cut-off point","Purchasing power standard (PPS)",29836,
2023,"EL","PPS","TC","P97","Ninety-seventh percentile","Top cut-off point","Purchasing power standard (PPS)",31118,
2024,"EL","PPS","TC","P97","Ninety-seventh percentile","Top cut-off point","Purchasing power standard (PPS)",34050,
2025,"EL","PPS","TC","P97","Ninety-seventh percentile","Top cut-off point","Purchasing power standard (PPS)",37954,
2003,"EL","EUR","SHARE","P97","Ninety-seventh percentile","Share of national equivalised income","Euro",2.5,"b"
2004,"EL","EUR","SHARE","P97","Ninety-seventh percentile","Share of national equivalised income","Euro",2.3,
2005,"EL","EUR","SHARE","P97","Ninety-seventh percentile","Share of national equivalised income","Euro",2.4,
2006,"EL","EUR","SHARE","P97","Ninety-seventh percentile","Share of national equivalised income","Euro",2.4,
2007,"EL","EUR","SHARE","P97","Ninety-seventh percentile","Share of national equivalised income","Euro",2.4,
2008,"EL","EUR","SHARE","P97","Ninety-seventh percentile","Share of national equivalised income","Euro",2.4,
2009,"EL","EUR","SHARE","P97","Ninety-seventh percentile","Share of national equivalised income","Euro",2.3,
2010,"EL","EUR","SHARE","P97","Ninety-seventh percentile","Share of national equivalised income","Euro",2.5,
2011,"EL","EUR","SHARE","P97","Ninety-seventh percentile","Share of national equivalised income","Euro",2.4,
2012,"EL","EUR","SHARE","P97","Ninety-seventh percentile","Share of national equivalised income","Euro",2.3,
2013,"EL","EUR","SHARE","P97","Ninety-seventh percentile","Share of national equivalised income","Euro",2.4,
2014,"EL","EUR","SHARE","P97","Ninety-seventh percentile","Share of national equivalised income","Euro",2.3,
2015,"EL","EUR","SHARE","P97","Ninety-seventh percentile","Share of national equivalised income","Euro",2.4,
2016,"EL","EUR","SHARE","P97","Ninety-seventh percentile","Share of national equivalised income","Euro",2.3,
2017,"EL","EUR","SHARE","P97","Ninety-seventh percentile","Share of national equivalised income","Euro",2.3,
2018,"EL","EUR","SHARE","P97","Ninety-seventh percentile","Share of national equivalised income","Euro",2.2,
2019,"EL","EUR","SHARE","P97","Ninety-seventh percentile","Share of national equivalised income","Euro",2.1,
2020,"EL","EUR","SHARE","P97","Ninety-seventh percentile","Share of national equivalised income","Euro",2.2,
2021,"EL","EUR","SHARE","P97","Ninety-seventh percentile","Share of national equivalised income","Euro",2.3,
2022,"EL","EUR","SHARE","P97","Ninety-seventh percentile","Share of national equivalised income","Euro",2.3,
2023,"EL","EUR","SHARE","P97","Ninety-seventh percentile","Share of national equivalised income","Euro",2.3,
2024,"EL","EUR","SHARE","P97","Ninety-seventh percentile","Share of national equivalised income","Euro",2.2,
2025,"EL","EUR","SHARE","P97","Ninety-seventh percentile","Share of national equivalised income","Euro",2.3,
2003,"EL","NAC","SHARE","P97","Ninety-seventh percentile","Share of national equivalised income","National currency",2.5,"b"
2004,"EL","NAC","SHARE","P97","Ninety-seventh percentile","Share of national equivalised income","National currency",2.3,
2005,"EL","NAC","SHARE","P97","Ninety-seventh percentile","Share of national equivalised income","National currency",2.4,
2006,"EL","NAC","SHARE","P97","Ninety-seventh percentile","Share of national equivalised income","National currency",2.4,
2007,"EL","NAC","SHARE","P97","Ninety-seventh percentile","Share of national equivalised income","National currency",2.4,
2008,"EL","NAC","SHARE","P97","Ninety-seventh percentile","Share of national equivalised income","National currency",2.4,
2009,"EL","NAC","SHARE","P97","Ninety-seventh percentile","Share of national equivalised income","National currency",2.3,
2010,"EL","NAC","SHARE","P97","Ninety-seventh percentile","Share of national equivalised income","National currency",2.5,
2011,"EL","NAC","SHARE","P97","Ninety-seventh percentile","Share of national equivalised income","National currency",2.4,
2012,"EL","NAC","SHARE","P97","Ninety-seventh percentile","Share of national equivalised income","National currency",2.3,
2013,"EL","NAC","SHARE","P97","Ninety-seventh percentile","Share of national equivalised income","National currency",2.4,
2014,"EL","NAC","SHARE","P97","Ninety-seventh percentile","Share of national equivalised income","National currency",2.3,
2015,"EL","NAC","SHARE","P97","Ninety-seventh percentile","Share of national equivalised income","National currency",2.4,
2016,"EL","NAC","SHARE","P97","Ninety-seventh percentile","Share of national equivalised income","National currency",2.3,
2017,"EL","NAC","SHARE","P97","Ninety-seventh percentile","Share of national equivalised income","National currency",2.3,
2018,"EL","NAC","SHARE","P97","Ninety-seventh percentile","Share of national equivalised income","National currency",2.2,
2019,"EL","NAC","SHARE","P97","Ninety-seventh percentile","Share of national equivalised income","National currency",2.1,
2020,"EL","NAC","SHARE","P97","Ninety-seventh percentile","Share of national equivalised income","National currency",2.2,
2021,"EL","NAC","SHARE","P97","Ninety-seventh percentile","Share of national equivalised income","National currency",2.3,
2022,"EL","NAC","SHARE","P97","Ninety-seventh percentile","Share of national equivalised income","National currency",2.3,
2023,"EL","NAC","SHARE","P97","Ninety-seventh percentile","Share of national equivalised income","National currency",2.3,
2024,"EL","NAC","SHARE","P97","Ninety-seventh percentile","Share of national equivalised income","National currency",2.2,
2025,"EL","NAC","SHARE","P97","Ninety-seventh percentile","Share of national equivalised income","National currency",2.3,
2003,"EL","PPS","SHARE","P97","Ninety-seventh percentile","Share of national equivalised income","Purchasing power standard (PPS)",2.5,"b"
2004,"EL","PPS","SHARE","P97","Ninety-seventh percentile","Share of national equivalised income","Purchasing power standard (PPS)",2.3,
2005,"EL","PPS","SHARE","P97","Ninety-seventh percentile","Share of national equivalised income","Purchasing power standard (PPS)",2.4,
2006,"EL","PPS","SHARE","P97","Ninety-seventh percentile","Share of national equivalised income","Purchasing power standard (PPS)",2.4,
2007,"EL","PPS","SHARE","P97","Ninety-seventh percentile","Share of national equivalised income","Purchasing power standard (PPS)",2.4,
2008,"EL","PPS","SHARE","P97","Ninety-seventh percentile","Share of national equivalised income","Purchasing power standard (PPS)",2.4,
2009,"EL","PPS","SHARE","P97","Ninety-seventh percentile","Share of national equivalised income","Purchasing power standard (PPS)",2.3,
2010,"EL","PPS","SHARE","P97","Ninety-seventh percentile","Share of national equivalised income","Purchasing power standard (PPS)",2.5,
2011,"EL","PPS","SHARE","P97","Ninety-seventh percentile","Share of national equivalised income","Purchasing power standard (PPS)",2.4,
2012,"EL","PPS","SHARE","P97","Ninety-seventh percentile","Share of national equivalised income","Purchasing power standard (PPS)",2.3,
2013,"EL","PPS","SHARE","P97","Ninety-seventh percentile","Share of national equivalised income","Purchasing power standard (PPS)",2.4,
2014,"EL","PPS","SHARE","P97","Ninety-seventh percentile","Share of national equivalised income","Purchasing power standard (PPS)",2.3,
2015,"EL","PPS","SHARE","P97","Ninety-seventh percentile","Share of national equivalised income","Purchasing power standard (PPS)",2.4,
2016,"EL","PPS","SHARE","P97","Ninety-seventh percentile","Share of national equivalised income","Purchasing power standard (PPS)",2.3,
2017,"EL","PPS","SHARE","P97","Ninety-seventh percentile","Share of national equivalised income","Purchasing power standard (PPS)",2.3,
2018,"EL","PPS","SHARE","P97","Ninety-seventh percentile","Share of national equivalised income","Purchasing power standard (PPS)",2.2,
2019,"EL","PPS","SHARE","P97","Ninety-seventh percentile","Share of national equivalised income","Purchasing power standard (PPS)",2.1,
2020,"EL","PPS","SHARE","P97","Ninety-seventh percentile","Share of national equivalised income","Purchasing power standard (PPS)",2.2,
2021,"EL","PPS","SHARE","P97","Ninety-seventh percentile","Share of national equivalised income","Purchasing power standard (PPS)",2.3,
2022,"EL","PPS","SHARE","P97","Ninety-seventh percentile","Share of national equivalised income","Purchasing power standard (PPS)",2.3,
2023,"EL","PPS","SHARE","P97","Ninety-seventh percentile","Share of national equivalised income","Purchasing power standard (PPS)",2.3,
2024,"EL","PPS","SHARE","P97","Ninety-seventh percentile","Share of national equivalised income","Purchasing power standard (PPS)",2.2,
2025,"EL","PPS","SHARE","P97","Ninety-seventh percentile","Share of national equivalised income","Purchasing power standard (PPS)",2.3,
2003,"EL","EUR","TC","P98","Ninety-eighth percentile","Top cut-off point","Euro",29362,"b"
2004,"EL","EUR","TC","P98","Ninety-eighth percentile","Top cut-off point","Euro",27280,
2005,"EL","EUR","TC","P98","Ninety-eighth percentile","Top cut-off point","Euro",32688,
2006,"EL","EUR","TC","P98","Ninety-eighth percentile","Top cut-off point","Euro",36000,
2007,"EL","EUR","TC","P98","Ninety-eighth percentile","Top cut-off point","Euro",38119,
2008,"EL","EUR","TC","P98","Ninety-eighth percentile","Top cut-off point","Euro",35685,
2009,"EL","EUR","TC","P98","Ninety-eighth percentile","Top cut-off point","Euro",38571,
2010,"EL","EUR","TC","P98","Ninety-eighth percentile","Top cut-off point","Euro",41429,
2011,"EL","EUR","TC","P98","Ninety-eighth percentile","Top cut-off point","Euro",35500,
2012,"EL","EUR","TC","P98","Ninety-eighth percentile","Top cut-off point","Euro",29691,
2013,"EL","EUR","TC","P98","Ninety-eighth percentile","Top cut-off point","Euro",25600,
2014,"EL","EUR","TC","P98","Ninety-eighth percentile","Top cut-off point","Euro",24167,
2015,"EL","EUR","TC","P98","Ninety-eighth percentile","Top cut-off point","Euro",23443,
2016,"EL","EUR","TC","P98","Ninety-eighth percentile","Top cut-off point","Euro",23406,
2017,"EL","EUR","TC","P98","Ninety-eighth percentile","Top cut-off point","Euro",23180,
2018,"EL","EUR","TC","P98","Ninety-eighth percentile","Top cut-off point","Euro",23492,
2019,"EL","EUR","TC","P98","Ninety-eighth percentile","Top cut-off point","Euro",23996,
2020,"EL","EUR","TC","P98","Ninety-eighth percentile","Top cut-off point","Euro",26857,
2021,"EL","EUR","TC","P98","Ninety-eighth percentile","Top cut-off point","Euro",27365,
2022,"EL","EUR","TC","P98","Ninety-eighth percentile","Top cut-off point","Euro",30400,
2023,"EL","EUR","TC","P98","Ninety-eighth percentile","Top cut-off point","Euro",32083,
2024,"EL","EUR","TC","P98","Ninety-eighth percentile","Top cut-off point","Euro",35153,
2025,"EL","EUR","TC","P98","Ninety-eighth percentile","Top cut-off point","Euro",36933,
2003,"EL","NAC","TC","P98","Ninety-eighth percentile","Top cut-off point","National currency",29362,"b"
2004,"EL","NAC","TC","P98","Ninety-eighth percentile","Top cut-off point","National currency",27280,
2005,"EL","NAC","TC","P98","Ninety-eighth percentile","Top cut-off point","National currency",32688,
2006,"EL","NAC","TC","P98","Ninety-eighth percentile","Top cut-off point","National currency",36000,
2007,"EL","NAC","TC","P98","Ninety-eighth percentile","Top cut-off point","National currency",38119,
2008,"EL","NAC","TC","P98","Ninety-eighth percentile","Top cut-off point","National currency",35685,
2009,"EL","NAC","TC","P98","Ninety-eighth percentile","Top cut-off point","National currency",38571,
2010,"EL","NAC","TC","P98","Ninety-eighth percentile","Top cut-off point","National currency",41429,
2011,"EL","NAC","TC","P98","Ninety-eighth percentile","Top cut-off point","National currency",35500,
2012,"EL","NAC","TC","P98","Ninety-eighth percentile","Top cut-off point","National currency",29691,
2013,"EL","NAC","TC","P98","Ninety-eighth percentile","Top cut-off point","National currency",25600,
2014,"EL","NAC","TC","P98","Ninety-eighth percentile","Top cut-off point","National currency",24167,
2015,"EL","NAC","TC","P98","Ninety-eighth percentile","Top cut-off point","National currency",23443,
2016,"EL","NAC","TC","P98","Ninety-eighth percentile","Top cut-off point","National currency",23406,
2017,"EL","NAC","TC","P98","Ninety-eighth percentile","Top cut-off point","National currency",23180,
2018,"EL","NAC","TC","P98","Ninety-eighth percentile","Top cut-off point","National currency",23492,
2019,"EL","NAC","TC","P98","Ninety-eighth percentile","Top cut-off point","National currency",23996,
2020,"EL","NAC","TC","P98","Ninety-eighth percentile","Top cut-off point","National currency",26857,
2021,"EL","NAC","TC","P98","Ninety-eighth percentile","Top cut-off point","National currency",27365,
2022,"EL","NAC","TC","P98","Ninety-eighth percentile","Top cut-off point","National currency",30400,
2023,"EL","NAC","TC","P98","Ninety-eighth percentile","Top cut-off point","National currency",32083,
2024,"EL","NAC","TC","P98","Ninety-eighth percentile","Top cut-off point","National currency",35153,
2025,"EL","NAC","TC","P98","Ninety-eighth percentile","Top cut-off point","National currency",36933,
2003,"EL","PPS","TC","P98","Ninety-eighth percentile","Top cut-off point","Purchasing power standard (PPS)",36616,"b"
2004,"EL","PPS","TC","P98","Ninety-eighth percentile","Top cut-off point","Purchasing power standard (PPS)",31766,
2005,"EL","PPS","TC","P98","Ninety-eighth percentile","Top cut-off point","Purchasing power standard (PPS)",37316,
2006,"EL","PPS","TC","P98","Ninety-eighth percentile","Top cut-off point","Purchasing power standard (PPS)",40794,
2007,"EL","PPS","TC","P98","Ninety-eighth percentile","Top cut-off point","Purchasing power standard (PPS)",42808,
2008,"EL","PPS","TC","P98","Ninety-eighth percentile","Top cut-off point","Purchasing power standard (PPS)",39755,
2009,"EL","PPS","TC","P98","Ninety-eighth percentile","Top cut-off point","Purchasing power standard (PPS)",42058,
2010,"EL","PPS","TC","P98","Ninety-eighth percentile","Top cut-off point","Purchasing power standard (PPS)",43631,
2011,"EL","PPS","TC","P98","Ninety-eighth percentile","Top cut-off point","Purchasing power standard (PPS)",37576,
2012,"EL","PPS","TC","P98","Ninety-eighth percentile","Top cut-off point","Purchasing power standard (PPS)",31408,
2013,"EL","PPS","TC","P98","Ninety-eighth percentile","Top cut-off point","Purchasing power standard (PPS)",27663,
2014,"EL","PPS","TC","P98","Ninety-eighth percentile","Top cut-off point","Purchasing power standard (PPS)",27295,
2015,"EL","PPS","TC","P98","Ninety-eighth percentile","Top cut-off point","Purchasing power standard (PPS)",27440,
2016,"EL","PPS","TC","P98","Ninety-eighth percentile","Top cut-off point","Purchasing power standard (PPS)",28236,
2017,"EL","PPS","TC","P98","Ninety-eighth percentile","Top cut-off point","Purchasing power standard (PPS)",27557,
2018,"EL","PPS","TC","P98","Ninety-eighth percentile","Top cut-off point","Purchasing power standard (PPS)",27619,
2019,"EL","PPS","TC","P98","Ninety-eighth percentile","Top cut-off point","Purchasing power standard (PPS)",28592,
2020,"EL","PPS","TC","P98","Ninety-eighth percentile","Top cut-off point","Purchasing power standard (PPS)",31119,
2021,"EL","PPS","TC","P98","Ninety-eighth percentile","Top cut-off point","Purchasing power standard (PPS)",31009,
2022,"EL","PPS","TC","P98","Ninety-eighth percentile","Top cut-off point","Purchasing power standard (PPS)",34618,
2023,"EL","PPS","TC","P98","Ninety-eighth percentile","Top cut-off point","Purchasing power standard (PPS)",36357,
2024,"EL","PPS","TC","P98","Ninety-eighth percentile","Top cut-off point","Purchasing power standard (PPS)",40293,
2025,"EL","PPS","TC","P98","Ninety-eighth percentile","Top cut-off point","Purchasing power standard (PPS)",42968,
2003,"EL","EUR","SHARE","P98","Ninety-eighth percentile","Share of national equivalised income","Euro",2.8,"b"
2004,"EL","EUR","SHARE","P98","Ninety-eighth percentile","Share of national equivalised income","Euro",2.5,
2005,"EL","EUR","SHARE","P98","Ninety-eighth percentile","Share of national equivalised income","Euro",2.6,
2006,"EL","EUR","SHARE","P98","Ninety-eighth percentile","Share of national equivalised income","Euro",2.8,
2007,"EL","EUR","SHARE","P98","Ninety-eighth percentile","Share of national equivalised income","Euro",2.9,
2008,"EL","EUR","SHARE","P98","Ninety-eighth percentile","Share of national equivalised income","Euro",2.6,
2009,"EL","EUR","SHARE","P98","Ninety-eighth percentile","Share of national equivalised income","Euro",2.7,
2010,"EL","EUR","SHARE","P98","Ninety-eighth percentile","Share of national equivalised income","Euro",2.8,
2011,"EL","EUR","SHARE","P98","Ninety-eighth percentile","Share of national equivalised income","Euro",2.5,
2012,"EL","EUR","SHARE","P98","Ninety-eighth percentile","Share of national equivalised income","Euro",2.5,
2013,"EL","EUR","SHARE","P98","Ninety-eighth percentile","Share of national equivalised income","Euro",2.5,
2014,"EL","EUR","SHARE","P98","Ninety-eighth percentile","Share of national equivalised income","Euro",2.5,
2015,"EL","EUR","SHARE","P98","Ninety-eighth percentile","Share of national equivalised income","Euro",2.5,
2016,"EL","EUR","SHARE","P98","Ninety-eighth percentile","Share of national equivalised income","Euro",2.5,
2017,"EL","EUR","SHARE","P98","Ninety-eighth percentile","Share of national equivalised income","Euro",2.5,
2018,"EL","EUR","SHARE","P98","Ninety-eighth percentile","Share of national equivalised income","Euro",2.4,
2019,"EL","EUR","SHARE","P98","Ninety-eighth percentile","Share of national equivalised income","Euro",2.4,
2020,"EL","EUR","SHARE","P98","Ninety-eighth percentile","Share of national equivalised income","Euro",2.5,
2021,"EL","EUR","SHARE","P98","Ninety-eighth percentile","Share of national equivalised income","Euro",2.5,
2022,"EL","EUR","SHARE","P98","Ninety-eighth percentile","Share of national equivalised income","Euro",2.6,
2023,"EL","EUR","SHARE","P98","Ninety-eighth percentile","Share of national equivalised income","Euro",2.6,
2024,"EL","EUR","SHARE","P98","Ninety-eighth percentile","Share of national equivalised income","Euro",2.6,
2025,"EL","EUR","SHARE","P98","Ninety-eighth percentile","Share of national equivalised income","Euro",2.6,
2003,"EL","NAC","SHARE","P98","Ninety-eighth percentile","Share of national equivalised income","National currency",2.8,"b"
2004,"EL","NAC","SHARE","P98","Ninety-eighth percentile","Share of national equivalised income","National currency",2.5,
2005,"EL","NAC","SHARE","P98","Ninety-eighth percentile","Share of national equivalised income","National currency",2.6,
2006,"EL","NAC","SHARE","P98","Ninety-eighth percentile","Share of national equivalised income","National currency",2.8,
2007,"EL","NAC","SHARE","P98","Ninety-eighth percentile","Share of national equivalised income","National currency",2.9,
2008,"EL","NAC","SHARE","P98","Ninety-eighth percentile","Share of national equivalised income","National currency",2.6,
2009,"EL","NAC","SHARE","P98","Ninety-eighth percentile","Share of national equivalised income","National currency",2.7,
2010,"EL","NAC","SHARE","P98","Ninety-eighth percentile","Share of national equivalised income","National currency",2.8,
2011,"EL","NAC","SHARE","P98","Ninety-eighth percentile","Share of national equivalised income","National currency",2.5,
2012,"EL","NAC","SHARE","P98","Ninety-eighth percentile","Share of national equivalised income","National currency",2.5,
2013,"EL","NAC","SHARE","P98","Ninety-eighth percentile","Share of national equivalised income","National currency",2.5,
2014,"EL","NAC","SHARE","P98","Ninety-eighth percentile","Share of national equivalised income","National currency",2.5,
2015,"EL","NAC","SHARE","P98","Ninety-eighth percentile","Share of national equivalised income","National currency",2.5,
2016,"EL","NAC","SHARE","P98","Ninety-eighth percentile","Share of national equivalised income","National currency",2.5,
2017,"EL","NAC","SHARE","P98","Ninety-eighth percentile","Share of national equivalised income","National currency",2.5,
2018,"EL","NAC","SHARE","P98","Ninety-eighth percentile","Share of national equivalised income","National currency",2.4,
2019,"EL","NAC","SHARE","P98","Ninety-eighth percentile","Share of national equivalised income","National currency",2.4,
2020,"EL","NAC","SHARE","P98","Ninety-eighth percentile","Share of national equivalised income","National currency",2.5,
2021,"EL","NAC","SHARE","P98","Ninety-eighth percentile","Share of national equivalised income","National currency",2.5,
2022,"EL","NAC","SHARE","P98","Ninety-eighth percentile","Share of national equivalised income","National currency",2.6,
2023,"EL","NAC","SHARE","P98","Ninety-eighth percentile","Share of national equivalised income","National currency",2.6,
2024,"EL","NAC","SHARE","P98","Ninety-eighth percentile","Share of national equivalised income","National currency",2.6,
2025,"EL","NAC","SHARE","P98","Ninety-eighth percentile","Share of national equivalised income","National currency",2.6,
2003,"EL","PPS","SHARE","P98","Ninety-eighth percentile","Share of national equivalised income","Purchasing power standard (PPS)",2.8,"b"
2004,"EL","PPS","SHARE","P98","Ninety-eighth percentile","Share of national equivalised income","Purchasing power standard (PPS)",2.5,
2005,"EL","PPS","SHARE","P98","Ninety-eighth percentile","Share of national equivalised income","Purchasing power standard (PPS)",2.6,
2006,"EL","PPS","SHARE","P98","Ninety-eighth percentile","Share of national equivalised income","Purchasing power standard (PPS)",2.8,
2007,"EL","PPS","SHARE","P98","Ninety-eighth percentile","Share of national equivalised income","Purchasing power standard (PPS)",2.9,
2008,"EL","PPS","SHARE","P98","Ninety-eighth percentile","Share of national equivalised income","Purchasing power standard (PPS)",2.6,
2009,"EL","PPS","SHARE","P98","Ninety-eighth percentile","Share of national equivalised income","Purchasing power standard (PPS)",2.7,
2010,"EL","PPS","SHARE","P98","Ninety-eighth percentile","Share of national equivalised income","Purchasing power standard (PPS)",2.8,
2011,"EL","PPS","SHARE","P98","Ninety-eighth percentile","Share of national equivalised income","Purchasing power standard (PPS)",2.5,
2012,"EL","PPS","SHARE","P98","Ninety-eighth percentile","Share of national equivalised income","Purchasing power standard (PPS)",2.5,
2013,"EL","PPS","SHARE","P98","Ninety-eighth percentile","Share of national equivalised income","Purchasing power standard (PPS)",2.5,
2014,"EL","PPS","SHARE","P98","Ninety-eighth percentile","Share of national equivalised income","Purchasing power standard (PPS)",2.5,
2015,"EL","PPS","SHARE","P98","Ninety-eighth percentile","Share of national equivalised income","Purchasing power standard (PPS)",2.5,
2016,"EL","PPS","SHARE","P98","Ninety-eighth percentile","Share of national equivalised income","Purchasing power standard (PPS)",2.5,
2017,"EL","PPS","SHARE","P98","Ninety-eighth percentile","Share of national equivalised income","Purchasing power standard (PPS)",2.5,
2018,"EL","PPS","SHARE","P98","Ninety-eighth percentile","Share of national equivalised income","Purchasing power standard (PPS)",2.4,
2019,"EL","PPS","SHARE","P98","Ninety-eighth percentile","Share of national equivalised income","Purchasing power standard (PPS)",2.4,
2020,"EL","PPS","SHARE","P98","Ninety-eighth percentile","Share of national equivalised income","Purchasing power standard (PPS)",2.5,
2021,"EL","PPS","SHARE","P98","Ninety-eighth percentile","Share of national equivalised income","Purchasing power standard (PPS)",2.5,
2022,"EL","PPS","SHARE","P98","Ninety-eighth percentile","Share of national equivalised income","Purchasing power standard (PPS)",2.6,
2023,"EL","PPS","SHARE","P98","Ninety-eighth percentile","Share of national equivalised income","Purchasing power standard (PPS)",2.6,
2024,"EL","PPS","SHARE","P98","Ninety-eighth percentile","Share of national equivalised income","Purchasing power standard (PPS)",2.6,
2025,"EL","PPS","SHARE","P98","Ninety-eighth percentile","Share of national equivalised income","Purchasing power standard (PPS)",2.6,
2003,"EL","EUR","TC","P99","Ninety-ninth percentile","Top cut-off point","Euro",36000,"b"
2004,"EL","EUR","TC","P99","Ninety-ninth percentile","Top cut-off point","Euro",33444,
2005,"EL","EUR","TC","P99","Ninety-ninth percentile","Top cut-off point","Euro",38400,
2006,"EL","EUR","TC","P99","Ninety-ninth percentile","Top cut-off point","Euro",43108,
2007,"EL","EUR","TC","P99","Ninety-ninth percentile","Top cut-off point","Euro",45855,
2008,"EL","EUR","TC","P99","Ninety-ninth percentile","Top cut-off point","Euro",47778,
2009,"EL","EUR","TC","P99","Ninety-ninth percentile","Top cut-off point","Euro",52300,
2010,"EL","EUR","TC","P99","Ninety-ninth percentile","Top cut-off point","Euro",52619,
2011,"EL","EUR","TC","P99","Ninety-ninth percentile","Top cut-off point","Euro",44567,
2012,"EL","EUR","TC","P99","Ninety-ninth percentile","Top cut-off point","Euro",41620,
2013,"EL","EUR","TC","P99","Ninety-ninth percentile","Top cut-off point","Euro",32613,
2014,"EL","EUR","TC","P99","Ninety-ninth percentile","Top cut-off point","Euro",32633,
2015,"EL","EUR","TC","P99","Ninety-ninth percentile","Top cut-off point","Euro",29327,
2016,"EL","EUR","TC","P99","Ninety-ninth percentile","Top cut-off point","Euro",30275,
2017,"EL","EUR","TC","P99","Ninety-ninth percentile","Top cut-off point","Euro",29944,
2018,"EL","EUR","TC","P99","Ninety-ninth percentile","Top cut-off point","Euro",29796,
2019,"EL","EUR","TC","P99","Ninety-ninth percentile","Top cut-off point","Euro",29033,
2020,"EL","EUR","TC","P99","Ninety-ninth percentile","Top cut-off point","Euro",35210,
2021,"EL","EUR","TC","P99","Ninety-ninth percentile","Top cut-off point","Euro",35170,
2022,"EL","EUR","TC","P99","Ninety-ninth percentile","Top cut-off point","Euro",38280,
2023,"EL","EUR","TC","P99","Ninety-ninth percentile","Top cut-off point","Euro",42889,
2024,"EL","EUR","TC","P99","Ninety-ninth percentile","Top cut-off point","Euro",47020,
2025,"EL","EUR","TC","P99","Ninety-ninth percentile","Top cut-off point","Euro",49279,
2003,"EL","NAC","TC","P99","Ninety-ninth percentile","Top cut-off point","National currency",36000,"b"
2004,"EL","NAC","TC","P99","Ninety-ninth percentile","Top cut-off point","National currency",33444,
2005,"EL","NAC","TC","P99","Ninety-ninth percentile","Top cut-off point","National currency",38400,
2006,"EL","NAC","TC","P99","Ninety-ninth percentile","Top cut-off point","National currency",43108,
2007,"EL","NAC","TC","P99","Ninety-ninth percentile","Top cut-off point","National currency",45855,
2008,"EL","NAC","TC","P99","Ninety-ninth percentile","Top cut-off point","National currency",47778,
2009,"EL","NAC","TC","P99","Ninety-ninth percentile","Top cut-off point","National currency",52300,
2010,"EL","NAC","TC","P99","Ninety-ninth percentile","Top cut-off point","National currency",52619,
2011,"EL","NAC","TC","P99","Ninety-ninth percentile","Top cut-off point","National currency",44567,
2012,"EL","NAC","TC","P99","Ninety-ninth percentile","Top cut-off point","National currency",41620,
2013,"EL","NAC","TC","P99","Ninety-ninth percentile","Top cut-off point","National currency",32613,
2014,"EL","NAC","TC","P99","Ninety-ninth percentile","Top cut-off point","National currency",32633,
2015,"EL","NAC","TC","P99","Ninety-ninth percentile","Top cut-off point","National currency",29327,
2016,"EL","NAC","TC","P99","Ninety-ninth percentile","Top cut-off point","National currency",30275,
2017,"EL","NAC","TC","P99","Ninety-ninth percentile","Top cut-off point","National currency",29944,
2018,"EL","NAC","TC","P99","Ninety-ninth percentile","Top cut-off point","National currency",29796,
2019,"EL","NAC","TC","P99","Ninety-ninth percentile","Top cut-off point","National currency",29033,
2020,"EL","NAC","TC","P99","Ninety-ninth percentile","Top cut-off point","National currency",35210,
2021,"EL","NAC","TC","P99","Ninety-ninth percentile","Top cut-off point","National currency",35170,
2022,"EL","NAC","TC","P99","Ninety-ninth percentile","Top cut-off point","National currency",38280,
2023,"EL","NAC","TC","P99","Ninety-ninth percentile","Top cut-off point","National currency",42889,
2024,"EL","NAC","TC","P99","Ninety-ninth percentile","Top cut-off point","National currency",47020,
2025,"EL","NAC","TC","P99","Ninety-ninth percentile","Top cut-off point","National currency",49279,
2003,"EL","PPS","TC","P99","Ninety-ninth percentile","Top cut-off point","Purchasing power standard (PPS)",44894,"b"
2004,"EL","PPS","TC","P99","Ninety-ninth percentile","Top cut-off point","Purchasing power standard (PPS)",38944,
2005,"EL","PPS","TC","P99","Ninety-ninth percentile","Top cut-off point","Purchasing power standard (PPS)",43837,
2006,"EL","PPS","TC","P99","Ninety-ninth percentile","Top cut-off point","Purchasing power standard (PPS)",48848,
2007,"EL","PPS","TC","P99","Ninety-ninth percentile","Top cut-off point","Purchasing power standard (PPS)",51495,
2008,"EL","PPS","TC","P99","Ninety-ninth percentile","Top cut-off point","Purchasing power standard (PPS)",53228,
2009,"EL","PPS","TC","P99","Ninety-ninth percentile","Top cut-off point","Purchasing power standard (PPS)",57028,
2010,"EL","PPS","TC","P99","Ninety-ninth percentile","Top cut-off point","Purchasing power standard (PPS)",55416,
2011,"EL","PPS","TC","P99","Ninety-ninth percentile","Top cut-off point","Purchasing power standard (PPS)",47173,
2012,"EL","PPS","TC","P99","Ninety-ninth percentile","Top cut-off point","Purchasing power standard (PPS)",44027,
2013,"EL","PPS","TC","P99","Ninety-ninth percentile","Top cut-off point","Purchasing power standard (PPS)",35241,
2014,"EL","PPS","TC","P99","Ninety-ninth percentile","Top cut-off point","Purchasing power standard (PPS)",36857,
2015,"EL","PPS","TC","P99","Ninety-ninth percentile","Top cut-off point","Purchasing power standard (PPS)",34327,
2016,"EL","PPS","TC","P99","Ninety-ninth percentile","Top cut-off point","Purchasing power standard (PPS)",36523,
2017,"EL","PPS","TC","P99","Ninety-ninth percentile","Top cut-off point","Purchasing power standard (PPS)",35598,
2018,"EL","PPS","TC","P99","Ninety-ninth percentile","Top cut-off point","Purchasing power standard (PPS)",35031,
2019,"EL","PPS","TC","P99","Ninety-ninth percentile","Top cut-off point","Purchasing power standard (PPS)",34594,
2020,"EL","PPS","TC","P99","Ninety-ninth percentile","Top cut-off point","Purchasing power standard (PPS)",40798,
2021,"EL","PPS","TC","P99","Ninety-ninth percentile","Top cut-off point","Purchasing power standard (PPS)",39853,
2022,"EL","PPS","TC","P99","Ninety-ninth percentile","Top cut-off point","Purchasing power standard (PPS)",43592,
2023,"EL","PPS","TC","P99","Ninety-ninth percentile","Top cut-off point","Purchasing power standard (PPS)",48602,
2024,"EL","PPS","TC","P99","Ninety-ninth percentile","Top cut-off point","Purchasing power standard (PPS)",53895,
2025,"EL","PPS","TC","P99","Ninety-ninth percentile","Top cut-off point","Purchasing power standard (PPS)",57331,
2003,"EL","EUR","SHARE","P99","Ninety-ninth percentile","Share of national equivalised income","Euro",3.3,"b"
2004,"EL","EUR","SHARE","P99","Ninety-ninth percentile","Share of national equivalised income","Euro",3,
2005,"EL","EUR","SHARE","P99","Ninety-ninth percentile","Share of national equivalised income","Euro",3.3,
2006,"EL","EUR","SHARE","P99","Ninety-ninth percentile","Share of national equivalised income","Euro",3.5,
2007,"EL","EUR","SHARE","P99","Ninety-ninth percentile","Share of national equivalised income","Euro",3.4,
2008,"EL","EUR","SHARE","P99","Ninety-ninth percentile","Share of national equivalised income","Euro",3.2,
2009,"EL","EUR","SHARE","P99","Ninety-ninth percentile","Share of national equivalised income","Euro",3.3,
2010,"EL","EUR","SHARE","P99","Ninety-ninth percentile","Share of national equivalised income","Euro",3,
2011,"EL","EUR","SHARE","P99","Ninety-ninth percentile","Share of national equivalised income","Euro",3.2,
2012,"EL","EUR","SHARE","P99","Ninety-ninth percentile","Share of national equivalised income","Euro",3.1,
2013,"EL","EUR","SHARE","P99","Ninety-ninth percentile","Share of national equivalised income","Euro",3.1,
2014,"EL","EUR","SHARE","P99","Ninety-ninth percentile","Share of national equivalised income","Euro",3.1,
2015,"EL","EUR","SHARE","P99","Ninety-ninth percentile","Share of national equivalised income","Euro",3.1,
2016,"EL","EUR","SHARE","P99","Ninety-ninth percentile","Share of national equivalised income","Euro",3,
2017,"EL","EUR","SHARE","P99","Ninety-ninth percentile","Share of national equivalised income","Euro",2.9,
2018,"EL","EUR","SHARE","P99","Ninety-ninth percentile","Share of national equivalised income","Euro",2.9,
2019,"EL","EUR","SHARE","P99","Ninety-ninth percentile","Share of national equivalised income","Euro",2.8,
2020,"EL","EUR","SHARE","P99","Ninety-ninth percentile","Share of national equivalised income","Euro",3,
2021,"EL","EUR","SHARE","P99","Ninety-ninth percentile","Share of national equivalised income","Euro",3.1,
2022,"EL","EUR","SHARE","P99","Ninety-ninth percentile","Share of national equivalised income","Euro",3,
2023,"EL","EUR","SHARE","P99","Ninety-ninth percentile","Share of national equivalised income","Euro",3.1,
2024,"EL","EUR","SHARE","P99","Ninety-ninth percentile","Share of national equivalised income","Euro",3.2,
2025,"EL","EUR","SHARE","P99","Ninety-ninth percentile","Share of national equivalised income","Euro",3.2,
2003,"EL","NAC","SHARE","P99","Ninety-ninth percentile","Share of national equivalised income","National currency",3.3,"b"
2004,"EL","NAC","SHARE","P99","Ninety-ninth percentile","Share of national equivalised income","National currency",3,
2005,"EL","NAC","SHARE","P99","Ninety-ninth percentile","Share of national equivalised income","National currency",3.3,
2006,"EL","NAC","SHARE","P99","Ninety-ninth percentile","Share of national equivalised income","National currency",3.5,
2007,"EL","NAC","SHARE","P99","Ninety-ninth percentile","Share of national equivalised income","National currency",3.4,
2008,"EL","NAC","SHARE","P99","Ninety-ninth percentile","Share of national equivalised income","National currency",3.2,
2009,"EL","NAC","SHARE","P99","Ninety-ninth percentile","Share of national equivalised income","National currency",3.3,
2010,"EL","NAC","SHARE","P99","Ninety-ninth percentile","Share of national equivalised income","National currency",3,
2011,"EL","NAC","SHARE","P99","Ninety-ninth percentile","Share of national equivalised income","National currency",3.2,
2012,"EL","NAC","SHARE","P99","Ninety-ninth percentile","Share of national equivalised income","National currency",3.1,
2013,"EL","NAC","SHARE","P99","Ninety-ninth percentile","Share of national equivalised income","National currency",3.1,
2014,"EL","NAC","SHARE","P99","Ninety-ninth percentile","Share of national equivalised income","National currency",3.1,
2015,"EL","NAC","SHARE","P99","Ninety-ninth percentile","Share of national equivalised income","National currency",3.1,
2016,"EL","NAC","SHARE","P99","Ninety-ninth percentile","Share of national equivalised income","National currency",3,
2017,"EL","NAC","SHARE","P99","Ninety-ninth percentile","Share of national equivalised income","National currency",2.9,
2018,"EL","NAC","SHARE","P99","Ninety-ninth percentile","Share of national equivalised income","National currency",2.9,
2019,"EL","NAC","SHARE","P99","Ninety-ninth percentile","Share of national equivalised income","National currency",2.8,
2020,"EL","NAC","SHARE","P99","Ninety-ninth percentile","Share of national equivalised income","National currency",3,
2021,"EL","NAC","SHARE","P99","Ninety-ninth percentile","Share of national equivalised income","National currency",3.1,
2022,"EL","NAC","SHARE","P99","Ninety-ninth percentile","Share of national equivalised income","National currency",3,
2023,"EL","NAC","SHARE","P99","Ninety-ninth percentile","Share of national equivalised income","National currency",3.1,
2024,"EL","NAC","SHARE","P99","Ninety-ninth percentile","Share of national equivalised income","National currency",3.2,
2025,"EL","NAC","SHARE","P99","Ninety-ninth percentile","Share of national equivalised income","National currency",3.2,
2003,"EL","PPS","SHARE","P99","Ninety-ninth percentile","Share of national equivalised income","Purchasing power standard (PPS)",3.3,"b"
2004,"EL","PPS","SHARE","P99","Ninety-ninth percentile","Share of national equivalised income","Purchasing power standard (PPS)",3,
2005,"EL","PPS","SHARE","P99","Ninety-ninth percentile","Share of national equivalised income","Purchasing power standard (PPS)",3.3,
2006,"EL","PPS","SHARE","P99","Ninety-ninth percentile","Share of national equivalised income","Purchasing power standard (PPS)",3.5,
2007,"EL","PPS","SHARE","P99","Ninety-ninth percentile","Share of national equivalised income","Purchasing power standard (PPS)",3.4,
2008,"EL","PPS","SHARE","P99","Ninety-ninth percentile","Share of national equivalised income","Purchasing power standard (PPS)",3.2,
2009,"EL","PPS","SHARE","P99","Ninety-ninth percentile","Share of national equivalised income","Purchasing power standard (PPS)",3.3,
2010,"EL","PPS","SHARE","P99","Ninety-ninth percentile","Share of national equivalised income","Purchasing power standard (PPS)",3,
2011,"EL","PPS","SHARE","P99","Ninety-ninth percentile","Share of national equivalised income","Purchasing power standard (PPS)",3.2,
2012,"EL","PPS","SHARE","P99","Ninety-ninth percentile","Share of national equivalised income","Purchasing power standard (PPS)",3.1,
2013,"EL","PPS","SHARE","P99","Ninety-ninth percentile","Share of national equivalised income","Purchasing power standard (PPS)",3.1,
2014,"EL","PPS","SHARE","P99","Ninety-ninth percentile","Share of national equivalised income","Purchasing power standard (PPS)",3.1,
2015,"EL","PPS","SHARE","P99","Ninety-ninth percentile","Share of national equivalised income","Purchasing power standard (PPS)",3.1,
2016,"EL","PPS","SHARE","P99","Ninety-ninth percentile","Share of national equivalised income","Purchasing power standard (PPS)",3,
2017,"EL","PPS","SHARE","P99","Ninety-ninth percentile","Share of national equivalised income","Purchasing power standard (PPS)",2.9,
2018,"EL","PPS","SHARE","P99","Ninety-ninth percentile","Share of national equivalised income","Purchasing power standard (PPS)",2.9,
2019,"EL","PPS","SHARE","P99","Ninety-ninth percentile","Share of national equivalised income","Purchasing power standard (PPS)",2.8,
2020,"EL","PPS","SHARE","P99","Ninety-ninth percentile","Share of national equivalised income","Purchasing power standard (PPS)",3,
2021,"EL","PPS","SHARE","P99","Ninety-ninth percentile","Share of national equivalised income","Purchasing power standard (PPS)",3.1,
2022,"EL","PPS","SHARE","P99","Ninety-ninth percentile","Share of national equivalised income","Purchasing power standard (PPS)",3,
2023,"EL","PPS","SHARE","P99","Ninety-ninth percentile","Share of national equivalised income","Purchasing power standard (PPS)",3.1,
2024,"EL","PPS","SHARE","P99","Ninety-ninth percentile","Share of national equivalised income","Purchasing power standard (PPS)",3.2,
2025,"EL","PPS","SHARE","P99","Ninety-ninth percentile","Share of national equivalised income","Purchasing power standard (PPS)",3.2,
2003,"EL","EUR","SHARE","P100","Hundredth percentile","Share of national equivalised income","Euro",5.4,
2004,"EL","EUR","SHARE","P100","Hundredth percentile","Share of national equivalised income","Euro",4.5,
2005,"EL","EUR","SHARE","P100","Hundredth percentile","Share of national equivalised income","Euro",4.7,
2006,"EL","EUR","SHARE","P100","Hundredth percentile","Share of national equivalised income","Euro",5.4,
2007,"EL","EUR","SHARE","P100","Hundredth percentile","Share of national equivalised income","Euro",5.7,
2008,"EL","EUR","SHARE","P100","Hundredth percentile","Share of national equivalised income","Euro",5.8,
2009,"EL","EUR","SHARE","P100","Hundredth percentile","Share of national equivalised income","Euro",5.9,
2010,"EL","EUR","SHARE","P100","Hundredth percentile","Share of national equivalised income","Euro",5.7,
2011,"EL","EUR","SHARE","P100","Hundredth percentile","Share of national equivalised income","Euro",5.5,
2012,"EL","EUR","SHARE","P100","Hundredth percentile","Share of national equivalised income","Euro",5.7,
2013,"EL","EUR","SHARE","P100","Hundredth percentile","Share of national equivalised income","Euro",5.9,
2014,"EL","EUR","SHARE","P100","Hundredth percentile","Share of national equivalised income","Euro",6,
2015,"EL","EUR","SHARE","P100","Hundredth percentile","Share of national equivalised income","Euro",5.6,
2016,"EL","EUR","SHARE","P100","Hundredth percentile","Share of national equivalised income","Euro",5.7,
2017,"EL","EUR","SHARE","P100","Hundredth percentile","Share of national equivalised income","Euro",5.8,
2018,"EL","EUR","SHARE","P100","Hundredth percentile","Share of national equivalised income","Euro",6,
2019,"EL","EUR","SHARE","P100","Hundredth percentile","Share of national equivalised income","Euro",5.3,
2020,"EL","EUR","SHARE","P100","Hundredth percentile","Share of national equivalised income","Euro",5.4,
2021,"EL","EUR","SHARE","P100","Hundredth percentile","Share of national equivalised income","Euro",5.3,
2022,"EL","EUR","SHARE","P100","Hundredth percentile","Share of national equivalised income","Euro",5,
2023,"EL","EUR","SHARE","P100","Hundredth percentile","Share of national equivalised income","Euro",6.2,
2024,"EL","EUR","SHARE","P100","Hundredth percentile","Share of national equivalised income","Euro",6.6,
2025,"EL","EUR","SHARE","P100","Hundredth percentile","Share of national equivalised income","Euro",6.7,
2003,"EL","NAC","SHARE","P100","Hundredth percentile","Share of national equivalised income","National currency",5.4,
2004,"EL","NAC","SHARE","P100","Hundredth percentile","Share of national equivalised income","National currency",4.5,
2005,"EL","NAC","SHARE","P100","Hundredth percentile","Share of national equivalised income","National currency",4.7,
2006,"EL","NAC","SHARE","P100","Hundredth percentile","Share of national equivalised income","National currency",5.4,
2007,"EL","NAC","SHARE","P100","Hundredth percentile","Share of national equivalised income","National currency",5.7,
2008,"EL","NAC","SHARE","P100","Hundredth percentile","Share of national equivalised income","National currency",5.8,
2009,"EL","NAC","SHARE","P100","Hundredth percentile","Share of national equivalised income","National currency",5.9,
2010,"EL","NAC","SHARE","P100","Hundredth percentile","Share of national equivalised income","National currency",5.7,
2011,"EL","NAC","SHARE","P100","Hundredth percentile","Share of national equivalised income","National currency",5.5,
2012,"EL","NAC","SHARE","P100","Hundredth percentile","Share of national equivalised income","National currency",5.7,
2013,"EL","NAC","SHARE","P100","Hundredth percentile","Share of national equivalised income","National currency",5.9,
2014,"EL","NAC","SHARE","P100","Hundredth percentile","Share of national equivalised income","National currency",6,
2015,"EL","NAC","SHARE","P100","Hundredth percentile","Share of national equivalised income","National currency",5.6,
2016,"EL","NAC","SHARE","P100","Hundredth percentile","Share of national equivalised income","National currency",5.7,
2017,"EL","NAC","SHARE","P100","Hundredth percentile","Share of national equivalised income","National currency",5.8,
2018,"EL","NAC","SHARE","P100","Hundredth percentile","Share of national equivalised income","National currency",6,
2019,"EL","NAC","SHARE","P100","Hundredth percentile","Share of national equivalised income","National currency",5.3,
2020,"EL","NAC","SHARE","P100","Hundredth percentile","Share of national equivalised income","National currency",5.4,
2021,"EL","NAC","SHARE","P100","Hundredth percentile","Share of national equivalised income","National currency",5.3,
2022,"EL","NAC","SHARE","P100","Hundredth percentile","Share of national equivalised income","National currency",5,
2023,"EL","NAC","SHARE","P100","Hundredth percentile","Share of national equivalised income","National currency",6.2,
2024,"EL","NAC","SHARE","P100","Hundredth percentile","Share of national equivalised income","National currency",6.6,
2025,"EL","NAC","SHARE","P100","Hundredth percentile","Share of national equivalised income","National currency",6.7,
2003,"EL","PPS","SHARE","P100","Hundredth percentile","Share of national equivalised income","Purchasing power standard (PPS)",5.4,
2004,"EL","PPS","SHARE","P100","Hundredth percentile","Share of national equivalised income","Purchasing power standard (PPS)",4.5,
2005,"EL","PPS","SHARE","P100","Hundredth percentile","Share of national equivalised income","Purchasing power standard (PPS)",4.7,
2006,"EL","PPS","SHARE","P100","Hundredth percentile","Share of national equivalised income","Purchasing power standard (PPS)",5.4,
2007,"EL","PPS","SHARE","P100","Hundredth percentile","Share of national equivalised income","Purchasing power standard (PPS)",5.7,
2008,"EL","PPS","SHARE","P100","Hundredth percentile","Share of national equivalised income","Purchasing power standard (PPS)",5.8,
2009,"EL","PPS","SHARE","P100","Hundredth percentile","Share of national equivalised income","Purchasing power standard (PPS)",5.9,
2010,"EL","PPS","SHARE","P100","Hundredth percentile","Share of national equivalised income","Purchasing power standard (PPS)",5.7,
2011,"EL","PPS","SHARE","P100","Hundredth percentile","Share of national equivalised income","Purchasing power standard (PPS)",5.5,
2012,"EL","PPS","SHARE","P100","Hundredth percentile","Share of national equivalised income","Purchasing power standard (PPS)",5.7,
2013,"EL","PPS","SHARE","P100","Hundredth percentile","Share of national equivalised income","Purchasing power standard (PPS)",5.9,
2014,"EL","PPS","SHARE","P100","Hundredth percentile","Share of national equivalised income","Purchasing power standard (PPS)",6,
2015,"EL","PPS","SHARE","P100","Hundredth percentile","Share of national equivalised income","Purchasing power standard (PPS)",5.6,
2016,"EL","PPS","SHARE","P100","Hundredth percentile","Share of national equivalised income","Purchasing power standard (PPS)",5.7,
2017,"EL","PPS","SHARE","P100","Hundredth percentile","Share of national equivalised income","Purchasing power standard (PPS)",5.8,
2018,"EL","PPS","SHARE","P100","Hundredth percentile","Share of national equivalised income","Purchasing power standard (PPS)",6,
2019,"EL","PPS","SHARE","P100","Hundredth percentile","Share of national equivalised income","Purchasing power standard (PPS)",5.3,
2020,"EL","PPS","SHARE","P100","Hundredth percentile","Share of national equivalised income","Purchasing power standard (PPS)",5.4,
2021,"EL","PPS","SHARE","P100","Hundredth percentile","Share of national equivalised income","Purchasing power standard (PPS)",5.3,
2022,"EL","PPS","SHARE","P100","Hundredth percentile","Share of national equivalised income","Purchasing power standard (PPS)",5,
2023,"EL","PPS","SHARE","P100","Hundredth percentile","Share of national equivalised income","Purchasing power standard (PPS)",6.2,
2024,"EL","PPS","SHARE","P100","Hundredth percentile","Share of national equivalised income","Purchasing power standard (PPS)",6.6,
2025,"EL","PPS","SHARE","P100","Hundredth percentile","Share of national equivalised income","Purchasing power standard (PPS)",6.7,
